#VRML V2.0 utf8
# 3D model generated by easyeda2kicad.py (https://github.com/uPesy/easyeda2kicad.py)

Shape{
    appearance Appearance {
        material  Material 	{
            diffuseColor 1.0 0.9490196078431372 0.8431372549019608
            specularColor 0.5019607843137255 0.4745098039215686 0.4235294117647059
            ambientIntensity 0.2
            transparency 0
            shininess 0.5
        }
    }
    geometry IndexedFaceSet {
        ccw TRUE
        solid FALSE
        coord DEF co Coordinate {
            point [
                -0.0629 -1.0236 0.4306, -0.0629 -1.0236 0.3989, 0.0142 -1.0236 0.3989, -0.0629 -1.0236 0.5576, -0.0629 -1.0236 0.5341, 0.0142 -1.0236 0.5341, 0.1425 -1.0236 0.4063, 0.142 -1.0236 0.4061, 0.142 -1.0236 0.3989, 0.1401 -1.0236 0.4153, 0.142 -1.0236 0.4174, 0.142 -1.0236 0.4306, 0.0654 -1.0236 0.5581, 0.0602 -1.0236 0.5576, 0.0867 -1.0236 0.5576, 0.2154 -1.0236 0.1181, 0.217 -1.0236 0.1093, 0.217 -1.0236 0.3989, 0.1017 -1.0236 0.6291, 0.1017 -1.0236 0.6035, 0.1233 -1.0236 0.6035, 0.1055 -1.0236 0.4307, 0.1043 -1.0236 0.4306, 0.1233 -1.0236 0.4306, 0.0885 -1.0236 0.4309, 0.0867 -1.0236 0.4316, 0.0867 -1.0236 0.4306, 0.202 -1.0236 0.5021, 0.202 -1.0236 0.4765, 0.217 -1.0236 0.4765, -0.1323 -1.0236 0.5759, -0.1169 -1.0236 0.5629, -0.0629 -1.0236 0.639, -0.2062 -1.0236 0.6463, -0.1956 -1.0236 0.639, -0.1828 -1.0236 0.6302, -0.1638 -1.0236 0.6081, -0.1521 -1.0236 0.5853, -0.1493 -1.0236 0.5843, -0.3135 -1.0236 0.6469, -0.2871 -1.0236 0.6567, -1.0169 -1.0236 2.126, -0.0629 -1.0236 2.126, -0.2602 -1.0236 0.6598, -0.2345 -1.0236 0.6569, -0.3263 -1.0236 0.639, -1.0169 -1.0236 0.639, -0.3285 -1.0236 0.6376, -1.0169 -1.0236 0.5576, -0.4508 -1.0236 0.5576, -0.4458 -1.0236 0.5689, -0.4321 -1.0236 0.5864, -0.3891 -1.0236 0.611, -0.3667 -1.0236 0.6137, -0.3419 -1.0236 0.6262, -0.3601 -1.0236 0.6134, -0.3536 -1.0236 0.6126, -0.4283 -1.0236 0.59, -0.4102 -1.0236 0.6028, -0.4172 -1.0236 0.4443, -0.435 -1.0236 0.4594, -1.0169 -1.0236 0.4306, -0.3966 -1.0236 0.4343, -0.3887 -1.0236 0.4306, -0.3895 -1.0236 0.4321, -0.448 -1.0236 0.478, -0.4561 -1.0236 0.4992, -1.0169 -1.0236 0.5341, -0.4589 -1.0236 0.5215, -0.4587 -1.0236 0.527, -0.4575 -1.0236 0.5341, -0.4549 -1.0236 0.5484, -1.0169 -1.0236 0.3989, -0.3589 -1.0236 0.3989, -0.3641 -1.0236 0.4011, -0.3753 -1.0236 0.4095, -0.3837 -1.0236 0.4199, -0.2362 -1.0236 0.0, -0.2154 -1.0236 0.1181, -0.5512 -1.0236 0.0, -0.572 -1.0236 0.1181, -1.0028 -1.0236 0.1181, -1.0169 -1.0236 0.0384, -0.3216 -1.0236 0.3951, -0.3354 -1.0236 0.3934, -0.3375 -1.0236 0.3935, -0.351 -1.0236 0.3955, -0.282 -1.0236 0.4306, -0.2821 -1.0236 0.4303, -0.2888 -1.0236 0.4177, -0.2975 -1.0236 0.4079, -0.3089 -1.0236 0.4, -0.3118 -1.0236 0.3989, -0.0983 -1.0236 0.5293, -0.0957 -1.0236 0.5107, -0.2093 -1.0236 0.4642, -0.2054 -1.0236 0.4657, -0.1987 -1.0236 0.4982, -0.1168 -1.0236 0.4566, -0.1323 -1.0236 0.4435, -0.2927 -1.0236 0.4885, -0.2164 -1.0236 0.5283, -0.3026 -1.0236 0.4975, -0.3147 -1.0236 0.504, -0.2128 -1.0236 0.4617, -0.1055 -1.0236 0.4723, -0.1313 -1.0236 0.5151, -0.134 -1.0236 0.5261, -0.1383 -1.0236 0.5341, -0.4216 -1.0236 0.5341, -0.0983 -1.0236 0.4904, -0.201 -1.0236 0.4663, -0.2005 -1.0236 0.4662, -0.1988 -1.0236 0.4659, -0.4183 -1.0236 0.4999, -0.4115 -1.0236 0.4884, -0.3826 -1.0236 0.4825, -0.4013 -1.0236 0.4779, -0.3889 -1.0236 0.4703, -0.3615 -1.0236 0.5013, -0.3732 -1.0236 0.4933, -0.423 -1.0236 0.5226, -0.4224 -1.0236 0.5138, -0.349 -1.0236 0.5062, -0.3354 -1.0236 0.5078, -0.3285 -1.0236 0.5074, -0.2187 -1.0236 0.4486, -0.2185 -1.0236 0.4509, -0.2784 -1.0236 0.456, -0.2174 -1.0236 0.4552, -0.2152 -1.0236 0.4591, -0.1426 -1.0236 0.48, -0.1363 -1.0236 0.4889, -0.1324 -1.0236 0.499, -0.131 -1.0236 0.5101, -0.2054 -1.0236 0.4315, -0.2091 -1.0236 0.433, -0.2128 -1.0236 0.4356, -0.2141 -1.0236 0.437, -0.2166 -1.0236 0.4405, -0.2181 -1.0236 0.4444, -0.2788 -1.0236 0.4444, -0.2784 -1.0236 0.4503, -0.1496 -1.0236 0.435, -0.1686 -1.0236 0.431, -0.2022 -1.0236 0.431, -0.1976 -1.0236 0.4657, -0.172 -1.0236 0.4657, -0.1617 -1.0236 0.4677, -0.1517 -1.0236 0.4723, -0.1433 -1.0236 0.4792, -0.18 -1.0236 0.5545, -0.4165 -1.0236 0.5491, -0.4213 -1.0236 0.5364, -0.1754 -1.0236 0.5545, -0.1393 -1.0236 0.5359, -0.1458 -1.0236 0.5432, -0.1546 -1.0236 0.5494, -0.1646 -1.0236 0.5532, -0.1922 -1.0236 0.5887, -0.2051 -1.0236 0.6041, -0.3359 -1.0236 0.571, -0.2065 -1.0236 0.6054, -0.2225 -1.0236 0.6165, -0.3272 -1.0236 0.589, -0.4106 -1.0236 0.5576, -0.34 -1.0236 0.5732, -0.1806 -1.0236 0.5576, -0.1834 -1.0236 0.5704, -0.3527 -1.0236 0.5779, -0.3661 -1.0236 0.5796, -0.3721 -1.0236 0.5793, -0.3145 -1.0236 0.6043, -0.2403 -1.0236 0.6233, -0.2992 -1.0236 0.6154, -0.2597 -1.0236 0.6257, -0.2806 -1.0236 0.623, -0.3861 -1.0236 0.5759, -0.3988 -1.0236 0.5692, -0.4086 -1.0236 0.5605, -0.1131 -1.0236 0.5576, -0.1053 -1.0236 0.5467, -0.1002 -1.0236 0.5341, 0.2329 -1.0236 0.5113, 0.2329 -1.0236 0.5021, 0.2422 -1.0236 0.5341, 0.2347 -1.0236 0.4404, 0.2422 -1.0236 0.4306, 0.2347 -1.0236 0.4313, 0.217 -1.0236 0.4306, 0.202 -1.0236 0.4404, 0.217 -1.0236 0.4404, 0.202 -1.0236 0.4673, 0.217 -1.0236 0.4673, 0.2306 -1.0236 0.4673, 0.2306 -1.0236 0.4765, 0.217 -1.0236 0.5021, 0.217 -1.0236 0.4313, 0.1916 -1.0236 0.4313, 0.1862 -1.0236 0.4306, 0.1916 -1.0236 0.5113, 0.0266 -1.0236 0.4585, 0.0281 -1.0236 0.4747, 0.0246 -1.0236 0.4557, 0.0232 -1.0236 0.4521, 0.0821 -1.0236 0.4436, 0.0685 -1.0236 0.4681, 0.0821 -1.0236 0.4333, 0.0685 -1.0236 0.4313, 0.0534 -1.0236 0.4343, 0.0499 -1.0236 0.432, 0.0585 -1.0236 0.4313, 0.0461 -1.0236 0.4306, 0.019 -1.0236 0.4306, 0.0243 -1.0236 0.4386, 0.023 -1.0236 0.442, 0.0377 -1.0236 0.4885, 0.019 -1.0236 0.5341, 0.0302 -1.0236 0.4857, 0.0281 -1.0236 0.4844, 0.019 -1.0236 0.3989, 0.0349 -1.0236 0.4306, 0.0347 -1.0236 0.4306, 0.0308 -1.0236 0.4321, 0.0297 -1.0236 0.4612, 0.034 -1.0236 0.4634, 0.0343 -1.0236 0.4787, 0.0415 -1.0236 0.4652, 0.0503 -1.0236 0.4813, 0.0469 -1.0236 0.4816, 0.0406 -1.0236 0.4809, 0.0275 -1.0236 0.4344, 0.0263 -1.0236 0.4355, 0.0585 -1.0236 0.4401, 0.0582 -1.0236 0.4401, 0.0566 -1.0236 0.4377, 0.0858 -1.0236 0.4413, 0.0867 -1.0236 0.4409, 0.0867 -1.0236 0.4622, 0.0225 -1.0236 0.4466, 0.0226 -1.0236 0.4478, 0.0677 -1.0236 0.4757, 0.0826 -1.0236 0.4691, 0.0825 -1.0236 0.4766, 0.0837 -1.0236 0.4798, 0.0641 -1.0236 0.4835, 0.0478 -1.0236 0.4898, 0.0538 -1.0236 0.4892, 0.058 -1.0236 0.488, 0.0585 -1.0236 0.4676, 0.0581 -1.0236 0.472, 0.0571 -1.0236 0.4756, 0.0559 -1.0236 0.4777, 0.0661 -1.0236 0.4803, 0.0821 -1.0236 0.473, 0.0866 -1.0236 0.4623, 0.085 -1.0236 0.464, 0.0837 -1.0236 0.4661, 0.0544 -1.0236 0.4793, 0.0526 -1.0236 0.4804, 0.0916 -1.0236 0.4306, 0.0867 -1.0236 0.3989, 0.0976 -1.0236 0.4299, 0.118 -1.0236 0.4872, 0.118 -1.0236 0.4775, 0.1202 -1.0236 0.4428, 0.119 -1.0236 0.4396, 0.1171 -1.0236 0.437, 0.0856 -1.0236 0.4825, 0.0867 -1.0236 0.4836, 0.0867 -1.0236 0.5341, 0.0886 -1.0236 0.4852, 0.0916 -1.0236 0.487, 0.0971 -1.0236 0.489, 0.1044 -1.0236 0.4898, 0.1233 -1.0236 0.5341, 0.1112 -1.0236 0.4892, 0.1173 -1.0236 0.4563, 0.1192 -1.0236 0.4535, 0.1203 -1.0236 0.4506, 0.1207 -1.0236 0.4468, 0.1143 -1.0236 0.4345, 0.111 -1.0236 0.4326, 0.1034 -1.0236 0.4816, 0.1005 -1.0236 0.4814, 0.0925 -1.0236 0.4739, 0.0978 -1.0236 0.4807, 0.0955 -1.0236 0.4795, 0.0926 -1.0236 0.4726, 0.093 -1.0236 0.471, 0.0937 -1.0236 0.4697, 0.0947 -1.0236 0.4686, 0.0982 -1.0236 0.4664, 0.1101 -1.0236 0.4808, 0.1044 -1.0236 0.4637, 0.1158 -1.0236 0.4787, 0.1083 -1.0236 0.4621, 0.115 -1.0236 0.4584, 0.094 -1.0236 0.4781, 0.0932 -1.0236 0.4769, 0.0927 -1.0236 0.4755, 0.0921 -1.0236 0.4389, 0.0973 -1.0236 0.4564, 0.0914 -1.0236 0.4591, 0.0986 -1.0236 0.4381, 0.099 -1.0236 0.4381, 0.1039 -1.0236 0.4536, 0.1042 -1.0236 0.4387, 0.1104 -1.0236 0.4458, 0.1103 -1.0236 0.4471, 0.1067 -1.0236 0.4396, 0.1077 -1.0236 0.4402, 0.1088 -1.0236 0.4412, 0.1097 -1.0236 0.4425, 0.1102 -1.0236 0.4439, 0.1099 -1.0236 0.4486, 0.1091 -1.0236 0.45, 0.1078 -1.0236 0.4513, 0.2716 -1.0236 0.5802, 0.2422 -1.0236 0.5802, 0.2798 -1.0236 0.5583, 0.2422 -1.0236 0.5576, 0.2912 -1.0236 0.5583, 0.2607 -1.0236 0.6384, 1.5748 -1.0236 0.5576, 1.5748 -1.0236 0.639, 0.2383 -1.0236 0.5802, 0.2306 -1.0236 0.5583, 0.217 -1.0236 0.5576, 0.2192 -1.0236 0.5583, 0.217 -1.0236 0.639, 0.2422 -1.0236 0.6189, 0.2422 -1.0236 0.639, 0.2497 -1.0236 0.6384, 0.1862 -1.0236 0.5576, 0.1851 -1.0236 0.5599, 0.1716 -1.0236 0.5583, 0.1724 -1.0236 0.6384, 0.1862 -1.0236 0.639, 0.142 -1.0236 0.639, 0.142 -1.0236 0.5576, 0.1495 -1.0236 0.5583, 0.1495 -1.0236 0.6384, 0.2125 -1.0236 0.5849, 0.2086 -1.0236 0.5766, 0.2055 -1.0236 0.625, 0.2105 -1.0236 0.618, 0.2027 -1.0236 0.5695, 0.1942 -1.0236 0.5635, 0.1862 -1.0236 0.5604, 0.2027 -1.0236 0.6278, 0.1846 -1.0236 0.637, 0.1862 -1.0236 0.6364, 0.1943 -1.0236 0.6335, 0.2134 -1.0236 0.6103, 0.2147 -1.0236 0.5993, 0.2145 -1.0236 0.5942, 0.1233 -1.0236 0.639, 0.1326 -1.0236 0.6384, 0.1233 -1.0236 0.6384, 0.1326 -1.0236 0.6291, 0.1344 -1.0236 0.5674, 0.1344 -1.0236 0.5583, 0.1233 -1.0236 0.5576, 0.1017 -1.0236 0.5674, 0.1233 -1.0236 0.5674, 0.1017 -1.0236 0.5943, 0.1233 -1.0236 0.5943, 0.1303 -1.0236 0.5943, 0.1303 -1.0236 0.6035, 0.1233 -1.0236 0.6291, 0.0914 -1.0236 0.6384, 0.0867 -1.0236 0.639, 0.0914 -1.0236 0.5583, 1.0236 -1.0236 0.0, 1.5748 -1.0236 0.0, 1.0028 -1.0236 0.1181, 1.5748 -1.0236 0.3989, 0.572 -1.0236 0.1181, 0.2422 -1.0236 0.3989, 0.5512 -1.0236 0.0, 0.2422 -1.0236 0.0, 0.2362 -1.0236 0.0, 0.1862 -1.0236 0.1181, 0.142 -1.0236 0.1181, 0.1233 -1.0236 0.3989, 0.1233 -1.0236 0.1181, 0.0867 -1.0236 0.1181, 0.019 -1.0236 0.1181, -0.0629 -1.0236 0.1181, 0.0142 -1.0236 0.1181, -1.1024 -1.0236 2.126, -1.1227 -1.0236 2.1287, -1.5748 -1.0236 0.639, -1.1417 -1.0236 2.1365, -1.158 -1.0236 2.149, -1.1706 -1.0236 2.1654, -1.1784 -1.0236 2.1843, -1.5748 -1.0236 2.5984, -1.1811 -1.0236 2.2047, -1.1811 -1.0236 2.5984, 0.0142 -1.0236 0.639, 0.0142 -1.0236 2.126, 0.0448 -1.0236 0.6383, 0.0508 -1.0236 0.639, 0.019 -1.0236 0.639, 0.019 -1.0236 2.126, 0.0564 -1.0236 0.6397, 0.0649 -1.0236 0.639, 0.0867 -1.0236 2.126, 1.1784 -1.0236 2.1843, 1.1706 -1.0236 2.1654, 1.158 -1.0236 2.149, 1.1417 -1.0236 2.1365, 1.1227 -1.0236 2.1287, 1.1024 -1.0236 2.126, 1.1811 -1.0236 2.2047, 1.5748 -1.0236 2.5984, 1.1811 -1.0236 2.5984, 0.0668 -1.0236 0.6389, 0.0753 -1.0236 0.6364, 0.2422 -1.0236 2.126, 0.217 -1.0236 2.126, 0.1862 -1.0236 2.126, 0.142 -1.0236 2.126, 0.1233 -1.0236 2.126, 0.1233 -1.0236 0.5583, 0.0753 -1.0236 0.6256, 0.074 -1.0236 0.5609, 0.0565 -1.0236 0.6304, 0.053 -1.0236 0.6302, 0.0474 -1.0236 0.5669, 0.0547 -1.0236 0.5661, 0.0598 -1.0236 0.5664, 0.0744 -1.0236 0.6261, 0.0687 -1.0236 0.5684, 0.0753 -1.0236 0.5715, 0.0753 -1.0236 0.5616, 0.0362 -1.0236 0.5726, 0.0263 -1.0236 0.5942, 0.0341 -1.0236 0.5746, 0.0277 -1.0236 0.5862, 0.0303 -1.0236 0.5798, 0.0663 -1.0236 0.6292, 0.0461 -1.0236 0.6288, 0.0398 -1.0236 0.6258, 0.0346 -1.0236 0.6215, 0.0341 -1.0236 0.6209, 0.0302 -1.0236 0.6153, 0.0275 -1.0236 0.6084, 0.0262 -1.0236 0.5974, 0.0415 -1.0236 0.569, 0.019 -1.0236 0.6152, 0.0211 -1.0236 0.6203, 0.0269 -1.0236 0.6279, 0.0287 -1.0236 0.6296, 0.0364 -1.0236 0.6351, 0.0173 -1.0236 0.6114, 0.019 -1.0236 0.5786, 0.0169 -1.0236 0.5838, 0.0142 -1.0236 0.5576, 0.0154 -1.0236 0.5968, 0.0155 -1.0236 0.601, 0.0312 -1.0236 0.5631, 0.0257 -1.0236 0.5679, 0.019 -1.0236 0.5576, 0.025 -1.0236 0.5686, 0.0202 -1.0236 0.5755, 0.0532 -1.0236 0.5569, 0.0471 -1.0236 0.5573, 0.0458 -1.0236 0.5576, 0.0387 -1.0236 0.5593, 0.0614 -1.0236 0.4861, 0.0459 -1.0236 0.4305, 0.0407 -1.0236 0.4299, 0.1704 -1.0236 0.4884, 0.1808 -1.0236 0.4884, 0.1862 -1.0236 0.5341, 0.217 -1.0236 0.5113, 0.217 -1.0236 0.5341, 0.158 -1.0236 0.4306, 0.1521 -1.0236 0.4455, 0.1533 -1.0236 0.4408, 0.1536 -1.0236 0.4408, 0.142 -1.0236 0.5341, 0.142 -1.0236 0.4745, 0.1548 -1.0236 0.4454, 0.154 -1.0236 0.4427, 0.142 -1.0236 0.4476, 0.1259 -1.0236 0.4884, 0.1371 -1.0236 0.4884, 0.1484 -1.0236 0.4314, 0.148 -1.0236 0.4306, 0.144 -1.0236 0.421, 0.128 -1.0236 0.4051, 0.128 -1.0236 0.4141, 0.13 -1.0236 0.4134, 0.1337 -1.0236 0.4129, 0.1385 -1.0236 0.4048, 0.1345 -1.0236 0.4043, 0.1322 -1.0236 0.4044, 0.1361 -1.0236 0.4132, 0.1383 -1.0236 0.414, 0.1549 -1.0236 0.4226, 0.1862 -1.0236 0.3989, 0.1503 -1.0236 0.4138, 0.1467 -1.0236 0.4094, 0.146 -1.0236 0.4087, -1.5748 -1.0236 0.5576, -1.5748 -1.0236 0.5341, -1.5748 -1.0236 0.4306, -1.5748 -1.0236 0.3989, -1.5748 -1.0236 0.0, -1.0236 -1.0236 0.0, 0.0121 -1.0236 0.5674, 0.0121 -1.0236 0.5583, -0.0301 -1.0236 0.5583, -0.0198 -1.0236 0.5674, -0.0198 -1.0236 0.6384, -0.0301 -1.0236 0.6384, 0.0142 -1.0236 0.4306, 0.0129 -1.0236 0.4313, -0.0301 -1.0236 0.4313, 0.0129 -1.0236 0.4404, 0.0111 -1.0236 0.5021, -0.0198 -1.0236 0.4673, -0.0198 -1.0236 0.4404, 0.0088 -1.0236 0.4673, 0.0088 -1.0236 0.4765, -0.0198 -1.0236 0.4765, -0.0198 -1.0236 0.5021, -0.0301 -1.0236 0.5113, 0.0111 -1.0236 0.5113, 0.3801 -1.0236 0.4313, 0.3915 -1.0236 0.4313, 1.5748 -1.0236 0.4306, 0.361 -1.0236 0.5113, 1.5748 -1.0236 0.5341, 0.3719 -1.0236 0.4532, 0.3386 -1.0236 0.4532, 0.3309 -1.0236 0.4313, 0.3194 -1.0236 0.4313, 0.3499 -1.0236 0.5113, 0.3089 -1.0236 0.4496, 0.3029 -1.0236 0.4425, 0.2945 -1.0236 0.4365, 0.2498 -1.0236 0.5113, 0.2498 -1.0236 0.4313, 0.2718 -1.0236 0.4313, 0.2854 -1.0236 0.4329, 0.3029 -1.0236 0.5007, 0.3058 -1.0236 0.4979, 0.3107 -1.0236 0.4909, 0.3137 -1.0236 0.4833, 0.2727 -1.0236 0.5113, 0.2849 -1.0236 0.51, 0.2945 -1.0236 0.5065, 0.315 -1.0236 0.4723, 0.3148 -1.0236 0.4672, 0.3128 -1.0236 0.4578, -1.4567 -0.4331 2.5984, -1.5748 -0.4331 2.5984, -1.4567 -0.9055 2.5984, -1.1811 -0.9055 2.5984, -1.378 -0.8268 2.5197, -1.1811 -0.8268 2.5197, -1.2598 0.9055 2.5984, -1.2598 1.0236 2.5984, -1.4567 0.9055 2.5984, -1.5748 1.0236 2.5984, -1.4567 0.1181 2.5984, -1.5748 0.1181 2.5984, 1.4567 0.1181 2.5984, 1.5748 0.1181 2.5984, 1.4567 0.9055 2.5984, 1.5748 1.0236 2.5984, 1.2598 0.9055 2.5984, 1.2598 1.0236 2.5984, 1.2598 1.0236 2.5984
            ]
        }
        coordIndex [
            0,1,2,-1,3,4,5,-1,6,7,8,-1,9,10,11,-1,12,13,14,-1,15,16,17,-1,18,19,20,-1,21,22,23,-1,24,25,26,-1,27,28,29,-1,30,31,32,-1,32,31,3,-1,33,34,32,-1,32,34,35,-1,32,35,36,-1,36,37,32,-1,32,37,38,-1,32,38,30,-1,39,40,41,-1,41,40,42,-1,42,40,43,-1,42,43,44,-1,39,41,45,-1,45,41,46,-1,45,46,47,-1,48,49,46,-1,46,49,50,-1,46,50,51,-1,46,52,47,-1,47,52,53,-1,47,53,54,-1,54,53,55,-1,54,55,56,-1,51,57,46,-1,46,57,58,-1,46,58,52,-1,59,60,61,-1,59,61,62,-1,62,61,63,-1,62,63,64,-1,60,65,61,-1,61,65,66,-1,61,66,67,-1,67,66,68,-1,68,69,67,-1,67,69,70,-1,67,70,48,-1,48,70,71,-1,48,71,49,-1,72,73,61,-1,61,73,74,-1,74,75,61,-1,61,75,76,-1,61,76,63,-1,77,78,79,-1,79,78,80,-1,80,73,81,-1,81,73,72,-1,81,72,82,-1,83,84,78,-1,78,84,85,-1,78,85,80,-1,80,85,86,-1,80,86,73,-1,0,87,1,-1,1,87,88,-1,1,88,89,-1,89,90,1,-1,1,90,91,-1,1,91,92,-1,93,94,4,-1,95,96,97,-1,98,99,0,-1,100,101,102,-1,102,101,103,-1,95,97,104,-1,98,0,105,-1,106,107,101,-1,101,107,108,-1,101,108,109,-1,4,94,0,-1,0,94,110,-1,0,110,105,-1,96,111,97,-1,97,111,112,-1,97,112,113,-1,114,115,116,-1,116,115,117,-1,116,117,118,-1,119,109,120,-1,120,109,121,-1,120,121,116,-1,116,121,122,-1,116,122,114,-1,119,123,109,-1,109,123,124,-1,109,124,101,-1,101,124,125,-1,101,125,103,-1,126,127,128,-1,128,127,129,-1,128,129,97,-1,97,129,130,-1,97,130,104,-1,131,132,97,-1,97,132,133,-1,97,133,101,-1,101,133,134,-1,101,134,106,-1,135,136,87,-1,87,136,137,-1,87,137,138,-1,138,139,87,-1,87,139,140,-1,87,140,141,-1,141,140,126,-1,141,126,142,-1,142,126,128,-1,99,143,0,-1,0,143,144,-1,0,144,87,-1,87,144,145,-1,87,145,135,-1,113,146,97,-1,97,146,147,-1,97,147,148,-1,148,149,97,-1,97,149,150,-1,97,150,131,-1,151,152,153,-1,153,109,151,-1,151,109,108,-1,151,108,154,-1,154,108,155,-1,155,156,154,-1,154,156,157,-1,154,157,158,-1,159,160,161,-1,160,162,161,-1,161,162,163,-1,161,163,164,-1,165,161,166,-1,152,151,165,-1,165,151,167,-1,165,167,161,-1,161,167,168,-1,161,168,159,-1,166,169,165,-1,165,169,170,-1,165,170,171,-1,164,163,172,-1,172,163,173,-1,172,173,174,-1,174,173,175,-1,174,175,176,-1,177,178,171,-1,171,178,179,-1,171,179,165,-1,31,180,3,-1,3,180,181,-1,3,181,4,-1,4,181,182,-1,4,182,93,-1,183,184,185,-1,185,184,186,-1,185,186,187,-1,187,186,188,-1,187,188,189,-1,190,191,192,-1,192,191,193,-1,193,191,194,-1,194,191,186,-1,194,186,195,-1,195,186,184,-1,195,184,29,-1,29,184,196,-1,29,196,27,-1,188,197,189,-1,189,197,198,-1,189,198,199,-1,199,198,200,-1,201,202,203,-1,203,202,204,-1,205,206,207,-1,207,206,208,-1,207,208,25,-1,209,210,211,-1,211,210,212,-1,211,212,208,-1,213,214,215,-1,216,217,218,-1,218,217,219,-1,220,221,213,-1,213,221,222,-1,213,222,223,-1,201,224,202,-1,202,224,225,-1,202,225,226,-1,226,225,227,-1,228,229,227,-1,227,229,230,-1,227,230,226,-1,223,231,213,-1,213,231,232,-1,213,232,214,-1,233,234,211,-1,211,234,235,-1,211,235,209,-1,236,237,238,-1,215,239,213,-1,213,239,240,-1,213,240,217,-1,217,240,204,-1,217,204,219,-1,219,204,202,-1,241,206,242,-1,243,244,245,-1,216,246,217,-1,217,246,247,-1,217,247,248,-1,249,250,227,-1,227,250,251,-1,227,251,252,-1,236,238,205,-1,245,253,243,-1,243,253,241,-1,243,241,254,-1,254,241,242,-1,238,255,205,-1,205,255,256,-1,205,256,206,-1,206,256,257,-1,206,257,242,-1,252,258,227,-1,227,258,259,-1,227,259,228,-1,24,26,260,-1,260,26,261,-1,260,261,262,-1,263,264,23,-1,265,266,23,-1,23,266,267,-1,268,269,270,-1,270,269,271,-1,270,271,272,-1,272,273,270,-1,270,273,274,-1,270,274,275,-1,275,274,276,-1,275,276,263,-1,277,278,264,-1,264,278,279,-1,264,279,23,-1,23,279,280,-1,23,280,265,-1,267,281,23,-1,23,281,282,-1,23,282,21,-1,283,284,285,-1,285,284,286,-1,285,286,287,-1,285,288,283,-1,283,288,289,-1,283,289,290,-1,290,291,283,-1,283,291,292,-1,283,292,293,-1,293,292,294,-1,293,294,295,-1,295,294,296,-1,295,296,264,-1,264,296,297,-1,264,297,277,-1,298,299,287,-1,287,299,300,-1,287,300,285,-1,301,302,237,-1,237,302,303,-1,237,303,238,-1,301,304,302,-1,302,304,305,-1,302,305,306,-1,306,305,307,-1,306,308,309,-1,307,310,306,-1,306,310,311,-1,306,311,312,-1,312,313,306,-1,306,313,314,-1,306,314,308,-1,309,315,306,-1,306,315,316,-1,306,316,317,-1,318,319,320,-1,320,319,321,-1,320,321,322,-1,323,324,325,-1,319,326,321,-1,321,326,327,-1,321,327,328,-1,328,327,329,-1,328,329,330,-1,330,329,331,-1,330,331,332,-1,332,331,333,-1,334,335,336,-1,337,338,339,-1,334,336,340,-1,340,336,341,-1,340,341,339,-1,339,341,342,-1,339,342,337,-1,343,344,328,-1,345,346,330,-1,344,347,328,-1,328,347,348,-1,328,348,334,-1,334,348,349,-1,334,349,335,-1,345,330,350,-1,337,351,338,-1,338,351,352,-1,338,352,330,-1,330,352,353,-1,330,353,350,-1,346,354,330,-1,330,354,355,-1,330,355,328,-1,328,355,356,-1,328,356,343,-1,339,357,358,-1,358,357,359,-1,358,360,339,-1,339,360,361,-1,339,361,340,-1,340,361,362,-1,340,362,363,-1,364,365,366,-1,366,365,367,-1,367,365,368,-1,368,365,361,-1,368,361,369,-1,369,361,360,-1,369,360,20,-1,20,360,370,-1,20,370,18,-1,359,357,371,-1,371,357,372,-1,371,372,373,-1,374,375,376,-1,376,375,377,-1,376,377,378,-1,378,377,379,-1,378,379,380,-1,17,16,379,-1,380,379,381,-1,381,379,16,-1,381,16,382,-1,383,8,384,-1,384,8,385,-1,384,385,386,-1,386,385,261,-1,386,261,387,-1,387,261,220,-1,387,220,388,-1,83,78,92,-1,92,78,389,-1,92,389,1,-1,1,389,390,-1,1,390,2,-1,391,392,393,-1,393,392,394,-1,393,394,395,-1,395,396,393,-1,393,396,397,-1,393,397,398,-1,398,397,399,-1,398,399,400,-1,401,402,42,-1,403,404,405,-1,405,404,406,-1,405,406,402,-1,404,407,406,-1,406,407,408,-1,406,408,409,-1,410,411,325,-1,411,412,325,-1,325,412,413,-1,325,413,414,-1,414,415,325,-1,325,415,332,-1,325,332,323,-1,323,332,333,-1,410,325,416,-1,416,325,417,-1,416,417,418,-1,419,420,372,-1,415,421,332,-1,332,421,422,-1,332,422,330,-1,330,422,423,-1,330,423,338,-1,338,423,424,-1,338,424,339,-1,339,424,425,-1,339,425,357,-1,357,425,409,-1,357,409,372,-1,372,409,408,-1,372,408,419,-1,362,426,363,-1,363,426,373,-1,363,373,14,-1,14,373,372,-1,14,372,427,-1,427,372,420,-1,12,14,428,-1,429,430,431,-1,432,433,434,-1,434,433,435,-1,434,435,427,-1,427,435,436,-1,427,436,14,-1,14,436,437,-1,14,437,428,-1,438,439,440,-1,440,439,441,-1,440,441,442,-1,432,434,431,-1,431,434,443,-1,431,443,429,-1,430,444,431,-1,431,444,445,-1,431,445,446,-1,446,447,431,-1,431,447,448,-1,431,448,449,-1,449,450,431,-1,431,450,439,-1,431,439,451,-1,451,439,438,-1,452,453,405,-1,405,453,454,-1,454,455,405,-1,405,455,456,-1,405,456,403,-1,402,401,405,-1,405,401,457,-1,405,457,452,-1,458,459,460,-1,460,459,461,-1,460,461,401,-1,401,461,462,-1,401,462,457,-1,463,464,465,-1,465,464,466,-1,465,466,467,-1,468,469,217,-1,217,469,470,-1,217,470,465,-1,465,470,471,-1,465,471,463,-1,13,468,270,-1,270,468,217,-1,270,217,268,-1,268,217,248,-1,268,248,244,-1,244,248,472,-1,244,472,245,-1,25,208,26,-1,26,208,212,-1,26,212,261,-1,261,212,473,-1,261,473,220,-1,220,473,474,-1,220,474,221,-1,475,476,477,-1,183,185,478,-1,478,185,479,-1,478,479,200,-1,200,479,477,-1,200,477,199,-1,199,477,476,-1,199,476,480,-1,481,482,483,-1,477,484,475,-1,475,484,485,-1,475,485,486,-1,486,485,481,-1,486,481,487,-1,487,481,483,-1,11,488,23,-1,23,488,489,-1,263,23,275,-1,275,23,489,-1,275,489,484,-1,484,489,490,-1,484,490,485,-1,491,488,492,-1,492,488,11,-1,492,11,493,-1,493,11,10,-1,385,494,495,-1,262,261,22,-1,22,261,385,-1,22,385,23,-1,23,385,495,-1,23,495,11,-1,11,495,496,-1,11,496,497,-1,7,498,8,-1,8,498,499,-1,8,499,385,-1,385,499,500,-1,385,500,494,-1,497,501,11,-1,11,501,502,-1,11,502,9,-1,480,503,504,-1,503,505,504,-1,504,505,506,-1,504,506,507,-1,15,17,383,-1,383,17,504,-1,383,504,8,-1,8,504,507,-1,8,507,6,-1,41,391,46,-1,46,391,393,-1,46,393,48,-1,48,393,508,-1,48,508,67,-1,67,508,509,-1,67,509,61,-1,61,509,510,-1,61,510,72,-1,72,510,511,-1,72,511,82,-1,82,511,512,-1,82,512,513,-1,401,514,460,-1,460,514,515,-1,460,515,516,-1,517,514,518,-1,518,514,401,-1,518,401,32,-1,32,401,42,-1,32,42,33,-1,33,42,44,-1,5,460,3,-1,3,460,516,-1,3,516,32,-1,32,516,519,-1,32,519,518,-1,520,521,522,-1,521,520,523,-1,523,520,5,-1,523,5,524,-1,525,526,527,-1,527,526,523,-1,527,523,528,-1,528,523,524,-1,528,524,529,-1,529,524,530,-1,2,520,0,-1,0,520,522,-1,0,522,4,-1,4,522,531,-1,4,531,5,-1,5,531,532,-1,5,532,524,-1,390,388,2,-1,2,388,220,-1,2,220,520,-1,520,220,213,-1,520,213,5,-1,5,213,217,-1,5,217,460,-1,460,217,465,-1,460,465,458,-1,458,465,467,-1,13,270,14,-1,14,270,275,-1,14,275,363,-1,363,275,484,-1,363,484,340,-1,340,484,477,-1,340,477,334,-1,334,477,479,-1,334,479,328,-1,328,479,185,-1,328,185,321,-1,533,187,534,-1,534,187,535,-1,534,535,536,-1,536,535,537,-1,538,539,533,-1,533,539,540,-1,533,540,187,-1,187,540,541,-1,323,322,324,-1,324,322,321,-1,324,321,537,-1,537,321,185,-1,537,185,536,-1,536,185,542,-1,543,544,541,-1,541,544,545,-1,546,185,547,-1,547,185,187,-1,547,187,548,-1,548,187,541,-1,548,541,549,-1,549,541,545,-1,550,551,542,-1,542,551,552,-1,542,552,553,-1,546,554,185,-1,185,554,555,-1,185,555,542,-1,542,555,556,-1,542,556,550,-1,553,557,542,-1,542,557,558,-1,542,558,541,-1,541,558,559,-1,541,559,543,-1,480,504,199,-1,199,504,17,-1,199,17,189,-1,189,17,379,-1,189,379,187,-1,187,379,377,-1,187,377,535,-1,560,561,562,-1,562,561,398,-1,562,398,563,-1,563,398,400,-1,564,562,565,-1,565,562,563,-1,566,567,568,-1,568,567,569,-1,568,569,570,-1,570,569,571,-1,572,573,574,-1,574,573,575,-1,574,575,576,-1,576,575,577,-1,
        ]
    }
}
Shape{
    appearance Appearance {
        material  Material 	{
            diffuseColor 1.0 1.0 1.0
            specularColor 0.5019607843137255 0.5019607843137255 0.5019607843137255
            ambientIntensity 0.2
            transparency 0
            shininess 0.5
        }
    }
    geometry IndexedFaceSet {
        ccw TRUE
        solid FALSE
        coord DEF co Coordinate {
            point [
                0.7417 -0.4394 -1.1811, 0.7417 -0.348 -1.1811, 0.8331 -0.4394 -1.1811, 0.8331 -0.348 -1.1811, 0.8858 -0.2953 -0.9843, 0.8858 -0.2953 0.1181, 0.8858 -0.4921 -0.9843, 0.8858 -0.4921 0.1181, 0.689 -0.4921 -0.9843, 0.689 -0.4921 0.1181, 0.689 -0.2953 -0.9843, 0.689 -0.2953 0.1181, 0.689 -0.4921 1.7717, 0.689 -0.4921 0.5906, 0.8858 -0.4921 1.7717, 0.8858 -0.4921 0.5906, 0.8858 -0.2953 1.7717, 0.8858 -0.2953 0.5906, 0.689 -0.2953 1.7717, 0.689 -0.2953 0.5906, 0.7417 -0.348 1.9685, 0.7417 -0.4394 1.9685, 0.8331 -0.348 1.9685, 0.8331 -0.4394 1.9685, 0.689 0.2953 -0.9843, 0.7417 0.348 -1.1811, 0.8858 0.2953 -0.9843, 0.8331 0.348 -1.1811, 0.689 0.4921 -0.9843, 0.7417 0.4394 -1.1811, 0.8331 0.4394 -1.1811, 0.8858 0.4921 -0.9843, 0.689 0.4921 1.7717, 0.7417 0.4394 1.9685, 0.8858 0.4921 1.7717, 0.8331 0.4394 1.9685, 0.689 0.2953 1.7717, 0.7417 0.348 1.9685, 0.8331 0.348 1.9685, 0.8858 0.2953 1.7717, 0.689 0.2953 0.1181, 0.689 0.4921 0.1181, 0.8858 0.4921 0.1181, 0.8858 0.2953 0.1181, 0.689 0.2953 0.5906, 0.8858 0.2953 0.5906, 0.8858 0.4921 0.5906, 0.689 0.4921 0.5906, 0.689 0.3937 0.5906, 0.8858 0.3937 0.5906, -0.8331 -0.4394 -1.1811, -0.8331 -0.348 -1.1811, -0.7417 -0.4394 -1.1811, -0.7417 -0.348 -1.1811, -0.689 -0.2953 -0.9843, -0.689 -0.2953 0.1181, -0.689 -0.4921 -0.9843, -0.689 -0.4921 0.1181, -0.8858 -0.4921 -0.9843, -0.8858 -0.4921 0.1181, -0.8858 -0.2953 -0.9843, -0.8858 -0.2953 0.1181, -0.8858 -0.4921 1.7717, -0.8858 -0.4921 0.5906, -0.689 -0.4921 1.7717, -0.689 -0.4921 0.5906, -0.689 -0.2953 1.7717, -0.689 -0.2953 0.5906, -0.8858 -0.2953 1.7717, -0.8858 -0.2953 0.5906, -0.8331 -0.348 1.9685, -0.8331 -0.4394 1.9685, -0.7417 -0.348 1.9685, -0.7417 -0.4394 1.9685, -0.8858 0.2953 -0.9843, -0.8331 0.348 -1.1811, -0.689 0.2953 -0.9843, -0.7417 0.348 -1.1811, -0.8858 0.4921 -0.9843, -0.8331 0.4394 -1.1811, -0.7417 0.4394 -1.1811, -0.689 0.4921 -0.9843, -0.8858 0.4921 1.7717, -0.8331 0.4394 1.9685, -0.689 0.4921 1.7717, -0.7417 0.4394 1.9685, -0.8858 0.2953 1.7717, -0.8331 0.348 1.9685, -0.7417 0.348 1.9685, -0.689 0.2953 1.7717, -0.8858 0.2953 0.1181, -0.8858 0.4921 0.1181, -0.689 0.4921 0.1181, -0.689 0.2953 0.1181, -0.8858 0.2953 0.5906, -0.689 0.2953 0.5906, -0.689 0.4921 0.5906, -0.8858 0.4921 0.5906, -0.8858 0.3937 0.5906, -0.689 0.3937 0.5906, -0.689 0.3937 0.5906
            ]
        }
        coordIndex [
            0,1,2,-1,2,1,3,-1,4,5,6,-1,6,5,7,-1,8,9,10,-1,10,9,11,-1,10,11,4,-1,4,11,5,-1,6,7,8,-1,8,7,9,-1,12,13,14,-1,14,13,15,-1,16,17,18,-1,18,17,19,-1,14,15,16,-1,16,15,17,-1,18,19,12,-1,12,19,13,-1,20,21,22,-1,22,21,23,-1,24,25,26,-1,26,25,27,-1,28,29,24,-1,24,29,25,-1,30,31,27,-1,27,31,26,-1,31,30,28,-1,28,30,29,-1,4,3,10,-1,10,3,1,-1,6,2,4,-1,4,2,3,-1,0,8,1,-1,1,8,10,-1,8,0,6,-1,6,0,2,-1,14,23,12,-1,12,23,21,-1,16,22,14,-1,14,22,23,-1,20,18,21,-1,21,18,12,-1,18,20,16,-1,16,20,22,-1,32,33,34,-1,34,33,35,-1,36,37,32,-1,32,37,33,-1,38,39,35,-1,35,39,34,-1,39,38,36,-1,36,38,37,-1,30,27,29,-1,29,27,25,-1,24,40,28,-1,28,40,41,-1,31,42,26,-1,26,42,43,-1,28,41,31,-1,31,41,42,-1,26,43,24,-1,24,43,40,-1,36,44,39,-1,39,44,45,-1,34,46,32,-1,32,46,47,-1,44,36,48,-1,48,36,32,-1,48,32,47,-1,46,34,49,-1,49,34,39,-1,49,39,45,-1,38,35,37,-1,37,35,33,-1,50,51,52,-1,52,51,53,-1,54,55,56,-1,56,55,57,-1,58,59,60,-1,60,59,61,-1,60,61,54,-1,54,61,55,-1,56,57,58,-1,58,57,59,-1,62,63,64,-1,64,63,65,-1,66,67,68,-1,68,67,69,-1,64,65,66,-1,66,65,67,-1,68,69,62,-1,62,69,63,-1,70,71,72,-1,72,71,73,-1,74,75,76,-1,76,75,77,-1,78,79,74,-1,74,79,75,-1,80,81,77,-1,77,81,76,-1,81,80,78,-1,78,80,79,-1,54,53,60,-1,60,53,51,-1,56,52,54,-1,54,52,53,-1,50,58,51,-1,51,58,60,-1,58,50,56,-1,56,50,52,-1,64,73,62,-1,62,73,71,-1,66,72,64,-1,64,72,73,-1,70,68,71,-1,71,68,62,-1,68,70,66,-1,66,70,72,-1,82,83,84,-1,84,83,85,-1,86,87,82,-1,82,87,83,-1,88,89,85,-1,85,89,84,-1,89,88,86,-1,86,88,87,-1,80,77,79,-1,79,77,75,-1,74,90,78,-1,78,90,91,-1,81,92,76,-1,76,92,93,-1,78,91,81,-1,81,91,92,-1,76,93,74,-1,74,93,90,-1,86,94,89,-1,89,94,95,-1,84,96,82,-1,82,96,97,-1,94,86,98,-1,98,86,82,-1,98,82,97,-1,96,84,99,-1,99,84,89,-1,99,89,95,-1,88,85,87,-1,87,85,83,-1,
        ]
    }
}
Shape{
    appearance Appearance {
        material  Material 	{
            diffuseColor 1.0 0.9490196078431372 0.8431372549019608
            specularColor 0.5019607843137255 0.4745098039215686 0.4235294117647059
            ambientIntensity 0.2
            transparency 0
            shininess 0.5
        }
    }
    geometry IndexedFaceSet {
        ccw TRUE
        solid FALSE
        coord DEF co Coordinate {
            point [
                1.1319 -0.8268 0.5906, 1.378 -0.8268 0.5906, 1.378 -0.6594 0.5906, -0.0984 0.4921 0.5906, 0.0984 0.4921 0.5906, 0.315 0.8268 0.5906, -0.315 0.8268 0.5906, -0.3937 0.8268 0.5906, -0.0984 0.3937 0.5906, -0.3937 0.3937 0.5906, -0.0984 0.2953 0.5906, -0.3937 0.0 0.5906, 0.0984 0.2953 0.5906, 0.3937 0.0 0.5906, 0.0984 0.3937 0.5906, 0.3937 0.3937 0.5906, 0.3937 0.8268 0.5906, -0.689 0.4921 0.5906, -0.689 0.3937 0.5906, -0.689 0.2953 0.5906, -1.378 0.0 0.5906, -0.8858 0.2953 0.5906, -1.378 0.3937 0.5906, -0.8858 0.3937 0.5906, -0.8858 0.4921 0.5906, -1.378 0.8268 0.5906, -1.2598 0.8268 0.5906, -0.9449 0.8268 0.5906, -0.7874 0.8268 0.5906, 1.1319 0.8268 0.5906, 0.9449 0.8268 0.5906, 0.8858 0.4921 0.5906, 0.7874 0.8268 0.5906, 0.689 0.4921 0.5906, 0.689 0.3937 0.5906, 0.689 0.2953 0.5906, 0.8858 0.2953 0.5906, 1.1319 0.0 0.5906, 0.8858 0.3937 0.5906, 1.1319 0.3937 0.5906, 1.1319 -0.6594 0.5906, 0.3937 -0.8268 0.5906, 0.3937 -0.6594 0.5906, -0.3937 -0.8268 0.5906, -0.3937 -0.6594 0.5906, -1.378 -0.8268 0.5906, -1.378 -0.6594 0.5906, -0.8858 -0.2953 0.5906, -0.8858 -0.4921 0.5906, -0.689 -0.4921 0.5906, -0.689 -0.2953 0.5906, -0.0984 -0.2953 0.5906, -0.0984 -0.4921 0.5906, 0.0984 -0.4921 0.5906, 0.0984 -0.2953 0.5906, 0.689 -0.2953 0.5906, 0.689 -0.4921 0.5906, 0.8858 -0.4921 0.5906, 0.8858 -0.2953 0.5906, 1.378 0.3937 0.5906, 1.378 0.8268 0.5906, 1.2598 0.8268 0.5906, 1.378 0.0 0.5906, -0.0984 0.2953 0.1181, -0.2154 -1.0236 0.1181, -0.2154 0.7874 0.1181, 0.0984 0.2953 0.1181, 0.0984 0.4921 0.1181, 0.2154 0.7874 0.1181, -0.0984 0.4921 0.1181, 0.2154 -1.0236 0.1181, 0.0984 -0.2953 0.1181, -0.0984 -0.2953 0.1181, -0.0984 -0.4921 0.1181, 0.0984 -0.4921 0.1181, -0.2362 -1.0236 0.0, -0.5512 -1.0236 0.0, -0.2362 0.7874 0.0, -0.5512 0.7874 0.0, 0.2362 0.7874 0.0, 0.5512 0.7874 0.0, 0.2362 -1.0236 0.0, 0.5512 -1.0236 0.0, -1.0236 -1.0236 0.0, -1.5748 -1.0236 0.0, -1.0236 0.7874 0.0, -1.5748 0.7874 0.0, -1.378 0.8268 2.5197, -1.2598 0.8268 1.1811, -1.1431 0.8268 2.0526, -1.1811 0.8268 2.0683, -1.2137 0.8268 2.0934, -1.2387 0.8268 2.126, -1.2545 0.8268 2.164, -1.2598 0.8268 2.2047, -1.2598 0.8268 2.5197, -0.9449 0.8268 1.1811, -0.7874 0.8268 2.0472, -1.1024 0.8268 2.0472, -0.315 0.8268 2.0472, 0.315 0.8268 2.0472, 1.1811 -0.9055 2.5984, 1.1811 -1.0236 2.5984, 1.4567 -0.9055 2.5984, 1.5748 -1.0236 2.5984, 1.4567 -0.4331 2.5984, 1.5748 -0.4331 2.5984, -0.7874 1.0236 0.3937, -0.9449 1.0236 0.3937, -0.9449 1.0236 1.1811, -1.2598 1.0236 0.3937, -1.5748 1.0236 0.3937, -1.2598 1.0236 1.1811, -1.5748 1.0236 2.5984, -1.1706 1.0236 2.1654, -1.158 1.0236 2.149, -1.1417 1.0236 2.1365, -1.1227 1.0236 2.1287, -1.1024 1.0236 2.126, -0.7874 1.0236 2.126, -1.1784 1.0236 2.1843, -1.1811 1.0236 2.2047, -1.2598 1.0236 2.5984, -1.1811 1.0236 2.5197, -1.2395 1.0236 2.5957, -1.2205 1.0236 2.5879, -1.2042 1.0236 2.5754, -1.1917 1.0236 2.5591, -1.1838 1.0236 2.5401, 0.315 1.0236 2.126, 0.315 1.0236 0.3937, -0.315 1.0236 2.126, -0.315 1.0236 0.3937, 1.0236 0.7874 0.0, 1.5748 0.7874 0.0, 1.0236 -1.0236 0.0, 1.5748 -1.0236 0.0, 1.378 -0.4237 1.5822, 1.378 -0.3961 1.5157, 1.378 -0.8268 2.5197, 1.378 -0.4331 2.5197, 1.378 -0.4331 1.6535, 1.378 -0.0862 1.3873, 1.378 -0.0197 1.4149, 1.378 0.0374 1.4587, 1.378 0.0812 1.5157, 1.378 0.1181 2.5197, 1.378 0.8268 2.5197, 1.378 0.1181 1.6535, 1.378 0.1087 1.5822, 1.378 -0.3524 1.4587, 1.378 -0.2953 1.4149, 1.378 -0.2288 1.3873, 1.378 -0.1575 1.378, 0.9449 0.8268 1.1811, 1.2598 0.8268 1.1811, 1.2137 0.8268 2.0934, 1.1811 0.8268 2.0683, 1.1431 0.8268 2.0526, 1.1024 0.8268 2.0472, 0.7874 0.8268 2.0472, 1.2598 0.8268 2.5197, 1.2598 0.8268 2.2047, 1.2545 0.8268 2.164, 1.2387 0.8268 2.126, -1.378 0.1087 1.5822, -1.378 0.0812 1.5157, -1.378 0.0374 1.4587, -1.378 -0.0197 1.4149, -1.378 0.1181 2.5197, -1.378 0.1181 1.6535, -1.378 -0.4331 2.5197, -1.378 -0.8268 2.5197, -1.378 -0.4331 1.6535, -1.378 -0.3524 1.4587, -1.378 -0.3961 1.5157, -1.378 -0.4237 1.5822, -1.378 -0.0862 1.3873, -1.378 -0.1575 1.378, -1.378 -0.2288 1.3873, -1.378 -0.2953 1.4149, 1.1417 -0.8268 2.1365, 1.158 -0.8268 2.149, -1.158 -0.8268 2.149, -1.1417 -0.8268 2.1365, 1.1024 -0.8268 2.126, 1.1227 -0.8268 2.1287, 1.1706 -0.8268 2.1654, 1.1784 -0.8268 2.1843, 1.1811 -0.8268 2.2047, 1.1811 -0.8268 2.5197, -1.1811 -0.8268 2.5197, -1.1811 -0.8268 2.2047, -1.1784 -0.8268 2.1843, -1.1706 -0.8268 2.1654, -1.1227 -0.8268 2.1287, -1.1024 -0.8268 2.126, 1.5748 -0.3543 1.6535, 1.5748 -0.3543 2.5197, 1.5748 -0.2967 1.5143, 1.5748 -0.328 1.5551, 1.5748 -1.0236 0.639, 1.5748 -0.1065 1.4634, 1.5748 -0.1575 1.4567, 1.5748 0.7874 0.3937, 1.5748 -0.2084 1.4634, 1.5748 -0.2559 1.4831, 1.5748 -1.0236 0.5576, 1.5748 -1.0236 0.5341, 1.5748 -0.3476 1.6026, 1.5748 0.0327 1.6026, 1.5748 1.0236 0.3937, 1.5748 0.0394 1.6535, 1.5748 1.0236 2.5984, 1.5748 0.0394 2.5197, 1.5748 0.1181 2.5984, 1.5748 0.013 1.5551, 1.5748 -0.0183 1.5143, 1.5748 -0.0591 1.4831, 1.5748 -1.0236 0.3989, 1.5748 -1.0236 0.4306, 1.2598 1.0236 1.1811, 1.2598 1.0236 0.3937, 1.1227 1.0236 2.1287, 1.1417 1.0236 2.1365, 0.9449 1.0236 0.3937, 0.7874 1.0236 0.3937, 0.9449 1.0236 1.1811, 0.7874 1.0236 2.126, 1.1024 1.0236 2.126, 1.158 1.0236 2.149, 1.1706 1.0236 2.1654, 1.1784 1.0236 2.1843, 1.1811 1.0236 2.2047, 1.2598 1.0236 2.5984, 1.1811 1.0236 2.5197, 1.2395 1.0236 2.5957, 1.1917 1.0236 2.5591, 1.2042 1.0236 2.5754, 1.2205 1.0236 2.5879, 1.1838 1.0236 2.5401, -1.5748 -0.2967 1.5143, -1.5748 -0.2559 1.4831, -1.5748 0.7874 0.3937, -1.5748 -0.2084 1.4634, -1.5748 -0.1575 1.4567, -1.5748 -1.0236 0.3989, -1.5748 -1.0236 0.4306, -1.5748 -0.1065 1.4634, -1.5748 -0.0591 1.4831, -1.5748 -0.0183 1.5143, -1.5748 -0.4331 2.5984, -1.5748 -0.3543 2.5197, -1.5748 -1.0236 2.5984, -1.5748 -0.3543 1.6535, -1.5748 -1.0236 0.639, -1.5748 -0.3476 1.6026, -1.5748 0.0394 2.5197, -1.5748 0.1181 2.5984, -1.5748 0.0394 1.6535, -1.5748 0.0327 1.6026, -1.5748 0.013 1.5551, -1.5748 -0.328 1.5551, -1.5748 -1.0236 0.5576, -1.5748 -1.0236 0.5341, -1.2598 0.8268 0.3937, -0.9449 0.8268 0.3937, -0.315 0.8268 0.3937, 0.315 0.8268 0.3937, 0.7874 0.8268 0.3937, -0.7874 0.8268 0.3937, 1.2598 0.8268 0.3937, 0.9449 0.8268 0.3937, -1.0028 0.7874 0.1181, -0.572 0.7874 0.1181, 1.0028 0.7874 0.1181, 0.572 0.7874 0.1181, 0.315 0.9055 2.126, 0.7874 0.9055 2.126, -0.7874 0.9055 2.126, -0.315 0.9055 2.126, -1.1024 0.9055 2.126, -1.1811 0.9055 2.2047, -1.1811 0.9055 2.5197, 1.1024 0.9055 2.126, 1.1811 0.9055 2.5197, 1.1811 0.9055 2.2047, 1.1838 0.9055 2.5401, 1.1917 0.9055 2.5591, 1.2042 0.9055 2.5754, 1.2205 0.9055 2.5879, 1.2395 0.9055 2.5957, 1.2598 0.9055 2.5984, 1.1227 0.9055 2.1287, 1.1417 0.9055 2.1365, 1.158 0.9055 2.149, 1.1706 0.9055 2.1654, 1.1784 0.9055 2.1843, -1.1784 0.9055 2.1843, -1.1706 0.9055 2.1654, -1.158 0.9055 2.149, -1.1417 0.9055 2.1365, -1.1227 0.9055 2.1287, -1.1838 0.9055 2.5401, -1.1917 0.9055 2.5591, -1.2042 0.9055 2.5754, -1.2205 0.9055 2.5879, -1.2395 0.9055 2.5957, -1.2598 0.9055 2.5984, -1.0028 -1.0236 0.1181, -0.572 -1.0236 0.1181, -0.8858 -0.2953 0.1181, -0.8858 0.2953 0.1181, -0.689 -0.2953 0.1181, -0.689 0.2953 0.1181, -0.8858 0.4921 0.1181, -0.689 0.4921 0.1181, -0.8858 -0.4921 0.1181, -0.689 -0.4921 0.1181, 0.572 -1.0236 0.1181, 1.0028 -1.0236 0.1181, 0.689 -0.2953 0.1181, 0.689 0.2953 0.1181, 0.8858 -0.2953 0.1181, 0.8858 0.2953 0.1181, 0.689 0.4921 0.1181, 0.8858 0.4921 0.1181, 0.689 -0.4921 0.1181, 0.8858 -0.4921 0.1181, 0.8858 -0.4921 0.1181
            ]
        }
        coordIndex [
            0,1,2,-1,3,4,5,-1,5,6,3,-1,3,6,7,-1,3,7,8,-1,8,7,9,-1,8,9,10,-1,10,9,11,-1,10,11,12,-1,12,11,13,-1,12,13,14,-1,14,13,15,-1,14,15,4,-1,4,15,16,-1,4,16,5,-1,7,17,9,-1,9,17,18,-1,9,18,11,-1,11,18,19,-1,11,19,20,-1,20,19,21,-1,20,21,22,-1,22,21,23,-1,22,23,24,-1,25,22,26,-1,26,22,24,-1,26,24,27,-1,27,24,17,-1,27,17,28,-1,28,17,7,-1,29,30,31,-1,31,30,32,-1,31,32,33,-1,33,32,16,-1,33,16,34,-1,34,16,15,-1,34,15,35,-1,35,15,13,-1,35,13,36,-1,36,13,37,-1,36,37,38,-1,38,37,39,-1,38,39,31,-1,31,39,29,-1,0,40,41,-1,41,40,42,-1,41,42,43,-1,43,42,44,-1,43,44,45,-1,45,44,46,-1,47,20,48,-1,48,20,46,-1,48,46,49,-1,49,46,44,-1,49,44,50,-1,50,44,11,-1,50,11,47,-1,47,11,20,-1,51,11,52,-1,52,11,44,-1,52,44,53,-1,53,44,42,-1,53,42,54,-1,54,42,13,-1,54,13,51,-1,51,13,11,-1,55,13,56,-1,56,13,42,-1,56,42,57,-1,57,42,40,-1,57,40,58,-1,58,40,37,-1,58,37,55,-1,55,37,13,-1,59,60,61,-1,0,2,40,-1,40,2,62,-1,40,62,37,-1,37,62,59,-1,37,59,39,-1,39,59,61,-1,39,61,29,-1,63,64,65,-1,66,67,68,-1,68,67,65,-1,65,67,69,-1,65,69,63,-1,68,70,66,-1,66,70,71,-1,66,71,63,-1,63,71,72,-1,63,72,64,-1,64,72,73,-1,64,73,70,-1,70,73,74,-1,70,74,71,-1,75,76,77,-1,77,76,78,-1,79,80,81,-1,81,80,82,-1,83,84,85,-1,85,84,86,-1,87,25,88,-1,88,25,26,-1,89,90,88,-1,88,90,91,-1,91,92,88,-1,88,92,93,-1,88,93,87,-1,87,93,94,-1,87,94,95,-1,27,28,96,-1,96,28,97,-1,96,97,88,-1,88,97,98,-1,88,98,89,-1,99,6,100,-1,100,6,5,-1,101,102,103,-1,103,102,104,-1,103,104,105,-1,105,104,106,-1,107,108,109,-1,110,111,112,-1,112,111,113,-1,114,115,112,-1,112,115,116,-1,116,117,112,-1,112,117,118,-1,112,118,109,-1,109,118,119,-1,109,119,107,-1,114,112,120,-1,120,112,113,-1,120,113,121,-1,121,113,122,-1,121,122,123,-1,123,122,124,-1,123,124,125,-1,126,127,125,-1,125,127,128,-1,125,128,123,-1,129,130,131,-1,131,130,132,-1,133,134,135,-1,135,134,136,-1,1,137,138,-1,139,140,1,-1,1,140,141,-1,1,141,137,-1,62,142,59,-1,59,142,143,-1,59,143,60,-1,60,143,144,-1,60,144,145,-1,146,147,148,-1,148,147,60,-1,148,60,149,-1,149,60,145,-1,138,150,1,-1,1,150,151,-1,1,151,2,-1,2,151,152,-1,2,152,62,-1,62,152,153,-1,62,153,142,-1,32,30,154,-1,61,60,155,-1,155,60,147,-1,155,156,157,-1,157,158,155,-1,155,158,159,-1,155,159,154,-1,154,159,160,-1,154,160,32,-1,161,162,147,-1,147,162,163,-1,147,163,155,-1,155,163,164,-1,155,164,156,-1,165,166,25,-1,25,166,167,-1,25,167,22,-1,22,167,168,-1,22,168,20,-1,87,169,25,-1,25,169,170,-1,25,170,165,-1,171,172,173,-1,173,172,45,-1,174,175,45,-1,45,175,176,-1,45,176,173,-1,168,177,20,-1,20,177,178,-1,20,178,46,-1,46,178,179,-1,46,179,45,-1,45,179,180,-1,45,180,174,-1,181,182,1,-1,45,183,184,-1,0,185,1,-1,1,185,186,-1,1,186,181,-1,182,187,1,-1,1,187,188,-1,1,188,139,-1,139,188,189,-1,139,189,190,-1,191,192,172,-1,172,192,193,-1,172,193,45,-1,45,193,194,-1,45,194,183,-1,184,195,45,-1,45,195,196,-1,45,196,43,-1,43,196,185,-1,43,185,41,-1,41,185,0,-1,197,198,106,-1,199,200,201,-1,202,203,204,-1,203,205,204,-1,204,205,206,-1,204,206,199,-1,199,201,204,-1,204,201,207,-1,204,207,208,-1,200,209,201,-1,201,209,197,-1,201,197,104,-1,104,197,106,-1,210,211,212,-1,212,211,213,-1,212,213,214,-1,214,213,215,-1,210,216,211,-1,211,216,217,-1,211,217,204,-1,204,217,218,-1,204,218,202,-1,136,134,219,-1,219,134,204,-1,219,204,220,-1,220,204,208,-1,213,211,221,-1,221,211,222,-1,221,223,224,-1,225,226,227,-1,227,226,228,-1,227,228,221,-1,221,228,229,-1,221,229,223,-1,224,230,221,-1,221,230,231,-1,221,231,213,-1,231,232,213,-1,213,232,233,-1,213,233,234,-1,234,233,235,-1,234,235,236,-1,237,238,239,-1,236,235,239,-1,239,235,240,-1,239,240,237,-1,241,242,243,-1,243,242,244,-1,243,244,245,-1,86,84,243,-1,243,84,246,-1,243,246,247,-1,245,248,243,-1,243,248,249,-1,243,249,111,-1,111,249,250,-1,251,252,253,-1,253,252,254,-1,253,254,255,-1,255,254,256,-1,257,258,259,-1,259,258,113,-1,259,113,260,-1,260,113,111,-1,260,111,261,-1,261,111,250,-1,256,262,255,-1,255,262,241,-1,255,241,263,-1,263,241,243,-1,263,243,264,-1,264,243,247,-1,243,111,110,-1,110,265,243,-1,243,265,266,-1,243,266,204,-1,267,132,130,-1,268,269,204,-1,130,268,267,-1,267,268,204,-1,267,204,270,-1,270,204,266,-1,270,266,107,-1,107,266,108,-1,222,211,271,-1,271,211,204,-1,271,204,272,-1,272,204,269,-1,272,269,225,-1,225,269,226,-1,85,86,273,-1,273,86,243,-1,273,243,274,-1,65,77,78,-1,204,134,133,-1,133,275,204,-1,204,275,276,-1,204,276,243,-1,78,274,65,-1,65,274,243,-1,65,243,68,-1,68,243,276,-1,68,276,79,-1,79,276,80,-1,272,30,271,-1,271,30,61,-1,155,221,61,-1,61,221,222,-1,61,222,271,-1,155,154,221,-1,221,154,227,-1,227,154,225,-1,225,154,30,-1,225,30,272,-1,266,265,27,-1,27,265,26,-1,112,88,110,-1,110,88,26,-1,110,26,265,-1,96,109,27,-1,27,109,108,-1,27,108,266,-1,96,88,109,-1,109,88,112,-1,268,5,269,-1,269,5,32,-1,5,268,130,-1,100,5,277,-1,277,5,130,-1,277,130,129,-1,226,269,32,-1,226,32,228,-1,228,32,160,-1,228,160,278,-1,270,28,267,-1,267,28,6,-1,28,270,107,-1,97,28,279,-1,279,28,107,-1,279,107,119,-1,132,267,6,-1,132,6,131,-1,131,6,99,-1,131,99,280,-1,277,129,280,-1,280,129,131,-1,279,119,281,-1,281,119,118,-1,282,121,283,-1,283,121,123,-1,284,229,278,-1,278,229,228,-1,285,235,286,-1,286,235,233,-1,235,285,287,-1,235,287,240,-1,240,287,288,-1,240,288,237,-1,237,288,289,-1,237,289,238,-1,238,289,290,-1,238,290,239,-1,239,290,291,-1,239,291,236,-1,236,291,292,-1,236,292,234,-1,229,284,223,-1,223,284,293,-1,223,293,224,-1,224,293,294,-1,224,294,230,-1,230,294,295,-1,230,295,231,-1,231,295,296,-1,231,296,232,-1,232,296,297,-1,232,297,233,-1,233,297,286,-1,121,282,120,-1,120,282,298,-1,120,298,114,-1,114,298,299,-1,114,299,115,-1,115,299,300,-1,115,300,116,-1,116,300,301,-1,116,301,117,-1,117,301,302,-1,117,302,118,-1,118,302,281,-1,283,123,128,-1,283,128,303,-1,303,128,127,-1,303,127,304,-1,304,127,126,-1,304,126,305,-1,305,126,125,-1,305,125,306,-1,306,125,124,-1,306,124,307,-1,307,124,122,-1,307,122,308,-1,273,309,85,-1,85,309,83,-1,78,76,274,-1,274,76,310,-1,311,312,313,-1,313,312,314,-1,315,273,316,-1,316,273,274,-1,316,274,314,-1,314,274,310,-1,314,310,313,-1,315,312,273,-1,273,312,311,-1,273,311,309,-1,309,311,317,-1,309,317,310,-1,310,317,318,-1,310,318,313,-1,276,319,80,-1,80,319,82,-1,133,135,275,-1,275,135,320,-1,321,322,323,-1,323,322,324,-1,325,276,326,-1,326,276,275,-1,326,275,324,-1,324,275,320,-1,324,320,323,-1,325,322,276,-1,276,322,321,-1,276,321,319,-1,319,321,327,-1,319,327,320,-1,320,327,328,-1,320,328,323,-1,65,64,77,-1,77,64,75,-1,79,81,68,-1,68,81,70,-1,
        ]
    }
}
Shape{
    appearance Appearance {
        material  Material 	{
            diffuseColor 1.0 1.0 1.0
            specularColor 0.5019607843137255 0.5019607843137255 0.5019607843137255
            ambientIntensity 0.2
            transparency 0
            shininess 0.5
        }
    }
    geometry IndexedFaceSet {
        ccw TRUE
        solid FALSE
        coord DEF co Coordinate {
            point [
                -0.0457 -0.4394 -1.1811, -0.0457 -0.348 -1.1811, 0.0457 -0.4394 -1.1811, 0.0457 -0.348 -1.1811, 0.0984 -0.2953 -0.9843, 0.0984 -0.2953 0.1181, 0.0984 -0.4921 -0.9843, 0.0984 -0.4921 0.1181, -0.0984 -0.4921 -0.9843, -0.0984 -0.4921 0.1181, -0.0984 -0.2953 -0.9843, -0.0984 -0.2953 0.1181, -0.0984 -0.4921 1.7717, -0.0984 -0.4921 0.5906, 0.0984 -0.4921 1.7717, 0.0984 -0.4921 0.5906, 0.0984 -0.2953 1.7717, 0.0984 -0.2953 0.5906, -0.0984 -0.2953 1.7717, -0.0984 -0.2953 0.5906, -0.0457 -0.348 1.9685, -0.0457 -0.4394 1.9685, 0.0457 -0.348 1.9685, 0.0457 -0.4394 1.9685, 0.0457 0.4394 -1.1811, 0.0457 0.348 -1.1811, -0.0457 0.4394 -1.1811, -0.0457 0.348 -1.1811, -0.0984 0.2953 -0.9843, -0.0984 0.2953 0.1181, -0.0984 0.4921 -0.9843, -0.0984 0.4921 0.1181, 0.0984 0.4921 -0.9843, 0.0984 0.4921 0.1181, 0.0984 0.2953 -0.9843, 0.0984 0.2953 0.1181, -0.0984 0.2953 1.7717, -0.0984 0.2953 0.5906, 0.0984 0.2953 1.7717, 0.0984 0.2953 0.5906, 0.0984 0.4921 1.7717, 0.0984 0.4921 0.5906, -0.0984 0.4921 1.7717, -0.0984 0.4921 0.5906, 0.0457 0.348 1.9685, 0.0457 0.4394 1.9685, -0.0457 0.348 1.9685, -0.0457 0.4394 1.9685, -0.0457 0.4394 1.9685
            ]
        }
        coordIndex [
            0,1,2,-1,2,1,3,-1,4,5,6,-1,6,5,7,-1,8,9,10,-1,10,9,11,-1,10,11,4,-1,4,11,5,-1,6,7,8,-1,8,7,9,-1,12,13,14,-1,14,13,15,-1,16,17,18,-1,18,17,19,-1,14,15,16,-1,16,15,17,-1,18,19,12,-1,12,19,13,-1,20,21,22,-1,22,21,23,-1,24,25,26,-1,26,25,27,-1,28,29,30,-1,30,29,31,-1,32,33,34,-1,34,33,35,-1,30,31,32,-1,32,31,33,-1,34,35,28,-1,28,35,29,-1,36,37,38,-1,38,37,39,-1,40,41,42,-1,42,41,43,-1,42,43,36,-1,36,43,37,-1,38,39,40,-1,40,39,41,-1,44,45,46,-1,46,45,47,-1,28,27,34,-1,34,27,25,-1,30,26,28,-1,28,26,27,-1,24,32,25,-1,25,32,34,-1,32,24,30,-1,30,24,26,-1,4,3,10,-1,10,3,1,-1,6,2,4,-1,4,2,3,-1,0,8,1,-1,1,8,10,-1,8,0,6,-1,6,0,2,-1,14,23,12,-1,12,23,21,-1,16,22,14,-1,14,22,23,-1,20,18,21,-1,21,18,12,-1,18,20,16,-1,16,20,22,-1,42,47,40,-1,40,47,45,-1,36,46,42,-1,42,46,47,-1,44,38,45,-1,45,38,40,-1,38,44,36,-1,36,44,46,-1,
        ]
    }
}
Shape{
    appearance Appearance {
        material  Material 	{
            diffuseColor 1.0 0.9490196078431372 0.8431372549019608
            specularColor 0.5019607843137255 0.4745098039215686 0.4235294117647059
            ambientIntensity 0.2
            transparency 0
            shininess 0.5
        }
    }
    geometry IndexedFaceSet {
        ccw TRUE
        solid FALSE
        coord DEF co Coordinate {
            point [
                -1.5748 0.0394 2.5197, -1.5748 0.0394 1.6535, -1.4567 0.0394 2.5197, -1.4567 0.0394 1.6535, -1.4567 -0.3543 2.5197, -1.4567 -0.3543 1.6535, -1.5748 -0.3543 2.5197, -1.5748 -0.3543 1.6535, 1.4567 0.0394 2.5197, 1.4567 0.0394 1.6535, 1.5748 0.0394 2.5197, 1.5748 0.0394 1.6535, 1.5748 -0.3543 2.5197, 1.5748 -0.3543 1.6535, 1.4567 -0.3543 2.5197, 1.4567 -0.3543 1.6535, 1.4567 -0.3476 1.6026, 1.5748 -0.3476 1.6026, 1.4567 -0.328 1.5551, 1.5748 -0.328 1.5551, 1.4567 -0.2967 1.5143, 1.5748 -0.2967 1.5143, 1.4567 -0.2559 1.4831, 1.5748 -0.2559 1.4831, 1.4567 -0.2084 1.4634, 1.5748 -0.2084 1.4634, 1.4567 -0.1575 1.4567, 1.5748 -0.1575 1.4567, 1.5748 0.0327 1.6026, 1.4567 0.0327 1.6026, 1.5748 0.013 1.5551, 1.4567 0.013 1.5551, 1.5748 -0.0183 1.5143, 1.4567 -0.0183 1.5143, 1.5748 -0.0591 1.4831, 1.4567 -0.0591 1.4831, 1.5748 -0.1065 1.4634, 1.4567 -0.1065 1.4634, -1.4567 0.0327 1.6026, -1.5748 0.0327 1.6026, -1.4567 0.013 1.5551, -1.5748 0.013 1.5551, -1.4567 -0.0183 1.5143, -1.5748 -0.0183 1.5143, -1.4567 -0.0591 1.4831, -1.5748 -0.0591 1.4831, -1.4567 -0.1065 1.4634, -1.5748 -0.1065 1.4634, -1.4567 -0.1575 1.4567, -1.5748 -0.1575 1.4567, -1.5748 -0.3476 1.6026, -1.4567 -0.3476 1.6026, -1.5748 -0.328 1.5551, -1.4567 -0.328 1.5551, -1.5748 -0.2967 1.5143, -1.4567 -0.2967 1.5143, -1.5748 -0.2559 1.4831, -1.4567 -0.2559 1.4831, -1.5748 -0.2084 1.4634, -1.4567 -0.2084 1.4634, 1.1024 0.8268 2.0472, 1.1024 0.9055 2.126, 0.7874 0.8268 2.0472, 0.7874 0.9055 2.126, 1.1227 0.9055 2.1287, 1.1431 0.8268 2.0526, 1.1417 0.9055 2.1365, 1.1811 0.8268 2.0683, 1.158 0.9055 2.149, 1.2137 0.8268 2.0934, 1.1706 0.9055 2.1654, 1.2387 0.8268 2.126, 1.1784 0.9055 2.1843, 1.2545 0.8268 2.164, 1.1811 0.9055 2.2047, 1.2598 0.8268 2.2047, 1.1811 0.9055 2.5197, 1.2598 0.8268 2.5197, 1.1838 0.9055 2.5401, 1.1917 0.9055 2.5591, 1.2042 0.9055 2.5754, 1.2205 0.9055 2.5879, 1.2395 0.9055 2.5957, 1.2598 0.9055 2.5984, 1.378 0.8268 2.5197, 1.4567 0.9055 2.5984, 1.378 0.1181 2.5197, 1.4567 0.1181 2.5984, 1.5748 0.1181 2.5984, 1.378 0.1181 1.6535, 1.378 0.1087 1.5822, 1.378 0.0812 1.5157, 1.378 0.0374 1.4587, 1.378 -0.0197 1.4149, 1.378 -0.0862 1.3873, 1.378 -0.1575 1.378, 1.378 -0.2288 1.3873, 1.378 -0.2953 1.4149, 1.378 -0.3524 1.4587, 1.378 -0.3961 1.5157, 1.378 -0.4237 1.5822, 1.378 -0.4331 1.6535, 1.378 -0.4331 2.5197, 1.4567 -0.4331 2.5984, 1.5748 -0.4331 2.5984, 1.378 -0.8268 2.5197, 1.4567 -0.9055 2.5984, 1.1811 -0.9055 2.5984, 1.1811 -0.8268 2.5197, -1.378 -0.4331 2.5197, -1.4567 -0.4331 2.5984, -1.378 -0.8268 2.5197, -1.4567 -0.9055 2.5984, -1.5748 -0.4331 2.5984, -1.378 -0.4331 1.6535, -1.378 -0.4237 1.5822, -1.378 -0.3961 1.5157, -1.378 -0.3524 1.4587, -1.378 -0.2953 1.4149, -1.378 -0.2288 1.3873, -1.378 -0.1575 1.378, -1.1024 0.9055 2.126, -1.1024 0.8268 2.0472, -0.7874 0.9055 2.126, -0.7874 0.8268 2.0472, -1.378 -0.0862 1.3873, -1.378 -0.0197 1.4149, -1.378 0.0374 1.4587, -1.378 0.0812 1.5157, -1.378 0.1087 1.5822, -1.378 0.1181 1.6535, -1.1811 0.9055 2.2047, -1.2598 0.8268 2.2047, -1.1784 0.9055 2.1843, -1.2545 0.8268 2.164, -1.1706 0.9055 2.1654, -1.2387 0.8268 2.126, -1.158 0.9055 2.149, -1.2137 0.8268 2.0934, -1.1417 0.9055 2.1365, -1.1811 0.8268 2.0683, -1.1227 0.9055 2.1287, -1.1431 0.8268 2.0526, -1.378 0.1181 2.5197, -1.4567 0.1181 2.5984, -1.5748 0.1181 2.5984, -1.1811 0.9055 2.5197, -1.2598 0.8268 2.5197, -1.2395 0.9055 2.5957, -1.2598 0.9055 2.5984, -1.2205 0.9055 2.5879, -1.2042 0.9055 2.5754, -1.1917 0.9055 2.5591, -1.1838 0.9055 2.5401, -1.378 0.8268 2.5197, -1.4567 0.9055 2.5984, -0.315 0.9055 2.126, -0.315 0.8268 2.0472, 0.315 0.9055 2.126, 0.315 0.8268 2.0472, -1.1024 -0.8268 2.126, -1.1024 -1.0236 2.126, -1.0169 -1.0236 2.126, -0.0629 -1.0236 2.126, 0.0142 -1.0236 2.126, 1.1024 -0.8268 2.126, 0.019 -1.0236 2.126, 0.0867 -1.0236 2.126, 0.1233 -1.0236 2.126, 0.142 -1.0236 2.126, 0.1862 -1.0236 2.126, 0.217 -1.0236 2.126, 0.2422 -1.0236 2.126, 1.1024 -1.0236 2.126, -1.1811 -0.9055 2.5984, -1.1811 -1.0236 2.5984, -1.1811 -0.8268 2.5197, -1.1811 -1.0236 2.2047, -1.1811 -0.8268 2.2047, 1.1811 -0.8268 2.2047, 1.1811 -1.0236 2.2047, 1.1811 -1.0236 2.5984, -1.1784 -0.8268 2.1843, -1.1784 -1.0236 2.1843, -1.1706 -0.8268 2.1654, -1.1706 -1.0236 2.1654, -1.158 -0.8268 2.149, -1.158 -1.0236 2.149, -1.1417 -0.8268 2.1365, -1.1417 -1.0236 2.1365, -1.1227 -0.8268 2.1287, -1.1227 -1.0236 2.1287, 1.1227 -0.8268 2.1287, 1.1227 -1.0236 2.1287, 1.1417 -0.8268 2.1365, 1.1417 -1.0236 2.1365, 1.158 -0.8268 2.149, 1.158 -1.0236 2.149, 1.1706 -0.8268 2.1654, 1.1706 -1.0236 2.1654, 1.1784 -0.8268 2.1843, 1.1784 -1.0236 2.1843, 1.1784 -1.0236 2.1843
            ]
        }
        coordIndex [
            0,1,2,-1,2,1,3,-1,4,5,6,-1,6,5,7,-1,8,9,10,-1,10,9,11,-1,12,13,14,-1,14,13,15,-1,15,13,16,-1,16,13,17,-1,16,17,18,-1,18,17,19,-1,18,19,20,-1,20,19,21,-1,20,21,22,-1,22,21,23,-1,22,23,24,-1,24,23,25,-1,24,25,26,-1,26,25,27,-1,11,9,28,-1,28,9,29,-1,28,29,30,-1,30,29,31,-1,30,31,32,-1,32,31,33,-1,32,33,34,-1,34,33,35,-1,34,35,36,-1,36,35,37,-1,36,37,27,-1,27,37,26,-1,3,1,38,-1,38,1,39,-1,38,39,40,-1,40,39,41,-1,40,41,42,-1,42,41,43,-1,42,43,44,-1,44,43,45,-1,44,45,46,-1,46,45,47,-1,46,47,48,-1,48,47,49,-1,7,5,50,-1,50,5,51,-1,50,51,52,-1,52,51,53,-1,52,53,54,-1,54,53,55,-1,54,55,56,-1,56,55,57,-1,56,57,58,-1,58,57,59,-1,58,59,49,-1,49,59,48,-1,60,61,62,-1,62,61,63,-1,61,60,64,-1,64,60,65,-1,64,65,66,-1,66,65,67,-1,66,67,68,-1,68,67,69,-1,68,69,70,-1,70,69,71,-1,70,71,72,-1,72,71,73,-1,72,73,74,-1,74,73,75,-1,74,75,76,-1,76,75,77,-1,78,76,77,-1,78,77,79,-1,80,79,77,-1,81,80,77,-1,82,81,77,-1,83,82,77,-1,84,85,77,-1,77,85,83,-1,86,87,84,-1,84,87,85,-1,87,8,88,-1,88,8,10,-1,87,86,8,-1,89,9,86,-1,86,9,8,-1,9,89,29,-1,29,89,90,-1,29,90,31,-1,31,90,91,-1,31,91,33,-1,33,91,92,-1,33,92,35,-1,35,92,93,-1,35,93,37,-1,37,93,94,-1,37,94,26,-1,26,94,95,-1,26,95,24,-1,24,95,96,-1,24,96,22,-1,22,96,97,-1,22,97,20,-1,20,97,98,-1,20,98,18,-1,18,98,99,-1,18,99,16,-1,16,99,100,-1,16,100,15,-1,15,100,101,-1,102,14,101,-1,101,14,15,-1,14,103,12,-1,12,103,104,-1,14,102,103,-1,105,106,102,-1,102,106,103,-1,106,105,107,-1,107,105,108,-1,109,110,111,-1,111,110,112,-1,110,4,113,-1,113,4,6,-1,110,109,4,-1,114,5,109,-1,109,5,4,-1,5,114,51,-1,51,114,115,-1,51,115,53,-1,53,115,116,-1,53,116,55,-1,55,116,117,-1,55,117,57,-1,57,117,118,-1,57,118,59,-1,59,118,119,-1,59,119,48,-1,48,119,120,-1,121,122,123,-1,123,122,124,-1,48,120,46,-1,46,120,125,-1,46,125,44,-1,44,125,126,-1,44,126,42,-1,42,126,127,-1,42,127,40,-1,40,127,128,-1,40,128,38,-1,38,128,129,-1,38,129,3,-1,3,129,130,-1,131,132,133,-1,133,132,134,-1,133,134,135,-1,135,134,136,-1,135,136,137,-1,137,136,138,-1,137,138,139,-1,139,138,140,-1,139,140,141,-1,141,140,142,-1,141,142,121,-1,121,142,122,-1,143,2,130,-1,130,2,3,-1,2,144,0,-1,0,144,145,-1,146,147,131,-1,131,147,132,-1,2,143,144,-1,148,149,147,-1,148,147,150,-1,151,150,147,-1,152,151,147,-1,153,152,147,-1,146,153,147,-1,154,155,143,-1,143,155,144,-1,155,154,149,-1,149,154,147,-1,156,157,158,-1,158,157,159,-1,160,161,162,-1,162,163,160,-1,160,163,164,-1,160,164,165,-1,165,164,166,-1,165,166,167,-1,167,168,165,-1,165,168,169,-1,165,169,170,-1,170,171,165,-1,165,171,172,-1,165,172,173,-1,174,175,176,-1,176,175,177,-1,176,177,178,-1,108,179,107,-1,107,179,180,-1,107,180,181,-1,178,177,182,-1,182,177,183,-1,182,183,184,-1,184,183,185,-1,184,185,186,-1,186,185,187,-1,186,187,188,-1,188,187,189,-1,188,189,190,-1,190,189,191,-1,190,191,160,-1,160,191,161,-1,165,173,192,-1,192,173,193,-1,192,193,194,-1,194,193,195,-1,194,195,196,-1,196,195,197,-1,196,197,198,-1,198,197,199,-1,198,199,200,-1,200,199,201,-1,200,201,179,-1,179,201,180,-1,
        ]
    }
}
Shape{
    appearance Appearance {
        material  Material 	{
            diffuseColor 0.0 0.0 0.0
            specularColor 0.0 0.0 0.0
            ambientIntensity 0.2
            transparency 0
            shininess 0.5
        }
    }
    geometry IndexedFaceSet {
        ccw TRUE
        solid FALSE
        coord DEF co Coordinate {
            point [
                0.0121 -1.0276 0.5674, 0.0121 -1.0276 0.5583, 0.0121 -1.0236 0.5674, 0.0121 -1.0236 0.5583, -0.0198 -1.0276 0.5674, -0.0198 -1.0236 0.5674, -0.0198 -1.0276 0.6384, -0.0198 -1.0236 0.6384, -0.0301 -1.0276 0.6384, -0.0301 -1.0236 0.6384, -0.0301 -1.0276 0.5583, -0.0301 -1.0236 0.5583, 0.0532 -1.0276 0.5569, 0.0532 -1.0236 0.5569, 0.0654 -1.0276 0.5581, 0.0602 -1.0236 0.5576, 0.0654 -1.0236 0.5581, 0.074 -1.0236 0.5609, 0.074 -1.0276 0.5609, 0.0753 -1.0236 0.5616, 0.0753 -1.0276 0.5616, 0.0753 -1.0276 0.5715, 0.0753 -1.0236 0.5715, 0.0687 -1.0236 0.5684, 0.0687 -1.0276 0.5684, 0.0598 -1.0236 0.5664, 0.0598 -1.0276 0.5664, 0.0547 -1.0236 0.5661, 0.0547 -1.0276 0.5661, 0.0474 -1.0236 0.5669, 0.0474 -1.0276 0.5669, 0.0415 -1.0236 0.569, 0.0415 -1.0276 0.569, 0.0362 -1.0236 0.5726, 0.0362 -1.0276 0.5726, 0.0341 -1.0236 0.5746, 0.0341 -1.0276 0.5746, 0.0303 -1.0236 0.5798, 0.0303 -1.0276 0.5798, 0.0277 -1.0236 0.5862, 0.0277 -1.0276 0.5862, 0.0263 -1.0236 0.5942, 0.0263 -1.0276 0.5942, 0.0262 -1.0236 0.5974, 0.0262 -1.0276 0.5974, 0.0275 -1.0236 0.6084, 0.0275 -1.0276 0.6084, 0.0302 -1.0236 0.6153, 0.0302 -1.0276 0.6153, 0.0341 -1.0236 0.6209, 0.0341 -1.0276 0.6209, 0.0346 -1.0236 0.6215, 0.0346 -1.0276 0.6215, 0.0398 -1.0236 0.6258, 0.0398 -1.0276 0.6258, 0.0461 -1.0236 0.6288, 0.0461 -1.0276 0.6288, 0.053 -1.0236 0.6302, 0.053 -1.0276 0.6302, 0.0565 -1.0236 0.6304, 0.0565 -1.0276 0.6304, 0.0663 -1.0236 0.6292, 0.0663 -1.0276 0.6292, 0.0744 -1.0236 0.6261, 0.0744 -1.0276 0.6261, 0.0753 -1.0236 0.6256, 0.0753 -1.0276 0.6256, 0.0753 -1.0276 0.6364, 0.0753 -1.0236 0.6364, 0.0564 -1.0236 0.6397, 0.0564 -1.0276 0.6397, 0.0649 -1.0236 0.639, 0.0668 -1.0276 0.6389, 0.0668 -1.0236 0.6389, 0.0508 -1.0236 0.639, 0.0448 -1.0276 0.6383, 0.0448 -1.0236 0.6383, 0.0364 -1.0236 0.6351, 0.0364 -1.0276 0.6351, 0.0287 -1.0236 0.6296, 0.0287 -1.0276 0.6296, 0.0269 -1.0236 0.6279, 0.0269 -1.0276 0.6279, 0.0211 -1.0236 0.6203, 0.019 -1.0236 0.6152, 0.0173 -1.0276 0.6114, 0.0211 -1.0276 0.6203, 0.0173 -1.0236 0.6114, 0.0155 -1.0236 0.601, 0.0155 -1.0276 0.601, 0.0154 -1.0236 0.5968, 0.0154 -1.0276 0.5968, 0.0169 -1.0236 0.5838, 0.019 -1.0236 0.5786, 0.0202 -1.0276 0.5755, 0.0169 -1.0276 0.5838, 0.0202 -1.0236 0.5755, 0.025 -1.0236 0.5686, 0.025 -1.0276 0.5686, 0.0257 -1.0236 0.5679, 0.0257 -1.0276 0.5679, 0.0471 -1.0276 0.5573, 0.0312 -1.0236 0.5631, 0.0312 -1.0276 0.5631, 0.0387 -1.0236 0.5593, 0.0387 -1.0276 0.5593, 0.0458 -1.0236 0.5576, 0.0471 -1.0236 0.5573, 0.1344 -1.0276 0.5674, 0.1344 -1.0276 0.5583, 0.1344 -1.0236 0.5674, 0.1344 -1.0236 0.5583, 0.1017 -1.0236 0.5674, 0.1017 -1.0276 0.5674, 0.1233 -1.0236 0.5674, 0.1017 -1.0276 0.5943, 0.1017 -1.0236 0.5943, 0.1303 -1.0276 0.5943, 0.1233 -1.0236 0.5943, 0.1303 -1.0236 0.5943, 0.1303 -1.0276 0.6035, 0.1303 -1.0236 0.6035, 0.1017 -1.0236 0.6035, 0.1017 -1.0276 0.6035, 0.1233 -1.0236 0.6035, 0.1017 -1.0276 0.6291, 0.1017 -1.0236 0.6291, 0.1326 -1.0276 0.6291, 0.1233 -1.0236 0.6291, 0.1326 -1.0236 0.6291, 0.1326 -1.0276 0.6384, 0.1326 -1.0236 0.6384, 0.0914 -1.0236 0.6384, 0.0914 -1.0276 0.6384, 0.1233 -1.0236 0.6384, 0.0914 -1.0276 0.5583, 0.0914 -1.0236 0.5583, 0.1233 -1.0236 0.5583, 0.1993 -1.0276 0.5807, 0.1953 -1.0276 0.5758, 0.2027 -1.0276 0.5695, 0.1943 -1.0276 0.5749, 0.1942 -1.0276 0.5635, 0.1892 -1.0276 0.5713, 0.1851 -1.0276 0.5599, 0.1825 -1.0276 0.5687, 0.1716 -1.0276 0.5583, 0.1715 -1.0276 0.5674, 0.1495 -1.0276 0.5583, 0.1599 -1.0276 0.5674, 0.1495 -1.0276 0.6384, 0.1599 -1.0276 0.6291, 0.1724 -1.0276 0.6384, 0.172 -1.0276 0.6291, 0.1846 -1.0276 0.637, 0.1827 -1.0276 0.6279, 0.1943 -1.0276 0.6335, 0.1896 -1.0276 0.6253, 0.2027 -1.0276 0.6278, 0.1951 -1.0276 0.6216, 0.2055 -1.0276 0.625, 0.1974 -1.0276 0.6194, 0.2105 -1.0276 0.618, 0.2004 -1.0276 0.6149, 0.2134 -1.0276 0.6103, 0.2027 -1.0276 0.609, 0.2147 -1.0276 0.5993, 0.2039 -1.0276 0.5991, 0.2145 -1.0276 0.5942, 0.2036 -1.0276 0.5939, 0.2125 -1.0276 0.5849, 0.202 -1.0276 0.5866, 0.2086 -1.0276 0.5766, 0.1716 -1.0236 0.5583, 0.1495 -1.0236 0.5583, 0.2027 -1.0236 0.5695, 0.1851 -1.0236 0.5599, 0.1862 -1.0236 0.5604, 0.1942 -1.0236 0.5635, 0.2086 -1.0236 0.5766, 0.2125 -1.0236 0.5849, 0.2145 -1.0236 0.5942, 0.2147 -1.0236 0.5993, 0.2134 -1.0236 0.6103, 0.2105 -1.0236 0.618, 0.2055 -1.0236 0.625, 0.2027 -1.0236 0.6278, 0.1724 -1.0236 0.6384, 0.1943 -1.0236 0.6335, 0.1862 -1.0236 0.6364, 0.1846 -1.0236 0.637, 0.1495 -1.0236 0.6384, 0.172 -1.0236 0.6291, 0.1599 -1.0236 0.6291, 0.1599 -1.0236 0.5674, 0.1715 -1.0236 0.5674, 0.1953 -1.0236 0.5758, 0.1943 -1.0236 0.5749, 0.1892 -1.0236 0.5713, 0.1825 -1.0236 0.5687, 0.2039 -1.0236 0.5991, 0.2036 -1.0236 0.5939, 0.202 -1.0236 0.5866, 0.1993 -1.0236 0.5807, 0.1951 -1.0236 0.6216, 0.1974 -1.0236 0.6194, 0.2004 -1.0236 0.6149, 0.2027 -1.0236 0.609, 0.1827 -1.0236 0.6279, 0.1896 -1.0236 0.6253, 0.1896 -1.0236 0.6253
            ]
        }
        coordIndex [
            0,1,2,-1,2,1,3,-1,4,0,5,-1,5,0,2,-1,6,4,7,-1,7,4,5,-1,8,6,9,-1,9,6,7,-1,10,8,11,-1,11,8,9,-1,1,10,3,-1,3,10,11,-1,6,8,4,-1,4,8,10,-1,4,10,0,-1,0,10,1,-1,12,13,14,-1,14,13,15,-1,15,16,14,-1,14,16,17,-1,14,17,18,-1,18,17,19,-1,18,19,20,-1,21,20,22,-1,22,20,19,-1,21,22,23,-1,21,23,24,-1,24,23,25,-1,24,25,26,-1,26,25,27,-1,26,27,28,-1,28,27,29,-1,28,29,30,-1,30,29,31,-1,30,31,32,-1,32,31,33,-1,32,33,34,-1,34,33,35,-1,34,35,36,-1,36,35,37,-1,36,37,38,-1,38,37,39,-1,38,39,40,-1,40,39,41,-1,40,41,42,-1,42,41,43,-1,42,43,44,-1,44,43,45,-1,44,45,46,-1,46,45,47,-1,46,47,48,-1,48,47,49,-1,48,49,50,-1,50,49,51,-1,50,51,52,-1,52,51,53,-1,52,53,54,-1,54,53,55,-1,54,55,56,-1,56,55,57,-1,56,57,58,-1,58,57,59,-1,58,59,60,-1,60,59,61,-1,60,61,62,-1,62,61,63,-1,62,63,64,-1,64,63,65,-1,64,65,66,-1,67,66,68,-1,68,66,65,-1,69,70,71,-1,71,70,72,-1,71,72,73,-1,73,72,67,-1,73,67,68,-1,70,69,74,-1,70,74,75,-1,74,76,75,-1,75,76,77,-1,75,77,78,-1,78,77,79,-1,78,79,80,-1,80,79,81,-1,80,81,82,-1,82,81,83,-1,84,85,83,-1,83,85,86,-1,83,86,82,-1,84,87,85,-1,85,87,88,-1,85,88,89,-1,89,88,90,-1,89,90,91,-1,91,90,92,-1,93,94,92,-1,92,94,95,-1,92,95,91,-1,93,96,94,-1,94,96,97,-1,94,97,98,-1,98,97,99,-1,98,99,100,-1,13,12,101,-1,100,99,102,-1,100,102,103,-1,103,102,104,-1,103,104,105,-1,105,104,106,-1,105,106,101,-1,101,106,107,-1,101,107,13,-1,46,48,86,-1,54,56,75,-1,86,48,82,-1,75,56,70,-1,75,78,54,-1,54,78,80,-1,54,80,52,-1,52,80,82,-1,52,82,50,-1,50,82,48,-1,56,58,70,-1,70,58,60,-1,70,60,72,-1,72,60,62,-1,72,62,67,-1,67,62,64,-1,67,64,66,-1,91,44,89,-1,89,44,46,-1,89,46,85,-1,85,46,86,-1,20,21,18,-1,18,21,24,-1,18,24,14,-1,14,24,26,-1,14,26,12,-1,12,26,28,-1,12,28,101,-1,101,28,30,-1,101,30,105,-1,105,30,32,-1,105,32,103,-1,103,32,34,-1,103,34,100,-1,100,34,36,-1,100,36,98,-1,98,36,38,-1,98,38,94,-1,94,38,95,-1,95,38,40,-1,95,40,91,-1,91,40,42,-1,91,42,44,-1,108,109,110,-1,110,109,111,-1,112,113,114,-1,114,113,108,-1,114,108,110,-1,115,113,116,-1,116,113,112,-1,115,116,117,-1,117,116,118,-1,117,118,119,-1,120,117,121,-1,121,117,119,-1,122,123,124,-1,124,123,120,-1,124,120,121,-1,125,123,126,-1,126,123,122,-1,125,126,127,-1,127,126,128,-1,127,128,129,-1,130,127,131,-1,131,127,129,-1,132,133,134,-1,134,133,130,-1,134,130,131,-1,135,133,136,-1,136,133,132,-1,135,136,109,-1,109,136,137,-1,109,137,111,-1,135,109,108,-1,108,113,135,-1,135,113,115,-1,135,115,133,-1,127,130,125,-1,125,130,133,-1,125,133,123,-1,123,133,115,-1,123,115,120,-1,120,115,117,-1,138,139,140,-1,140,139,141,-1,140,141,142,-1,142,141,143,-1,142,143,144,-1,144,143,145,-1,144,145,146,-1,146,145,147,-1,146,147,148,-1,148,147,149,-1,148,149,150,-1,150,149,151,-1,150,151,152,-1,152,151,153,-1,152,153,154,-1,154,153,155,-1,154,155,156,-1,156,155,157,-1,156,157,158,-1,158,157,159,-1,158,159,160,-1,160,159,161,-1,160,161,162,-1,162,161,163,-1,162,163,164,-1,164,163,165,-1,164,165,166,-1,166,165,167,-1,166,167,168,-1,168,167,169,-1,168,169,170,-1,170,169,171,-1,170,171,172,-1,172,171,138,-1,172,138,140,-1,146,148,173,-1,173,148,174,-1,175,140,142,-1,146,173,176,-1,146,176,144,-1,144,176,177,-1,144,177,142,-1,142,177,178,-1,142,178,175,-1,140,175,179,-1,140,179,172,-1,172,179,180,-1,172,180,170,-1,170,180,181,-1,170,181,168,-1,168,181,182,-1,168,182,166,-1,166,182,183,-1,166,183,164,-1,164,183,184,-1,164,184,162,-1,162,184,185,-1,162,185,160,-1,160,185,186,-1,160,186,158,-1,187,152,154,-1,158,186,188,-1,158,188,156,-1,156,188,189,-1,156,189,154,-1,154,189,190,-1,154,190,187,-1,150,152,191,-1,191,152,187,-1,148,150,174,-1,174,150,191,-1,153,151,192,-1,192,151,193,-1,151,149,193,-1,193,149,194,-1,149,147,194,-1,194,147,195,-1,139,196,197,-1,139,197,141,-1,141,197,198,-1,141,198,143,-1,143,198,199,-1,143,199,145,-1,145,199,195,-1,145,195,147,-1,167,200,201,-1,167,201,169,-1,169,201,202,-1,169,202,171,-1,171,202,203,-1,171,203,138,-1,138,203,196,-1,138,196,139,-1,159,204,205,-1,159,205,161,-1,161,205,206,-1,161,206,163,-1,163,206,207,-1,163,207,165,-1,165,207,200,-1,165,200,167,-1,153,192,208,-1,153,208,155,-1,155,208,209,-1,155,209,157,-1,157,209,204,-1,157,204,159,-1,
        ]
    }
}
Shape{
    appearance Appearance {
        material  Material 	{
            diffuseColor 1.0 0.9490196078431372 0.8431372549019608
            specularColor 0.5019607843137255 0.4745098039215686 0.4235294117647059
            ambientIntensity 0.2
            transparency 0
            shininess 0.5
        }
    }
    geometry IndexedFaceSet {
        ccw TRUE
        solid FALSE
        coord DEF co Coordinate {
            point [
                0.1599 -1.0236 0.6291, 0.1599 -1.0236 0.5674, 0.172 -1.0236 0.6291, 0.1715 -1.0236 0.5674, 0.1825 -1.0236 0.5687, 0.1892 -1.0236 0.5713, 0.1943 -1.0236 0.5749, 0.1953 -1.0236 0.5758, 0.1993 -1.0236 0.5807, 0.202 -1.0236 0.5866, 0.2039 -1.0236 0.5991, 0.1951 -1.0236 0.6216, 0.1896 -1.0236 0.6253, 0.2027 -1.0236 0.609, 0.2004 -1.0236 0.6149, 0.1974 -1.0236 0.6194, 0.2036 -1.0236 0.5939, 0.1827 -1.0236 0.6279, 0.1827 -1.0236 0.6279
            ]
        }
        coordIndex [
            0,1,2,-1,2,1,3,-1,3,4,2,-1,2,4,5,-1,2,5,6,-1,6,7,2,-1,2,7,8,-1,2,8,9,-1,10,11,12,-1,13,14,10,-1,10,14,15,-1,10,15,11,-1,9,16,2,-1,2,16,10,-1,2,10,17,-1,17,10,12,-1,
        ]
    }
}
Shape{
    appearance Appearance {
        material  Material 	{
            diffuseColor 0.0 0.0 0.0
            specularColor 0.0 0.0 0.0
            ambientIntensity 0.2
            transparency 0
            shininess 0.5
        }
    }
    geometry IndexedFaceSet {
        ccw TRUE
        solid FALSE
        coord DEF co Coordinate {
            point [
                0.2416 -1.0276 0.5892, 0.2383 -1.0276 0.5802, 0.2684 -1.0276 0.5892, 0.2716 -1.0276 0.5802, 0.2535 -1.0276 0.6225, 0.2497 -1.0276 0.6384, 0.2192 -1.0276 0.5583, 0.2306 -1.0276 0.5583, 0.2542 -1.0276 0.6249, 0.2548 -1.0276 0.6281, 0.2607 -1.0276 0.6384, 0.2551 -1.0276 0.6281, 0.2557 -1.0276 0.6247, 0.2563 -1.0276 0.6225, 0.2912 -1.0276 0.5583, 0.2798 -1.0276 0.5583, 0.2607 -1.0236 0.6384, 0.2912 -1.0236 0.5583, 0.2497 -1.0236 0.6384, 0.2192 -1.0236 0.5583, 0.2422 -1.0236 0.6189, 0.2306 -1.0236 0.5583, 0.2383 -1.0236 0.5802, 0.2716 -1.0236 0.5802, 0.2422 -1.0236 0.5802, 0.2798 -1.0236 0.5583, 0.2416 -1.0236 0.5892, 0.2684 -1.0236 0.5892, 0.2563 -1.0236 0.6225, 0.2551 -1.0236 0.6281, 0.2557 -1.0236 0.6247, 0.2548 -1.0236 0.6281, 0.2535 -1.0236 0.6225, 0.2542 -1.0236 0.6249, 0.2542 -1.0236 0.6249
            ]
        }
        coordIndex [
            0,1,2,-1,2,1,3,-1,4,5,0,-1,0,5,6,-1,0,6,1,-1,1,6,7,-1,4,8,5,-1,5,8,9,-1,5,9,10,-1,10,9,11,-1,10,11,12,-1,12,13,10,-1,10,13,2,-1,10,2,14,-1,14,2,3,-1,14,3,15,-1,10,14,16,-1,16,14,17,-1,5,10,18,-1,18,10,16,-1,19,6,20,-1,20,6,5,-1,20,5,18,-1,7,6,21,-1,21,6,19,-1,1,7,22,-1,22,7,21,-1,23,3,24,-1,24,3,1,-1,24,1,22,-1,15,3,25,-1,25,3,23,-1,14,15,17,-1,17,15,25,-1,0,2,26,-1,26,2,27,-1,2,13,27,-1,27,13,28,-1,11,29,30,-1,11,30,12,-1,12,30,28,-1,12,28,13,-1,11,9,29,-1,29,9,31,-1,4,32,33,-1,4,33,8,-1,8,33,31,-1,8,31,9,-1,4,0,32,-1,32,0,26,-1,
        ]
    }
}
Shape{
    appearance Appearance {
        material  Material 	{
            diffuseColor 1.0 0.9490196078431372 0.8431372549019608
            specularColor 0.5019607843137255 0.4745098039215686 0.4235294117647059
            ambientIntensity 0.2
            transparency 0
            shininess 0.5
        }
    }
    geometry IndexedFaceSet {
        ccw TRUE
        solid FALSE
        coord DEF co Coordinate {
            point [
                0.2551 -1.0236 0.6281, 0.2548 -1.0236 0.6281, 0.2557 -1.0236 0.6247, 0.2542 -1.0236 0.6249, 0.2563 -1.0236 0.6225, 0.2535 -1.0236 0.6225, 0.2684 -1.0236 0.5892, 0.2416 -1.0236 0.5892, 0.2416 -1.0236 0.5892
            ]
        }
        coordIndex [
            0,1,2,-1,2,1,3,-1,2,3,4,-1,4,3,5,-1,4,5,6,-1,6,5,7,-1,
        ]
    }
}
Shape{
    appearance Appearance {
        material  Material 	{
            diffuseColor 0.0 0.0 0.0
            specularColor 0.0 0.0 0.0
            ambientIntensity 0.2
            transparency 0
            shininess 0.5
        }
    }
    geometry IndexedFaceSet {
        ccw TRUE
        solid FALSE
        coord DEF co Coordinate {
            point [
                0.0129 -1.0276 0.4404, 0.0129 -1.0276 0.4313, 0.0129 -1.0236 0.4404, 0.0129 -1.0236 0.4313, -0.0198 -1.0276 0.4404, -0.0198 -1.0236 0.4404, -0.0198 -1.0276 0.4673, -0.0198 -1.0236 0.4673, 0.0088 -1.0276 0.4673, 0.0088 -1.0236 0.4673, 0.0088 -1.0276 0.4765, 0.0088 -1.0236 0.4765, -0.0198 -1.0276 0.4765, -0.0198 -1.0236 0.4765, -0.0198 -1.0276 0.5021, -0.0198 -1.0236 0.5021, 0.0111 -1.0276 0.5021, 0.0111 -1.0236 0.5021, 0.0111 -1.0276 0.5113, 0.0111 -1.0236 0.5113, -0.0301 -1.0276 0.5113, -0.0301 -1.0236 0.5113, -0.0301 -1.0276 0.4313, -0.0301 -1.0236 0.4313, 0.0582 -1.0276 0.4401, 0.0585 -1.0276 0.4401, 0.0578 -1.0276 0.4493, 0.0585 -1.0276 0.4538, 0.0685 -1.0276 0.4681, 0.0585 -1.0276 0.4545, 0.0585 -1.0276 0.46, 0.0585 -1.0276 0.4313, 0.0685 -1.0276 0.4313, 0.0328 -1.0276 0.449, 0.0333 -1.0276 0.4513, 0.0246 -1.0276 0.4557, 0.0563 -1.0276 0.4458, 0.0542 -1.0276 0.4428, 0.0566 -1.0276 0.4377, 0.0529 -1.0276 0.4416, 0.0534 -1.0276 0.4343, 0.0501 -1.0276 0.4397, 0.0499 -1.0276 0.432, 0.047 -1.0276 0.4386, 0.0459 -1.0276 0.4305, 0.0433 -1.0276 0.4381, 0.0407 -1.0276 0.4299, 0.0399 -1.0276 0.4385, 0.0347 -1.0276 0.4306, 0.0376 -1.0276 0.4394, 0.0308 -1.0276 0.4321, 0.0356 -1.0276 0.4407, 0.0275 -1.0276 0.4344, 0.0348 -1.0276 0.4416, 0.0266 -1.0276 0.4585, 0.0342 -1.0276 0.4532, 0.0297 -1.0276 0.4612, 0.0354 -1.0276 0.4546, 0.034 -1.0276 0.4634, 0.0366 -1.0276 0.4556, 0.039 -1.0276 0.4567, 0.0415 -1.0276 0.4652, 0.0451 -1.0276 0.4582, 0.0585 -1.0276 0.4676, 0.0232 -1.0276 0.4521, 0.0226 -1.0276 0.4478, 0.0327 -1.0276 0.4474, 0.0225 -1.0276 0.4466, 0.033 -1.0276 0.4451, 0.023 -1.0276 0.442, 0.0336 -1.0276 0.4433, 0.0243 -1.0276 0.4386, 0.0263 -1.0276 0.4355, 0.0281 -1.0276 0.4844, 0.0281 -1.0276 0.4747, 0.0302 -1.0276 0.4857, 0.0343 -1.0276 0.4787, 0.0377 -1.0276 0.4885, 0.0406 -1.0276 0.4809, 0.0478 -1.0276 0.4898, 0.0469 -1.0276 0.4816, 0.0538 -1.0276 0.4892, 0.0503 -1.0276 0.4813, 0.058 -1.0276 0.488, 0.0526 -1.0276 0.4804, 0.0614 -1.0276 0.4861, 0.0544 -1.0276 0.4793, 0.0641 -1.0276 0.4835, 0.0559 -1.0276 0.4777, 0.0661 -1.0276 0.4803, 0.0571 -1.0276 0.4756, 0.0677 -1.0276 0.4757, 0.0581 -1.0276 0.472, 0.0478 -1.0236 0.4898, 0.0377 -1.0236 0.4885, 0.0302 -1.0236 0.4857, 0.0281 -1.0236 0.4844, 0.0281 -1.0236 0.4747, 0.0343 -1.0236 0.4787, 0.0406 -1.0236 0.4809, 0.0469 -1.0236 0.4816, 0.0503 -1.0236 0.4813, 0.0526 -1.0236 0.4804, 0.0544 -1.0236 0.4793, 0.0559 -1.0236 0.4777, 0.0571 -1.0236 0.4756, 0.0581 -1.0236 0.472, 0.0585 -1.0236 0.4676, 0.0415 -1.0236 0.4652, 0.034 -1.0236 0.4634, 0.0297 -1.0236 0.4612, 0.0266 -1.0236 0.4585, 0.0246 -1.0236 0.4557, 0.0232 -1.0236 0.4521, 0.0226 -1.0236 0.4478, 0.0225 -1.0236 0.4466, 0.023 -1.0236 0.442, 0.0243 -1.0236 0.4386, 0.0263 -1.0236 0.4355, 0.0275 -1.0236 0.4344, 0.0407 -1.0236 0.4299, 0.0349 -1.0236 0.4306, 0.0347 -1.0236 0.4306, 0.0308 -1.0236 0.4321, 0.0459 -1.0236 0.4305, 0.0461 -1.0236 0.4306, 0.0499 -1.0236 0.432, 0.0534 -1.0236 0.4343, 0.0566 -1.0236 0.4377, 0.0582 -1.0236 0.4401, 0.0585 -1.0236 0.4401, 0.0585 -1.0236 0.4313, 0.0685 -1.0236 0.4313, 0.0685 -1.0236 0.4681, 0.0677 -1.0236 0.4757, 0.0661 -1.0236 0.4803, 0.0641 -1.0236 0.4835, 0.0614 -1.0236 0.4861, 0.058 -1.0236 0.488, 0.0538 -1.0236 0.4892, 0.0354 -1.0236 0.4546, 0.0366 -1.0236 0.4556, 0.039 -1.0236 0.4567, 0.0451 -1.0236 0.4582, 0.0327 -1.0236 0.4474, 0.0328 -1.0236 0.449, 0.0333 -1.0236 0.4513, 0.0342 -1.0236 0.4532, 0.0356 -1.0236 0.4407, 0.0348 -1.0236 0.4416, 0.0336 -1.0236 0.4433, 0.033 -1.0236 0.4451, 0.0433 -1.0236 0.4381, 0.0399 -1.0236 0.4385, 0.0376 -1.0236 0.4394, 0.0542 -1.0236 0.4428, 0.0529 -1.0236 0.4416, 0.0501 -1.0236 0.4397, 0.047 -1.0236 0.4386, 0.0585 -1.0236 0.4545, 0.0585 -1.0236 0.4538, 0.0578 -1.0236 0.4493, 0.0563 -1.0236 0.4458, 0.0585 -1.0236 0.46, 0.0585 -1.0236 0.46
            ]
        }
        coordIndex [
            0,1,2,-1,2,1,3,-1,4,0,5,-1,5,0,2,-1,6,4,7,-1,7,4,5,-1,8,6,9,-1,9,6,7,-1,10,8,11,-1,11,8,9,-1,12,10,13,-1,13,10,11,-1,14,12,15,-1,15,12,13,-1,16,14,17,-1,17,14,15,-1,18,16,19,-1,19,16,17,-1,20,18,21,-1,21,18,19,-1,22,20,23,-1,23,20,21,-1,1,22,3,-1,3,22,23,-1,22,1,0,-1,0,4,22,-1,22,4,6,-1,22,6,20,-1,16,18,14,-1,14,18,20,-1,14,20,12,-1,12,20,6,-1,12,6,10,-1,10,6,8,-1,24,25,26,-1,27,28,29,-1,29,28,30,-1,31,32,25,-1,25,32,28,-1,25,28,26,-1,26,28,27,-1,33,34,35,-1,26,36,24,-1,24,36,37,-1,24,37,38,-1,38,37,39,-1,38,39,40,-1,40,39,41,-1,40,41,42,-1,42,41,43,-1,42,43,44,-1,44,43,45,-1,44,45,46,-1,46,45,47,-1,46,47,48,-1,48,47,49,-1,48,49,50,-1,50,49,51,-1,50,51,52,-1,52,51,53,-1,35,34,54,-1,54,34,55,-1,54,55,56,-1,56,55,57,-1,56,57,58,-1,57,59,58,-1,58,59,60,-1,58,60,61,-1,61,60,62,-1,61,62,63,-1,35,64,33,-1,33,64,65,-1,33,65,66,-1,66,65,67,-1,66,67,68,-1,68,67,69,-1,68,69,70,-1,70,69,71,-1,70,71,53,-1,53,71,72,-1,53,72,52,-1,73,74,75,-1,75,74,76,-1,75,76,77,-1,77,76,78,-1,77,78,79,-1,79,78,80,-1,79,80,81,-1,81,80,82,-1,81,82,83,-1,83,82,84,-1,83,84,85,-1,85,84,86,-1,85,86,87,-1,87,86,88,-1,87,88,89,-1,89,88,90,-1,89,90,91,-1,91,90,92,-1,91,92,28,-1,28,92,63,-1,28,63,30,-1,30,63,62,-1,79,93,94,-1,79,94,77,-1,77,94,95,-1,77,95,75,-1,75,95,96,-1,75,96,73,-1,74,73,97,-1,97,73,96,-1,74,97,98,-1,74,98,76,-1,76,98,99,-1,76,99,78,-1,78,99,100,-1,78,100,80,-1,80,100,101,-1,80,101,82,-1,82,101,102,-1,82,102,84,-1,84,102,103,-1,84,103,86,-1,86,103,104,-1,86,104,88,-1,88,104,105,-1,88,105,90,-1,90,105,106,-1,90,106,92,-1,92,106,107,-1,92,107,63,-1,61,63,108,-1,108,63,107,-1,61,108,109,-1,61,109,58,-1,58,109,110,-1,58,110,56,-1,56,110,111,-1,56,111,54,-1,54,111,112,-1,54,112,35,-1,35,112,113,-1,35,113,64,-1,64,113,114,-1,64,114,65,-1,65,114,115,-1,65,115,67,-1,67,115,116,-1,67,116,69,-1,69,116,117,-1,69,117,71,-1,71,117,118,-1,71,118,72,-1,72,118,119,-1,72,119,52,-1,120,46,121,-1,121,46,48,-1,121,48,122,-1,122,48,50,-1,122,50,123,-1,123,50,52,-1,123,52,119,-1,46,120,124,-1,46,124,44,-1,44,124,125,-1,44,125,42,-1,125,126,42,-1,42,126,127,-1,42,127,40,-1,40,127,128,-1,40,128,38,-1,38,128,129,-1,38,129,24,-1,25,24,130,-1,130,24,129,-1,31,25,131,-1,131,25,130,-1,32,31,132,-1,132,31,131,-1,28,32,133,-1,133,32,132,-1,28,133,134,-1,28,134,91,-1,91,134,135,-1,91,135,89,-1,89,135,136,-1,89,136,87,-1,87,136,137,-1,87,137,85,-1,85,137,138,-1,85,138,83,-1,83,138,139,-1,83,139,81,-1,81,139,93,-1,81,93,79,-1,57,140,141,-1,57,141,59,-1,59,141,142,-1,59,142,60,-1,60,142,143,-1,60,143,62,-1,66,144,145,-1,66,145,33,-1,33,145,146,-1,33,146,34,-1,34,146,147,-1,34,147,55,-1,55,147,140,-1,55,140,57,-1,51,148,149,-1,51,149,53,-1,53,149,150,-1,53,150,70,-1,70,150,151,-1,70,151,68,-1,68,151,144,-1,68,144,66,-1,45,152,153,-1,45,153,47,-1,47,153,154,-1,47,154,49,-1,49,154,148,-1,49,148,51,-1,37,155,156,-1,37,156,39,-1,39,156,157,-1,39,157,41,-1,41,157,158,-1,41,158,43,-1,43,158,152,-1,43,152,45,-1,29,159,160,-1,29,160,27,-1,27,160,161,-1,27,161,26,-1,26,161,162,-1,26,162,36,-1,36,162,155,-1,36,155,37,-1,29,30,159,-1,159,30,163,-1,30,62,163,-1,163,62,143,-1,
        ]
    }
}
Shape{
    appearance Appearance {
        material  Material 	{
            diffuseColor 1.0 0.9490196078431372 0.8431372549019608
            specularColor 0.5019607843137255 0.4745098039215686 0.4235294117647059
            ambientIntensity 0.2
            transparency 0
            shininess 0.5
        }
    }
    geometry IndexedFaceSet {
        ccw TRUE
        solid FALSE
        coord DEF co Coordinate {
            point [
                0.0585 -1.0236 0.4538, 0.0585 -1.0236 0.4545, 0.0354 -1.0236 0.4546, 0.0585 -1.0236 0.46, 0.0451 -1.0236 0.4582, 0.039 -1.0236 0.4567, 0.0366 -1.0236 0.4556, 0.0578 -1.0236 0.4493, 0.0342 -1.0236 0.4532, 0.0563 -1.0236 0.4458, 0.0348 -1.0236 0.4416, 0.0356 -1.0236 0.4407, 0.0529 -1.0236 0.4416, 0.0336 -1.0236 0.4433, 0.0501 -1.0236 0.4397, 0.047 -1.0236 0.4386, 0.0433 -1.0236 0.4381, 0.0333 -1.0236 0.4513, 0.0328 -1.0236 0.449, 0.0542 -1.0236 0.4428, 0.0327 -1.0236 0.4474, 0.033 -1.0236 0.4451, 0.0376 -1.0236 0.4394, 0.0399 -1.0236 0.4385, 0.0399 -1.0236 0.4385
            ]
        }
        coordIndex [
            0,1,2,-1,1,3,4,-1,4,5,1,-1,1,5,6,-1,1,6,2,-1,0,2,7,-1,7,2,8,-1,7,8,9,-1,10,11,12,-1,10,12,13,-1,14,12,15,-1,15,12,16,-1,8,17,9,-1,9,17,18,-1,9,18,19,-1,19,18,20,-1,19,20,12,-1,12,20,21,-1,12,21,13,-1,11,22,12,-1,12,22,23,-1,12,23,16,-1,
        ]
    }
}
Shape{
    appearance Appearance {
        material  Material 	{
            diffuseColor 0.0 0.0 0.0
            specularColor 0.0 0.0 0.0
            ambientIntensity 0.2
            transparency 0
            shininess 0.5
        }
    }
    geometry IndexedFaceSet {
        ccw TRUE
        solid FALSE
        coord DEF co Coordinate {
            point [
                0.0821 -1.0236 0.4436, 0.0821 -1.0276 0.4436, 0.0858 -1.0276 0.4413, 0.0986 -1.0276 0.4381, 0.0986 -1.0236 0.4381, 0.0921 -1.0236 0.4389, 0.0921 -1.0276 0.4389, 0.0867 -1.0236 0.4409, 0.0858 -1.0236 0.4413, 0.0821 -1.0276 0.4333, 0.0821 -1.0236 0.4333, 0.0867 -1.0236 0.4316, 0.0885 -1.0276 0.4309, 0.0976 -1.0236 0.4299, 0.0976 -1.0276 0.4299, 0.0916 -1.0236 0.4306, 0.0885 -1.0236 0.4309, 0.1043 -1.0236 0.4306, 0.1055 -1.0276 0.4307, 0.1055 -1.0236 0.4307, 0.111 -1.0236 0.4326, 0.111 -1.0276 0.4326, 0.1143 -1.0236 0.4345, 0.1143 -1.0276 0.4345, 0.1171 -1.0236 0.437, 0.1171 -1.0276 0.437, 0.119 -1.0236 0.4396, 0.119 -1.0276 0.4396, 0.1202 -1.0236 0.4428, 0.1202 -1.0276 0.4428, 0.1207 -1.0236 0.4468, 0.1207 -1.0276 0.4468, 0.1203 -1.0236 0.4506, 0.1203 -1.0276 0.4506, 0.1192 -1.0236 0.4535, 0.1192 -1.0276 0.4535, 0.1173 -1.0236 0.4563, 0.1173 -1.0276 0.4563, 0.115 -1.0236 0.4584, 0.115 -1.0276 0.4584, 0.1083 -1.0236 0.4621, 0.1083 -1.0276 0.4621, 0.1044 -1.0236 0.4637, 0.1044 -1.0276 0.4637, 0.0982 -1.0236 0.4664, 0.0982 -1.0276 0.4664, 0.0947 -1.0236 0.4686, 0.0947 -1.0276 0.4686, 0.0937 -1.0236 0.4697, 0.0937 -1.0276 0.4697, 0.093 -1.0236 0.471, 0.093 -1.0276 0.471, 0.0926 -1.0236 0.4726, 0.0926 -1.0276 0.4726, 0.0925 -1.0236 0.4739, 0.0925 -1.0276 0.4739, 0.0927 -1.0236 0.4755, 0.0927 -1.0276 0.4755, 0.0932 -1.0236 0.4769, 0.0932 -1.0276 0.4769, 0.094 -1.0236 0.4781, 0.094 -1.0276 0.4781, 0.0955 -1.0236 0.4795, 0.0955 -1.0276 0.4795, 0.0978 -1.0236 0.4807, 0.0978 -1.0276 0.4807, 0.1005 -1.0236 0.4814, 0.1005 -1.0276 0.4814, 0.1034 -1.0236 0.4816, 0.1034 -1.0276 0.4816, 0.1101 -1.0236 0.4808, 0.1101 -1.0276 0.4808, 0.1158 -1.0236 0.4787, 0.1158 -1.0276 0.4787, 0.118 -1.0236 0.4775, 0.118 -1.0276 0.4775, 0.118 -1.0276 0.4872, 0.118 -1.0236 0.4872, 0.1112 -1.0236 0.4892, 0.1112 -1.0276 0.4892, 0.1044 -1.0236 0.4898, 0.1044 -1.0276 0.4898, 0.0971 -1.0236 0.489, 0.0971 -1.0276 0.489, 0.0916 -1.0236 0.487, 0.0916 -1.0276 0.487, 0.0886 -1.0236 0.4852, 0.0886 -1.0276 0.4852, 0.0867 -1.0236 0.4836, 0.0856 -1.0276 0.4825, 0.0856 -1.0236 0.4825, 0.0837 -1.0236 0.4798, 0.0837 -1.0276 0.4798, 0.0825 -1.0236 0.4766, 0.0825 -1.0276 0.4766, 0.0821 -1.0236 0.473, 0.0821 -1.0276 0.473, 0.0826 -1.0236 0.4691, 0.0826 -1.0276 0.4691, 0.0837 -1.0236 0.4661, 0.0837 -1.0276 0.4661, 0.085 -1.0236 0.464, 0.085 -1.0276 0.464, 0.0973 -1.0236 0.4564, 0.0973 -1.0276 0.4564, 0.0914 -1.0276 0.4591, 0.0866 -1.0236 0.4623, 0.0866 -1.0276 0.4623, 0.0867 -1.0236 0.4622, 0.0914 -1.0236 0.4591, 0.1039 -1.0236 0.4536, 0.1039 -1.0276 0.4536, 0.1078 -1.0236 0.4513, 0.1078 -1.0276 0.4513, 0.1091 -1.0236 0.45, 0.1091 -1.0276 0.45, 0.1099 -1.0236 0.4486, 0.1099 -1.0276 0.4486, 0.1103 -1.0236 0.4471, 0.1103 -1.0276 0.4471, 0.1104 -1.0236 0.4458, 0.1104 -1.0276 0.4458, 0.1102 -1.0236 0.4439, 0.1102 -1.0276 0.4439, 0.1097 -1.0236 0.4425, 0.1097 -1.0276 0.4425, 0.1088 -1.0236 0.4412, 0.1088 -1.0276 0.4412, 0.1077 -1.0236 0.4402, 0.1077 -1.0276 0.4402, 0.1067 -1.0236 0.4396, 0.1067 -1.0276 0.4396, 0.1042 -1.0236 0.4387, 0.1042 -1.0276 0.4387, 0.099 -1.0236 0.4381, 0.099 -1.0276 0.4381, 0.1704 -1.0276 0.4884, 0.1808 -1.0276 0.4884, 0.1704 -1.0236 0.4884, 0.1808 -1.0236 0.4884, 0.1548 -1.0276 0.4454, 0.1548 -1.0236 0.4454, 0.154 -1.0236 0.4427, 0.154 -1.0276 0.4427, 0.1536 -1.0236 0.4408, 0.1536 -1.0276 0.4408, 0.1533 -1.0276 0.4408, 0.1533 -1.0236 0.4408, 0.1521 -1.0276 0.4455, 0.1521 -1.0236 0.4455, 0.1371 -1.0236 0.4884, 0.1371 -1.0276 0.4884, 0.142 -1.0236 0.4745, 0.1259 -1.0276 0.4884, 0.1259 -1.0236 0.4884, 0.1484 -1.0236 0.4314, 0.1484 -1.0276 0.4314, 0.142 -1.0236 0.4476, 0.144 -1.0236 0.421, 0.144 -1.0276 0.421, 0.148 -1.0236 0.4306, 0.142 -1.0236 0.4174, 0.142 -1.0276 0.4174, 0.1401 -1.0236 0.4153, 0.1401 -1.0276 0.4153, 0.1383 -1.0236 0.414, 0.1383 -1.0276 0.414, 0.1361 -1.0236 0.4132, 0.1361 -1.0276 0.4132, 0.1337 -1.0236 0.4129, 0.1337 -1.0276 0.4129, 0.13 -1.0236 0.4134, 0.13 -1.0276 0.4134, 0.128 -1.0236 0.4141, 0.128 -1.0276 0.4141, 0.128 -1.0276 0.4051, 0.128 -1.0236 0.4051, 0.1322 -1.0236 0.4044, 0.1322 -1.0276 0.4044, 0.1345 -1.0236 0.4043, 0.1345 -1.0276 0.4043, 0.1385 -1.0236 0.4048, 0.1385 -1.0276 0.4048, 0.142 -1.0236 0.4061, 0.1425 -1.0276 0.4063, 0.1425 -1.0236 0.4063, 0.146 -1.0236 0.4087, 0.146 -1.0276 0.4087, 0.1467 -1.0236 0.4094, 0.1467 -1.0276 0.4094, 0.1503 -1.0236 0.4138, 0.1503 -1.0276 0.4138, 0.1549 -1.0236 0.4226, 0.1549 -1.0276 0.4226, 0.158 -1.0236 0.4306, 0.2347 -1.0276 0.4404, 0.2347 -1.0276 0.4313, 0.2347 -1.0236 0.4404, 0.2347 -1.0236 0.4313, 0.202 -1.0236 0.4404, 0.202 -1.0276 0.4404, 0.217 -1.0236 0.4404, 0.202 -1.0276 0.4673, 0.202 -1.0236 0.4673, 0.2306 -1.0236 0.4673, 0.2306 -1.0276 0.4673, 0.217 -1.0236 0.4673, 0.2306 -1.0276 0.4765, 0.2306 -1.0236 0.4765, 0.202 -1.0236 0.4765, 0.202 -1.0276 0.4765, 0.217 -1.0236 0.4765, 0.202 -1.0276 0.5021, 0.202 -1.0236 0.5021, 0.2329 -1.0236 0.5021, 0.2329 -1.0276 0.5021, 0.217 -1.0236 0.5021, 0.2329 -1.0276 0.5113, 0.2329 -1.0236 0.5113, 0.1916 -1.0236 0.5113, 0.1916 -1.0276 0.5113, 0.217 -1.0236 0.5113, 0.1916 -1.0276 0.4313, 0.1916 -1.0236 0.4313, 0.217 -1.0236 0.4313, 0.2995 -1.0276 0.4536, 0.2956 -1.0276 0.4487, 0.3029 -1.0276 0.4425, 0.2946 -1.0276 0.4478, 0.2945 -1.0276 0.4365, 0.2894 -1.0276 0.4443, 0.2854 -1.0276 0.4329, 0.2828 -1.0276 0.4417, 0.2718 -1.0276 0.4313, 0.2718 -1.0276 0.4404, 0.2498 -1.0276 0.4313, 0.2601 -1.0276 0.4404, 0.2498 -1.0276 0.5113, 0.2601 -1.0276 0.5021, 0.2727 -1.0276 0.5113, 0.2722 -1.0276 0.5021, 0.2849 -1.0276 0.51, 0.283 -1.0276 0.5009, 0.2945 -1.0276 0.5065, 0.2899 -1.0276 0.4983, 0.3029 -1.0276 0.5007, 0.2954 -1.0276 0.4946, 0.3058 -1.0276 0.4979, 0.2976 -1.0276 0.4923, 0.3107 -1.0276 0.4909, 0.3007 -1.0276 0.4878, 0.3137 -1.0276 0.4833, 0.303 -1.0276 0.482, 0.315 -1.0276 0.4723, 0.3041 -1.0276 0.472, 0.3148 -1.0276 0.4672, 0.3039 -1.0276 0.4669, 0.3128 -1.0276 0.4578, 0.3023 -1.0276 0.4596, 0.3089 -1.0276 0.4496, 0.2718 -1.0236 0.4313, 0.2498 -1.0236 0.4313, 0.2854 -1.0236 0.4329, 0.2945 -1.0236 0.4365, 0.3029 -1.0236 0.4425, 0.3089 -1.0236 0.4496, 0.3128 -1.0236 0.4578, 0.3148 -1.0236 0.4672, 0.315 -1.0236 0.4723, 0.3137 -1.0236 0.4833, 0.3107 -1.0236 0.4909, 0.3058 -1.0236 0.4979, 0.3029 -1.0236 0.5007, 0.2945 -1.0236 0.5065, 0.2849 -1.0236 0.51, 0.2727 -1.0236 0.5113, 0.2498 -1.0236 0.5113, 0.2722 -1.0236 0.5021, 0.2601 -1.0236 0.5021, 0.2601 -1.0236 0.4404, 0.2718 -1.0236 0.4404, 0.2956 -1.0236 0.4487, 0.2946 -1.0236 0.4478, 0.2894 -1.0236 0.4443, 0.2828 -1.0236 0.4417, 0.3041 -1.0236 0.472, 0.3039 -1.0236 0.4669, 0.3023 -1.0236 0.4596, 0.2995 -1.0236 0.4536, 0.2954 -1.0236 0.4946, 0.2976 -1.0236 0.4923, 0.3007 -1.0236 0.4878, 0.303 -1.0236 0.482, 0.283 -1.0236 0.5009, 0.2899 -1.0236 0.4983, 0.2899 -1.0236 0.4983
            ]
        }
        coordIndex [
            0,1,2,-1,3,4,5,-1,3,5,6,-1,6,5,7,-1,6,7,2,-1,2,7,8,-1,2,8,0,-1,9,1,10,-1,10,1,0,-1,10,11,9,-1,9,11,12,-1,13,14,15,-1,15,14,12,-1,15,12,16,-1,16,12,11,-1,13,17,14,-1,14,17,18,-1,17,19,18,-1,18,19,20,-1,18,20,21,-1,21,20,22,-1,21,22,23,-1,23,22,24,-1,23,24,25,-1,25,24,26,-1,25,26,27,-1,27,26,28,-1,27,28,29,-1,29,28,30,-1,29,30,31,-1,31,30,32,-1,31,32,33,-1,33,32,34,-1,33,34,35,-1,35,34,36,-1,35,36,37,-1,37,36,38,-1,37,38,39,-1,39,38,40,-1,39,40,41,-1,41,40,42,-1,41,42,43,-1,43,42,44,-1,43,44,45,-1,45,44,46,-1,45,46,47,-1,47,46,48,-1,47,48,49,-1,49,48,50,-1,49,50,51,-1,51,50,52,-1,51,52,53,-1,53,52,54,-1,53,54,55,-1,55,54,56,-1,55,56,57,-1,57,56,58,-1,57,58,59,-1,59,58,60,-1,59,60,61,-1,61,60,62,-1,61,62,63,-1,63,62,64,-1,63,64,65,-1,65,64,66,-1,65,66,67,-1,67,66,68,-1,67,68,69,-1,69,68,70,-1,69,70,71,-1,71,70,72,-1,71,72,73,-1,73,72,74,-1,73,74,75,-1,76,75,77,-1,77,75,74,-1,76,77,78,-1,76,78,79,-1,79,78,80,-1,79,80,81,-1,81,80,82,-1,81,82,83,-1,83,82,84,-1,83,84,85,-1,85,84,86,-1,85,86,87,-1,86,88,87,-1,87,88,89,-1,88,90,89,-1,89,90,91,-1,89,91,92,-1,92,91,93,-1,92,93,94,-1,94,93,95,-1,94,95,96,-1,96,95,97,-1,96,97,98,-1,98,97,99,-1,98,99,100,-1,100,99,101,-1,100,101,102,-1,103,104,105,-1,102,101,106,-1,102,106,107,-1,107,106,108,-1,107,108,105,-1,105,108,109,-1,105,109,103,-1,104,103,110,-1,104,110,111,-1,111,110,112,-1,111,112,113,-1,113,112,114,-1,113,114,115,-1,115,114,116,-1,115,116,117,-1,117,116,118,-1,117,118,119,-1,119,118,120,-1,119,120,121,-1,121,120,122,-1,121,122,123,-1,123,122,124,-1,123,124,125,-1,125,124,126,-1,125,126,127,-1,127,126,128,-1,127,128,129,-1,129,128,130,-1,129,130,131,-1,131,130,132,-1,131,132,133,-1,133,132,134,-1,133,134,135,-1,135,134,4,-1,135,4,3,-1,61,63,85,-1,85,63,83,-1,111,43,104,-1,104,43,45,-1,21,23,127,-1,127,23,25,-1,127,25,125,-1,125,25,27,-1,125,27,123,-1,123,27,29,-1,123,29,121,-1,121,29,31,-1,121,31,119,-1,119,31,33,-1,119,33,117,-1,117,33,35,-1,117,35,115,-1,115,35,37,-1,115,37,113,-1,113,37,39,-1,113,39,111,-1,111,39,41,-1,111,41,43,-1,14,3,12,-1,12,3,6,-1,12,6,9,-1,9,6,2,-1,9,2,1,-1,63,65,83,-1,83,65,67,-1,83,67,81,-1,81,67,69,-1,81,69,79,-1,79,69,71,-1,79,71,76,-1,76,71,73,-1,76,73,75,-1,127,129,21,-1,21,129,131,-1,21,131,18,-1,18,131,133,-1,18,133,14,-1,14,133,135,-1,14,135,3,-1,85,87,61,-1,61,87,89,-1,61,89,59,-1,59,89,92,-1,59,92,57,-1,57,92,94,-1,57,94,55,-1,55,94,96,-1,55,96,53,-1,53,96,98,-1,53,98,51,-1,51,98,100,-1,51,100,49,-1,49,100,102,-1,49,102,47,-1,47,102,107,-1,47,107,45,-1,45,107,105,-1,45,105,104,-1,136,137,138,-1,138,137,139,-1,140,136,141,-1,141,136,138,-1,140,141,142,-1,140,142,143,-1,143,142,144,-1,143,144,145,-1,146,145,147,-1,147,145,144,-1,148,146,149,-1,149,146,147,-1,150,151,152,-1,152,151,148,-1,152,148,149,-1,153,151,154,-1,154,151,150,-1,155,156,157,-1,157,156,153,-1,157,153,154,-1,158,159,160,-1,160,159,156,-1,160,156,155,-1,159,158,161,-1,159,161,162,-1,162,161,163,-1,162,163,164,-1,164,163,165,-1,164,165,166,-1,166,165,167,-1,166,167,168,-1,168,167,169,-1,168,169,170,-1,170,169,171,-1,170,171,172,-1,172,171,173,-1,172,173,174,-1,175,174,176,-1,176,174,173,-1,175,176,177,-1,175,177,178,-1,178,177,179,-1,178,179,180,-1,180,179,181,-1,180,181,182,-1,182,181,183,-1,182,183,184,-1,183,185,184,-1,184,185,186,-1,184,186,187,-1,187,186,188,-1,187,188,189,-1,189,188,190,-1,189,190,191,-1,191,190,192,-1,191,192,193,-1,139,137,194,-1,194,137,193,-1,194,193,192,-1,143,145,193,-1,137,136,193,-1,193,136,140,-1,193,140,143,-1,151,153,148,-1,148,153,156,-1,148,156,146,-1,174,175,172,-1,172,175,178,-1,172,178,170,-1,170,178,180,-1,170,180,168,-1,168,180,182,-1,168,182,166,-1,166,182,184,-1,166,184,164,-1,191,162,189,-1,189,162,164,-1,189,164,187,-1,187,164,184,-1,145,146,193,-1,193,146,156,-1,193,156,191,-1,191,156,159,-1,191,159,162,-1,195,196,197,-1,197,196,198,-1,199,200,201,-1,201,200,195,-1,201,195,197,-1,202,200,203,-1,203,200,199,-1,204,205,206,-1,206,205,202,-1,206,202,203,-1,207,205,208,-1,208,205,204,-1,209,210,211,-1,211,210,207,-1,211,207,208,-1,212,210,213,-1,213,210,209,-1,214,215,216,-1,216,215,212,-1,216,212,213,-1,217,215,218,-1,218,215,214,-1,219,220,221,-1,221,220,217,-1,221,217,218,-1,222,220,223,-1,223,220,219,-1,198,196,224,-1,224,196,222,-1,224,222,223,-1,222,196,195,-1,195,200,222,-1,222,200,202,-1,222,202,220,-1,215,217,212,-1,212,217,220,-1,212,220,210,-1,210,220,202,-1,210,202,207,-1,207,202,205,-1,225,226,227,-1,227,226,228,-1,227,228,229,-1,229,228,230,-1,229,230,231,-1,231,230,232,-1,231,232,233,-1,233,232,234,-1,233,234,235,-1,235,234,236,-1,235,236,237,-1,237,236,238,-1,237,238,239,-1,239,238,240,-1,239,240,241,-1,241,240,242,-1,241,242,243,-1,243,242,244,-1,243,244,245,-1,245,244,246,-1,245,246,247,-1,247,246,248,-1,247,248,249,-1,249,248,250,-1,249,250,251,-1,251,250,252,-1,251,252,253,-1,253,252,254,-1,253,254,255,-1,255,254,256,-1,255,256,257,-1,257,256,258,-1,257,258,259,-1,259,258,225,-1,259,225,227,-1,233,235,260,-1,260,235,261,-1,233,260,262,-1,233,262,231,-1,231,262,263,-1,231,263,229,-1,229,263,264,-1,229,264,227,-1,227,264,265,-1,227,265,259,-1,259,265,266,-1,259,266,257,-1,257,266,267,-1,257,267,255,-1,255,267,268,-1,255,268,253,-1,253,268,269,-1,253,269,251,-1,251,269,270,-1,251,270,249,-1,249,270,271,-1,249,271,247,-1,247,271,272,-1,247,272,245,-1,245,272,273,-1,245,273,243,-1,243,273,274,-1,243,274,241,-1,241,274,275,-1,241,275,239,-1,237,239,276,-1,276,239,275,-1,235,237,261,-1,261,237,276,-1,240,238,277,-1,277,238,278,-1,238,236,278,-1,278,236,279,-1,236,234,279,-1,279,234,280,-1,226,281,282,-1,226,282,228,-1,228,282,283,-1,228,283,230,-1,230,283,284,-1,230,284,232,-1,232,284,280,-1,232,280,234,-1,254,285,286,-1,254,286,256,-1,256,286,287,-1,256,287,258,-1,258,287,288,-1,258,288,225,-1,225,288,281,-1,225,281,226,-1,246,289,290,-1,246,290,248,-1,248,290,291,-1,248,291,250,-1,250,291,292,-1,250,292,252,-1,252,292,285,-1,252,285,254,-1,240,277,293,-1,240,293,242,-1,242,293,294,-1,242,294,244,-1,244,294,289,-1,244,289,246,-1,
        ]
    }
}
Shape{
    appearance Appearance {
        material  Material 	{
            diffuseColor 1.0 0.9490196078431372 0.8431372549019608
            specularColor 0.5019607843137255 0.4745098039215686 0.4235294117647059
            ambientIntensity 0.2
            transparency 0
            shininess 0.5
        }
    }
    geometry IndexedFaceSet {
        ccw TRUE
        solid FALSE
        coord DEF co Coordinate {
            point [
                0.2601 -1.0236 0.5021, 0.2601 -1.0236 0.4404, 0.2722 -1.0236 0.5021, 0.2718 -1.0236 0.4404, 0.2828 -1.0236 0.4417, 0.2894 -1.0236 0.4443, 0.2946 -1.0236 0.4478, 0.2956 -1.0236 0.4487, 0.2995 -1.0236 0.4536, 0.3023 -1.0236 0.4596, 0.3041 -1.0236 0.472, 0.2954 -1.0236 0.4946, 0.2899 -1.0236 0.4983, 0.303 -1.0236 0.482, 0.3007 -1.0236 0.4878, 0.2976 -1.0236 0.4923, 0.3039 -1.0236 0.4669, 0.283 -1.0236 0.5009, 0.283 -1.0236 0.5009
            ]
        }
        coordIndex [
            0,1,2,-1,2,1,3,-1,3,4,2,-1,2,4,5,-1,2,5,6,-1,6,7,2,-1,2,7,8,-1,2,8,9,-1,10,11,12,-1,13,14,10,-1,10,14,15,-1,10,15,11,-1,9,16,2,-1,2,16,10,-1,2,10,17,-1,17,10,12,-1,
        ]
    }
}
Shape{
    appearance Appearance {
        material  Material 	{
            diffuseColor 0.0 0.0 0.0
            specularColor 0.0 0.0 0.0
            ambientIntensity 0.2
            transparency 0
            shininess 0.5
        }
    }
    geometry IndexedFaceSet {
        ccw TRUE
        solid FALSE
        coord DEF co Coordinate {
            point [
                0.3418 -1.0276 0.4622, 0.3386 -1.0276 0.4532, 0.3687 -1.0276 0.4622, 0.3719 -1.0276 0.4532, 0.3538 -1.0276 0.4955, 0.3499 -1.0276 0.5113, 0.3194 -1.0276 0.4313, 0.3309 -1.0276 0.4313, 0.3545 -1.0276 0.4979, 0.3551 -1.0276 0.5011, 0.361 -1.0276 0.5113, 0.3554 -1.0276 0.5011, 0.356 -1.0276 0.4977, 0.3566 -1.0276 0.4955, 0.3915 -1.0276 0.4313, 0.3801 -1.0276 0.4313, 0.361 -1.0236 0.5113, 0.3915 -1.0236 0.4313, 0.3499 -1.0236 0.5113, 0.3194 -1.0236 0.4313, 0.3309 -1.0236 0.4313, 0.3386 -1.0236 0.4532, 0.3719 -1.0236 0.4532, 0.3801 -1.0236 0.4313, 0.3418 -1.0236 0.4622, 0.3687 -1.0236 0.4622, 0.3566 -1.0236 0.4955, 0.3554 -1.0236 0.5011, 0.356 -1.0236 0.4977, 0.3551 -1.0236 0.5011, 0.3538 -1.0236 0.4955, 0.3545 -1.0236 0.4979, 0.3545 -1.0236 0.4979
            ]
        }
        coordIndex [
            0,1,2,-1,2,1,3,-1,4,5,0,-1,0,5,6,-1,0,6,1,-1,1,6,7,-1,4,8,5,-1,5,8,9,-1,5,9,10,-1,10,9,11,-1,10,11,12,-1,12,13,10,-1,10,13,2,-1,10,2,14,-1,14,2,3,-1,14,3,15,-1,10,14,16,-1,16,14,17,-1,5,10,18,-1,18,10,16,-1,6,5,19,-1,19,5,18,-1,7,6,20,-1,20,6,19,-1,1,7,21,-1,21,7,20,-1,3,1,22,-1,22,1,21,-1,15,3,23,-1,23,3,22,-1,14,15,17,-1,17,15,23,-1,0,2,24,-1,24,2,25,-1,2,13,25,-1,25,13,26,-1,11,27,28,-1,11,28,12,-1,12,28,26,-1,12,26,13,-1,11,9,27,-1,27,9,29,-1,4,30,31,-1,4,31,8,-1,8,31,29,-1,8,29,9,-1,4,0,30,-1,30,0,24,-1,
        ]
    }
}
Shape{
    appearance Appearance {
        material  Material 	{
            diffuseColor 1.0 0.9490196078431372 0.8431372549019608
            specularColor 0.5019607843137255 0.4745098039215686 0.4235294117647059
            ambientIntensity 0.2
            transparency 0
            shininess 0.5
        }
    }
    geometry IndexedFaceSet {
        ccw TRUE
        solid FALSE
        coord DEF co Coordinate {
            point [
                0.3554 -1.0236 0.5011, 0.3551 -1.0236 0.5011, 0.356 -1.0236 0.4977, 0.3545 -1.0236 0.4979, 0.3566 -1.0236 0.4955, 0.3538 -1.0236 0.4955, 0.3687 -1.0236 0.4622, 0.3418 -1.0236 0.4622, 0.3418 -1.0236 0.4622
            ]
        }
        coordIndex [
            0,1,2,-1,2,1,3,-1,2,3,4,-1,4,3,5,-1,4,5,6,-1,6,5,7,-1,
        ]
    }
}
Shape{
    appearance Appearance {
        material  Material 	{
            diffuseColor 0.0 0.0 0.0
            specularColor 0.0 0.0 0.0
            ambientIntensity 0.2
            transparency 0
            shininess 0.5
        }
    }
    geometry IndexedFaceSet {
        ccw TRUE
        solid FALSE
        coord DEF co Coordinate {
            point [
                -0.3988 -1.0276 0.5692, -0.3861 -1.0276 0.5759, -0.3891 -1.0276 0.611, -0.2888 -1.0276 0.4177, -0.2821 -1.0276 0.4303, -0.2788 -1.0276 0.4444, -0.3536 -1.0276 0.6126, -0.3359 -1.0276 0.571, -0.3272 -1.0276 0.589, -0.357 -1.0276 0.4428, -0.3581 -1.0276 0.4481, -0.3889 -1.0276 0.4703, -0.3895 -1.0276 0.4321, -0.3966 -1.0276 0.4343, -0.4013 -1.0276 0.4779, -0.3667 -1.0276 0.6137, -0.1987 -1.0276 0.4982, -0.2164 -1.0276 0.5283, -0.2784 -1.0276 0.456, -0.2927 -1.0276 0.4885, -0.2784 -1.0276 0.4503, -0.3089 -1.0276 0.4, -0.2975 -1.0276 0.4079, -0.3548 -1.0276 0.438, -0.3753 -1.0276 0.4095, -0.3837 -1.0276 0.4199, -0.18 -1.0276 0.5545, -0.1754 -1.0276 0.5545, -0.1521 -1.0276 0.5853, -0.1646 -1.0276 0.5532, -0.1493 -1.0276 0.5843, -0.1546 -1.0276 0.5494, -0.1323 -1.0276 0.5759, -0.1169 -1.0276 0.5629, -0.3419 -1.0276 0.6262, -0.3145 -1.0276 0.6043, -0.3285 -1.0276 0.6376, -0.2992 -1.0276 0.6154, -0.3135 -1.0276 0.6469, -0.3721 -1.0276 0.5793, -0.3661 -1.0276 0.5796, -0.3601 -1.0276 0.6134, -0.3527 -1.0276 0.5779, -0.34 -1.0276 0.5732, -0.3179 -1.0276 0.4369, -0.321 -1.0276 0.4334, -0.3253 -1.0276 0.4303, -0.3216 -1.0276 0.3951, -0.3303 -1.0276 0.4283, -0.3354 -1.0276 0.3934, -0.3359 -1.0276 0.4276, -0.3375 -1.0276 0.3935, -0.3369 -1.0276 0.4276, -0.351 -1.0276 0.3955, -0.342 -1.0276 0.4284, -0.3641 -1.0276 0.4011, -0.3472 -1.0276 0.4306, -0.3515 -1.0276 0.434, -0.3152 -1.0276 0.4576, -0.3139 -1.0276 0.4524, -0.3139 -1.0276 0.4473, -0.3152 -1.0276 0.4418, -0.1168 -1.0276 0.4566, -0.1433 -1.0276 0.4792, -0.1323 -1.0276 0.4435, -0.1517 -1.0276 0.4723, -0.1496 -1.0276 0.435, -0.1617 -1.0276 0.4677, -0.1686 -1.0276 0.431, -0.172 -1.0276 0.4657, -0.2022 -1.0276 0.431, -0.1976 -1.0276 0.4657, -0.2054 -1.0276 0.4315, -0.3578 -1.0276 0.4537, -0.3561 -1.0276 0.459, -0.3826 -1.0276 0.4825, -0.3532 -1.0276 0.4638, -0.3732 -1.0276 0.4933, -0.3509 -1.0276 0.4661, -0.3615 -1.0276 0.5013, -0.3465 -1.0276 0.4693, -0.349 -1.0276 0.5062, -0.3415 -1.0276 0.4713, -0.3354 -1.0276 0.5078, -0.3359 -1.0276 0.472, -0.3285 -1.0276 0.5074, -0.3311 -1.0276 0.4714, -0.3147 -1.0276 0.504, -0.3259 -1.0276 0.4695, -0.3026 -1.0276 0.4975, -0.3213 -1.0276 0.4664, -0.3176 -1.0276 0.4623, -0.1458 -1.0276 0.5432, -0.1393 -1.0276 0.5359, -0.1053 -1.0276 0.5467, -0.134 -1.0276 0.5261, -0.0983 -1.0276 0.5293, -0.1313 -1.0276 0.5151, -0.0957 -1.0276 0.5107, -0.131 -1.0276 0.5101, -0.0983 -1.0276 0.4904, -0.1324 -1.0276 0.499, -0.1055 -1.0276 0.4723, -0.1363 -1.0276 0.4889, -0.1426 -1.0276 0.48, -0.1828 -1.0276 0.6302, -0.2051 -1.0276 0.6041, -0.1638 -1.0276 0.6081, -0.1922 -1.0276 0.5887, -0.1834 -1.0276 0.5704, -0.4213 -1.0276 0.5364, -0.4587 -1.0276 0.527, -0.423 -1.0276 0.5226, -0.4589 -1.0276 0.5215, -0.4224 -1.0276 0.5138, -0.4561 -1.0276 0.4992, -0.4183 -1.0276 0.4999, -0.448 -1.0276 0.478, -0.4115 -1.0276 0.4884, -0.435 -1.0276 0.4594, -0.4172 -1.0276 0.4443, -0.2871 -1.0276 0.6567, -0.2806 -1.0276 0.623, -0.2602 -1.0276 0.6598, -0.2597 -1.0276 0.6257, -0.2345 -1.0276 0.6569, -0.2403 -1.0276 0.6233, -0.2062 -1.0276 0.6463, -0.2225 -1.0276 0.6165, -0.2065 -1.0276 0.6054, -0.4102 -1.0276 0.6028, -0.4283 -1.0276 0.59, -0.4086 -1.0276 0.5605, -0.4321 -1.0276 0.5864, -0.4165 -1.0276 0.5491, -0.4458 -1.0276 0.5689, -0.4549 -1.0276 0.5484, -0.2005 -1.0276 0.4662, -0.2141 -1.0276 0.437, -0.2128 -1.0276 0.4356, -0.1988 -1.0276 0.4659, -0.2091 -1.0276 0.433, -0.2187 -1.0276 0.4486, -0.2181 -1.0276 0.4444, -0.2166 -1.0276 0.4405, -0.2054 -1.0276 0.4657, -0.2093 -1.0276 0.4642, -0.2185 -1.0276 0.4509, -0.2128 -1.0276 0.4617, -0.2152 -1.0276 0.4591, -0.2174 -1.0276 0.4552, -0.201 -1.0276 0.4663, -0.1131 -1.0236 0.5576, -0.1053 -1.0236 0.5467, -0.1002 -1.0236 0.5341, -0.0983 -1.0236 0.5293, -0.0957 -1.0236 0.5107, -0.1169 -1.0236 0.5629, -0.1323 -1.0236 0.5759, -0.1493 -1.0236 0.5843, -0.1521 -1.0236 0.5853, -0.1638 -1.0236 0.6081, -0.1828 -1.0236 0.6302, -0.1956 -1.0236 0.639, -0.2062 -1.0236 0.6463, -0.2345 -1.0236 0.6569, -0.2602 -1.0236 0.6598, -0.2871 -1.0236 0.6567, -0.3135 -1.0236 0.6469, -0.3263 -1.0236 0.639, -0.3285 -1.0236 0.6376, -0.3419 -1.0236 0.6262, -0.3536 -1.0236 0.6126, -0.3601 -1.0236 0.6134, -0.3667 -1.0236 0.6137, -0.3891 -1.0236 0.611, -0.4102 -1.0236 0.6028, -0.4283 -1.0236 0.59, -0.4321 -1.0236 0.5864, -0.4458 -1.0236 0.5689, -0.4508 -1.0236 0.5576, -0.4549 -1.0236 0.5484, -0.4575 -1.0236 0.5341, -0.4587 -1.0236 0.527, -0.4589 -1.0236 0.5215, -0.4561 -1.0236 0.4992, -0.448 -1.0236 0.478, -0.435 -1.0236 0.4594, -0.4172 -1.0236 0.4443, -0.3966 -1.0236 0.4343, -0.3895 -1.0236 0.4321, -0.3887 -1.0236 0.4306, -0.3837 -1.0236 0.4199, -0.3753 -1.0236 0.4095, -0.3641 -1.0236 0.4011, -0.3589 -1.0236 0.3989, -0.351 -1.0236 0.3955, -0.3375 -1.0236 0.3935, -0.3354 -1.0236 0.3934, -0.2784 -1.0236 0.4503, -0.3216 -1.0236 0.3951, -0.3118 -1.0236 0.3989, -0.3089 -1.0236 0.4, -0.2975 -1.0236 0.4079, -0.2888 -1.0236 0.4177, -0.2821 -1.0236 0.4303, -0.282 -1.0236 0.4306, -0.2788 -1.0236 0.4444, -0.2784 -1.0236 0.456, -0.1987 -1.0236 0.4982, -0.2164 -1.0236 0.5283, -0.2927 -1.0236 0.4885, -0.3026 -1.0236 0.4975, -0.3147 -1.0236 0.504, -0.3285 -1.0236 0.5074, -0.3354 -1.0236 0.5078, -0.349 -1.0236 0.5062, -0.3615 -1.0236 0.5013, -0.3732 -1.0236 0.4933, -0.3826 -1.0236 0.4825, -0.3889 -1.0236 0.4703, -0.4013 -1.0236 0.4779, -0.4115 -1.0236 0.4884, -0.4183 -1.0236 0.4999, -0.4224 -1.0236 0.5138, -0.423 -1.0236 0.5226, -0.4216 -1.0236 0.5341, -0.4213 -1.0236 0.5364, -0.4165 -1.0236 0.5491, -0.4106 -1.0236 0.5576, -0.4086 -1.0236 0.5605, -0.3988 -1.0236 0.5692, -0.3861 -1.0236 0.5759, -0.3721 -1.0236 0.5793, -0.3661 -1.0236 0.5796, -0.3527 -1.0236 0.5779, -0.34 -1.0236 0.5732, -0.3359 -1.0236 0.571, -0.3272 -1.0236 0.589, -0.3145 -1.0236 0.6043, -0.2992 -1.0236 0.6154, -0.2806 -1.0236 0.623, -0.2597 -1.0236 0.6257, -0.2403 -1.0236 0.6233, -0.2225 -1.0236 0.6165, -0.2065 -1.0236 0.6054, -0.2051 -1.0236 0.6041, -0.1922 -1.0236 0.5887, -0.1834 -1.0236 0.5704, -0.1806 -1.0236 0.5576, -0.18 -1.0236 0.5545, -0.1754 -1.0236 0.5545, -0.1646 -1.0236 0.5532, -0.1546 -1.0236 0.5494, -0.1458 -1.0236 0.5432, -0.1393 -1.0236 0.5359, -0.1383 -1.0236 0.5341, -0.134 -1.0236 0.5261, -0.1313 -1.0236 0.5151, -0.131 -1.0236 0.5101, -0.1324 -1.0236 0.499, -0.1363 -1.0236 0.4889, -0.1426 -1.0236 0.48, -0.1433 -1.0236 0.4792, -0.1517 -1.0236 0.4723, -0.1617 -1.0236 0.4677, -0.172 -1.0236 0.4657, -0.1976 -1.0236 0.4657, -0.1988 -1.0236 0.4659, -0.2005 -1.0236 0.4662, -0.201 -1.0236 0.4663, -0.2054 -1.0236 0.4657, -0.2093 -1.0236 0.4642, -0.2128 -1.0236 0.4617, -0.2152 -1.0236 0.4591, -0.2174 -1.0236 0.4552, -0.2185 -1.0236 0.4509, -0.2187 -1.0236 0.4486, -0.2181 -1.0236 0.4444, -0.2166 -1.0236 0.4405, -0.2141 -1.0236 0.437, -0.2128 -1.0236 0.4356, -0.2091 -1.0236 0.433, -0.2054 -1.0236 0.4315, -0.2022 -1.0236 0.431, -0.1686 -1.0236 0.431, -0.1496 -1.0236 0.435, -0.1323 -1.0236 0.4435, -0.1168 -1.0236 0.4566, -0.1055 -1.0236 0.4723, -0.0983 -1.0236 0.4904, -0.3359 -1.0236 0.472, -0.3311 -1.0236 0.4714, -0.3259 -1.0236 0.4695, -0.3213 -1.0236 0.4664, -0.3176 -1.0236 0.4623, -0.3152 -1.0236 0.4576, -0.3139 -1.0236 0.4524, -0.3139 -1.0236 0.4473, -0.3152 -1.0236 0.4418, -0.3179 -1.0236 0.4369, -0.321 -1.0236 0.4334, -0.3253 -1.0236 0.4303, -0.3303 -1.0236 0.4283, -0.3359 -1.0236 0.4276, -0.3369 -1.0236 0.4276, -0.342 -1.0236 0.4284, -0.3472 -1.0236 0.4306, -0.3515 -1.0236 0.434, -0.3548 -1.0236 0.438, -0.357 -1.0236 0.4428, -0.3581 -1.0236 0.4481, -0.3578 -1.0236 0.4537, -0.3561 -1.0236 0.459, -0.3532 -1.0236 0.4638, -0.3509 -1.0236 0.4661, -0.3465 -1.0236 0.4693, -0.3415 -1.0236 0.4713, -0.3415 -1.0236 0.4713
            ]
        }
        coordIndex [
            0,1,2,-1,3,4,5,-1,6,7,8,-1,9,10,11,-1,12,11,13,-1,13,11,14,-1,2,1,15,-1,16,17,18,-1,18,17,19,-1,18,19,20,-1,20,19,21,-1,20,21,5,-1,5,21,22,-1,5,22,3,-1,23,9,24,-1,24,9,11,-1,24,11,25,-1,25,11,12,-1,26,27,28,-1,28,27,29,-1,28,29,30,-1,30,29,31,-1,30,31,32,-1,32,31,33,-1,6,8,34,-1,34,8,35,-1,34,35,36,-1,36,35,37,-1,36,37,38,-1,1,39,15,-1,15,39,40,-1,15,40,41,-1,41,40,42,-1,41,42,6,-1,6,42,43,-1,6,43,7,-1,44,45,21,-1,21,45,46,-1,21,46,47,-1,47,46,48,-1,47,48,49,-1,49,48,50,-1,49,50,51,-1,51,50,52,-1,51,52,53,-1,53,52,54,-1,53,54,55,-1,55,54,56,-1,55,56,24,-1,24,56,57,-1,24,57,23,-1,58,59,19,-1,19,59,60,-1,19,60,21,-1,21,60,61,-1,21,61,44,-1,62,63,64,-1,64,63,65,-1,64,65,66,-1,66,65,67,-1,66,67,68,-1,68,67,69,-1,68,69,70,-1,70,69,71,-1,70,71,72,-1,10,73,11,-1,11,73,74,-1,11,74,75,-1,75,74,76,-1,75,76,77,-1,77,76,78,-1,77,78,79,-1,79,78,80,-1,79,80,81,-1,81,80,82,-1,81,82,83,-1,83,82,84,-1,83,84,85,-1,85,84,86,-1,85,86,87,-1,87,86,88,-1,87,88,89,-1,89,88,90,-1,89,90,19,-1,19,90,91,-1,19,91,58,-1,31,92,33,-1,33,92,93,-1,33,93,94,-1,94,93,95,-1,94,95,96,-1,96,95,97,-1,96,97,98,-1,98,97,99,-1,98,99,100,-1,100,99,101,-1,100,101,102,-1,102,101,103,-1,102,103,62,-1,62,103,104,-1,62,104,63,-1,105,106,107,-1,107,106,108,-1,107,108,28,-1,28,108,109,-1,28,109,26,-1,110,111,112,-1,112,111,113,-1,112,113,114,-1,114,113,115,-1,114,115,116,-1,116,115,117,-1,116,117,118,-1,118,117,119,-1,118,119,14,-1,14,119,120,-1,14,120,13,-1,38,37,121,-1,121,37,122,-1,121,122,123,-1,123,122,124,-1,123,124,125,-1,125,124,126,-1,125,126,127,-1,127,126,128,-1,127,128,105,-1,105,128,129,-1,105,129,106,-1,2,130,0,-1,0,130,131,-1,0,131,132,-1,132,131,133,-1,132,133,134,-1,134,133,135,-1,134,135,110,-1,110,135,136,-1,110,136,111,-1,137,138,139,-1,71,140,72,-1,72,140,137,-1,72,137,141,-1,141,137,139,-1,142,143,137,-1,137,143,144,-1,137,144,138,-1,145,146,147,-1,146,148,147,-1,147,148,149,-1,147,149,150,-1,142,137,147,-1,147,137,151,-1,147,151,145,-1,152,33,153,-1,153,33,94,-1,153,94,154,-1,154,94,96,-1,154,96,155,-1,155,96,98,-1,155,98,156,-1,152,157,33,-1,33,157,158,-1,33,158,32,-1,32,158,159,-1,32,159,30,-1,30,159,160,-1,30,160,28,-1,28,160,161,-1,28,161,107,-1,107,161,162,-1,107,162,105,-1,127,105,163,-1,163,105,162,-1,163,164,127,-1,127,164,165,-1,127,165,125,-1,125,165,166,-1,125,166,123,-1,123,166,167,-1,123,167,121,-1,121,167,168,-1,121,168,38,-1,38,168,36,-1,36,168,169,-1,36,169,170,-1,36,170,171,-1,36,171,34,-1,34,171,172,-1,34,172,6,-1,6,172,173,-1,6,173,41,-1,41,173,174,-1,41,174,15,-1,15,174,175,-1,15,175,2,-1,2,175,176,-1,2,176,130,-1,130,176,177,-1,130,177,131,-1,131,177,178,-1,131,178,133,-1,136,135,179,-1,179,135,133,-1,179,133,178,-1,179,180,136,-1,136,180,181,-1,136,181,111,-1,111,181,182,-1,182,183,111,-1,111,183,184,-1,111,184,113,-1,113,184,185,-1,113,185,115,-1,115,185,186,-1,115,186,117,-1,117,186,187,-1,117,187,119,-1,119,187,188,-1,119,188,120,-1,120,188,189,-1,120,189,13,-1,13,189,190,-1,13,190,12,-1,12,190,191,-1,12,191,25,-1,191,192,25,-1,25,192,193,-1,25,193,24,-1,24,193,194,-1,24,194,55,-1,55,194,195,-1,55,195,53,-1,195,196,53,-1,53,196,197,-1,53,197,51,-1,51,197,198,-1,51,198,49,-1,199,20,5,-1,49,198,200,-1,201,21,200,-1,200,21,47,-1,200,47,49,-1,201,202,21,-1,21,202,203,-1,21,203,22,-1,22,203,204,-1,22,204,3,-1,3,204,205,-1,3,205,4,-1,4,205,206,-1,4,206,5,-1,5,206,207,-1,5,207,199,-1,18,20,208,-1,208,20,199,-1,16,18,209,-1,209,18,208,-1,17,16,210,-1,210,16,209,-1,19,17,211,-1,211,17,210,-1,19,211,212,-1,19,212,89,-1,89,212,213,-1,89,213,87,-1,87,213,214,-1,87,214,85,-1,85,214,215,-1,85,215,83,-1,83,215,216,-1,83,216,81,-1,81,216,217,-1,81,217,79,-1,79,217,218,-1,79,218,77,-1,77,218,219,-1,77,219,75,-1,75,219,220,-1,75,220,11,-1,11,220,221,-1,11,221,14,-1,14,221,222,-1,14,222,118,-1,118,222,223,-1,118,223,116,-1,116,223,224,-1,116,224,114,-1,114,224,225,-1,114,225,112,-1,110,112,225,-1,225,226,110,-1,110,226,227,-1,110,227,228,-1,229,132,228,-1,228,132,134,-1,228,134,110,-1,229,230,132,-1,132,230,231,-1,132,231,0,-1,0,231,232,-1,0,232,1,-1,1,232,233,-1,1,233,39,-1,39,233,234,-1,39,234,40,-1,40,234,235,-1,40,235,42,-1,42,235,236,-1,42,236,43,-1,43,236,237,-1,43,237,7,-1,7,237,238,-1,7,238,8,-1,8,238,239,-1,8,239,35,-1,35,239,240,-1,35,240,37,-1,37,240,241,-1,37,241,122,-1,122,241,242,-1,122,242,124,-1,124,242,243,-1,124,243,126,-1,126,243,244,-1,126,244,128,-1,128,244,245,-1,128,245,129,-1,129,245,246,-1,129,246,106,-1,106,246,247,-1,106,247,108,-1,108,247,248,-1,108,248,109,-1,109,248,26,-1,26,248,249,-1,26,249,250,-1,27,26,251,-1,251,26,250,-1,27,251,252,-1,27,252,29,-1,29,252,253,-1,29,253,31,-1,31,253,254,-1,31,254,92,-1,92,254,255,-1,92,255,93,-1,93,255,256,-1,93,256,95,-1,256,257,95,-1,95,257,258,-1,95,258,97,-1,97,258,259,-1,97,259,99,-1,99,259,260,-1,99,260,101,-1,101,260,261,-1,101,261,103,-1,103,261,262,-1,103,262,104,-1,104,262,263,-1,104,263,63,-1,63,263,264,-1,63,264,65,-1,65,264,265,-1,65,265,67,-1,67,265,266,-1,67,266,69,-1,71,69,267,-1,267,69,266,-1,71,267,268,-1,71,268,140,-1,140,268,269,-1,140,269,137,-1,137,269,270,-1,137,270,151,-1,151,270,271,-1,151,271,145,-1,145,271,272,-1,145,272,146,-1,146,272,273,-1,146,273,148,-1,148,273,274,-1,148,274,149,-1,149,274,275,-1,149,275,150,-1,150,275,276,-1,150,276,147,-1,147,276,277,-1,147,277,142,-1,142,277,278,-1,142,278,143,-1,143,278,279,-1,143,279,144,-1,144,279,280,-1,144,280,138,-1,138,280,281,-1,138,281,139,-1,139,281,282,-1,139,282,141,-1,141,282,283,-1,141,283,72,-1,72,283,284,-1,72,284,70,-1,68,70,285,-1,285,70,284,-1,68,285,286,-1,68,286,66,-1,66,286,287,-1,66,287,64,-1,64,287,288,-1,64,288,62,-1,62,288,289,-1,62,289,102,-1,102,289,290,-1,102,290,100,-1,100,290,156,-1,100,156,98,-1,84,291,292,-1,84,292,86,-1,86,292,293,-1,86,293,88,-1,88,293,294,-1,88,294,90,-1,90,294,295,-1,90,295,91,-1,91,295,296,-1,91,296,58,-1,58,296,297,-1,58,297,59,-1,59,297,298,-1,59,298,60,-1,60,298,299,-1,60,299,61,-1,61,299,300,-1,61,300,44,-1,44,300,301,-1,44,301,45,-1,45,301,302,-1,45,302,46,-1,46,302,303,-1,46,303,48,-1,48,303,304,-1,48,304,50,-1,50,304,305,-1,50,305,52,-1,52,305,306,-1,52,306,54,-1,54,306,307,-1,54,307,56,-1,56,307,308,-1,56,308,57,-1,57,308,309,-1,57,309,23,-1,23,309,310,-1,23,310,9,-1,9,310,311,-1,9,311,10,-1,10,311,312,-1,10,312,73,-1,73,312,313,-1,73,313,74,-1,74,313,314,-1,74,314,76,-1,76,314,315,-1,76,315,78,-1,78,315,316,-1,78,316,80,-1,80,316,317,-1,80,317,82,-1,82,317,291,-1,82,291,84,-1,
        ]
    }
}
Shape{
    appearance Appearance {
        material  Material 	{
            diffuseColor 1.0 0.9490196078431372 0.8431372549019608
            specularColor 0.5019607843137255 0.4745098039215686 0.4235294117647059
            ambientIntensity 0.2
            transparency 0
            shininess 0.5
        }
    }
    geometry IndexedFaceSet {
        ccw TRUE
        solid FALSE
        coord DEF co Coordinate {
            point [
                -0.3369 -1.0236 0.4276, -0.3509 -1.0236 0.4661, -0.3532 -1.0236 0.4638, -0.3303 -1.0236 0.4283, -0.3253 -1.0236 0.4303, -0.3311 -1.0236 0.4714, -0.3359 -1.0236 0.472, -0.3415 -1.0236 0.4713, -0.3465 -1.0236 0.4693, -0.357 -1.0236 0.4428, -0.3548 -1.0236 0.438, -0.3515 -1.0236 0.434, -0.3359 -1.0236 0.4276, -0.3561 -1.0236 0.459, -0.3578 -1.0236 0.4537, -0.3581 -1.0236 0.4481, -0.3472 -1.0236 0.4306, -0.342 -1.0236 0.4284, -0.321 -1.0236 0.4334, -0.3179 -1.0236 0.4369, -0.3152 -1.0236 0.4418, -0.3139 -1.0236 0.4473, -0.3139 -1.0236 0.4524, -0.3152 -1.0236 0.4576, -0.3176 -1.0236 0.4623, -0.3213 -1.0236 0.4664, -0.3259 -1.0236 0.4695, -0.3259 -1.0236 0.4695
            ]
        }
        coordIndex [
            0,1,2,-1,3,4,5,-1,6,7,0,-1,0,7,8,-1,0,8,1,-1,9,10,2,-1,2,10,11,-1,6,0,5,-1,5,0,12,-1,5,12,3,-1,13,14,2,-1,2,14,15,-1,2,15,9,-1,11,16,2,-1,2,16,17,-1,2,17,0,-1,4,18,5,-1,5,18,19,-1,5,19,20,-1,20,21,5,-1,5,21,22,-1,5,22,23,-1,23,24,5,-1,5,24,25,-1,5,25,26,-1,
        ]
    }
}