ISO-10303-21;
HEADER;
FILE_DESCRIPTION (( 'STEP AP214' ),
    '1' );
FILE_NAME ('POWERVDFN-8_L3.2-W3.1-P0.65-LS3.3-BL-1.STEP',
    '2022-02-13T13:39:17',
    ( '' ),
    ( '' ),
    'SwSTEP 2.0',
    'SolidWorks 2020',
    '' );
FILE_SCHEMA (( 'AUTOMOTIVE_DESIGN' ));
ENDSEC;

DATA;
#2 =( LENGTH_UNIT ( ) NAMED_UNIT ( * ) SI_UNIT ( .MILLI., .METRE. ) );
#1 = CARTESIAN_POINT ( 'NONE',  ( -1.474999999999999423, -1.424999999999999378, -0.1499999999999999944 ) ) ;
#3 = ORIENTED_EDGE ( 'NONE', *, *, #3682, .T. ) ;
#4 = FACE_OUTER_BOUND ( 'NONE', #7258, .T. ) ;
#5 = SURFACE_SIDE_STYLE ('',( #8380 ) ) ;
#6 = ORIENTED_EDGE ( 'NONE', *, *, #3354, .T. ) ;
#7 = SURFACE_SIDE_STYLE ('',( #5222 ) ) ;
#8 = FACE_OUTER_BOUND ( 'NONE', #7788, .T. ) ;
#9 = ADVANCED_FACE ( 'NONE', ( #4966 ), #7027, .T. ) ;
#10 = CARTESIAN_POINT ( 'NONE',  ( 0.05375072969181514393, -0.7721845855107185574, -0.1499999999999999944 ) ) ;
#11 = CARTESIAN_POINT ( 'NONE',  ( -0.3931272383188775810, -0.7754000839334228568, -0.1490000000000000491 ) ) ;
#12 = PLANE ( 'NONE',  #792 ) ;
#13 = FACE_OUTER_BOUND ( 'NONE', #81, .T. ) ;
#14 = FILL_AREA_STYLE_COLOUR ( '', #3556 ) ;
#15 = ORIENTED_EDGE ( 'NONE', *, *, #1155, .F. ) ;
#16 =( GEOMETRIC_REPRESENTATION_CONTEXT ( 3 ) GLOBAL_UNCERTAINTY_ASSIGNED_CONTEXT ( ( #560 ) ) GLOBAL_UNIT_ASSIGNED_CONTEXT ( ( #2011, #114, #7162 ) ) REPRESENTATION_CONTEXT ( 'NONE', 'WORKASPACE' ) );
#17 = EDGE_CURVE ( 'NONE', #5724, #4343, #2454, .T. ) ;
#18 = LINE ( 'NONE', #5693, #4021 ) ;
#19 = CARTESIAN_POINT ( 'NONE',  ( 0.8249999999999999556, -1.650000000000013456, 0.002000000000000021726 ) ) ;
#20 =( NAMED_UNIT ( * ) SI_UNIT ( $, .STERADIAN. ) SOLID_ANGLE_UNIT ( ) );
#21 = ORIENTED_EDGE ( 'NONE', *, *, #7644, .F. ) ;
#22 = CARTESIAN_POINT ( 'NONE',  ( -0.4750000000000008105, 1.649999999999995248, -0.1599999999999999756 ) ) ;
#23 = DIRECTION ( 'NONE',  ( -0.000000000000000000, -0.000000000000000000, -1.000000000000000000 ) ) ;
#24 = CARTESIAN_POINT ( 'NONE',  ( 0.05375072969181514393, -0.9075504391692551520, -0.1489999999999999936 ) ) ;
#25 = DIRECTION ( 'NONE',  ( 0.000000000000000000, 1.000000000000000000, 0.000000000000000000 ) ) ;
#26 = DIRECTION ( 'NONE',  ( -0.000000000000000000, -0.000000000000000000, 1.000000000000000000 ) ) ;
#27 = EDGE_CURVE ( 'NONE', #7528, #2372, #3015, .T. ) ;
#28 = EDGE_CURVE ( 'NONE', #6949, #1683, #2546, .T. ) ;
#29 = CARTESIAN_POINT ( 'NONE',  ( 0.1754978081479600105, -0.8328966933852514076, -0.1489999999999999658 ) ) ;
#30 = VECTOR ( 'NONE', #4375, 1000.000000000000000 ) ;
#31 = PRESENTATION_STYLE_ASSIGNMENT (( #7801 ) ) ;
#32 = STYLED_ITEM ( 'NONE', ( #2190 ), #3174 ) ;
#33 = LINE ( 'NONE', #5796, #5805 ) ;
#34 = FILL_AREA_STYLE_COLOUR ( '', #504 ) ;
#35 = CARTESIAN_POINT ( 'NONE',  ( 0.1865359876536102079, -0.7822662408600791206, -0.1499999999999999944 ) ) ;
#36 = FILL_AREA_STYLE ('',( #3872 ) ) ;
#37 = ORIENTED_EDGE ( 'NONE', *, *, #1087, .F. ) ;
#38 = LINE ( 'NONE', #5208, #4813 ) ;
#39 = PRESENTATION_LAYER_ASSIGNMENT (  '', '', ( #2848 ) ) ;
#40 = EDGE_CURVE ( 'NONE', #5625, #5311, #547, .T. ) ;
#41 = CARTESIAN_POINT ( 'NONE',  ( -0.5250000000000007994, 1.289999999999999813, 0.002000000000000021726 ) ) ;
#42 = VERTEX_POINT ( 'NONE', #2541 ) ;
#43 =( NAMED_UNIT ( * ) SI_UNIT ( $, .STERADIAN. ) SOLID_ANGLE_UNIT ( ) );
#44 = ORIENTED_EDGE ( 'NONE', *, *, #2100, .F. ) ;
#45 = PRESENTATION_LAYER_ASSIGNMENT (  '', '', ( #2318 ) ) ;
#47 = CARTESIAN_POINT ( 'NONE',  ( -0.3982882076102710611, -0.7756626772783258295, -0.1499999999999999944 ) ) ;
#46 = CARTESIAN_POINT ( 'NONE',  ( -0.2909044734364769624, -0.8593408672129252412, -0.1499999999999999389 ) ) ;
#48 = FACE_OUTER_BOUND ( 'NONE', #3693, .T. ) ;
#49 = CARTESIAN_POINT ( 'NONE',  ( 0.1745477116114690364, -0.8241094047014212443, -0.1500000000000000222 ) ) ;
#50 = AXIS2_PLACEMENT_3D ( 'NONE', #4537, #3905, #2449 ) ;
#51 = CARTESIAN_POINT ( 'NONE',  ( -1.574999999999999512, -1.524999999999999689, -0.1499999999999999944 ) ) ;
#52 = SURFACE_STYLE_USAGE ( .BOTH. , #4523 ) ;
#53 = VECTOR ( 'NONE', #3090, 1000.000000000000000 ) ;
#54 = DIRECTION ( 'NONE',  ( 0.000000000000000000, -1.000000000000000000, 0.000000000000000000 ) ) ;
#55 = ORIENTED_EDGE ( 'NONE', *, *, #7459, .F. ) ;
#56 = UNCERTAINTY_MEASURE_WITH_UNIT (LENGTH_MEASURE( 1.000000000000000082E-05 ), #1768, 'distance_accuracy_value', 'NONE');
#57 = LINE ( 'NONE', #8384, #2595 ) ;
#58 = SURFACE_STYLE_USAGE ( .BOTH. , #3894 ) ;
#59 = EDGE_CURVE ( 'NONE', #2519, #8299, #7846, .T. ) ;
#60 = CARTESIAN_POINT ( 'NONE',  ( -1.065791696335471883, -0.9529646039254657808, 0.5999999999999999778 ) ) ;
#61 = MECHANICAL_DESIGN_GEOMETRIC_PRESENTATION_REPRESENTATION (  '', ( #8058 ), #3152 ) ;
#62 = CARTESIAN_POINT ( 'NONE',  ( 0.8249999999999999556, -1.650000000000013456, 0.002000000000000021726 ) ) ;
#63 = CARTESIAN_POINT ( 'NONE',  ( -0.2657614654301360679, -0.8379239147790112918, -0.1499999999999999944 ) ) ;
#64 = VECTOR ( 'NONE', #2492, 1000.000000000000000 ) ;
#65 = FILL_AREA_STYLE_COLOUR ( '', #3020 ) ;
#66 = DIRECTION ( 'NONE',  ( -0.000000000000000000, -1.000000000000000000, -0.000000000000000000 ) ) ;
#67 = ORIENTED_EDGE ( 'NONE', *, *, #5265, .F. ) ;
#68 = CARTESIAN_POINT ( 'NONE',  ( -1.574999999999999956, 1.524574886876660207, 0.002000000000000021726 ) ) ;
#69 = VECTOR ( 'NONE', #8092, 1000.000000000000000 ) ;
#70 = PRESENTATION_STYLE_ASSIGNMENT (( #1210 ) ) ;
#71 = VERTEX_POINT ( 'NONE', #2583 ) ;
#72 = CARTESIAN_POINT ( 'NONE',  ( 0.2196043882284005599, -0.9179162928277918576, -0.1489999999999999936 ) ) ;
#73 = DIRECTION ( 'NONE',  ( -1.902109074535972765E-16, -1.000000000000000000, -0.000000000000000000 ) ) ;
#74 = CARTESIAN_POINT ( 'NONE',  ( -1.065791696335471883, -0.9529646039254657808, 0.5989999999999999769 ) ) ;
#75 = CARTESIAN_POINT ( 'NONE',  ( 0.8250000000000006217, 1.525000000000000133, -0.1499999999999999944 ) ) ;
#76 = CARTESIAN_POINT ( 'NONE',  ( -0.2575398069007822088, -0.7978609480581262403, -0.1500000000000000222 ) ) ;
#77 = FILL_AREA_STYLE ('',( #4725 ) ) ;
#78 = LINE ( 'NONE', #1222, #1351 ) ;
#79 = ORIENTED_EDGE ( 'NONE', *, *, #3246, .T. ) ;
#80 = CARTESIAN_POINT ( 'NONE',  ( 0.1032974923086196345, -0.7594379746791335428, -0.1489999999999999936 ) ) ;
#81 = EDGE_LOOP ( 'NONE', ( #5443, #5846, #1375, #617 ) ) ;
#82 = EDGE_CURVE ( 'NONE', #2509, #246, #3910, .T. ) ;
#83 = UNCERTAINTY_MEASURE_WITH_UNIT (LENGTH_MEASURE( 1.000000000000000082E-05 ), #3877, 'distance_accuracy_value', 'NONE');
#84 = LINE ( 'NONE', #1366, #774 ) ;
#85 = ORIENTED_EDGE ( 'NONE', *, *, #5117, .F. ) ;
#86 = ORIENTED_EDGE ( 'NONE', *, *, #2609, .T. ) ;
#87 = DIRECTION ( 'NONE',  ( 0.000000000000000000, 0.000000000000000000, -1.000000000000000000 ) ) ;
#88 = VERTEX_POINT ( 'NONE', #7359 ) ;
#89 = EDGE_CURVE ( 'NONE', #1445, #7339, #4544, .T. ) ;
#90 = VECTOR ( 'NONE', #6728, 1000.000000000000000 ) ;
#91 = FACE_OUTER_BOUND ( 'NONE', #1756, .T. ) ;
#92 = CARTESIAN_POINT ( 'NONE',  ( 0.1563018418334372883, -0.8992692715310645069, -0.1489999999999999380 ) ) ;
#93 = CARTESIAN_POINT ( 'NONE',  ( 0.01472633944791271188, -0.9398675123399868880, -0.1489999999999999936 ) ) ;
#94 = AXIS2_PLACEMENT_3D ( 'NONE', #5945, #2428, #5505 ) ;
#95 = VECTOR ( 'NONE', #4490, 1000.000000000000000 ) ;
#96 = PRESENTATION_STYLE_ASSIGNMENT (( #1999 ) ) ;
#97 = ORIENTED_EDGE ( 'NONE', *, *, #6222, .F. ) ;
#98 = DIRECTION ( 'NONE',  ( -0.000000000000000000, -0.000000000000000000, -1.000000000000000000 ) ) ;
#99 = DIRECTION ( 'NONE',  ( 0.000000000000000000, 0.000000000000000000, -1.000000000000000000 ) ) ;
#100 = MECHANICAL_DESIGN_GEOMETRIC_PRESENTATION_REPRESENTATION (  '', ( #7421 ), #4133 ) ;
#101 = CIRCLE ( 'NONE', #351, 0.1000000000000000472 ) ;
#102 = CARTESIAN_POINT ( 'NONE',  ( -0.3953727459179410264, -0.7642577562424259785, -0.1499999999999999944 ) ) ;
#103 = LINE ( 'NONE', #2666, #1734 ) ;
#104 = VECTOR ( 'NONE', #4776, 1000.000000000000000 ) ;
#105 = ADVANCED_FACE ( 'NONE', ( #890 ), #6554, .F. ) ;
#106 = DIRECTION ( 'NONE',  ( -1.512840240677448800E-15, 1.000000000000000000, 0.000000000000000000 ) ) ;
#107 = ORIENTED_EDGE ( 'NONE', *, *, #5809, .F. ) ;
#108 = EDGE_CURVE ( 'NONE', #1870, #1491, #739, .T. ) ;
#109 = DIRECTION ( 'NONE',  ( -1.000000000000000000, 0.000000000000000000, -0.000000000000000000 ) ) ;
#110 = VECTOR ( 'NONE', #537, 1000.000000000000000 ) ;
#111 = STYLED_ITEM ( 'NONE', ( #350 ), #7357 ) ;
#112 = VECTOR ( 'NONE', #967, 1000.000000000000000 ) ;
#113 = ORIENTED_EDGE ( 'NONE', *, *, #1611, .F. ) ;
#114 =( NAMED_UNIT ( * ) PLANE_ANGLE_UNIT ( ) SI_UNIT ( $, .RADIAN. ) );
#115 = DIRECTION ( 'NONE',  ( 0.000000000000000000, 0.000000000000000000, -1.000000000000000000 ) ) ;
#116 =( NAMED_UNIT ( * ) PLANE_ANGLE_UNIT ( ) SI_UNIT ( $, .RADIAN. ) );
#117 =( NAMED_UNIT ( * ) SI_UNIT ( $, .STERADIAN. ) SOLID_ANGLE_UNIT ( ) );
#118 = MECHANICAL_DESIGN_GEOMETRIC_PRESENTATION_REPRESENTATION (  '', ( #7562 ), #6062 ) ;
#119 = CARTESIAN_POINT ( 'NONE',  ( 0.06372319580208062051, -0.7418279123772318906, -0.1489999999999999658 ) ) ;
#120 = CARTESIAN_POINT ( 'NONE',  ( -0.2629160751075592106, -0.8122115654094353987, -0.1500000000000000500 ) ) ;
#121 = CARTESIAN_POINT ( 'NONE',  ( -1.065791696335471883, -0.9529646039254657808, 0.5989999999999999769 ) ) ;
#122 = CARTESIAN_POINT ( 'NONE',  ( 0.01472633944791271188, -0.9398675123399868880, -0.1489999999999999936 ) ) ;
#123 = ORIENTED_EDGE ( 'NONE', *, *, #6255, .F. ) ;
#124 = CARTESIAN_POINT ( 'NONE',  ( 0.1914613706162529572, -0.7910866084388642472, -0.1500000000000000222 ) ) ;
#125 = ORIENTED_EDGE ( 'NONE', *, *, #7877, .F. ) ;
#126 = EDGE_CURVE ( 'NONE', #2201, #719, #7204, .T. ) ;
#127 = CARTESIAN_POINT ( 'NONE',  ( -0.08283463616184341682, -0.8496236099009625287, -0.1489999999999999936 ) ) ;
#128 = CARTESIAN_POINT ( 'NONE',  ( 0.1914613706162529572, -0.7910866084388642472, -0.1490000000000000213 ) ) ;
#129 = ORIENTED_EDGE ( 'NONE', *, *, #8191, .T. ) ;
#130 = PLANE ( 'NONE',  #4688 ) ;
#131 = ORIENTED_EDGE ( 'NONE', *, *, #7017, .F. ) ;
#132 = ADVANCED_FACE ( 'NONE', ( #2623 ), #5238, .T. ) ;
#133 = CARTESIAN_POINT ( 'NONE',  ( -0.01210292884477019541, -0.9179162928277918576, -0.1489999999999999936 ) ) ;
#134 = ORIENTED_EDGE ( 'NONE', *, *, #2895, .T. ) ;
#135 = MECHANICAL_DESIGN_GEOMETRIC_PRESENTATION_REPRESENTATION (  '', ( #1490 ), #3360 ) ;
#136 = PLANE ( 'NONE',  #7592 ) ;
#137 = CARTESIAN_POINT ( 'NONE',  ( -0.7750000000000004663, 1.239999999999999769, -0.1599999999999999756 ) ) ;
#138 = CARTESIAN_POINT ( 'NONE',  ( 0.1598144772606404362, -0.7874471127961297778, -0.1499999999999999667 ) ) ;
#139 = CARTESIAN_POINT ( 'NONE',  ( 0.1749999999999991562, 1.649999999999990585, 0.002000000000000021726 ) ) ;
#140 = AXIS2_PLACEMENT_3D ( 'NONE', #74, #3946, #6379 ) ;
#141 = ADVANCED_FACE ( 'NONE', ( #2352 ), #2853, .T. ) ;
#142 = ORIENTED_EDGE ( 'NONE', *, *, #785, .F. ) ;
#143 = CARTESIAN_POINT ( 'NONE',  ( 0.08810123292271863915, -0.7601229269897402663, -0.1499999999999999667 ) ) ;
#144 = CARTESIAN_POINT ( 'NONE',  ( 0.1963379214042038357, -0.8837856914465193059, -0.1500000000000000222 ) ) ;
#145 = CARTESIAN_POINT ( 'NONE',  ( -0.2656924422260567575, -0.8410004230798097113, -0.1489999999999999658 ) ) ;
#146 = CARTESIAN_POINT ( 'NONE',  ( 0.01472633944791271188, -0.9398675123399868880, -0.1489999999999999936 ) ) ;
#147 = ORIENTED_EDGE ( 'NONE', *, *, #5718, .F. ) ;
#148 = SURFACE_STYLE_USAGE ( .BOTH. , #2009 ) ;
#149 = SURFACE_STYLE_FILL_AREA ( #5955 ) ;
#150 = ORIENTED_EDGE ( 'NONE', *, *, #1003, .F. ) ;
#151 = CARTESIAN_POINT ( 'NONE',  ( 0.1289610411130922563, -0.9408039690283505063, -0.1499999999999998834 ) ) ;
#152 = ADVANCED_FACE ( 'NONE', ( #2278 ), #7481, .T. ) ;
#153 = STYLED_ITEM ( 'NONE', ( #4834 ), #704 ) ;
#154 = CARTESIAN_POINT ( 'NONE',  ( -0.2621710414872711059, -0.7658073722541162143, -0.1490000000000000213 ) ) ;
#155 = FACE_OUTER_BOUND ( 'NONE', #6731, .T. ) ;
#156 = CARTESIAN_POINT ( 'NONE',  ( -0.2470153059007134666, -0.7546445584831642517, -0.1490000000000000491 ) ) ;
#157 = SURFACE_STYLE_FILL_AREA ( #4727 ) ;
#158 = VERTEX_POINT ( 'NONE', #6182 ) ;
#159 =( GEOMETRIC_REPRESENTATION_CONTEXT ( 3 ) GLOBAL_UNCERTAINTY_ASSIGNED_CONTEXT ( ( #8209 ) ) GLOBAL_UNIT_ASSIGNED_CONTEXT ( ( #5040, #3711, #7102 ) ) REPRESENTATION_CONTEXT ( 'NONE', 'WORKASPACE' ) );
#160 = CARTESIAN_POINT ( 'NONE',  ( 0.1709728355984821146, -0.8742739599687688878, -0.1489999999999999658 ) ) ;
#161 = SURFACE_SIDE_STYLE ('',( #7935 ) ) ;
#162 = ORIENTED_EDGE ( 'NONE', *, *, #785, .T. ) ;
#163 =( BOUNDED_CURVE ( )  B_SPLINE_CURVE ( 3, ( #3832, #7734, #7686, #7643 ),
 .UNSPECIFIED., .F., .F. ) 
 B_SPLINE_CURVE_WITH_KNOTS ( ( 4, 4 ),
 ( 3.141592653589793116, 3.163213026041175713 ),
 .UNSPECIFIED. ) 
 CURVE ( )  GEOMETRIC_REPRESENTATION_ITEM ( )  RATIONAL_B_SPLINE_CURVE ( ( 1.000000000000000000, 0.9999610470039284049, 0.9999610470039284049, 1.000000000000000000 ) ) 
 REPRESENTATION_ITEM ( '' )  );
#164 = FILL_AREA_STYLE_COLOUR ( '', #2554 ) ;
#165 = VERTEX_POINT ( 'NONE', #384 ) ;
#166 = VERTEX_POINT ( 'NONE', #6958 ) ;
#167 = LINE ( 'NONE', #5418, #1029 ) ;
#168 = ORIENTED_EDGE ( 'NONE', *, *, #233, .F. ) ;
#169 = EDGE_CURVE ( 'NONE', #4330, #2603, #4354, .T. ) ;
#170 = CARTESIAN_POINT ( 'NONE',  ( 0.1060868187699747917, -0.9422749359681519277, -0.1489999999999999936 ) ) ;
#171 = CARTESIAN_POINT ( 'NONE',  ( -1.474999999999999423, -1.524999999999999689, 0.000000000000000000 ) ) ;
#172 = ORIENTED_EDGE ( 'NONE', *, *, #5086, .F. ) ;
#173 = STYLED_ITEM ( 'NONE', ( #7377 ), #3442 ) ;
#174 = COLOUR_RGB ( '',0.2509803921568627416, 0.2509803921568627416, 0.2509803921568627416 ) ;
#175 = DIRECTION ( 'NONE',  ( 0.000000000000000000, -1.000000000000000000, 0.000000000000000000 ) ) ;
#176 = CARTESIAN_POINT ( 'NONE',  ( 0.1706359789566945784, -0.8079822169943822185, -0.1500000000000000777 ) ) ;
#177 =( NAMED_UNIT ( * ) SI_UNIT ( $, .STERADIAN. ) SOLID_ANGLE_UNIT ( ) );
#178 = CARTESIAN_POINT ( 'NONE',  ( -0.2698553643168825622, -0.7730817207572892036, -0.1489999999999999936 ) ) ;
#179 = ORIENTED_EDGE ( 'NONE', *, *, #3981, .F. ) ;
#180 = DIRECTION ( 'NONE',  ( 1.421904488505579654E-16, -1.000000000000000000, -0.000000000000000000 ) ) ;
#181 = ADVANCED_FACE ( 'NONE', ( #5815 ), #2561, .T. ) ;
#182 = SURFACE_STYLE_FILL_AREA ( #6661 ) ;
#183 = CARTESIAN_POINT ( 'NONE',  ( -0.2629703585663503151, -0.8638761501264015097, -0.1490000000000000213 ) ) ;
#184 = COLOUR_RGB ( '',1.000000000000000000, 1.000000000000000000, 1.000000000000000000 ) ;
#185 = PLANE ( 'NONE',  #7248 ) ;
#186 = ORIENTED_EDGE ( 'NONE', *, *, #5182, .T. ) ;
#187 = LINE ( 'NONE', #2089, #8382 ) ;
#188 = MECHANICAL_DESIGN_GEOMETRIC_PRESENTATION_REPRESENTATION (  '', ( #304 ), #4092 ) ;
#189 = CARTESIAN_POINT ( 'NONE',  ( -1.224999999999999867, 1.239999999999999769, -0.1599999999999999756 ) ) ;
#190 = ORIENTED_EDGE ( 'NONE', *, *, #3388, .F. ) ;
#191 =( GEOMETRIC_REPRESENTATION_CONTEXT ( 3 ) GLOBAL_UNCERTAINTY_ASSIGNED_CONTEXT ( ( #5732 ) ) GLOBAL_UNIT_ASSIGNED_CONTEXT ( ( #1241, #1338, #6368 ) ) REPRESENTATION_CONTEXT ( 'NONE', 'WORKASPACE' ) );
#192 = FILL_AREA_STYLE ('',( #5437 ) ) ;
#193 = CARTESIAN_POINT ( 'NONE',  ( 0.1122530298069935178, -0.9422291053132605398, -0.1489999999999999936 ) ) ;
#194 = EDGE_CURVE ( 'NONE', #5742, #621, #5636, .T. ) ;
#195 = DIRECTION ( 'NONE',  ( 1.512840240677448800E-15, -1.000000000000000000, 0.000000000000000000 ) ) ;
#196 = COLOUR_RGB ( '',1.000000000000000000, 1.000000000000000000, 1.000000000000000000 ) ;
#197 = DIRECTION ( 'NONE',  ( 0.000000000000000000, 1.000000000000000000, 1.607062768596021069E-13 ) ) ;
#198 = CARTESIAN_POINT ( 'NONE',  ( 0.05375072969181514393, -0.7453553172180356068, -0.1499999999999999944 ) ) ;
#199 = VECTOR ( 'NONE', #5876, 1000.000000000000000 ) ;
#200 = CARTESIAN_POINT ( 'NONE',  ( -0.2470153059007134666, -0.7546445584831642517, -0.1500000000000000500 ) ) ;
#201 = EDGE_LOOP ( 'NONE', ( #1698, #6144, #3883, #4987 ) ) ;
#202 = CARTESIAN_POINT ( 'NONE',  ( 1.366487659678485622, 1.316487659678485800, 0.4999999999999998890 ) ) ;
#203 = EDGE_LOOP ( 'NONE', ( #7215, #2711, #5419, #7045, #262, #3373, #7047, #2440 ) ) ;
#204 =( NAMED_UNIT ( * ) PLANE_ANGLE_UNIT ( ) SI_UNIT ( $, .RADIAN. ) );
#205 = DIRECTION ( 'NONE',  ( -1.000000000000000000, -0.000000000000000000, 0.000000000000000000 ) ) ;
#206 =( LENGTH_UNIT ( ) NAMED_UNIT ( * ) SI_UNIT ( .MILLI., .METRE. ) );
#207 = ORIENTED_EDGE ( 'NONE', *, *, #1016, .F. ) ;
#208 = FILL_AREA_STYLE_COLOUR ( '', #6877 ) ;
#209 = CARTESIAN_POINT ( 'NONE',  ( -1.475720693118508953, -1.524999999999999689, 1.084617400561182766E-15 ) ) ;
#210 = ORIENTED_EDGE ( 'NONE', *, *, #17, .F. ) ;
#211 = UNCERTAINTY_MEASURE_WITH_UNIT (LENGTH_MEASURE( 1.000000000000000082E-05 ), #5613, 'distance_accuracy_value', 'NONE');
#212 = CARTESIAN_POINT ( 'NONE',  ( 0.05928193796456653758, -0.9106658767243474006, -0.1489999999999999936 ) ) ;
#213 = PRESENTATION_LAYER_ASSIGNMENT (  '', '', ( #2354 ) ) ;
#214 = CARTESIAN_POINT ( 'NONE',  ( 0.05375072969181514393, -0.9295016586814502935, -0.1489999999999999936 ) ) ;
#215 =( LENGTH_UNIT ( ) NAMED_UNIT ( * ) SI_UNIT ( .MILLI., .METRE. ) );
#216 = VERTEX_POINT ( 'NONE', #3884 ) ;
#217 = VECTOR ( 'NONE', #956, 1000.000000000000000 ) ;
#218 = CARTESIAN_POINT ( 'NONE',  ( -0.01210292884477019541, -0.8496236099009625287, -0.1489999999999999936 ) ) ;
#219 = FILL_AREA_STYLE_COLOUR ( '', #527 ) ;
#220 = EDGE_LOOP ( 'NONE', ( #5298, #1779, #7851, #2538 ) ) ;
#221 = STYLED_ITEM ( 'NONE', ( #6283 ), #5919 ) ;
#222 = EDGE_CURVE ( 'NONE', #7663, #2404, #5031, .T. ) ;
#223 = PLANE ( 'NONE',  #7074 ) ;
#224 = EDGE_LOOP ( 'NONE', ( #2728, #6220, #2620, #1752, #3491 ) ) ;
#225 = STYLED_ITEM ( 'NONE', ( #5758 ), #2147 ) ;
#226 = COLOUR_RGB ( '',0.2509803921568627416, 0.2509803921568627416, 0.2509803921568627416 ) ;
#227 =( NAMED_UNIT ( * ) PLANE_ANGLE_UNIT ( ) SI_UNIT ( $, .RADIAN. ) );
#228 =( LENGTH_UNIT ( ) NAMED_UNIT ( * ) SI_UNIT ( .MILLI., .METRE. ) );
#230 = PRESENTATION_LAYER_ASSIGNMENT (  '', '', ( #7559 ) ) ;
#229 = CARTESIAN_POINT ( 'NONE',  ( -0.2923516291628825425, -0.8485344281971798353, -0.1490000000000000213 ) ) ;
#231 = AXIS2_PLACEMENT_3D ( 'NONE', #5350, #6493, #3256 ) ;
#232 = CARTESIAN_POINT ( 'NONE',  ( 1.125000000000001110, 1.239999999999999547, 0.002000000000000021726 ) ) ;
#233 = EDGE_CURVE ( 'NONE', #8327, #3932, #633, .T. ) ;
#234 = CARTESIAN_POINT ( 'NONE',  ( -0.2885960431145301319, -0.8065269164653386946, -0.1490000000000000491 ) ) ;
#235 = APPLICATION_CONTEXT ( 'automotive_design' ) ;
#236 = LINE ( 'NONE', #5293, #6230 ) ;
#237 = VERTEX_POINT ( 'NONE', #513 ) ;
#238 = CARTESIAN_POINT ( 'NONE',  ( 0.1746055527866791912, -0.8589724093639165003, -0.1499999999999999667 ) ) ;
#239 = PLANE ( 'NONE',  #5988 ) ;
#240 = ORIENTED_EDGE ( 'NONE', *, *, #3653, .T. ) ;
#241 = MECHANICAL_DESIGN_GEOMETRIC_PRESENTATION_REPRESENTATION (  '', ( #3735 ), #3205 ) ;
#242 = CARTESIAN_POINT ( 'NONE',  ( -1.366487659678485178, -1.316487659678485356, 0.5999999999999999778 ) ) ;
#243 = UNCERTAINTY_MEASURE_WITH_UNIT (LENGTH_MEASURE( 1.000000000000000082E-05 ), #3944, 'distance_accuracy_value', 'NONE');
#244 = CARTESIAN_POINT ( 'NONE',  ( -1.574999999999999956, 1.524574886876660207, 0.002000000000000021726 ) ) ;
#245 = FACE_OUTER_BOUND ( 'NONE', #1272, .T. ) ;
#246 = VERTEX_POINT ( 'NONE', #7049 ) ;
#247 = CARTESIAN_POINT ( 'NONE',  ( 0.05375072969181514393, -0.9295016586814502935, -0.1499999999999999944 ) ) ;
#248 = SURFACE_STYLE_FILL_AREA ( #283 ) ;
#249 = ORIENTED_EDGE ( 'NONE', *, *, #4981, .F. ) ;
#250 = CARTESIAN_POINT ( 'NONE',  ( 0.1749999999999991562, 1.525000000000000133, -0.1499999999999999944 ) ) ;
#251 = ADVANCED_FACE ( 'NONE', ( #1913 ), #3210, .T. ) ;
#252 = CARTESIAN_POINT ( 'NONE',  ( 0.1757019492040102771, -0.8420016586814502713, -0.1489999999999999936 ) ) ;
#253 = FILL_AREA_STYLE ('',( #8034 ) ) ;
#254 = VECTOR ( 'NONE', #3424, 1000.000000000000000 ) ;
#255 = LINE ( 'NONE', #1422, #2531 ) ;
#256 = CARTESIAN_POINT ( 'NONE',  ( -1.574999999999999512, -1.524574886876659763, 0.002000000000000021726 ) ) ;
#257 = FILL_AREA_STYLE_COLOUR ( '', #3470 ) ;
#258 = ORIENTED_EDGE ( 'NONE', *, *, #5675, .T. ) ;
#259 = PLANE ( 'NONE',  #382 ) ;
#260 = EDGE_CURVE ( 'NONE', #685, #7254, #3151, .T. ) ;
#261 = CARTESIAN_POINT ( 'NONE',  ( 0.4749999999999997558, -1.524999999999999689, 0.000000000000000000 ) ) ;
#262 = ORIENTED_EDGE ( 'NONE', *, *, #7671, .F. ) ;
#263 = MECHANICAL_DESIGN_GEOMETRIC_PRESENTATION_REPRESENTATION (  '', ( #1497 ), #4044 ) ;
#264 = LINE ( 'NONE', #2828, #3803 ) ;
#265 = DIRECTION ( 'NONE',  ( -0.000000000000000000, 0.2079116908177597867, -0.9781476007338055778 ) ) ;
#266 = EDGE_CURVE ( 'NONE', #4918, #1810, #5856, .T. ) ;
#267 = CARTESIAN_POINT ( 'NONE',  ( -0.1963464338210475224, -0.7619916790178420385, -0.1499999999999999389 ) ) ;
#268 = CARTESIAN_POINT ( 'NONE',  ( -0.4749999999999999223, -1.650000000000004352, 0.002000000000000021726 ) ) ;
#269 = CARTESIAN_POINT ( 'NONE',  ( -0.2909010059449873009, -0.8163002680547698509, -0.1489999999999999380 ) ) ;
#270 = ORIENTED_EDGE ( 'NONE', *, *, #8322, .F. ) ;
#271 = DIRECTION ( 'NONE',  ( 1.000000000000000000, 0.000000000000000000, -0.000000000000000000 ) ) ;
#272 = SURFACE_STYLE_FILL_AREA ( #6766 ) ;
#273 = VERTEX_POINT ( 'NONE', #4387 ) ;
#274 = SURFACE_SIDE_STYLE ('',( #6087 ) ) ;
#275 = EDGE_CURVE ( 'NONE', #770, #6955, #8323, .T. ) ;
#276 = EDGE_CURVE ( 'NONE', #1319, #4540, #7637, .T. ) ;
#277 = CARTESIAN_POINT ( 'NONE',  ( -0.4749999999999999223, -1.650000000000004352, -0.1599999999999999756 ) ) ;
#278 = CARTESIAN_POINT ( 'NONE',  ( 0.1374193669943951646, -0.7679803526526680635, -0.1499999999999999112 ) ) ;
#279 = PLANE ( 'NONE',  #1865 ) ;
#280 = EDGE_LOOP ( 'NONE', ( #7098, #168, #5485, #866 ) ) ;
#281 =( GEOMETRIC_REPRESENTATION_CONTEXT ( 3 ) GLOBAL_UNCERTAINTY_ASSIGNED_CONTEXT ( ( #4022 ) ) GLOBAL_UNIT_ASSIGNED_CONTEXT ( ( #1299, #5878, #661 ) ) REPRESENTATION_CONTEXT ( 'NONE', 'WORKASPACE' ) );
#282 = LINE ( 'NONE', #3458, #2925 ) ;
#283 = FILL_AREA_STYLE ('',( #5974 ) ) ;
#284 = ORIENTED_EDGE ( 'NONE', *, *, #7724, .T. ) ;
#285 = UNCERTAINTY_MEASURE_WITH_UNIT (LENGTH_MEASURE( 1.000000000000000082E-05 ), #8418, 'distance_accuracy_value', 'NONE');
#286 = CARTESIAN_POINT ( 'NONE',  ( 0.08203417585467380480, -0.7610862491323034940, -0.1499999999999999944 ) ) ;
#287 = EDGE_CURVE ( 'NONE', #3885, #819, #2512, .T. ) ;
#288 = VECTOR ( 'NONE', #5730, 1000.000000000000000 ) ;
#289 = CARTESIAN_POINT ( 'NONE',  ( 1.475000000000000533, -1.424999999999999600, -0.1499999999999999944 ) ) ;
#290 = LINE ( 'NONE', #3543, #4703 ) ;
#291 = UNCERTAINTY_MEASURE_WITH_UNIT (LENGTH_MEASURE( 1.000000000000000082E-05 ), #6916, 'distance_accuracy_value', 'NONE');
#293 = SURFACE_STYLE_USAGE ( .BOTH. , #4783 ) ;
#292 =( NAMED_UNIT ( * ) PLANE_ANGLE_UNIT ( ) SI_UNIT ( $, .RADIAN. ) );
#294 = CARTESIAN_POINT ( 'NONE',  ( 0.1289610411130922563, -0.9408039690283505063, -0.1499999999999999944 ) ) ;
#295 = SURFACE_STYLE_FILL_AREA ( #6107 ) ;
#296 = CARTESIAN_POINT ( 'NONE',  ( -0.3960206117715994734, -0.7642577562424258675, -0.1499999999999999944 ) ) ;
#297 = VERTEX_POINT ( 'NONE', #8187 ) ;
#298 = LINE ( 'NONE', #8083, #4563 ) ;
#299 = EDGE_CURVE ( 'NONE', #42, #2767, #5713, .T. ) ;
#300 = SURFACE_STYLE_FILL_AREA ( #2949 ) ;
#301 = ORIENTED_EDGE ( 'NONE', *, *, #2744, .F. ) ;
#302 =( NAMED_UNIT ( * ) PLANE_ANGLE_UNIT ( ) SI_UNIT ( $, .RADIAN. ) );
#303 = FILL_AREA_STYLE ('',( #8014 ) ) ;
#304 = STYLED_ITEM ( 'NONE', ( #6839 ), #8400 ) ;
#305 = SURFACE_STYLE_FILL_AREA ( #3524 ) ;
#306 = PRESENTATION_LAYER_ASSIGNMENT (  '', '', ( #5459 ) ) ;
#307 = DIRECTION ( 'NONE',  ( 1.000000000000000000, 1.421904488505578175E-16, 0.000000000000000000 ) ) ;
#308 = PLANE ( 'NONE',  #4071 ) ;
#309 = ORIENTED_EDGE ( 'NONE', *, *, #6753, .F. ) ;
#310 = CARTESIAN_POINT ( 'NONE',  ( 1.649999999999999911, -0.1000000000000002137, 0.002000000000000021726 ) ) ;
#311 = LINE ( 'NONE', #2873, #1255 ) ;
#312 = ORIENTED_EDGE ( 'NONE', *, *, #548, .F. ) ;
#313 = CARTESIAN_POINT ( 'NONE',  ( -0.2187625956626310375, -0.9361438262662339360, -0.1499999999999999944 ) ) ;
#314 = CARTESIAN_POINT ( 'NONE',  ( -0.2925907337228190741, -0.8373522684375478420, -0.1489999999999999936 ) ) ;
#315 =( GEOMETRIC_REPRESENTATION_CONTEXT ( 3 ) GLOBAL_UNCERTAINTY_ASSIGNED_CONTEXT ( ( #4363 ) ) GLOBAL_UNIT_ASSIGNED_CONTEXT ( ( #1296, #2579, #7843 ) ) REPRESENTATION_CONTEXT ( 'NONE', 'WORKASPACE' ) );
#316 = EDGE_CURVE ( 'NONE', #8321, #926, #581, .T. ) ;
#317 = SURFACE_STYLE_USAGE ( .BOTH. , #7384 ) ;
#318 = CARTESIAN_POINT ( 'NONE',  ( 0.1005876199357175760, -0.7593797074619381693, -0.1499999999999998557 ) ) ;
#319 = MECHANICAL_DESIGN_GEOMETRIC_PRESENTATION_REPRESENTATION (  '', ( #4651 ), #731 ) ;
#320 = PRESENTATION_STYLE_ASSIGNMENT (( #3690 ) ) ;
#321 = ORIENTED_EDGE ( 'NONE', *, *, #6363, .F. ) ;
#322 = CARTESIAN_POINT ( 'NONE',  ( -0.1963464338210475224, -0.7619916790178420385, -0.1499999999999999389 ) ) ;
#323 = LINE ( 'NONE', #411, #1457 ) ;
#324 = ORIENTED_EDGE ( 'NONE', *, *, #1550, .F. ) ;
#325 = ADVANCED_FACE ( 'NONE', ( #6388 ), #1132, .T. ) ;
#326 = CARTESIAN_POINT ( 'NONE',  ( 0.05562740784681299844, -0.9305375086154289432, -0.1489999999999999936 ) ) ;
#327 = DIRECTION ( 'NONE',  ( -0.000000000000000000, -0.000000000000000000, -1.000000000000000000 ) ) ;
#328 = CARTESIAN_POINT ( 'NONE',  ( -1.574992209324916015, 1.426441344127284738, 3.665224457370327722E-05 ) ) ;
#329 = EDGE_CURVE ( 'NONE', #3077, #5915, #3737, .T. ) ;
#330 = COLOUR_RGB ( '',1.000000000000000000, 1.000000000000000000, 1.000000000000000000 ) ;
#331 =( NAMED_UNIT ( * ) SI_UNIT ( $, .STERADIAN. ) SOLID_ANGLE_UNIT ( ) );
#332 = DIRECTION ( 'NONE',  ( -0.000000000000000000, -0.000000000000000000, -1.000000000000000000 ) ) ;
#333 = CARTESIAN_POINT ( 'NONE',  ( -0.8250000000000000666, -1.524999999999999689, 0.000000000000000000 ) ) ;
#334 = VECTOR ( 'NONE', #8178, 1000.000000000000000 ) ;
#335 = SURFACE_SIDE_STYLE ('',( #973 ) ) ;
#336 = ORIENTED_EDGE ( 'NONE', *, *, #2239, .F. ) ;
#337 = AXIS2_PLACEMENT_3D ( 'NONE', #5407, #473, #2994 ) ;
#338 = CARTESIAN_POINT ( 'NONE',  ( -1.225000000000000089, 0.000000000000000000, -0.1499999999999999944 ) ) ;
#339 =( NAMED_UNIT ( * ) SI_UNIT ( $, .STERADIAN. ) SOLID_ANGLE_UNIT ( ) );
#340 = ORIENTED_EDGE ( 'NONE', *, *, #6476, .T. ) ;
#341 = CYLINDRICAL_SURFACE ( 'NONE', #3549, 0.05000000000000012768 ) ;
#342 = CARTESIAN_POINT ( 'NONE',  ( -1.533738302695271338, 1.523753234685352176, 0.005865569638748217678 ) ) ;
#343 = DIRECTION ( 'NONE',  ( 0.000000000000000000, 0.000000000000000000, -1.000000000000000000 ) ) ;
#344 = EDGE_CURVE ( 'NONE', #7587, #3155, #3392, .T. ) ;
#345 = MECHANICAL_DESIGN_GEOMETRIC_PRESENTATION_REPRESENTATION (  '', ( #6585 ), #7963 ) ;
#346 = EDGE_CURVE ( 'NONE', #3250, #988, #848, .T. ) ;
#347 =( GEOMETRIC_REPRESENTATION_CONTEXT ( 3 ) GLOBAL_UNCERTAINTY_ASSIGNED_CONTEXT ( ( #8196 ) ) GLOBAL_UNIT_ASSIGNED_CONTEXT ( ( #5624, #8148, #8234 ) ) REPRESENTATION_CONTEXT ( 'NONE', 'WORKASPACE' ) );
#348 = CARTESIAN_POINT ( 'NONE',  ( 0.1008162784723029837, -0.7374284879497429168, -0.1489999999999999936 ) ) ;
#349 = SURFACE_STYLE_FILL_AREA ( #6794 ) ;
#350 = PRESENTATION_STYLE_ASSIGNMENT (( #3008 ) ) ;
#351 = AXIS2_PLACEMENT_3D ( 'NONE', #1827, #4389, #4472 ) ;
#352 = CARTESIAN_POINT ( 'NONE',  ( 1.464302419751866369, 1.316487659678486022, 0.5207911690817759176 ) ) ;
#353 = SURFACE_STYLE_FILL_AREA ( #3679 ) ;
#354 =( NAMED_UNIT ( * ) PLANE_ANGLE_UNIT ( ) SI_UNIT ( $, .RADIAN. ) );
#355 = ORIENTED_EDGE ( 'NONE', *, *, #169, .F. ) ;
#356 = CARTESIAN_POINT ( 'NONE',  ( 0.1126978213220321268, -0.9201591004895708359, -0.1500000000000000222 ) ) ;
#357 = DIRECTION ( 'NONE',  ( 0.000000000000000000, 0.000000000000000000, -1.000000000000000000 ) ) ;
#358 = PRESENTATION_LAYER_ASSIGNMENT (  '', '', ( #7288 ) ) ;
#359 = VERTEX_POINT ( 'NONE', #3421 ) ;
#360 = SURFACE_SIDE_STYLE ('',( #4238 ) ) ;
#361 = SURFACE_STYLE_USAGE ( .BOTH. , #2877 ) ;
#362 = CARTESIAN_POINT ( 'NONE',  ( 0.09395117377793948954, -0.7374776988498008556, -0.1499999999999999944 ) ) ;
#363 = VECTOR ( 'NONE', #6262, 1000.000000000000000 ) ;
#364 = MECHANICAL_DESIGN_GEOMETRIC_PRESENTATION_REPRESENTATION (  '', ( #3063 ), #2901 ) ;
#365 = STYLED_ITEM ( 'NONE', ( #686 ), #1274 ) ;
#366 = DIRECTION ( 'NONE',  ( 0.000000000000000000, -1.000000000000000000, 0.000000000000000000 ) ) ;
#367 = CARTESIAN_POINT ( 'NONE',  ( 0.1677023833719218648, -0.8006376909477352921, -0.1489999999999999658 ) ) ;
#368 = ORIENTED_EDGE ( 'NONE', *, *, #2090, .T. ) ;
#369 = CARTESIAN_POINT ( 'NONE',  ( -0.01210292884477019541, -0.8276723903887672762, -0.1499999999999999944 ) ) ;
#370 = ORIENTED_EDGE ( 'NONE', *, *, #3110, .F. ) ;
#371 =( GEOMETRIC_REPRESENTATION_CONTEXT ( 3 ) GLOBAL_UNCERTAINTY_ASSIGNED_CONTEXT ( ( #3687 ) ) GLOBAL_UNIT_ASSIGNED_CONTEXT ( ( #4667, #2788, #1513 ) ) REPRESENTATION_CONTEXT ( 'NONE', 'WORKASPACE' ) );
#372 =( LENGTH_UNIT ( ) NAMED_UNIT ( * ) SI_UNIT ( .MILLI., .METRE. ) );
#373 = FILL_AREA_STYLE_COLOUR ( '', #4093 ) ;
#374 = UNCERTAINTY_MEASURE_WITH_UNIT (LENGTH_MEASURE( 1.000000000000000082E-05 ), #7837, 'distance_accuracy_value', 'NONE');
#375 = CARTESIAN_POINT ( 'NONE',  ( 0.05375072969181514393, -0.7721845855107185574, -0.1499999999999999944 ) ) ;
#376 = PLANE ( 'NONE',  #901 ) ;
#377 = AXIS2_PLACEMENT_3D ( 'NONE', #4065, #4624, #5234 ) ;
#378 = EDGE_CURVE ( 'NONE', #2321, #158, #4008, .T. ) ;
#379 = DIRECTION ( 'NONE',  ( 0.000000000000000000, -1.000000000000000000, 0.000000000000000000 ) ) ;
#380 = PLANE ( 'NONE',  #8365 ) ;
#381 = ORIENTED_EDGE ( 'NONE', *, *, #3341, .F. ) ;
#382 = AXIS2_PLACEMENT_3D ( 'NONE', #976, #7486, #1662 ) ;
#384 = CARTESIAN_POINT ( 'NONE',  ( -1.225000000000000089, -0.4999999999999998890, -0.1499999999999999944 ) ) ;
#383 = FACE_OUTER_BOUND ( 'NONE', #5357, .T. ) ;
#385 = PRESENTATION_LAYER_ASSIGNMENT (  '', '', ( #7314 ) ) ;
#386 = LINE ( 'NONE', #2399, #4528 ) ;
#387 = ADVANCED_FACE ( 'NONE', ( #2813 ), #7346, .T. ) ;
#388 = CARTESIAN_POINT ( 'NONE',  ( 0.1806571274186169473, -0.7740579789026226232, -0.1499999999999999667 ) ) ;
#389 =( GEOMETRIC_REPRESENTATION_CONTEXT ( 3 ) GLOBAL_UNCERTAINTY_ASSIGNED_CONTEXT ( ( #2027 ) ) GLOBAL_UNIT_ASSIGNED_CONTEXT ( ( #970, #6140, #331 ) ) REPRESENTATION_CONTEXT ( 'NONE', 'WORKASPACE' ) );
#390 = ORIENTED_EDGE ( 'NONE', *, *, #4411, .T. ) ;
#391 = CARTESIAN_POINT ( 'NONE',  ( -0.3072248800642824462, -0.9398675123399868880, -0.1499999999999999944 ) ) ;
#392 =( GEOMETRIC_REPRESENTATION_CONTEXT ( 3 ) GLOBAL_UNCERTAINTY_ASSIGNED_CONTEXT ( ( #6908 ) ) GLOBAL_UNIT_ASSIGNED_CONTEXT ( ( #6136, #3542, #2157 ) ) REPRESENTATION_CONTEXT ( 'NONE', 'WORKASPACE' ) );
#393 = ORIENTED_EDGE ( 'NONE', *, *, #2287, .T. ) ;
#394 =( LENGTH_UNIT ( ) NAMED_UNIT ( * ) SI_UNIT ( .MILLI., .METRE. ) );
#395 = SURFACE_STYLE_FILL_AREA ( #6196 ) ;
#396 = STYLED_ITEM ( 'NONE', ( #4141 ), #152 ) ;
#397 = DIRECTION ( 'NONE',  ( -1.000000000000000000, -1.445602896647340100E-15, -0.000000000000000000 ) ) ;
#398 = MECHANICAL_DESIGN_GEOMETRIC_PRESENTATION_REPRESENTATION (  '', ( #4315 ), #6088 ) ;
#399 = LINE ( 'NONE', #8216, #8050 ) ;
#400 = DIRECTION ( 'NONE',  ( 0.3536223923290756077, -0.9353882635801357148, 0.000000000000000000 ) ) ;
#401 = VERTEX_POINT ( 'NONE', #4169 ) ;
#402 = EDGE_CURVE ( 'NONE', #88, #554, #7309, .T. ) ;
#403 = CARTESIAN_POINT ( 'NONE',  ( 0.1200623025391542170, -0.9191495866280174898, -0.1499999999999999944 ) ) ;
#404 = CARTESIAN_POINT ( 'NONE',  ( -1.224999999999999867, 1.239999999999999769, 0.002000000000000021726 ) ) ;
#405 = CARTESIAN_POINT ( 'NONE',  ( 0.1087812174966932277, -0.9423065367302307926, -0.1489999999999999936 ) ) ;
#406 = CARTESIAN_POINT ( 'NONE',  ( -1.574999999999999512, -1.524999999999999689, 0.000000000000000000 ) ) ;
#407 = CARTESIAN_POINT ( 'NONE',  ( -0.2657614654301360679, -0.8379239147790112918, -0.1489999999999999936 ) ) ;
#408 = CARTESIAN_POINT ( 'NONE',  ( -1.574999999999999956, 1.525000000000000133, -0.1499999999999999944 ) ) ;
#409 = VERTEX_POINT ( 'NONE', #6649 ) ;
#410 = CARTESIAN_POINT ( 'NONE',  ( 1.649999999999999911, -0.1000000000000002137, -0.1599999999999999756 ) ) ;
#411 = CARTESIAN_POINT ( 'NONE',  ( -0.4749999999999999223, -1.650000000000004352, 0.002000000000000021726 ) ) ;
#412 = ORIENTED_EDGE ( 'NONE', *, *, #8395, .T. ) ;
#413 = DIRECTION ( 'NONE',  ( 0.000000000000000000, 0.000000000000000000, -1.000000000000000000 ) ) ;
#414 =( NAMED_UNIT ( * ) PLANE_ANGLE_UNIT ( ) SI_UNIT ( $, .RADIAN. ) );
#415 = CARTESIAN_POINT ( 'NONE',  ( 0.07029294254485299320, -0.7643010825824890775, -0.1500000000000000222 ) ) ;
#416 = DIRECTION ( 'NONE',  ( -1.445602896647337142E-15, 1.000000000000000000, 0.000000000000000000 ) ) ;
#417 = SURFACE_STYLE_FILL_AREA ( #4985 ) ;
#418 = AXIS2_PLACEMENT_3D ( 'NONE', #2827, #7286, #6113 ) ;
#419 = AXIS2_PLACEMENT_3D ( 'NONE', #1124, #8097, #7457 ) ;
#420 = ADVANCED_FACE ( 'NONE', ( #5421 ), #880, .T. ) ;
#421 = CARTESIAN_POINT ( 'NONE',  ( -1.125000000000000000, -1.649999999999999689, 0.002000000000000021726 ) ) ;
#422 = CYLINDRICAL_SURFACE ( 'NONE', #1320, 0.05000000000000002359 ) ;
#423 = ORIENTED_EDGE ( 'NONE', *, *, #7095, .T. ) ;
#424 = AXIS2_PLACEMENT_3D ( 'NONE', #4487, #54, #6366 ) ;
#425 = CARTESIAN_POINT ( 'NONE',  ( 0.8250000000000008438, 1.289999999999999813, 0.002000000000000021726 ) ) ;
#426 = CARTESIAN_POINT ( 'NONE',  ( 0.05375072969181514393, -0.9295016586814502935, -0.1489999999999999936 ) ) ;
#427 =( LENGTH_UNIT ( ) NAMED_UNIT ( * ) SI_UNIT ( .MILLI., .METRE. ) );
#428 = ORIENTED_EDGE ( 'NONE', *, *, #5986, .T. ) ;
#429 = CARTESIAN_POINT ( 'NONE',  ( 0.1008162784723029837, -0.7374284879497429168, -0.1489999999999999936 ) ) ;
#430 = CARTESIAN_POINT ( 'NONE',  ( -0.2388056725363240096, -0.7763614311816827707, -0.1500000000000000500 ) ) ;
#431 = ORIENTED_EDGE ( 'NONE', *, *, #2084, .T. ) ;
#432 = CARTESIAN_POINT ( 'NONE',  ( 1.575000000000000178, -0.1000000000000004774, 8.282018960161523230E-17 ) ) ;
#433 = SURFACE_STYLE_USAGE ( .BOTH. , #7447 ) ;
#434 = ORIENTED_EDGE ( 'NONE', *, *, #7957, .F. ) ;
#435 = SURFACE_SIDE_STYLE ('',( #3634 ) ) ;
#436 = CARTESIAN_POINT ( 'NONE',  ( -1.225000000000000089, -0.4999999999999998890, 0.002000000000000021726 ) ) ;
#437 = EDGE_CURVE ( 'NONE', #1649, #2051, #759, .T. ) ;
#438 = FILL_AREA_STYLE_COLOUR ( '', #2501 ) ;
#439 = STYLED_ITEM ( 'NONE', ( #3723 ), #4152 ) ;
#440 = CARTESIAN_POINT ( 'NONE',  ( -0.3953727459179409709, -0.7642577562424258675, -0.1499999999999999944 ) ) ;
#441 =( NAMED_UNIT ( * ) SI_UNIT ( $, .STERADIAN. ) SOLID_ANGLE_UNIT ( ) );
#442 = CYLINDRICAL_SURFACE ( 'NONE', #5734, 0.1000000000000000472 ) ;
#443 = DIRECTION ( 'NONE',  ( -1.000000000000000000, -0.000000000000000000, 0.000000000000000000 ) ) ;
#444 = ORIENTED_EDGE ( 'NONE', *, *, #2438, .T. ) ;
#445 = AXIS2_PLACEMENT_3D ( 'NONE', #3605, #2414, #1717 ) ;
#446 = EDGE_CURVE ( 'NONE', #3459, #6571, #2421, .T. ) ;
#447 = CARTESIAN_POINT ( 'NONE',  ( 0.1050845711552298029, -0.9203553172180356512, -0.1499999999999999944 ) ) ;
#448 = DIRECTION ( 'NONE',  ( 0.000000000000000000, 1.000000000000000000, 0.000000000000000000 ) ) ;
#449 =( NAMED_UNIT ( * ) PLANE_ANGLE_UNIT ( ) SI_UNIT ( $, .RADIAN. ) );
#450 = DIRECTION ( 'NONE',  ( -1.327594496921025717E-16, -1.000000000000000000, 0.000000000000000000 ) ) ;
#451 =( NAMED_UNIT ( * ) PLANE_ANGLE_UNIT ( ) SI_UNIT ( $, .RADIAN. ) );
#452 = PLANE ( 'NONE',  #7982 ) ;
#453 = MECHANICAL_DESIGN_GEOMETRIC_PRESENTATION_REPRESENTATION (  '', ( #7641 ), #1546 ) ;
#454 = CARTESIAN_POINT ( 'NONE',  ( -1.574999999999999512, -0.1000000000000004774, 1.511055969499008471E-21 ) ) ;
#455 =( NAMED_UNIT ( * ) PLANE_ANGLE_UNIT ( ) SI_UNIT ( $, .RADIAN. ) );
#456 = FILL_AREA_STYLE ('',( #6128 ) ) ;
#457 = FILL_AREA_STYLE ('',( #1648 ) ) ;
#458 = SURFACE_STYLE_USAGE ( .BOTH. , #1685 ) ;
#459 = ORIENTED_EDGE ( 'NONE', *, *, #5841, .F. ) ;
#460 =( NAMED_UNIT ( * ) SI_UNIT ( $, .STERADIAN. ) SOLID_ANGLE_UNIT ( ) );
#461 = CARTESIAN_POINT ( 'NONE',  ( 0.08810123292271863915, -0.7601229269897402663, -0.1489999999999999658 ) ) ;
#462 = VECTOR ( 'NONE', #2450, 1000.000000000000000 ) ;
#463 = LINE ( 'NONE', #1098, #363 ) ;
#464 = ADVANCED_FACE ( 'NONE', ( #2974 ), #2344, .F. ) ;
#465 = SURFACE_SIDE_STYLE ('',( #2349 ) ) ;
#466 = ORIENTED_EDGE ( 'NONE', *, *, #8016, .T. ) ;
#467 = VECTOR ( 'NONE', #5609, 1000.000000000000000 ) ;
#468 = FILL_AREA_STYLE_COLOUR ( '', #5812 ) ;
#469 = FACE_OUTER_BOUND ( 'NONE', #3208, .T. ) ;
#470 = PLANE ( 'NONE',  #3893 ) ;
#471 = ORIENTED_EDGE ( 'NONE', *, *, #7065, .F. ) ;
#472 = PLANE ( 'NONE',  #231 ) ;
#473 = DIRECTION ( 'NONE',  ( 1.000000000000000000, 0.000000000000000000, -0.000000000000000000 ) ) ;
#474 = VERTEX_POINT ( 'NONE', #6257 ) ;
#475 = STYLED_ITEM ( 'NONE', ( #1581 ), #132 ) ;
#476 = SURFACE_SIDE_STYLE ('',( #6830 ) ) ;
#477 = ORIENTED_EDGE ( 'NONE', *, *, #1463, .T. ) ;
#478 = UNCERTAINTY_MEASURE_WITH_UNIT (LENGTH_MEASURE( 1.000000000000000082E-05 ), #5160, 'distance_accuracy_value', 'NONE');
#479 = DIRECTION ( 'NONE',  ( 0.000000000000000000, -0.000000000000000000, -1.000000000000000000 ) ) ;
#480 = DIRECTION ( 'NONE',  ( 1.000000000000000000, 0.000000000000000000, 0.000000000000000000 ) ) ;
#481 = FILL_AREA_STYLE ('',( #6328 ) ) ;
#482 =( LENGTH_UNIT ( ) NAMED_UNIT ( * ) SI_UNIT ( .MILLI., .METRE. ) );
#483 = EDGE_CURVE ( 'NONE', #5688, #1408, #323, .T. ) ;
#484 =( NAMED_UNIT ( * ) SI_UNIT ( $, .STERADIAN. ) SOLID_ANGLE_UNIT ( ) );
#485 =( NAMED_UNIT ( * ) SI_UNIT ( $, .STERADIAN. ) SOLID_ANGLE_UNIT ( ) );
#486 = FACE_OUTER_BOUND ( 'NONE', #4474, .T. ) ;
#487 = CARTESIAN_POINT ( 'NONE',  ( -1.574999999999999956, 1.525000000000000133, 0.000000000000000000 ) ) ;
#488 = ORIENTED_EDGE ( 'NONE', *, *, #7868, .T. ) ;
#489 = STYLED_ITEM ( 'NONE', ( #2434 ), #6605 ) ;
#490 = FILL_AREA_STYLE ('',( #1126 ) ) ;
#491 = CARTESIAN_POINT ( 'NONE',  ( 1.225000000000000089, 0.09999999999999964473, -0.1499999999999999944 ) ) ;
#492 = CARTESIAN_POINT ( 'NONE',  ( 0.1122530298069935178, -0.9422291053132605398, -0.1489999999999999936 ) ) ;
#493 = FILL_AREA_STYLE_COLOUR ( '', #3757 ) ;
#494 = UNCERTAINTY_MEASURE_WITH_UNIT (LENGTH_MEASURE( 1.000000000000000082E-05 ), #2283, 'distance_accuracy_value', 'NONE');
#495 = SURFACE_STYLE_FILL_AREA ( #2381 ) ;
#496 = EDGE_CURVE ( 'NONE', #7081, #3880, #4929, .T. ) ;
#497 = VECTOR ( 'NONE', #8336, 1000.000000000000000 ) ;
#498 = DIRECTION ( 'NONE',  ( -0.2035585949527793370, -0.2035585949527793370, 0.9576678948579724349 ) ) ;
#499 = PRESENTATION_LAYER_ASSIGNMENT (  '', '', ( #7414 ) ) ;
#500 = CARTESIAN_POINT ( 'NONE',  ( -0.2388056725363240096, -0.7763614311816827707, -0.1500000000000000500 ) ) ;
#501 =( NAMED_UNIT ( * ) SI_UNIT ( $, .STERADIAN. ) SOLID_ANGLE_UNIT ( ) );
#502 = ORIENTED_EDGE ( 'NONE', *, *, #5216, .T. ) ;
#503 = FILL_AREA_STYLE_COLOUR ( '', #7078 ) ;
#504 = COLOUR_RGB ( '',0.000000000000000000, 0.000000000000000000, 0.000000000000000000 ) ;
#505 = AXIS2_PLACEMENT_3D ( 'NONE', #3453, #4085, #5449 ) ;
#506 = CARTESIAN_POINT ( 'NONE',  ( 0.08560912180127079607, -0.9406142047410765983, -0.1500000000000000222 ) ) ;
#507 = VECTOR ( 'NONE', #853, 1000.000000000000000 ) ;
#508 = CARTESIAN_POINT ( 'NONE',  ( -1.475000000000000089, -0.1000000000000000194, 0.002000000000000021726 ) ) ;
#509 = STYLED_ITEM ( 'NONE', ( #3675 ), #958 ) ;
#510 = ORIENTED_EDGE ( 'NONE', *, *, #891, .F. ) ;
#511 = COLOUR_RGB ( '',0.000000000000000000, 0.000000000000000000, 0.000000000000000000 ) ;
#513 = CARTESIAN_POINT ( 'NONE',  ( -0.4877126849423312205, -0.9398675123399868880, -0.1499999999999999944 ) ) ;
#512 = CARTESIAN_POINT ( 'NONE',  ( -0.2698756426051533430, -0.9047325862632161764, -0.1500000000000000500 ) ) ;
#514 = EDGE_CURVE ( 'NONE', #4288, #4378, #4976, .T. ) ;
#515 = VECTOR ( 'NONE', #4585, 1000.000000000000000 ) ;
#516 = PLANE ( 'NONE',  #769 ) ;
#517 = ORIENTED_EDGE ( 'NONE', *, *, #3581, .T. ) ;
#518 = PRESENTATION_STYLE_ASSIGNMENT (( #6360 ) ) ;
#519 = ORIENTED_EDGE ( 'NONE', *, *, #5360, .F. ) ;
#520 = PRESENTATION_STYLE_ASSIGNMENT (( #8205 ) ) ;
#521 = VECTOR ( 'NONE', #557, 1000.000000000000000 ) ;
#522 = VERTEX_POINT ( 'NONE', #5586 ) ;
#523 = PLANE ( 'NONE',  #4501 ) ;
#524 = DIRECTION ( 'NONE',  ( 1.421904488505579654E-16, -1.000000000000000000, 0.000000000000000000 ) ) ;
#525 = CARTESIAN_POINT ( 'NONE',  ( 0.05858845653520284441, -0.7433915772342990502, -0.1489999999999999936 ) ) ;
#526 = B_SPLINE_CURVE_WITH_KNOTS ( 'NONE', 3,
 ( #7869, #2040, #4612, #7226, #5944, #2701, #7908, #1459, #5980, #808, #4134, #2984, #932, #4212, #7513, #1692, #1654, #2310, #7394 ),
 .UNSPECIFIED., .F., .F.,
 ( 4, 1, 1, 1, 1, 1, 1, 1, 1, 1, 1, 1, 1, 1, 1, 1, 4 ),
 ( 0.000000000000000000, 0.06806869584499396220, 0.1334274328189551384, 0.1961460338131564285, 0.2570485924493125518, 0.3168826631591617482, 0.3761872086663214931, 0.4359603353635463363, 0.4965352368627258817, 0.5574653434807327335, 0.6176868634101467803, 0.6779436406969059359, 0.7388052848060401301, 0.8009493367665837527, 0.8648146674702262837, 0.9310247810786567157, 1.000000000000000000 ),
 .UNSPECIFIED. ) ;
#527 = COLOUR_RGB ( '',0.2509803921568627416, 0.2509803921568627416, 0.2509803921568627416 ) ;
#528 = EDGE_CURVE ( 'NONE', #409, #3077, #7548, .T. ) ;
#529 = CARTESIAN_POINT ( 'NONE',  ( 0.2952141443259615472, -0.7398675123399868214, -0.1489999999999999936 ) ) ;
#530 = ORIENTED_EDGE ( 'NONE', *, *, #7519, .T. ) ;
#531 = STYLED_ITEM ( 'NONE', ( #1925 ), #4566 ) ;
#532 = SURFACE_SIDE_STYLE ('',( #2962 ) ) ;
#533 = VERTEX_POINT ( 'NONE', #7506 ) ;
#534 = SURFACE_SIDE_STYLE ('',( #8179 ) ) ;
#535 = ADVANCED_FACE ( 'NONE', ( #1093 ), #2927, .T. ) ;
#536 = CARTESIAN_POINT ( 'NONE',  ( 0.2196043882284005599, -0.9398675123399868880, -0.1489999999999999936 ) ) ;
#537 = DIRECTION ( 'NONE',  ( 1.000000000000000000, 0.000000000000000000, 0.000000000000000000 ) ) ;
#538 = STYLED_ITEM ( 'NONE', ( #1390 ), #5023 ) ;
#539 = CARTESIAN_POINT ( 'NONE',  ( 0.1729078788055688487, -0.8158096817682091162, -0.1499999999999998002 ) ) ;
#540 = DIRECTION ( 'NONE',  ( -1.000000000000000000, -1.445602896647340100E-15, -0.000000000000000000 ) ) ;
#541 = DIRECTION ( 'NONE',  ( 0.000000000000000000, 1.000000000000000000, -7.111473729081418971E-14 ) ) ;
#542 = LINE ( 'NONE', #1178, #7789 ) ;
#543 = ORIENTED_EDGE ( 'NONE', *, *, #1087, .T. ) ;
#544 = CARTESIAN_POINT ( 'NONE',  ( -0.1750000000000001277, -1.650000000000003908, -0.1599999999999999756 ) ) ;
#545 = DIRECTION ( 'NONE',  ( 0.000000000000000000, 1.000000000000000000, 0.000000000000000000 ) ) ;
#546 = VECTOR ( 'NONE', #1054, 1000.000000000000000 ) ;
#547 = B_SPLINE_CURVE_WITH_KNOTS ( 'NONE', 3,
 ( #405, #492, #3058, #1940, #6466, #1350, #6513, #4497, #4591, #2676, #5102, #6701, #7796, #662, #3945, #3183, #1975, #3235, #3312 ),
 .UNSPECIFIED., .F., .F.,
 ( 4, 1, 1, 1, 1, 1, 1, 1, 1, 1, 1, 1, 1, 1, 1, 1, 4 ),
 ( 0.000000000000000000, 0.06783324845577359818, 0.1326555365079041815, 0.1950508840508280162, 0.2555829330687772183, 0.3147998341472900141, 0.3736004728263745411, 0.4325455953267435816, 0.4924306292835651799, 0.5526712559629693988, 0.6125130441881166954, 0.6726102503570062785, 0.7338383693139460817, 0.7965942385677740045, 0.8614497992905736368, 0.9291989423509054991, 1.000000000000000000 ),
 .UNSPECIFIED. ) ;
#548 = EDGE_CURVE ( 'NONE', #5482, #6189, #5249, .T. ) ;
#549 = CARTESIAN_POINT ( 'NONE',  ( 0.8250000000000006217, 1.525000000000000133, -0.1499999999999999944 ) ) ;
#550 = EDGE_LOOP ( 'NONE', ( #5931, #6071, #7648, #1892 ) ) ;
#551 = EDGE_CURVE ( 'NONE', #2885, #2404, #1988, .T. ) ;
#552 = CARTESIAN_POINT ( 'NONE',  ( -1.225000000000000089, 0.09999999999999993616, 0.002000000000000021726 ) ) ;
#553 = SURFACE_STYLE_USAGE ( .BOTH. , #7052 ) ;
#554 = VERTEX_POINT ( 'NONE', #1358 ) ;
#555 = FILL_AREA_STYLE ('',( #5820 ) ) ;
#556 = ORIENTED_EDGE ( 'NONE', *, *, #2208, .F. ) ;
#557 = DIRECTION ( 'NONE',  ( -0.000000000000000000, -0.000000000000000000, -1.000000000000000000 ) ) ;
#558 = COLOUR_RGB ( '',0.000000000000000000, 0.000000000000000000, 0.000000000000000000 ) ;
#559 = EDGE_LOOP ( 'NONE', ( #6683, #1902, #5343, #5798 ) ) ;
#560 = UNCERTAINTY_MEASURE_WITH_UNIT (LENGTH_MEASURE( 1.000000000000000082E-05 ), #2011, 'distance_accuracy_value', 'NONE');
#561 = PRESENTATION_STYLE_ASSIGNMENT (( #58 ) ) ;
#562 = FILL_AREA_STYLE ('',( #3933 ) ) ;
#563 = VECTOR ( 'NONE', #3028, 1000.000000000000000 ) ;
#564 = FILL_AREA_STYLE ('',( #6370 ) ) ;
#565 = CARTESIAN_POINT ( 'NONE',  ( 0.05534275439394591156, -0.7447090792918606983, -0.1489999999999999658 ) ) ;
#566 = ADVANCED_FACE ( 'NONE', ( #1308 ), #3915, .F. ) ;
#567 = LINE ( 'NONE', #4412, #6961 ) ;
#568 = PLANE ( 'NONE',  #8354 ) ;
#569 = VERTEX_POINT ( 'NONE', #7850 ) ;
#570 = FILL_AREA_STYLE ('',( #5787 ) ) ;
#571 = CARTESIAN_POINT ( 'NONE',  ( 0.8250000000000006217, 1.524574886876660207, 0.002000000000000021726 ) ) ;
#572 = CARTESIAN_POINT ( 'NONE',  ( 0.1336742004118508520, -0.9151947395600343871, -0.1500000000000000500 ) ) ;
#573 = DIRECTION ( 'NONE',  ( -1.000000000000000000, 0.000000000000000000, 0.000000000000000000 ) ) ;
#574 = DIRECTION ( 'NONE',  ( 1.000000000000000000, 0.000000000000000000, 0.000000000000000000 ) ) ;
#575 = FILL_AREA_STYLE ('',( #1944 ) ) ;
#576 =( GEOMETRIC_REPRESENTATION_CONTEXT ( 3 ) GLOBAL_UNCERTAINTY_ASSIGNED_CONTEXT ( ( #1365 ) ) GLOBAL_UNIT_ASSIGNED_CONTEXT ( ( #394, #1629, #4826 ) ) REPRESENTATION_CONTEXT ( 'NONE', 'WORKASPACE' ) );
#577 = CARTESIAN_POINT ( 'NONE',  ( 0.05375072969181514393, -0.7721845855107185574, -0.1489999999999999936 ) ) ;
#578 = DIRECTION ( 'NONE',  ( -0.000000000000000000, 0.000000000000000000, -1.000000000000000000 ) ) ;
#579 = ORIENTED_EDGE ( 'NONE', *, *, #4844, .F. ) ;
#580 = CARTESIAN_POINT ( 'NONE',  ( -0.7750000000000004663, 1.239999999999999769, -0.1499999999999999944 ) ) ;
#581 = LINE ( 'NONE', #7727, #7483 ) ;
#582 =( LENGTH_UNIT ( ) NAMED_UNIT ( * ) SI_UNIT ( .MILLI., .METRE. ) );
#583 = UNCERTAINTY_MEASURE_WITH_UNIT (LENGTH_MEASURE( 1.000000000000000082E-05 ), #1443, 'distance_accuracy_value', 'NONE');
#584 = CARTESIAN_POINT ( 'NONE',  ( 0.1986952455278262475, -0.8104398148915027411, -0.1489999999999999380 ) ) ;
#585 = LINE ( 'NONE', #1271, #8369 ) ;
#586 = ORIENTED_EDGE ( 'NONE', *, *, #5947, .T. ) ;
#587 = ADVANCED_FACE ( 'NONE', ( #5709 ), #7080, .T. ) ;
#588 = B_SPLINE_SURFACE_WITH_KNOTS ( 'NONE', 3, 1, ( 
 ( #7019, #102 ),
 ( #1206, #4450 ),
 ( #3848, #7061 ),
 ( #6452, #3758 ),
 ( #11, #3127 ),
 ( #2573, #5184 ),
 ( #7784, #7149 ) ),
 .UNSPECIFIED., .F., .F., .F.,
 ( 4, 1, 1, 1, 4 ),
 ( 2, 2 ),
 ( 0.000000000000000000, 0.3005411131585146722, 0.5677471464836012505, 0.8000336137369817857, 1.000000000000000000 ),
 ( 0.000000000000000000, 1.000000000000000000 ),
 .UNSPECIFIED. ) ;
#589 = ORIENTED_EDGE ( 'NONE', *, *, #4046, .F. ) ;
#590 = CARTESIAN_POINT ( 'NONE',  ( -0.2909044734364769624, -0.8593408672129252412, -0.1489999999999999380 ) ) ;
#591 = ORIENTED_EDGE ( 'NONE', *, *, #596, .F. ) ;
#592 = STYLED_ITEM ( 'NONE', ( #5965 ), #611 ) ;
#593 = PRESENTATION_STYLE_ASSIGNMENT (( #6491 ) ) ;
#594 = AXIS2_PLACEMENT_3D ( 'NONE', #2446, #7659, #8345 ) ;
#595 = CARTESIAN_POINT ( 'NONE',  ( -0.3968096892269434295, -0.7686321349677119885, -0.1489999999999998825 ) ) ;
#596 = EDGE_CURVE ( 'NONE', #1264, #3288, #542, .T. ) ;
#597 = VERTEX_POINT ( 'NONE', #616 ) ;
#598 = FACE_OUTER_BOUND ( 'NONE', #5075, .T. ) ;
#599 = DIRECTION ( 'NONE',  ( 1.000000000000000000, 0.000000000000000000, 0.000000000000000000 ) ) ;
#600 = ORIENTED_EDGE ( 'NONE', *, *, #2391, .T. ) ;
#601 = PRESENTATION_STYLE_ASSIGNMENT (( #5136 ) ) ;
#602 =( NAMED_UNIT ( * ) PLANE_ANGLE_UNIT ( ) SI_UNIT ( $, .RADIAN. ) );
#603 = FACE_OUTER_BOUND ( 'NONE', #2145, .T. ) ;
#604 = LINE ( 'NONE', #5089, #2639 ) ;
#605 =( GEOMETRIC_REPRESENTATION_CONTEXT ( 3 ) GLOBAL_UNCERTAINTY_ASSIGNED_CONTEXT ( ( #6820 ) ) GLOBAL_UNIT_ASSIGNED_CONTEXT ( ( #4438, #8331, #3792 ) ) REPRESENTATION_CONTEXT ( 'NONE', 'WORKASPACE' ) );
#606 = FACE_OUTER_BOUND ( 'NONE', #4794, .T. ) ;
#607 = ORIENTED_EDGE ( 'NONE', *, *, #4863, .F. ) ;
#608 = PLANE ( 'NONE',  #5558 ) ;
#609 =( NAMED_UNIT ( * ) PLANE_ANGLE_UNIT ( ) SI_UNIT ( $, .RADIAN. ) );
#610 = SURFACE_STYLE_USAGE ( .BOTH. , #7163 ) ;
#611 = ADVANCED_FACE ( 'NONE', ( #5888 ), #3733, .T. ) ;
#612 = MECHANICAL_DESIGN_GEOMETRIC_PRESENTATION_REPRESENTATION (  '', ( #2354 ), #4417 ) ;
#613 = FILL_AREA_STYLE_COLOUR ( '', #7430 ) ;
#614 = CARTESIAN_POINT ( 'NONE',  ( 0.1745477116114690364, -0.8241094047014212443, -0.1490000000000000213 ) ) ;
#615 = VECTOR ( 'NONE', #7077, 1000.000000000000000 ) ;
#616 = CARTESIAN_POINT ( 'NONE',  ( 1.125000000000000888, 1.525000000000000133, -0.1499999999999999944 ) ) ;
#617 = ORIENTED_EDGE ( 'NONE', *, *, #1796, .T. ) ;
#618 = VECTOR ( 'NONE', #6430, 1000.000000000000000 ) ;
#619 = DIRECTION ( 'NONE',  ( 1.000000000000000000, 0.000000000000000000, 0.000000000000000000 ) ) ;
#620 =( NAMED_UNIT ( * ) PLANE_ANGLE_UNIT ( ) SI_UNIT ( $, .RADIAN. ) );
#621 = VERTEX_POINT ( 'NONE', #3369 ) ;
#622 = CARTESIAN_POINT ( 'NONE',  ( -0.4750000000000008105, 1.525000000000000133, 0.000000000000000000 ) ) ;
#623 = VECTOR ( 'NONE', #1788, 1000.000000000000000 ) ;
#624 = DIRECTION ( 'NONE',  ( 1.000000000000000000, 0.000000000000000000, 0.000000000000000000 ) ) ;
#625 =( GEOMETRIC_REPRESENTATION_CONTEXT ( 3 ) GLOBAL_UNCERTAINTY_ASSIGNED_CONTEXT ( ( #4045 ) ) GLOBAL_UNIT_ASSIGNED_CONTEXT ( ( #2954, #4370, #6834 ) ) REPRESENTATION_CONTEXT ( 'NONE', 'WORKASPACE' ) );
#626 = DIRECTION ( 'NONE',  ( -1.000000000000000000, 0.000000000000000000, 0.000000000000000000 ) ) ;
#627 = ORIENTED_EDGE ( 'NONE', *, *, #4549, .T. ) ;
#628 = FILL_AREA_STYLE_COLOUR ( '', #4251 ) ;
#629 = ORIENTED_EDGE ( 'NONE', *, *, #4176, .F. ) ;
#630 = VECTOR ( 'NONE', #4047, 1000.000000000000000 ) ;
#631 = UNCERTAINTY_MEASURE_WITH_UNIT (LENGTH_MEASURE( 1.000000000000000082E-05 ), #2061, 'distance_accuracy_value', 'NONE');
#633 = LINE ( 'NONE', #7135, #7261 ) ;
#632 = CARTESIAN_POINT ( 'NONE',  ( -0.2811531646257120487, -0.8883335658390242306, -0.1500000000000000222 ) ) ;
#634 = ORIENTED_EDGE ( 'NONE', *, *, #7627, .F. ) ;
#635 = ADVANCED_FACE ( 'NONE', ( #1482 ), #5333, .T. ) ;
#636 = CARTESIAN_POINT ( 'NONE',  ( 0.09790757134326000255, -0.9202610889903038993, -0.1490000000000000213 ) ) ;
#637 = EDGE_CURVE ( 'NONE', #4301, #4145, #2684, .T. ) ;
#638 =( GEOMETRIC_REPRESENTATION_CONTEXT ( 3 ) GLOBAL_UNCERTAINTY_ASSIGNED_CONTEXT ( ( #2484 ) ) GLOBAL_UNIT_ASSIGNED_CONTEXT ( ( #5329, #4675, #6593 ) ) REPRESENTATION_CONTEXT ( 'NONE', 'WORKASPACE' ) );
#639 = COLOUR_RGB ( '',0.000000000000000000, 0.000000000000000000, 0.000000000000000000 ) ;
#640 = VECTOR ( 'NONE', #2006, 1000.000000000000000 ) ;
#641 = CARTESIAN_POINT ( 'NONE',  ( -0.3991075020155019915, -0.7782821464863283190, -0.1499999999999999944 ) ) ;
#642 = SURFACE_STYLE_FILL_AREA ( #555 ) ;
#643 = SURFACE_STYLE_FILL_AREA ( #3041 ) ;
#644 = CARTESIAN_POINT ( 'NONE',  ( -1.574999999999999734, 0.1000000000000002554, 1.831415196026241640E-21 ) ) ;
#645 = ORIENTED_EDGE ( 'NONE', *, *, #3486, .T. ) ;
#646 = VECTOR ( 'NONE', #1384, 1000.000000000000000 ) ;
#647 = VECTOR ( 'NONE', #4711, 1000.000000000000000 ) ;
#648 = UNCERTAINTY_MEASURE_WITH_UNIT (LENGTH_MEASURE( 1.000000000000000082E-05 ), #7403, 'distance_accuracy_value', 'NONE');
#649 = DIRECTION ( 'NONE',  ( -1.000000000000000000, -1.445602896647337142E-15, 0.000000000000000000 ) ) ;
#650 = PRESENTATION_STYLE_ASSIGNMENT (( #5183 ) ) ;
#651 = EDGE_CURVE ( 'NONE', #5915, #401, #236, .T. ) ;
#652 = LINE ( 'NONE', #1929, #95 ) ;
#653 = CARTESIAN_POINT ( 'NONE',  ( -0.2269445248349260535, -0.9098151696096695717, -0.1499999999999999944 ) ) ;
#654 =( LENGTH_UNIT ( ) NAMED_UNIT ( * ) SI_UNIT ( .MILLI., .METRE. ) );
#655 = SURFACE_SIDE_STYLE ('',( #2447 ) ) ;
#656 = ORIENTED_EDGE ( 'NONE', *, *, #5809, .T. ) ;
#657 = PRESENTATION_LAYER_ASSIGNMENT (  '', '', ( #7988 ) ) ;
#658 = CARTESIAN_POINT ( 'NONE',  ( 1.626303258728298806E-16, 0.1000000000000025036, -0.1499999999999999944 ) ) ;
#659 = PRESENTATION_STYLE_ASSIGNMENT (( #8310 ) ) ;
#660 = VERTEX_POINT ( 'NONE', #831 ) ;
#661 =( NAMED_UNIT ( * ) SI_UNIT ( $, .STERADIAN. ) SOLID_ANGLE_UNIT ( ) );
#662 = CARTESIAN_POINT ( 'NONE',  ( 0.1963379214042038357, -0.8837856914465193059, -0.1490000000000000213 ) ) ;
#663 = UNCERTAINTY_MEASURE_WITH_UNIT (LENGTH_MEASURE( 1.000000000000000082E-05 ), #2657, 'distance_accuracy_value', 'NONE');
#664 = LINE ( 'NONE', #5197, #938 ) ;
#665 = PRESENTATION_LAYER_ASSIGNMENT (  '', '', ( #5665 ) ) ;
#666 = FILL_AREA_STYLE_COLOUR ( '', #2890 ) ;
#667 = AXIS2_PLACEMENT_3D ( 'NONE', #3037, #1236, #3794 ) ;
#668 = CARTESIAN_POINT ( 'NONE',  ( 0.05858845653520284441, -0.7433915772342990502, -0.1499999999999999944 ) ) ;
#669 = ADVANCED_FACE ( 'NONE', ( #7889 ), #4635, .T. ) ;
#670 = CARTESIAN_POINT ( 'NONE',  ( 0.08810123292271863915, -0.7601229269897402663, -0.1489999999999999658 ) ) ;
#671 = DIRECTION ( 'NONE',  ( 0.2035585949527790595, 0.2035585949527795313, 0.9576678948579726569 ) ) ;
#672 = MECHANICAL_DESIGN_GEOMETRIC_PRESENTATION_REPRESENTATION (  '', ( #5127 ), #8408 ) ;
#673 = CARTESIAN_POINT ( 'NONE',  ( -0.1859977459179409376, -0.9398675123399868880, -0.1499999999999999944 ) ) ;
#674 = FACE_OUTER_BOUND ( 'NONE', #5412, .T. ) ;
#675 = ORIENTED_EDGE ( 'NONE', *, *, #3940, .F. ) ;
#676 = PRESENTATION_LAYER_ASSIGNMENT (  '', '', ( #4988 ) ) ;
#677 = UNCERTAINTY_MEASURE_WITH_UNIT (LENGTH_MEASURE( 1.000000000000000082E-05 ), #7750, 'distance_accuracy_value', 'NONE');
#678 = DIRECTION ( 'NONE',  ( 1.000000000000000000, 0.000000000000000000, 0.000000000000000000 ) ) ;
#679 = CARTESIAN_POINT ( 'NONE',  ( 1.366487659678485622, 1.316487659678485800, 0.5999999999999999778 ) ) ;
#680 = ORIENTED_EDGE ( 'NONE', *, *, #2159, .F. ) ;
#681 = FACE_OUTER_BOUND ( 'NONE', #7865, .T. ) ;
#682 = VERTEX_POINT ( 'NONE', #2912 ) ;
#684 = CARTESIAN_POINT ( 'NONE',  ( -0.3968096892269434295, -0.7686321349677119885, -0.1499999999999998834 ) ) ;
#683 = CARTESIAN_POINT ( 'NONE',  ( -0.2923516291628825425, -0.8485344281971798353, -0.1490000000000000213 ) ) ;
#685 = VERTEX_POINT ( 'NONE', #2870 ) ;
#686 = PRESENTATION_STYLE_ASSIGNMENT (( #4743 ) ) ;
#687 = ORIENTED_EDGE ( 'NONE', *, *, #3571, .F. ) ;
#688 =( NAMED_UNIT ( * ) SI_UNIT ( $, .STERADIAN. ) SOLID_ANGLE_UNIT ( ) );
#689 = PRESENTATION_STYLE_ASSIGNMENT (( #6500 ) ) ;
#690 = CARTESIAN_POINT ( 'NONE',  ( -0.2577458567578621573, -0.8787049600158820528, -0.1499999999999999667 ) ) ;
#691 = CARTESIAN_POINT ( 'NONE',  ( -0.01210292884477019541, -0.8276723903887672762, -0.1489999999999999936 ) ) ;
#692 = SURFACE_STYLE_USAGE ( .BOTH. , #655 ) ;
#693 = VERTEX_POINT ( 'NONE', #1675 ) ;
#694 = PLANE ( 'NONE',  #377 ) ;
#695 = SURFACE_SIDE_STYLE ('',( #7200 ) ) ;
#696 = LINE ( 'NONE', #5007, #1108 ) ;
#697 = ORIENTED_EDGE ( 'NONE', *, *, #2339, .T. ) ;
#698 = LINE ( 'NONE', #3182, #5843 ) ;
#699 = PRESENTATION_STYLE_ASSIGNMENT (( #5239 ) ) ;
#700 = DIRECTION ( 'NONE',  ( 0.000000000000000000, 0.000000000000000000, -1.000000000000000000 ) ) ;
#701 = CARTESIAN_POINT ( 'NONE',  ( 0.05375072969181514393, -0.7453553172180356068, -0.1489999999999999936 ) ) ;
#702 = CARTESIAN_POINT ( 'NONE',  ( -0.1898258893137425574, -0.9397982512647558018, -0.1489999999999999936 ) ) ;
#703 = DIRECTION ( 'NONE',  ( 1.000000000000000000, 0.000000000000000000, 0.000000000000000000 ) ) ;
#704 = ADVANCED_FACE ( 'NONE', ( #6154 ), #4329, .T. ) ;
#705 = MECHANICAL_DESIGN_GEOMETRIC_PRESENTATION_REPRESENTATION (  '', ( #1112 ), #1656 ) ;
#706 =( NAMED_UNIT ( * ) PLANE_ANGLE_UNIT ( ) SI_UNIT ( $, .RADIAN. ) );
#707 = VERTEX_POINT ( 'NONE', #3680 ) ;
#708 = CARTESIAN_POINT ( 'NONE',  ( 0.1219026759160977691, -0.7390869939063677840, -0.1499999999999999389 ) ) ;
#709 = FILL_AREA_STYLE ('',( #750 ) ) ;
#710 = ORIENTED_EDGE ( 'NONE', *, *, #82, .T. ) ;
#711 = CARTESIAN_POINT ( 'NONE',  ( 0.8250000000000005107, 1.649999999999999023, 0.002000000000000021726 ) ) ;
#712 = FILL_AREA_STYLE_COLOUR ( '', #6863 ) ;
#713 = STYLED_ITEM ( 'NONE', ( #7214 ), #4096 ) ;
#714 = CARTESIAN_POINT ( 'NONE',  ( 0.000000000000000000, 0.000000000000000000, 0.002000000000000021726 ) ) ;
#715 = ORIENTED_EDGE ( 'NONE', *, *, #1681, .F. ) ;
#716 = FACE_OUTER_BOUND ( 'NONE', #3436, .T. ) ;
#717 = ORIENTED_EDGE ( 'NONE', *, *, #3129, .T. ) ;
#718 = CARTESIAN_POINT ( 'NONE',  ( -0.2551754023778464719, -0.9185060105465540081, -0.1490000000000000491 ) ) ;
#719 = VERTEX_POINT ( 'NONE', #951 ) ;
#720 = ADVANCED_FACE ( 'NONE', ( #4917 ), #308, .T. ) ;
#721 = DIRECTION ( 'NONE',  ( 0.000000000000000000, -0.000000000000000000, 1.000000000000000000 ) ) ;
#722 = PRESENTATION_LAYER_ASSIGNMENT (  '', '', ( #304 ) ) ;
#723 = PRESENTATION_STYLE_ASSIGNMENT (( #6443 ) ) ;
#724 = ORIENTED_EDGE ( 'NONE', *, *, #6235, .T. ) ;
#725 = CARTESIAN_POINT ( 'NONE',  ( -0.3364931727472093015, -0.9398675123399868880, -0.1489999999999999936 ) ) ;
#726 = CARTESIAN_POINT ( 'NONE',  ( -1.366487659678485622, 1.316487659678485800, 0.4999999999999998890 ) ) ;
#727 = B_SPLINE_SURFACE_WITH_KNOTS ( 'NONE', 3, 1, ( 
 ( #4037, #7210 ),
 ( #3407, #5332 ),
 ( #5292, #4596 ),
 ( #1522, #7931 ),
 ( #6718, #7293 ),
 ( #830, #2101 ),
 ( #1563, #7249 ),
 ( #156, #200 ),
 ( #2140, #2060 ),
 ( #6082, #3487 ),
 ( #7888, #1481 ),
 ( #6676, #6561 ),
 ( #3368, #872 ),
 ( #6039, #1396 ),
 ( #234, #2799 ),
 ( #269, #4761 ),
 ( #911, #5442 ),
 ( #7374, #3953 ),
 ( #3320, #5925 ) ),
 .UNSPECIFIED., .F., .F., .F.,
 ( 4, 1, 1, 1, 1, 1, 1, 1, 1, 1, 1, 1, 1, 1, 1, 1, 4 ),
 ( 2, 2 ),
 ( 0.000000000000000000, 0.06863117867660099847, 0.1345664660386767797, 0.1983281540108808583, 0.2607897666408446335, 0.3219991514841583080, 0.3827217465030192667, 0.4435374740357288514, 0.5051334294849245676, 0.5662138747646713322, 0.6261058646175456932, 0.6853493221605166941, 0.7449958703477971289, 0.8054158418145626053, 0.8676362663459531444, 0.9323077823023293575, 1.000000000000000000 ),
 ( 0.000000000000000000, 1.000000000000000000 ),
 .UNSPECIFIED. ) ;
#728 = LINE ( 'NONE', #928, #5414 ) ;
#729 = AXIS2_PLACEMENT_3D ( 'NONE', #5695, #7067, #1971 ) ;
#730 = LINE ( 'NONE', #2003, #7825 ) ;
#731 =( GEOMETRIC_REPRESENTATION_CONTEXT ( 3 ) GLOBAL_UNCERTAINTY_ASSIGNED_CONTEXT ( ( #3338 ) ) GLOBAL_UNIT_ASSIGNED_CONTEXT ( ( #3716, #6329, #7704 ) ) REPRESENTATION_CONTEXT ( 'NONE', 'WORKASPACE' ) );
#732 =( LENGTH_UNIT ( ) NAMED_UNIT ( * ) SI_UNIT ( .MILLI., .METRE. ) );
#733 = EDGE_LOOP ( 'NONE', ( #1001, #1094, #2517, #6 ) ) ;
#734 = STYLED_ITEM ( 'NONE', ( #5047 ), #2644 ) ;
#735 =( NAMED_UNIT ( * ) PLANE_ANGLE_UNIT ( ) SI_UNIT ( $, .RADIAN. ) );
#736 = ORIENTED_EDGE ( 'NONE', *, *, #2396, .T. ) ;
#737 = LINE ( 'NONE', #8396, #8297 ) ;
#738 = CARTESIAN_POINT ( 'NONE',  ( 0.5249999999999995781, 1.239999999999999769, 0.002000000000000021726 ) ) ;
#739 = LINE ( 'NONE', #3277, #2879 ) ;
#740 = B_SPLINE_CURVE_WITH_KNOTS ( 'NONE', 3,
 ( #252, #5425, #3423, #1414, #8033, #5977, #6652, #2738, #929, #92, #5389, #3342, #2193, #3967, #7391, #7993, #4742, #2156, #5348 ),
 .UNSPECIFIED., .F., .F.,
 ( 4, 1, 1, 1, 1, 1, 1, 1, 1, 1, 1, 1, 1, 1, 1, 1, 4 ),
 ( 0.000000000000000000, 0.07377411937406359865, 0.1440791147260415683, 0.2113485183089112984, 0.2760768857398832599, 0.3385209158196764712, 0.3998851166931334244, 0.4602540674652128017, 0.5205889643912476883, 0.5802076845630439461, 0.6386329085525457305, 0.6963645494905238431, 0.7540017746600127246, 0.8128056813744976017, 0.8727544255255601513, 0.9351819969782669828, 0.9999999999999998890 ),
 .UNSPECIFIED. ) ;
#741 = FACE_OUTER_BOUND ( 'NONE', #1802, .T. ) ;
#742 = CARTESIAN_POINT ( 'NONE',  ( -1.065791696335471883, -0.9529646039254657808, 0.5989999999999999769 ) ) ;
#743 = EDGE_CURVE ( 'NONE', #4020, #1433, #3602, .T. ) ;
#744 = CARTESIAN_POINT ( 'NONE',  ( 0.09395117377793948954, -0.7374776988498008556, -0.1489999999999999936 ) ) ;
#745 = DIRECTION ( 'NONE',  ( 0.000000000000000000, -1.000000000000000000, 0.000000000000000000 ) ) ;
#746 = PRESENTATION_STYLE_ASSIGNMENT (( #1440 ) ) ;
#747 = DIRECTION ( 'NONE',  ( 0.000000000000000000, 0.000000000000000000, -1.000000000000000000 ) ) ;
#748 = ORIENTED_EDGE ( 'NONE', *, *, #8073, .T. ) ;
#749 = CARTESIAN_POINT ( 'NONE',  ( 0.05375072969181514393, -0.9075504391692551520, -0.1499999999999999667 ) ) ;
#750 = FILL_AREA_STYLE_COLOUR ( '', #6798 ) ;
#751 = ORIENTED_EDGE ( 'NONE', *, *, #3789, .T. ) ;
#752 = EDGE_CURVE ( 'NONE', #2473, #1348, #8175, .T. ) ;
#753 = UNCERTAINTY_MEASURE_WITH_UNIT (LENGTH_MEASURE( 1.000000000000000082E-05 ), #7500, 'distance_accuracy_value', 'NONE');
#754 = AXIS2_PLACEMENT_3D ( 'NONE', #1090, #4883, #5451 ) ;
#755 = ORIENTED_EDGE ( 'NONE', *, *, #3618, .T. ) ;
#756 = SURFACE_STYLE_USAGE ( .BOTH. , #5299 ) ;
#757 = VERTEX_POINT ( 'NONE', #3133 ) ;
#758 = VECTOR ( 'NONE', #3414, 1000.000000000000000 ) ;
#759 = LINE ( 'NONE', #133, #6168 ) ;
#760 = ORIENTED_EDGE ( 'NONE', *, *, #5637, .T. ) ;
#761 = PRESENTATION_LAYER_ASSIGNMENT (  '', '', ( #5081 ) ) ;
#762 = CARTESIAN_POINT ( 'NONE',  ( -0.1898258893137425574, -0.9397982512647558018, -0.1489999999999999936 ) ) ;
#763 = CARTESIAN_POINT ( 'NONE',  ( 0.09790757134326000255, -0.9202610889903038993, -0.1490000000000000213 ) ) ;
#764 = CARTESIAN_POINT ( 'NONE',  ( 0.1032974923086196345, -0.7594379746791335428, -0.1499999999999999944 ) ) ;
#765 = DIRECTION ( 'NONE',  ( 0.000000000000000000, -0.000000000000000000, -1.000000000000000000 ) ) ;
#766 = DIRECTION ( 'NONE',  ( 1.000000000000000000, 0.000000000000000000, 0.000000000000000000 ) ) ;
#767 = AXIS2_PLACEMENT_3D ( 'NONE', #3839, #6535, #1919 ) ;
#768 = EDGE_CURVE ( 'NONE', #5263, #4526, #7068, .T. ) ;
#769 = AXIS2_PLACEMENT_3D ( 'NONE', #2990, #1793, #1747 ) ;
#770 = VERTEX_POINT ( 'NONE', #4413 ) ;
#771 = CARTESIAN_POINT ( 'NONE',  ( -0.7750000000000004663, 1.289999999999999813, 0.002000000000000021726 ) ) ;
#772 = MECHANICAL_DESIGN_GEOMETRIC_PRESENTATION_REPRESENTATION (  '', ( #6725 ), #4407 ) ;
#773 = CARTESIAN_POINT ( 'NONE',  ( 0.05940798256130083721, -0.9326242319344882903, -0.1500000000000000222 ) ) ;
#774 = VECTOR ( 'NONE', #1908, 1000.000000000000000 ) ;
#775 = PRESENTATION_LAYER_ASSIGNMENT (  '', '', ( #1990 ) ) ;
#776 = LINE ( 'NONE', #3393, #1860 ) ;
#777 = CARTESIAN_POINT ( 'NONE',  ( -0.2199196474386271305, -0.9128242937514948752, -0.1500000000000000222 ) ) ;
#778 = AXIS2_PLACEMENT_3D ( 'NONE', #3830, #6434, #3207 ) ;
#779 = ORIENTED_EDGE ( 'NONE', *, *, #2198, .F. ) ;
#780 = LINE ( 'NONE', #5990, #7021 ) ;
#781 = VECTOR ( 'NONE', #540, 1000.000000000000000 ) ;
#782 = ORIENTED_EDGE ( 'NONE', *, *, #7627, .T. ) ;
#783 = DIRECTION ( 'NONE',  ( 1.505836350674315242E-15, 1.000000000000000000, 0.000000000000000000 ) ) ;
#784 =( NAMED_UNIT ( * ) SI_UNIT ( $, .STERADIAN. ) SOLID_ANGLE_UNIT ( ) );
#785 = EDGE_CURVE ( 'NONE', #7879, #4520, #6375, .T. ) ;
#786 =( NAMED_UNIT ( * ) PLANE_ANGLE_UNIT ( ) SI_UNIT ( $, .RADIAN. ) );
#787 =( NAMED_UNIT ( * ) SI_UNIT ( $, .STERADIAN. ) SOLID_ANGLE_UNIT ( ) );
#788 = FILL_AREA_STYLE_COLOUR ( '', #6647 ) ;
#789 = ORIENTED_EDGE ( 'NONE', *, *, #2700, .F. ) ;
#790 = DIRECTION ( 'NONE',  ( -1.000000000000000000, -2.168404344971007685E-15, 0.000000000000000000 ) ) ;
#791 = ORIENTED_EDGE ( 'NONE', *, *, #2257, .F. ) ;
#792 = AXIS2_PLACEMENT_3D ( 'NONE', #860, #1659, #8077 ) ;
#793 = DIRECTION ( 'NONE',  ( 0.2035585949527793093, -0.2035585949527793370, 0.9576678948579724349 ) ) ;
#794 = VERTEX_POINT ( 'NONE', #2495 ) ;
#795 = AXIS2_PLACEMENT_3D ( 'NONE', #3509, #1008, #4216 ) ;
#796 = ORIENTED_EDGE ( 'NONE', *, *, #2071, .F. ) ;
#797 = FILL_AREA_STYLE_COLOUR ( '', #3189 ) ;
#798 = VERTEX_POINT ( 'NONE', #7160 ) ;
#799 = PRESENTATION_LAYER_ASSIGNMENT (  '', '', ( #1073 ) ) ;
#800 = FILL_AREA_STYLE ('',( #8065 ) ) ;
#801 = ORIENTED_EDGE ( 'NONE', *, *, #7301, .T. ) ;
#802 = ADVANCED_FACE ( 'NONE', ( #6976 ), #8393, .T. ) ;
#803 = AXIS2_PLACEMENT_3D ( 'NONE', #3139, #25, #5789 ) ;
#804 = UNCERTAINTY_MEASURE_WITH_UNIT (LENGTH_MEASURE( 1.000000000000000082E-05 ), #6415, 'distance_accuracy_value', 'NONE');
#805 = FILL_AREA_STYLE ('',( #7945 ) ) ;
#806 = DIRECTION ( 'NONE',  ( -1.512840240677448800E-15, 1.000000000000000000, 0.000000000000000000 ) ) ;
#807 = LINE ( 'NONE', #7821, #2935 ) ;
#808 = CARTESIAN_POINT ( 'NONE',  ( -0.2628952326914789639, -0.9120008977168333475, -0.1499999999999999389 ) ) ;
#809 = CARTESIAN_POINT ( 'NONE',  ( -0.1989344586847273388, -0.7401099904728092316, -0.1489999999999999658 ) ) ;
#810 = CIRCLE ( 'NONE', #8419, 0.1931030917913612033 ) ;
#811 = EDGE_CURVE ( 'NONE', #533, #5266, #7747, .T. ) ;
#812 = VERTEX_POINT ( 'NONE', #529 ) ;
#813 = EDGE_CURVE ( 'NONE', #5753, #5281, #5833, .T. ) ;
#814 = UNCERTAINTY_MEASURE_WITH_UNIT (LENGTH_MEASURE( 1.000000000000000082E-05 ), #2793, 'distance_accuracy_value', 'NONE');
#815 = PRESENTATION_LAYER_ASSIGNMENT (  '', '', ( #1508 ) ) ;
#816 = CARTESIAN_POINT ( 'NONE',  ( -0.08771268494233119828, -0.7398675123399868214, -0.1499999999999999944 ) ) ;
#817 = CARTESIAN_POINT ( 'NONE',  ( -0.2042957718841811598, -0.9167149116199225789, -0.1499999999999999944 ) ) ;
#818 = CARTESIAN_POINT ( 'NONE',  ( -1.125000000000000000, -1.649999999999999689, -0.1599999999999999756 ) ) ;
#819 = VERTEX_POINT ( 'NONE', #7113 ) ;
#820 = DIRECTION ( 'NONE',  ( -1.000000000000000000, -0.000000000000000000, -0.000000000000000000 ) ) ;
#821 = EDGE_LOOP ( 'NONE', ( #7684, #2436, #3294, #4390 ) ) ;
#822 = SURFACE_SIDE_STYLE ('',( #4108 ) ) ;
#823 = CARTESIAN_POINT ( 'NONE',  ( -0.1584443922594044318, -0.7618187318521819629, -0.1489999999999999936 ) ) ;
#824 = PRESENTATION_LAYER_ASSIGNMENT (  '', '', ( #4464 ) ) ;
#825 = EDGE_CURVE ( 'NONE', #874, #2035, #696, .T. ) ;
#826 = AXIS2_PLACEMENT_3D ( 'NONE', #487, #1715, #5527 ) ;
#827 = LINE ( 'NONE', #6672, #1995 ) ;
#828 = CARTESIAN_POINT ( 'NONE',  ( -0.2443984775046488256, -0.7808115845397212151, -0.1499999999999999389 ) ) ;
#829 =( NAMED_UNIT ( * ) PLANE_ANGLE_UNIT ( ) SI_UNIT ( $, .RADIAN. ) );
#830 = CARTESIAN_POINT ( 'NONE',  ( -0.2291996815300162138, -0.7463342152290836085, -0.1490000000000000213 ) ) ;
#831 = CARTESIAN_POINT ( 'NONE',  ( 0.1749999999999991562, 1.524574886876660207, 0.002000000000000021726 ) ) ;
#832 = VERTEX_POINT ( 'NONE', #3856 ) ;
#833 = COLOUR_RGB ( '',1.000000000000000000, 1.000000000000000000, 1.000000000000000000 ) ;
#834 = CARTESIAN_POINT ( 'NONE',  ( 0.1746055527866791912, -0.8589724093639165003, -0.1489999999999999658 ) ) ;
#835 =( NAMED_UNIT ( * ) PLANE_ANGLE_UNIT ( ) SI_UNIT ( $, .RADIAN. ) );
#836 = VERTEX_POINT ( 'NONE', #3721 ) ;
#837 = CARTESIAN_POINT ( 'NONE',  ( -0.4750000000000001443, -1.524999999999999689, -0.1499999999999999944 ) ) ;
#838 = ORIENTED_EDGE ( 'NONE', *, *, #825, .F. ) ;
#839 = UNCERTAINTY_MEASURE_WITH_UNIT (LENGTH_MEASURE( 1.000000000000000082E-05 ), #7875, 'distance_accuracy_value', 'NONE');
#840 =( GEOMETRIC_REPRESENTATION_CONTEXT ( 3 ) GLOBAL_UNCERTAINTY_ASSIGNED_CONTEXT ( ( #5551 ) ) GLOBAL_UNIT_ASSIGNED_CONTEXT ( ( #1572, #2188, #4738 ) ) REPRESENTATION_CONTEXT ( 'NONE', 'WORKASPACE' ) );
#841 = VECTOR ( 'NONE', #4539, 1000.000000000000000 ) ;
#842 = DIRECTION ( 'NONE',  ( 0.9466707760722535836, 0.3222024856061124765, -0.000000000000000000 ) ) ;
#843 = PRESENTATION_LAYER_ASSIGNMENT (  '', '', ( #5172 ) ) ;
#844 = DIRECTION ( 'NONE',  ( 0.000000000000000000, -0.000000000000000000, -1.000000000000000000 ) ) ;
#845 = ORIENTED_EDGE ( 'NONE', *, *, #6762, .T. ) ;
#846 = EDGE_CURVE ( 'NONE', #1203, #4322, #8349, .T. ) ;
#847 = DIRECTION ( 'NONE',  ( 0.000000000000000000, 0.000000000000000000, -1.000000000000000000 ) ) ;
#848 = LINE ( 'NONE', #1613, #7896 ) ;
#849 = ORIENTED_EDGE ( 'NONE', *, *, #8031, .F. ) ;
#850 = PRESENTATION_LAYER_ASSIGNMENT (  '', '', ( #173 ) ) ;
#851 = DIRECTION ( 'NONE',  ( 1.000000000000000000, -0.000000000000000000, -0.000000000000000000 ) ) ;
#852 = COLOUR_RGB ( '',1.000000000000000000, 1.000000000000000000, 1.000000000000000000 ) ;
#853 = DIRECTION ( 'NONE',  ( -1.000000000000000000, 0.000000000000000000, 0.000000000000000000 ) ) ;
#854 = ADVANCED_FACE ( 'NONE', ( #3765 ), #568, .T. ) ;
#855 = CARTESIAN_POINT ( 'NONE',  ( -0.2094992875219536255, -0.7413297815213987230, -0.1489999999999999936 ) ) ;
#856 = VECTOR ( 'NONE', #23, 1000.000000000000000 ) ;
#857 = ORIENTED_EDGE ( 'NONE', *, *, #4599, .T. ) ;
#858 = CARTESIAN_POINT ( 'NONE',  ( -0.4292142093325751473, -0.8618187318521820517, -0.1489999999999999936 ) ) ;
#859 = FACE_OUTER_BOUND ( 'NONE', #7524, .T. ) ;
#860 = CARTESIAN_POINT ( 'NONE',  ( 0.2952141443259615472, -0.9179162928277918576, -0.1489999999999999936 ) ) ;
#861 = ADVANCED_FACE ( 'NONE', ( #4514 ), #3115, .T. ) ;
#862 = AXIS2_PLACEMENT_3D ( 'NONE', #3217, #8302, #5865 ) ;
#863 = CARTESIAN_POINT ( 'NONE',  ( -0.2646108140379617724, -0.8556904774821134652, -0.1499999999999999667 ) ) ;
#864 = ORIENTED_EDGE ( 'NONE', *, *, #483, .F. ) ;
#865 = PLANE ( 'NONE',  #2177 ) ;
#866 = ORIENTED_EDGE ( 'NONE', *, *, #6124, .F. ) ;
#867 = VECTOR ( 'NONE', #1376, 1000.000000000000000 ) ;
#868 = CARTESIAN_POINT ( 'NONE',  ( 1.574976628885158769, -1.427161868811776868, 0.0001099524505752047174 ) ) ;
#869 = DIRECTION ( 'NONE',  ( -1.095877902955126469E-14, 1.607062768596021069E-13, -1.000000000000000000 ) ) ;
#870 = CARTESIAN_POINT ( 'NONE',  ( -0.2759477526929795532, -0.8968072812436830299, -0.1489999999999999936 ) ) ;
#871 = CARTESIAN_POINT ( 'NONE',  ( 1.225000000000000089, -0.1000000000000003386, -0.1599999999999999756 ) ) ;
#872 = CARTESIAN_POINT ( 'NONE',  ( -0.2811490005664455949, -0.7886464364104799341, -0.1499999999999999667 ) ) ;
#873 = PRESENTATION_STYLE_ASSIGNMENT (( #3408 ) ) ;
#874 = VERTEX_POINT ( 'NONE', #5897 ) ;
#875 = EDGE_CURVE ( 'NONE', #1237, #4918, #5121, .T. ) ;
#876 = ORIENTED_EDGE ( 'NONE', *, *, #4269, .T. ) ;
#877 = LINE ( 'NONE', #3451, #7955 ) ;
#878 = SURFACE_STYLE_FILL_AREA ( #7985 ) ;
#879 = ORIENTED_EDGE ( 'NONE', *, *, #8080, .F. ) ;
#880 = PLANE ( 'NONE',  #1025 ) ;
#881 = ORIENTED_EDGE ( 'NONE', *, *, #4901, .T. ) ;
#882 = CARTESIAN_POINT ( 'NONE',  ( 0.05928193796456653758, -0.9106658767243474006, -0.1499999999999999944 ) ) ;
#883 = COLOUR_RGB ( '',1.000000000000000000, 1.000000000000000000, 1.000000000000000000 ) ;
#884 = ADVANCED_FACE ( 'NONE', ( #681 ), #6528, .T. ) ;
#885 = LINE ( 'NONE', #6698, #112 ) ;
#886 = FACE_OUTER_BOUND ( 'NONE', #5020, .T. ) ;
#887 = MECHANICAL_DESIGN_GEOMETRIC_PRESENTATION_REPRESENTATION (  '', ( #5629 ), #8089 ) ;
#888 = VECTOR ( 'NONE', #6682, 1000.000000000000000 ) ;
#890 = FACE_OUTER_BOUND ( 'NONE', #6879, .T. ) ;
#889 = CARTESIAN_POINT ( 'NONE',  ( 1.574999999999999956, 1.425000000000000044, -0.1499999999999999944 ) ) ;
#891 = EDGE_CURVE ( 'NONE', #707, #7901, #5810, .T. ) ;
#892 = LINE ( 'NONE', #4748, #2929 ) ;
#893 =( GEOMETRIC_REPRESENTATION_CONTEXT ( 3 ) GLOBAL_UNCERTAINTY_ASSIGNED_CONTEXT ( ( #7466 ) ) GLOBAL_UNIT_ASSIGNED_CONTEXT ( ( #3544, #1100, #2394 ) ) REPRESENTATION_CONTEXT ( 'NONE', 'WORKASPACE' ) );
#894 = DIRECTION ( 'NONE',  ( -0.000000000000000000, 0.000000000000000000, -1.000000000000000000 ) ) ;
#895 = ORIENTED_EDGE ( 'NONE', *, *, #2191, .F. ) ;
#896 = CARTESIAN_POINT ( 'NONE',  ( -1.125000000000000222, -1.524999999999999689, 1.384487012257046358E-16 ) ) ;
#897 =( NAMED_UNIT ( * ) PLANE_ANGLE_UNIT ( ) SI_UNIT ( $, .RADIAN. ) );
#898 = AXIS2_PLACEMENT_3D ( 'NONE', #3285, #4462, #5108 ) ;
#899 = ORIENTED_EDGE ( 'NONE', *, *, #6856, .F. ) ;
#900 = ADVANCED_FACE ( 'NONE', ( #716 ), #7534, .T. ) ;
#901 = AXIS2_PLACEMENT_3D ( 'NONE', #4432, #3031, #4306 ) ;
#902 = STYLED_ITEM ( 'NONE', ( #5380 ), #7022 ) ;
#903 = CARTESIAN_POINT ( 'NONE',  ( 0.2023463829130589531, -0.8543570306644040491, -0.1499999999999998557 ) ) ;
#904 = COLOUR_RGB ( '',0.2509803921568627416, 0.2509803921568627416, 0.2509803921568627416 ) ;
#905 = CARTESIAN_POINT ( 'NONE',  ( 0.5249999999999995781, 1.239999999999999769, -0.1499999999999999944 ) ) ;
#907 = VECTOR ( 'NONE', #982, 1000.000000000000000 ) ;
#906 = CARTESIAN_POINT ( 'NONE',  ( -0.2121847768079676289, -0.7643460531607838560, -0.1489999999999999936 ) ) ;
#908 = PRESENTATION_LAYER_ASSIGNMENT (  '', '', ( #7007 ) ) ;
#909 =( GEOMETRIC_REPRESENTATION_CONTEXT ( 3 ) GLOBAL_UNCERTAINTY_ASSIGNED_CONTEXT ( ( #374 ) ) GLOBAL_UNIT_ASSIGNED_CONTEXT ( ( #7837, #2162, #7878 ) ) REPRESENTATION_CONTEXT ( 'NONE', 'WORKASPACE' ) );
#910 =( NAMED_UNIT ( * ) SI_UNIT ( $, .STERADIAN. ) SOLID_ANGLE_UNIT ( ) );
#911 = CARTESIAN_POINT ( 'NONE',  ( -0.2923547954851483111, -0.8266378682721541304, -0.1489999999999999936 ) ) ;
#912 = ORIENTED_EDGE ( 'NONE', *, *, #875, .F. ) ;
#913 = EDGE_CURVE ( 'NONE', #1835, #7673, #3637, .T. ) ;
#914 = FILL_AREA_STYLE_COLOUR ( '', #7382 ) ;
#915 = ORIENTED_EDGE ( 'NONE', *, *, #8282, .T. ) ;
#916 = VECTOR ( 'NONE', #109, 1000.000000000000000 ) ;
#917 = PLANE ( 'NONE',  #8223 ) ;
#918 = VERTEX_POINT ( 'NONE', #2908 ) ;
#919 = UNCERTAINTY_MEASURE_WITH_UNIT (LENGTH_MEASURE( 1.000000000000000082E-05 ), #5546, 'distance_accuracy_value', 'NONE');
#920 = DIRECTION ( 'NONE',  ( -1.000000000000000000, -1.445602896647340100E-15, -0.000000000000000000 ) ) ;
#921 = CARTESIAN_POINT ( 'NONE',  ( -0.3939552664367055868, -0.7721421216887484062, -0.1489999999999999936 ) ) ;
#922 = CARTESIAN_POINT ( 'NONE',  ( -0.1879413434789165838, -0.7618187318521819629, -0.1489999999999999936 ) ) ;
#923 = ORIENTED_EDGE ( 'NONE', *, *, #2858, .F. ) ;
#924 = CARTESIAN_POINT ( 'NONE',  ( 0.1007924574345701180, -0.9422128420207124266, -0.1499999999999999667 ) ) ;
#925 =( LENGTH_UNIT ( ) NAMED_UNIT ( * ) SI_UNIT ( .MILLI., .METRE. ) );
#926 = VERTEX_POINT ( 'NONE', #4791 ) ;
#927 = DIRECTION ( 'NONE',  ( 1.626303258728258032E-15, 1.000000000000000000, 0.000000000000000000 ) ) ;
#928 = CARTESIAN_POINT ( 'NONE',  ( 1.124999999999999778, -1.220000000000013074, 0.002000000000000021726 ) ) ;
#929 = CARTESIAN_POINT ( 'NONE',  ( 0.1608648217929178614, -0.8937525996816865215, -0.1489999999999999936 ) ) ;
#930 = LINE ( 'NONE', #6061, #7999 ) ;
#931 = MECHANICAL_DESIGN_GEOMETRIC_PRESENTATION_REPRESENTATION (  '', ( #6197 ), #3218 ) ;
#932 = CARTESIAN_POINT ( 'NONE',  ( -0.2380593996698255055, -0.9290982381309643712, -0.1499999999999999944 ) ) ;
#933 = B_SPLINE_CURVE_WITH_KNOTS ( 'NONE', 3,
 ( #3532, #1608, #3496, #921, #3566, #6773, #8060 ),
 .UNSPECIFIED., .F., .F.,
 ( 4, 1, 1, 1, 4 ),
 ( 0.000000000000000000, 0.3005411131585146722, 0.5677471464836012505, 0.8000336137369817857, 1.000000000000000000 ),
 .UNSPECIFIED. ) ;
#934 = MECHANICAL_DESIGN_GEOMETRIC_PRESENTATION_REPRESENTATION (  '', ( #4581 ), #6621 ) ;
#935 =( NAMED_UNIT ( * ) PLANE_ANGLE_UNIT ( ) SI_UNIT ( $, .RADIAN. ) );
#936 = CARTESIAN_POINT ( 'NONE',  ( 0.1122530298069935178, -0.9422291053132605398, -0.1499999999999999944 ) ) ;
#937 =( NAMED_UNIT ( * ) SI_UNIT ( $, .STERADIAN. ) SOLID_ANGLE_UNIT ( ) );
#938 = VECTOR ( 'NONE', #7885, 1000.000000000000000 ) ;
#939 = PRESENTATION_STYLE_ASSIGNMENT (( #8041 ) ) ;
#940 = ORIENTED_EDGE ( 'NONE', *, *, #1341, .F. ) ;
#941 = FACE_OUTER_BOUND ( 'NONE', #3892, .T. ) ;
#942 = ORIENTED_EDGE ( 'NONE', *, *, #6133, .F. ) ;
#943 = VECTOR ( 'NONE', #5138, 1000.000000000000000 ) ;
#944 = DIRECTION ( 'NONE',  ( 1.000000000000000000, 0.000000000000000000, 0.000000000000000000 ) ) ;
#945 = CARTESIAN_POINT ( 'NONE',  ( 0.2010785554530200581, -0.8647041250415148372, -0.1490000000000000213 ) ) ;
#946 = EDGE_CURVE ( 'NONE', #6057, #2610, #2366, .T. ) ;
#947 = CARTESIAN_POINT ( 'NONE',  ( -0.3968096892269434295, -0.7686321349677119885, -0.1489999999999998825 ) ) ;
#948 = SURFACE_SIDE_STYLE ('',( #3991 ) ) ;
#949 = EDGE_CURVE ( 'NONE', #2372, #4208, #1670, .T. ) ;
#950 = LINE ( 'NONE', #4285, #7106 ) ;
#951 = CARTESIAN_POINT ( 'NONE',  ( 1.225000000000000089, 0.09999999999999964473, -0.1599999999999999756 ) ) ;
#952 = ORIENTED_EDGE ( 'NONE', *, *, #2032, .F. ) ;
#953 = SURFACE_STYLE_FILL_AREA ( #6427 ) ;
#954 = CARTESIAN_POINT ( 'NONE',  ( -1.224999999999999867, 1.239999999999999769, 0.002000000000000021726 ) ) ;
#955 = EDGE_LOOP ( 'NONE', ( #4878, #142, #7263, #7772 ) ) ;
#956 = DIRECTION ( 'NONE',  ( 1.902109074535973011E-16, 1.000000000000000000, 0.000000000000000000 ) ) ;
#957 =( NAMED_UNIT ( * ) SI_UNIT ( $, .STERADIAN. ) SOLID_ANGLE_UNIT ( ) );
#958 = ADVANCED_FACE ( 'NONE', ( #8213 ), #2865, .T. ) ;
#959 = FACE_OUTER_BOUND ( 'NONE', #1693, .T. ) ;
#960 = ORIENTED_EDGE ( 'NONE', *, *, #7031, .F. ) ;
#961 = VECTOR ( 'NONE', #944, 1000.000000000000000 ) ;
#962 = ORIENTED_EDGE ( 'NONE', *, *, #4844, .T. ) ;
#963 = SURFACE_STYLE_FILL_AREA ( #3569 ) ;
#964 = CARTESIAN_POINT ( 'NONE',  ( 0.07854902453867598777, -0.9391909215912591646, -0.1499999999999999667 ) ) ;
#965 = VECTOR ( 'NONE', #7487, 1000.000000000000000 ) ;
#966 = CARTESIAN_POINT ( 'NONE',  ( 1.124999999999999778, -1.524999999999999689, -0.1499999999999999944 ) ) ;
#967 = DIRECTION ( 'NONE',  ( -0.000000000000000000, -0.000000000000000000, -1.000000000000000000 ) ) ;
#968 = SURFACE_SIDE_STYLE ('',( #5676 ) ) ;
#969 = UNCERTAINTY_MEASURE_WITH_UNIT (LENGTH_MEASURE( 1.000000000000000082E-05 ), #2314, 'distance_accuracy_value', 'NONE');
#970 =( LENGTH_UNIT ( ) NAMED_UNIT ( * ) SI_UNIT ( .MILLI., .METRE. ) );
#971 = FILL_AREA_STYLE_COLOUR ( '', #5780 ) ;
#972 = LINE ( 'NONE', #256, #7717 ) ;
#973 = SURFACE_STYLE_FILL_AREA ( #4144 ) ;
#974 =( GEOMETRIC_REPRESENTATION_CONTEXT ( 3 ) GLOBAL_UNCERTAINTY_ASSIGNED_CONTEXT ( ( #2108 ) ) GLOBAL_UNIT_ASSIGNED_CONTEXT ( ( #8177, #6980, #7461 ) ) REPRESENTATION_CONTEXT ( 'NONE', 'WORKASPACE' ) );
#975 = VERTEX_POINT ( 'NONE', #8093 ) ;
#976 = CARTESIAN_POINT ( 'NONE',  ( -1.065791696335471883, -0.9529646039254657808, 0.5989999999999999769 ) ) ;
#977 = VERTEX_POINT ( 'NONE', #7454 ) ;
#978 = DIRECTION ( 'NONE',  ( 0.000000000000000000, 0.000000000000000000, 1.000000000000000000 ) ) ;
#979 = DIRECTION ( 'NONE',  ( 1.000000000000000000, 0.000000000000000000, 0.000000000000000000 ) ) ;
#980 = MECHANICAL_DESIGN_GEOMETRIC_PRESENTATION_REPRESENTATION (  '', ( #6543 ), #1543 ) ;
#981 = PRESENTATION_STYLE_ASSIGNMENT (( #5521 ) ) ;
#982 = DIRECTION ( 'NONE',  ( -0.000000000000000000, -0.000000000000000000, -1.000000000000000000 ) ) ;
#983 =( NAMED_UNIT ( * ) PLANE_ANGLE_UNIT ( ) SI_UNIT ( $, .RADIAN. ) );
#984 = SURFACE_SIDE_STYLE ('',( #8133 ) ) ;
#985 = PRESENTATION_LAYER_ASSIGNMENT (  '', '', ( #8051 ) ) ;
#986 = CARTESIAN_POINT ( 'NONE',  ( 0.000000000000000000, 0.000000000000000000, 0.002000000000000021726 ) ) ;
#987 = CARTESIAN_POINT ( 'NONE',  ( -0.3072248800642824462, -0.9398675123399868880, -0.1489999999999999936 ) ) ;
#988 = VERTEX_POINT ( 'NONE', #2251 ) ;
#989 = CARTESIAN_POINT ( 'NONE',  ( 0.1200623025391542170, -0.9191495866280174898, -0.1489999999999999936 ) ) ;
#990 = DIRECTION ( 'NONE',  ( -1.000000000000000000, 0.000000000000000000, 0.000000000000000000 ) ) ;
#991 = VERTEX_POINT ( 'NONE', #3599 ) ;
#992 = EDGE_CURVE ( 'NONE', #2224, #273, #1631, .T. ) ;
#993 = FILL_AREA_STYLE ('',( #2215 ) ) ;
#994 = UNCERTAINTY_MEASURE_WITH_UNIT (LENGTH_MEASURE( 1.000000000000000082E-05 ), #6019, 'distance_accuracy_value', 'NONE');
#995 = COLOUR_RGB ( '',0.000000000000000000, 0.000000000000000000, 0.000000000000000000 ) ;
#996 = LINE ( 'NONE', #3565, #1723 ) ;
#997 = LINE ( 'NONE', #1682, #1184 ) ;
#998 = VERTEX_POINT ( 'NONE', #440 ) ;
#999 = CARTESIAN_POINT ( 'NONE',  ( -0.2494471871899096582, -0.7858734990192730585, -0.1500000000000000500 ) ) ;
#1000 = PRESENTATION_STYLE_ASSIGNMENT (( #6948 ) ) ;
#1001 = ORIENTED_EDGE ( 'NONE', *, *, #3009, .F. ) ;
#1002 =( NAMED_UNIT ( * ) SI_UNIT ( $, .STERADIAN. ) SOLID_ANGLE_UNIT ( ) );
#1003 = EDGE_CURVE ( 'NONE', #7936, #597, #3006, .T. ) ;
#1004 = CARTESIAN_POINT ( 'NONE',  ( 1.574574886876660251, -0.1000000000000005468, 0.002000000000000021726 ) ) ;
#1005 = COLOUR_RGB ( '',0.000000000000000000, 0.000000000000000000, 0.000000000000000000 ) ;
#1006 = CARTESIAN_POINT ( 'NONE',  ( 1.366487659678485400, 1.414302419751866324, 0.5207911690817759176 ) ) ;
#1007 = EDGE_LOOP ( 'NONE', ( #67, #5905, #4806, #5404 ) ) ;
#1008 = DIRECTION ( 'NONE',  ( 1.000000000000000000, 0.000000000000000000, -0.000000000000000000 ) ) ;
#1009 =( LENGTH_UNIT ( ) NAMED_UNIT ( * ) SI_UNIT ( .MILLI., .METRE. ) );
#1010 = STYLED_ITEM ( 'NONE', ( #2451 ), #854 ) ;
#1011 = PLANE ( 'NONE',  #3080 ) ;
#1012 =( GEOMETRIC_REPRESENTATION_CONTEXT ( 3 ) GLOBAL_UNCERTAINTY_ASSIGNED_CONTEXT ( ( #3428 ) ) GLOBAL_UNIT_ASSIGNED_CONTEXT ( ( #1171, #449, #4416 ) ) REPRESENTATION_CONTEXT ( 'NONE', 'WORKASPACE' ) );
#1013 = CARTESIAN_POINT ( 'NONE',  ( 0.1865359876536102079, -0.7822662408600791206, -0.1499999999999999389 ) ) ;
#1014 = VERTEX_POINT ( 'NONE', #2325 ) ;
#1015 = MECHANICAL_DESIGN_GEOMETRIC_PRESENTATION_REPRESENTATION (  '', ( #2629 ), #2360 ) ;
#1016 = EDGE_CURVE ( 'NONE', #3668, #4246, #3061, .T. ) ;
#1017 = DIRECTION ( 'NONE',  ( 0.000000000000000000, 0.000000000000000000, -1.000000000000000000 ) ) ;
#1018 = STYLED_ITEM ( 'NONE', ( #3186 ), #5674 ) ;
#1019 = CARTESIAN_POINT ( 'NONE',  ( -1.125000000000000888, 0.000000000000000000, -0.1499999999999999944 ) ) ;
#1020 = EDGE_LOOP ( 'NONE', ( #2631, #940, #2153, #466 ) ) ;
#1021 = SURFACE_STYLE_USAGE ( .BOTH. , #6832 ) ;
#1022 = CARTESIAN_POINT ( 'NONE',  ( -1.574999999999999512, -1.524574886876659763, 0.002000000000000021726 ) ) ;
#1023 =( GEOMETRIC_REPRESENTATION_CONTEXT ( 3 ) GLOBAL_UNCERTAINTY_ASSIGNED_CONTEXT ( ( #4294 ) ) GLOBAL_UNIT_ASSIGNED_CONTEXT ( ( #5726, #4574, #6494 ) ) REPRESENTATION_CONTEXT ( 'NONE', 'WORKASPACE' ) );
#1024 = SURFACE_SIDE_STYLE ('',( #5690 ) ) ;
#1025 = AXIS2_PLACEMENT_3D ( 'NONE', #5939, #4805, #2223 ) ;
#1026 = LINE ( 'NONE', #348, #69 ) ;
#1027 = DIRECTION ( 'NONE',  ( 1.000000000000000000, 0.000000000000000000, 0.000000000000000000 ) ) ;
#1028 = EDGE_CURVE ( 'NONE', #3117, #3766, #4282, .T. ) ;
#1029 = VECTOR ( 'NONE', #6644, 1000.000000000000000 ) ;
#1030 = FILL_AREA_STYLE_COLOUR ( '', #3677 ) ;
#1031 = DIRECTION ( 'NONE',  ( -0.9353882635801357148, -0.3536223923290756077, 0.000000000000000000 ) ) ;
#1032 = ORIENTED_EDGE ( 'NONE', *, *, #7808, .T. ) ;
#1033 = CARTESIAN_POINT ( 'NONE',  ( 0.1399004845471144287, -0.9121875593837528440, -0.1499999999999999667 ) ) ;
#1034 = LINE ( 'NONE', #4965, #4764 ) ;
#1035 = VECTOR ( 'NONE', #7482, 1000.000000000000000 ) ;
#1036 = CARTESIAN_POINT ( 'NONE',  ( 0.1746055527866791912, -0.8589724093639165003, -0.1499999999999999667 ) ) ;
#1037 = FACE_OUTER_BOUND ( 'NONE', #2111, .T. ) ;
#1038 = ADVANCED_FACE ( 'NONE', ( #7660 ), #2410, .T. ) ;
#1039 = PLANE ( 'NONE',  #1453 ) ;
#1040 =( NAMED_UNIT ( * ) PLANE_ANGLE_UNIT ( ) SI_UNIT ( $, .RADIAN. ) );
#1041 = STYLED_ITEM ( 'NONE', ( #5015 ), #2294 ) ;
#1042 = COLOUR_RGB ( '',0.000000000000000000, 0.000000000000000000, 0.000000000000000000 ) ;
#1043 = DIRECTION ( 'NONE',  ( 1.000000000000000000, 4.609085718773742642E-16, -2.168404344971007685E-15 ) ) ;
#1044 = CARTESIAN_POINT ( 'NONE',  ( 0.1307988809010351139, -0.7648095465836284301, -0.1489999999999999380 ) ) ;
#1045 = ORIENTED_EDGE ( 'NONE', *, *, #3761, .T. ) ;
#1046 =( LENGTH_UNIT ( ) NAMED_UNIT ( * ) SI_UNIT ( .MILLI., .METRE. ) );
#1047 = DIRECTION ( 'NONE',  ( 0.000000000000000000, 0.000000000000000000, -1.000000000000000000 ) ) ;
#1048 = ORIENTED_EDGE ( 'NONE', *, *, #4132, .T. ) ;
#1049 = VECTOR ( 'NONE', #3807, 1000.000000000000000 ) ;
#1050 =( GEOMETRIC_REPRESENTATION_CONTEXT ( 3 ) GLOBAL_UNCERTAINTY_ASSIGNED_CONTEXT ( ( #4253 ) ) GLOBAL_UNIT_ASSIGNED_CONTEXT ( ( #8387, #7062, #5779 ) ) REPRESENTATION_CONTEXT ( 'NONE', 'WORKASPACE' ) );
#1051 = SURFACE_SIDE_STYLE ('',( #6854 ) ) ;
#1052 = SURFACE_STYLE_USAGE ( .BOTH. , #2425 ) ;
#1053 = UNCERTAINTY_MEASURE_WITH_UNIT (LENGTH_MEASURE( 1.000000000000000082E-05 ), #1918, 'distance_accuracy_value', 'NONE');
#1054 = DIRECTION ( 'NONE',  ( -0.000000000000000000, 1.000000000000000000, -0.000000000000000000 ) ) ;
#1055 = DIRECTION ( 'NONE',  ( 1.000000000000000000, -1.517883041479707588E-15, 0.000000000000000000 ) ) ;
#1056 = DIRECTION ( 'NONE',  ( 0.000000000000000000, -1.000000000000000000, 0.000000000000000000 ) ) ;
#1057 = LINE ( 'NONE', #3076, #3858 ) ;
#1058 = EDGE_LOOP ( 'NONE', ( #7890, #6722, #8108, #1045 ) ) ;
#1059 = EDGE_CURVE ( 'NONE', #6392, #6861, #1343, .T. ) ;
#1060 = EDGE_CURVE ( 'NONE', #3415, #5973, #8236, .T. ) ;
#1061 = VECTOR ( 'NONE', #6424, 1000.000000000000000 ) ;
#1063 =( LENGTH_UNIT ( ) NAMED_UNIT ( * ) SI_UNIT ( .MILLI., .METRE. ) );
#1062 = DIRECTION ( 'NONE',  ( 0.000000000000000000, 0.000000000000000000, 1.000000000000000000 ) ) ;
#1064 = DIRECTION ( 'NONE',  ( 0.3363908276654488660, -0.9417224702971435102, 0.000000000000000000 ) ) ;
#1065 = FILL_AREA_STYLE ('',( #4264 ) ) ;
#1066 = EDGE_LOOP ( 'NONE', ( #4004, #5362, #1814, #4788, #6826, #4114 ) ) ;
#1067 = CARTESIAN_POINT ( 'NONE',  ( 0.1317930986722943287, -0.7413617742039011471, -0.1489999999999999936 ) ) ;
#1068 = CARTESIAN_POINT ( 'NONE',  ( -0.2328062736459319826, -0.7724450771513923231, -0.1499999999999999944 ) ) ;
#1069 = VECTOR ( 'NONE', #2351, 1000.000000000000000 ) ;
#1070 = EDGE_CURVE ( 'NONE', #1606, #5550, #3094, .T. ) ;
#1071 = ORIENTED_EDGE ( 'NONE', *, *, #6994, .T. ) ;
#1072 = LINE ( 'NONE', #338, #6741 ) ;
#1073 = STYLED_ITEM ( 'NONE', ( #7679 ), #1926 ) ;
#1074 = EDGE_LOOP ( 'NONE', ( #3956, #249, #7646, #8292 ) ) ;
#1075 = UNCERTAINTY_MEASURE_WITH_UNIT (LENGTH_MEASURE( 1.000000000000000082E-05 ), #1758, 'distance_accuracy_value', 'NONE');
#1076 = FILL_AREA_STYLE_COLOUR ( '', #7241 ) ;
#1077 = PRESENTATION_LAYER_ASSIGNMENT (  '', '', ( #2689 ) ) ;
#1078 = FILL_AREA_STYLE ('',( #4280 ) ) ;
#1079 = SURFACE_STYLE_USAGE ( .BOTH. , #4914 ) ;
#1080 = PLANE ( 'NONE',  #1328 ) ;
#1081 = MECHANICAL_DESIGN_GEOMETRIC_PRESENTATION_REPRESENTATION (  '', ( #1628 ), #1368 ) ;
#1082 = CARTESIAN_POINT ( 'NONE',  ( -0.3828346361618434335, -0.7398675123399868214, -0.1499999999999999944 ) ) ;
#1083 = DIRECTION ( 'NONE',  ( -0.000000000000000000, 0.000000000000000000, -1.000000000000000000 ) ) ;
#1084 = SURFACE_SIDE_STYLE ('',( #7584 ) ) ;
#1085 = ORIENTED_EDGE ( 'NONE', *, *, #1533, .F. ) ;
#1086 = CARTESIAN_POINT ( 'NONE',  ( 0.1608648217929178614, -0.8937525996816865215, -0.1489999999999999936 ) ) ;
#1087 = EDGE_CURVE ( 'NONE', #682, #6200, #1888, .T. ) ;
#1088 = UNCERTAINTY_MEASURE_WITH_UNIT (LENGTH_MEASURE( 1.000000000000000082E-05 ), #5622, 'distance_accuracy_value', 'NONE');
#1089 = LINE ( 'NONE', #3646, #3335 ) ;
#1090 = CARTESIAN_POINT ( 'NONE',  ( -1.125000000000000000, -1.649999999999999689, 0.002000000000000021726 ) ) ;
#1091 = CARTESIAN_POINT ( 'NONE',  ( 0.5249999999999995781, 1.239999999999999769, 0.002000000000000021726 ) ) ;
#1092 = CARTESIAN_POINT ( 'NONE',  ( -0.1750000000000002665, 1.524574886876660207, 0.002000000000000021726 ) ) ;
#1093 = FACE_OUTER_BOUND ( 'NONE', #7568, .T. ) ;
#1094 = ORIENTED_EDGE ( 'NONE', *, *, #8016, .F. ) ;
#1095 = FILL_AREA_STYLE ('',( #6903 ) ) ;
#1096 =( NAMED_UNIT ( * ) PLANE_ANGLE_UNIT ( ) SI_UNIT ( $, .RADIAN. ) );
#1097 = CARTESIAN_POINT ( 'NONE',  ( 0.1060868187699747917, -0.9422749359681519277, -0.1489999999999999936 ) ) ;
#1098 = CARTESIAN_POINT ( 'NONE',  ( -0.8250000000000000666, 0.000000000000000000, -0.1499999999999999944 ) ) ;
#1099 = LINE ( 'NONE', #4938, #1336 ) ;
#1100 =( NAMED_UNIT ( * ) PLANE_ANGLE_UNIT ( ) SI_UNIT ( $, .RADIAN. ) );
#1101 = ORIENTED_EDGE ( 'NONE', *, *, #6655, .F. ) ;
#1102 = EDGE_CURVE ( 'NONE', #1433, #6147, #4658, .T. ) ;
#1103 = COLOUR_RGB ( '',1.000000000000000000, 1.000000000000000000, 1.000000000000000000 ) ;
#1104 = ADVANCED_FACE ( 'NONE', ( #5318 ), #185, .T. ) ;
#1105 = CARTESIAN_POINT ( 'NONE',  ( -0.2657614654301360679, -0.8379239147790112918, -0.1489999999999999936 ) ) ;
#1106 = CARTESIAN_POINT ( 'NONE',  ( 0.1050845711552298029, -0.9203553172180356512, -0.1499999999999999944 ) ) ;
#1107 = VERTEX_POINT ( 'NONE', #4105 ) ;
#1108 = VECTOR ( 'NONE', #7023, 1000.000000000000000 ) ;
#1109 = CARTESIAN_POINT ( 'NONE',  ( 0.1219026759160977691, -0.7390869939063677840, -0.1499999999999998834 ) ) ;
#1110 = FILL_AREA_STYLE ('',( #3084 ) ) ;
#1111 = ORIENTED_EDGE ( 'NONE', *, *, #2782, .T. ) ;
#1112 = STYLED_ITEM ( 'NONE', ( #6990 ), #3292 ) ;
#1113 = CARTESIAN_POINT ( 'NONE',  ( -0.09259073372281902137, -0.9179162928277918576, -0.1489999999999999936 ) ) ;
#1114 = CARTESIAN_POINT ( 'NONE',  ( -0.1859977459179409376, -0.9398675123399868880, -0.1499999999999999944 ) ) ;
#1115 = VERTEX_POINT ( 'NONE', #2786 ) ;
#1116 = LINE ( 'NONE', #4910, #2855 ) ;
#1117 = CARTESIAN_POINT ( 'NONE',  ( -1.477161868811777579, 1.524976628885158281, 0.0001099524505765091481 ) ) ;
#1118 = ADVANCED_FACE ( 'NONE', ( #6627 ), #2710, .T. ) ;
#1119 = DIRECTION ( 'NONE',  ( 1.000000000000000000, 0.000000000000000000, 0.000000000000000000 ) ) ;
#1120 = COLOUR_RGB ( '',0.000000000000000000, 0.000000000000000000, 0.000000000000000000 ) ;
#1121 = LINE ( 'NONE', #5654, #5206 ) ;
#1122 = FILL_AREA_STYLE_COLOUR ( '', #7168 ) ;
#1123 = FILL_AREA_STYLE_COLOUR ( '', #7516 ) ;
#1124 = CARTESIAN_POINT ( 'NONE',  ( 1.474999999999999867, 1.425000000000000044, -0.1499999999999999944 ) ) ;
#1125 = ORIENTED_EDGE ( 'NONE', *, *, #28, .F. ) ;
#1126 = FILL_AREA_STYLE_COLOUR ( '', #4609 ) ;
#1127 = FILL_AREA_STYLE_COLOUR ( '', #3984 ) ;
#1128 = DIRECTION ( 'NONE',  ( 1.000000000000000000, -1.327594496921025717E-16, 0.000000000000000000 ) ) ;
#1129 = SURFACE_STYLE_USAGE ( .BOTH. , #6894 ) ;
#1130 = PRESENTATION_LAYER_ASSIGNMENT (  '', '', ( #7641 ) ) ;
#1131 = DIRECTION ( 'NONE',  ( -2.168404344971008868E-15, 0.000000000000000000, -1.000000000000000000 ) ) ;
#1132 = B_SPLINE_SURFACE_WITH_KNOTS ( 'NONE', 3, 1, ( 
 ( #3778, #1267 ),
 ( #6216, #6906 ),
 ( #5113, #5627 ),
 ( #3656, #1863 ),
 ( #2348, #415 ),
 ( #1225, #2978 ),
 ( #5589, #6260 ),
 ( #461, #8237 ),
 ( #2388, #1783 ),
 ( #6952, #5756 ),
 ( #3696, #1182 ) ),
 .UNSPECIFIED., .F., .F., .F.,
 ( 4, 1, 1, 1, 1, 1, 1, 1, 4 ),
 ( 2, 2 ),
 ( 0.000000000000000000, 0.1252796967356254731, 0.2494199707420511336, 0.3733567994928199685, 0.4966812787822861286, 0.6202029157439824525, 0.7450863201614567055, 0.8712691950190979417, 1.000000000000000000 ),
 ( 0.000000000000000000, 1.000000000000000000 ),
 .UNSPECIFIED. ) ;
#1133 = CARTESIAN_POINT ( 'NONE',  ( -0.2498650815532209857, -0.8914235877857332735, -0.1489999999999999936 ) ) ;
#1134 =( GEOMETRIC_REPRESENTATION_CONTEXT ( 3 ) GLOBAL_UNCERTAINTY_ASSIGNED_CONTEXT ( ( #8057 ) ) GLOBAL_UNIT_ASSIGNED_CONTEXT ( ( #7550, #414, #460 ) ) REPRESENTATION_CONTEXT ( 'NONE', 'WORKASPACE' ) );
#1135 = SURFACE_STYLE_FILL_AREA ( #456 ) ;
#1136 = EDGE_CURVE ( 'NONE', #832, #2332, #7961, .T. ) ;
#1137 = CARTESIAN_POINT ( 'NONE',  ( -0.2263482377405463819, -0.7691567490812325492, -0.1500000000000000222 ) ) ;
#1138 = ORIENTED_EDGE ( 'NONE', *, *, #1689, .T. ) ;
#1139 = DIRECTION ( 'NONE',  ( -0.000000000000000000, 0.000000000000000000, 1.000000000000000000 ) ) ;
#1140 =( LENGTH_UNIT ( ) NAMED_UNIT ( * ) SI_UNIT ( .MILLI., .METRE. ) );
#1141 =( GEOMETRIC_REPRESENTATION_CONTEXT ( 3 ) GLOBAL_UNCERTAINTY_ASSIGNED_CONTEXT ( ( #6579 ) ) GLOBAL_UNIT_ASSIGNED_CONTEXT ( ( #2667, #1428, #4622 ) ) REPRESENTATION_CONTEXT ( 'NONE', 'WORKASPACE' ) );
#1142 = CARTESIAN_POINT ( 'NONE',  ( 0.4749999999999998113, -1.650000000000008349, -0.1599999999999999756 ) ) ;
#1143 = VECTOR ( 'NONE', #5048, 1000.000000000000000 ) ;
#1144 = DIRECTION ( 'NONE',  ( 1.000000000000000000, 0.000000000000000000, 0.000000000000000000 ) ) ;
#1145 = ORIENTED_EDGE ( 'NONE', *, *, #2430, .F. ) ;
#1146 =( GEOMETRIC_REPRESENTATION_CONTEXT ( 3 ) GLOBAL_UNCERTAINTY_ASSIGNED_CONTEXT ( ( #7104 ) ) GLOBAL_UNIT_ASSIGNED_CONTEXT ( ( #5781, #5229, #1342 ) ) REPRESENTATION_CONTEXT ( 'NONE', 'WORKASPACE' ) );
#1147 = UNCERTAINTY_MEASURE_WITH_UNIT (LENGTH_MEASURE( 1.000000000000000082E-05 ), #7472, 'distance_accuracy_value', 'NONE');
#1149 = FILL_AREA_STYLE ('',( #3079 ) ) ;
#1148 = SURFACE_SIDE_STYLE ('',( #7770 ) ) ;
#1150 = EDGE_CURVE ( 'NONE', #6788, #569, #7279, .T. ) ;
#1151 = CARTESIAN_POINT ( 'NONE',  ( 1.366487659678485622, 1.397466062997986258, 0.5999999999999999778 ) ) ;
#1152 = ORIENTED_EDGE ( 'NONE', *, *, #6702, .F. ) ;
#1153 = ORIENTED_EDGE ( 'NONE', *, *, #8395, .F. ) ;
#1154 = PRESENTATION_STYLE_ASSIGNMENT (( #3166 ) ) ;
#1155 = EDGE_CURVE ( 'NONE', #7310, #4402, #4712, .T. ) ;
#1156 =( NAMED_UNIT ( * ) SI_UNIT ( $, .STERADIAN. ) SOLID_ANGLE_UNIT ( ) );
#1157 = EDGE_LOOP ( 'NONE', ( #3998, #2913, #3309, #4801, #5294, #6844, #4064 ) ) ;
#1158 = CARTESIAN_POINT ( 'NONE',  ( -0.01210292884477019541, -0.9179162928277918576, -0.1489999999999999936 ) ) ;
#1159 = LINE ( 'NONE', #6281, #8048 ) ;
#1160 = FILL_AREA_STYLE ('',( #438 ) ) ;
#1161 = PRESENTATION_STYLE_ASSIGNMENT (( #1079 ) ) ;
#1162 = CARTESIAN_POINT ( 'NONE',  ( -0.2199196474386271305, -0.9128242937514948752, -0.1500000000000000222 ) ) ;
#1163 = CARTESIAN_POINT ( 'NONE',  ( 1.125000000000001110, 1.649999999999999467, -0.1599999999999999756 ) ) ;
#1164 = EDGE_CURVE ( 'NONE', #273, #3661, #5910, .T. ) ;
#1165 = EDGE_CURVE ( 'NONE', #7254, #998, #3550, .T. ) ;
#1166 = FACE_OUTER_BOUND ( 'NONE', #1066, .T. ) ;
#1167 = CARTESIAN_POINT ( 'NONE',  ( -1.574999999999999512, -1.524574886876659763, 0.002000000000000021726 ) ) ;
#1168 = ORIENTED_EDGE ( 'NONE', *, *, #6315, .T. ) ;
#1169 = CARTESIAN_POINT ( 'NONE',  ( 0.1076539061574731948, -0.9202890976012588764, -0.1499999999999999667 ) ) ;
#1170 = LINE ( 'NONE', #8220, #5178 ) ;
#1171 =( LENGTH_UNIT ( ) NAMED_UNIT ( * ) SI_UNIT ( .MILLI., .METRE. ) );
#1172 = STYLED_ITEM ( 'NONE', ( #5495 ), #464 ) ;
#1173 = DIRECTION ( 'NONE',  ( 0.000000000000000000, -0.000000000000000000, 1.000000000000000000 ) ) ;
#1174 = CARTESIAN_POINT ( 'NONE',  ( 0.05375072969181514393, -0.7453553172180356068, -0.1499999999999999944 ) ) ;
#1175 = PLANE ( 'NONE',  #6436 ) ;
#1176 = CARTESIAN_POINT ( 'NONE',  ( -0.3960206117715995289, -0.7642577562424259785, -0.1500000000000000222 ) ) ;
#1177 = ADVANCED_FACE ( 'NONE', ( #2946 ), #3815, .T. ) ;
#1178 = CARTESIAN_POINT ( 'NONE',  ( 0.1749999999999991562, 1.649999999999990585, 0.002000000000000021726 ) ) ;
#1179 = EDGE_LOOP ( 'NONE', ( #7220, #477, #4763, #3248, #390, #1922, #1168, #4197, #7069, #7198, #1344, #4948 ) ) ;
#1180 = CARTESIAN_POINT ( 'NONE',  ( -1.225000000000000089, 0.09999999999999993616, -0.1599999999999999756 ) ) ;
#1181 = DIRECTION ( 'NONE',  ( -0.000000000000000000, -1.000000000000000000, -0.000000000000000000 ) ) ;
#1182 = CARTESIAN_POINT ( 'NONE',  ( 0.1005876199357175760, -0.7593797074619381693, -0.1499999999999999944 ) ) ;
#1183 = VECTOR ( 'NONE', #366, 1000.000000000000000 ) ;
#1184 = VECTOR ( 'NONE', #8062, 1000.000000000000000 ) ;
#1185 =( GEOMETRIC_REPRESENTATION_CONTEXT ( 3 ) GLOBAL_UNCERTAINTY_ASSIGNED_CONTEXT ( ( #969 ) ) GLOBAL_UNIT_ASSIGNED_CONTEXT ( ( #2314, #935, #1657 ) ) REPRESENTATION_CONTEXT ( 'NONE', 'WORKASPACE' ) );
#1186 = PRESENTATION_STYLE_ASSIGNMENT (( #7044 ) ) ;
#1187 = SURFACE_STYLE_USAGE ( .BOTH. , #5209 ) ;
#1188 = VERTEX_POINT ( 'NONE', #5432 ) ;
#1189 = PRESENTATION_LAYER_ASSIGNMENT (  '', '', ( #2784 ) ) ;
#1190 = VECTOR ( 'NONE', #1056, 1000.000000000000000 ) ;
#1192 = PRESENTATION_STYLE_ASSIGNMENT (( #7771 ) ) ;
#1191 = FACE_OUTER_BOUND ( 'NONE', #1020, .T. ) ;
#1193 = VECTOR ( 'NONE', #6228, 1000.000000000000000 ) ;
#1194 = ADVANCED_FACE ( 'NONE', ( #2357 ), #4367, .T. ) ;
#1195 =( LENGTH_UNIT ( ) NAMED_UNIT ( * ) SI_UNIT ( .MILLI., .METRE. ) );
#1196 = FILL_AREA_STYLE_COLOUR ( '', #6346 ) ;
#1197 = PLANE ( 'NONE',  #3595 ) ;
#1198 = SURFACE_STYLE_USAGE ( .BOTH. , #8164 ) ;
#1199 = ORIENTED_EDGE ( 'NONE', *, *, #4381, .F. ) ;
#1200 = CARTESIAN_POINT ( 'NONE',  ( 0.06545391545822003276, -0.9351990499569270421, -0.1490000000000000491 ) ) ;
#1201 = MECHANICAL_DESIGN_GEOMETRIC_PRESENTATION_REPRESENTATION (  '', ( #7988 ), #5394 ) ;
#1202 =( LENGTH_UNIT ( ) NAMED_UNIT ( * ) SI_UNIT ( .MILLI., .METRE. ) );
#1203 = VERTEX_POINT ( 'NONE', #8254 ) ;
#1204 = CARTESIAN_POINT ( 'NONE',  ( 1.574574886876660251, 0.09999999999999963085, 0.002000000000000021726 ) ) ;
#1205 = DIRECTION ( 'NONE',  ( 1.512840240677448800E-15, -1.000000000000000000, 0.000000000000000000 ) ) ;
#1206 = CARTESIAN_POINT ( 'NONE',  ( -0.3951395294234497646, -0.7656819347000701770, -0.1490000000000000213 ) ) ;
#1207 = FILL_AREA_STYLE_COLOUR ( '', #4510 ) ;
#1208 = CARTESIAN_POINT ( 'NONE',  ( 0.07489361909048308785, -0.7393618447937765348, -0.1490000000000000213 ) ) ;
#1209 = B_SPLINE_CURVE_WITH_KNOTS ( 'NONE', 3,
 ( #5161, #80, #7726, #6478, #7761, #7853, #5929, #8410, #1310, #7805, #1224, #7892, #2064, #4466, #1904, #2591, #7083, #3777, #6386 ),
 .UNSPECIFIED., .F., .F.,
 ( 4, 1, 1, 1, 1, 1, 1, 1, 1, 1, 1, 1, 1, 1, 1, 1, 4 ),
 ( 0.000000000000000000, 0.06460397028839230671, 0.1267024139629474022, 0.1867568140356183903, 0.2455056873654374305, 0.3036520244499755217, 0.3615030739706257545, 0.4202402229284675772, 0.4800333407766962934, 0.5406781347755161837, 0.6011918063807819568, 0.6623335024774421598, 0.7247395102972318259, 0.7894677361728866805, 0.8565048600438307513, 0.9263120958391899418, 1.000000000000000000 ),
 .UNSPECIFIED. ) ;
#1210 = SURFACE_STYLE_USAGE ( .BOTH. , #695 ) ;
#1211 = ORIENTED_EDGE ( 'NONE', *, *, #1423, .T. ) ;
#1212 = PRESENTATION_LAYER_ASSIGNMENT (  '', '', ( #1751 ) ) ;
#1213 = LINE ( 'NONE', #1387, #7611 ) ;
#1214 = CARTESIAN_POINT ( 'NONE',  ( -0.1879413434789165838, -0.7618187318521819629, -0.1489999999999999936 ) ) ;
#1215 = CARTESIAN_POINT ( 'NONE',  ( 0.1608648217929178614, -0.8937525996816865215, -0.1499999999999999944 ) ) ;
#1216 = CARTESIAN_POINT ( 'NONE',  ( 0.1087812174966932277, -0.9423065367302307926, -0.1489999999999999936 ) ) ;
#1217 = ADVANCED_FACE ( 'NONE', ( #8293 ), #1197, .T. ) ;
#1218 = CARTESIAN_POINT ( 'NONE',  ( -0.2494471871899096582, -0.7858734990192730585, -0.1490000000000000491 ) ) ;
#1219 =( GEOMETRIC_REPRESENTATION_CONTEXT ( 3 ) GLOBAL_UNCERTAINTY_ASSIGNED_CONTEXT ( ( #7217 ) ) GLOBAL_UNIT_ASSIGNED_CONTEXT ( ( #8314, #3607, #6205 ) ) REPRESENTATION_CONTEXT ( 'NONE', 'WORKASPACE' ) );
#1220 = CARTESIAN_POINT ( 'NONE',  ( -0.2199196474386271305, -0.9128242937514948752, -0.1490000000000000213 ) ) ;
#1221 =( NAMED_UNIT ( * ) SI_UNIT ( $, .STERADIAN. ) SOLID_ANGLE_UNIT ( ) );
#1222 = CARTESIAN_POINT ( 'NONE',  ( -0.3828346361618434335, -0.7398675123399868214, -0.1489999999999999936 ) ) ;
#1223 = ORIENTED_EDGE ( 'NONE', *, *, #4741, .F. ) ;
#1224 = CARTESIAN_POINT ( 'NONE',  ( 0.1598144772606404362, -0.7874471127961297778, -0.1489999999999999658 ) ) ;
#1225 = CARTESIAN_POINT ( 'NONE',  ( 0.07610843685583704166, -0.7625224824165525161, -0.1490000000000000213 ) ) ;
#1226 = COLOUR_RGB ( '',1.000000000000000000, 1.000000000000000000, 1.000000000000000000 ) ;
#1227 = ADVANCED_FACE ( 'NONE', ( #1880 ), #472, .T. ) ;
#1228 = DIRECTION ( 'NONE',  ( 1.000000000000000000, 0.000000000000000000, -0.000000000000000000 ) ) ;
#1229 = EDGE_CURVE ( 'NONE', #6243, #4837, #4704, .T. ) ;
#1230 = DIRECTION ( 'NONE',  ( 0.000000000000000000, 0.000000000000000000, -1.000000000000000000 ) ) ;
#1231 = ORIENTED_EDGE ( 'NONE', *, *, #126, .F. ) ;
#1232 = ORIENTED_EDGE ( 'NONE', *, *, #108, .F. ) ;
#1233 = DIRECTION ( 'NONE',  ( 1.421904488505579654E-16, -1.000000000000000000, -8.971866689102887834E-34 ) ) ;
#1234 = MECHANICAL_DESIGN_GEOMETRIC_PRESENTATION_REPRESENTATION (  '', ( #8153 ), #281 ) ;
#1235 =( NAMED_UNIT ( * ) PLANE_ANGLE_UNIT ( ) SI_UNIT ( $, .RADIAN. ) );
#1236 = DIRECTION ( 'NONE',  ( -0.9781476007338055778, -1.390832463904361404E-16, 0.2079116908177597867 ) ) ;
#1237 = VERTEX_POINT ( 'NONE', #6534 ) ;
#1238 = EDGE_CURVE ( 'NONE', #6225, #7663, #4012, .T. ) ;
#1239 = ORIENTED_EDGE ( 'NONE', *, *, #260, .T. ) ;
#1240 = UNCERTAINTY_MEASURE_WITH_UNIT (LENGTH_MEASURE( 1.000000000000000082E-05 ), #1825, 'distance_accuracy_value', 'NONE');
#1241 =( LENGTH_UNIT ( ) NAMED_UNIT ( * ) SI_UNIT ( .MILLI., .METRE. ) );
#1242 = LINE ( 'NONE', #2571, #6399 ) ;
#1243 = SURFACE_STYLE_FILL_AREA ( #562 ) ;
#1244 = UNCERTAINTY_MEASURE_WITH_UNIT (LENGTH_MEASURE( 1.000000000000000082E-05 ), #5050, 'distance_accuracy_value', 'NONE');
#1245 = MECHANICAL_DESIGN_GEOMETRIC_PRESENTATION_REPRESENTATION (  '', ( #3402 ), #5309 ) ;
#1246 = CARTESIAN_POINT ( 'NONE',  ( -1.574999999999999956, 1.525000000000000133, -0.1499999999999999944 ) ) ;
#1247 = AXIS2_PLACEMENT_3D ( 'NONE', #3324, #7213, #5252 ) ;
#1248 = SURFACE_STYLE_FILL_AREA ( #1295 ) ;
#1249 = PRODUCT_CONTEXT ( 'NONE', #2227, 'mechanical' ) ;
#1250 =( LENGTH_UNIT ( ) NAMED_UNIT ( * ) SI_UNIT ( .MILLI., .METRE. ) );
#1251 = ORIENTED_EDGE ( 'NONE', *, *, #5718, .T. ) ;
#1252 = MECHANICAL_DESIGN_GEOMETRIC_PRESENTATION_REPRESENTATION (  '', ( #173 ), #7088 ) ;
#1253 = DIRECTION ( 'NONE',  ( -1.000000000000000000, 1.327594496921025717E-16, 0.000000000000000000 ) ) ;
#1254 = CARTESIAN_POINT ( 'NONE',  ( 0.5249999999999995781, 1.289999999999999591, 0.002000000000000021726 ) ) ;
#1255 = VECTOR ( 'NONE', #8100, 1000.000000000000000 ) ;
#1256 = LINE ( 'NONE', #5745, #4312 ) ;
#1257 = EDGE_CURVE ( 'NONE', #4301, #597, #5393, .T. ) ;
#1258 = CYLINDRICAL_SURFACE ( 'NONE', #2632, 0.1931030917913612033 ) ;
#1259 = CARTESIAN_POINT ( 'NONE',  ( -0.2269445248349260535, -0.9098151696096695717, -0.1489999999999999936 ) ) ;
#1260 = CARTESIAN_POINT ( 'NONE',  ( -0.2925907337228190741, -0.8373522684375478420, -0.1499999999999999944 ) ) ;
#1261 = MECHANICAL_DESIGN_GEOMETRIC_PRESENTATION_REPRESENTATION (  '', ( #5325 ), #4358 ) ;
#1262 = SURFACE_STYLE_USAGE ( .BOTH. , #1945 ) ;
#1263 = SURFACE_STYLE_FILL_AREA ( #3241 ) ;
#1264 = VERTEX_POINT ( 'NONE', #139 ) ;
#1265 = CARTESIAN_POINT ( 'NONE',  ( 0.07120628025243709580, -0.9154533066231377303, -0.1500000000000000222 ) ) ;
#1266 = EDGE_CURVE ( 'NONE', #7697, #1014, #6018, .T. ) ;
#1267 = CARTESIAN_POINT ( 'NONE',  ( 0.05375072969181514393, -0.7721845855107185574, -0.1499999999999999944 ) ) ;
#1268 = FILL_AREA_STYLE_COLOUR ( '', #1846 ) ;
#1269 = STYLED_ITEM ( 'NONE', ( #561 ), #4531 ) ;
#1270 = LINE ( 'NONE', #2691, #6317 ) ;
#1271 = CARTESIAN_POINT ( 'NONE',  ( -0.4292142093325751473, -0.8618187318521820517, -0.1499999999999999944 ) ) ;
#1272 = EDGE_LOOP ( 'NONE', ( #1101, #3962, #5670, #4082 ) ) ;
#1273 = VECTOR ( 'NONE', #2868, 1000.000000000000000 ) ;
#1274 = ADVANCED_FACE ( 'NONE', ( #7950 ), #5860, .T. ) ;
#1275 = EDGE_LOOP ( 'NONE', ( #150, #4584, #2871, #7330, #5969, #7545, #5645 ) ) ;
#1276 = VECTOR ( 'NONE', #98, 1000.000000000000000 ) ;
#1277 = VECTOR ( 'NONE', #5146, 1000.000000000000000 ) ;
#1279 = CARTESIAN_POINT ( 'NONE',  ( -0.8250000000000002887, 1.525000000000000133, -0.1499999999999999944 ) ) ;
#1278 = CARTESIAN_POINT ( 'NONE',  ( -0.2925099602822900380, -0.8411297853388178813, -0.1500000000000000222 ) ) ;
#1280 = EDGE_LOOP ( 'NONE', ( #1298, #6319, #2471, #7767, #2950, #4396, #3800, #4041, #1601, #6291, #7748, #1604 ) ) ;
#1281 =( NAMED_UNIT ( * ) SI_UNIT ( $, .STERADIAN. ) SOLID_ANGLE_UNIT ( ) );
#1282 = MECHANICAL_DESIGN_GEOMETRIC_PRESENTATION_REPRESENTATION (  '', ( #5891 ), #6014 ) ;
#1283 =( LENGTH_UNIT ( ) NAMED_UNIT ( * ) SI_UNIT ( .MILLI., .METRE. ) );
#1284 = DIRECTION ( 'NONE',  ( 0.9781476007338055778, 1.390832463904361404E-16, 0.2079116908177597867 ) ) ;
#1285 = DIRECTION ( 'NONE',  ( -0.3536223923290756077, 0.9353882635801357148, 0.000000000000000000 ) ) ;
#1286 = DIRECTION ( 'NONE',  ( -0.000000000000000000, 0.000000000000000000, 1.000000000000000000 ) ) ;
#1287 = VERTEX_POINT ( 'NONE', #3969 ) ;
#1288 = DIRECTION ( 'NONE',  ( 0.000000000000000000, 1.000000000000000000, 0.000000000000000000 ) ) ;
#1289 =( LENGTH_UNIT ( ) NAMED_UNIT ( * ) SI_UNIT ( .MILLI., .METRE. ) );
#1290 = FILL_AREA_STYLE ('',( #5689 ) ) ;
#1291 = EDGE_CURVE ( 'NONE', #8321, #2688, #3345, .T. ) ;
#1292 = CARTESIAN_POINT ( 'NONE',  ( 0.05375072969181514393, -0.7453553172180356068, -0.1489999999999999936 ) ) ;
#1293 = ORIENTED_EDGE ( 'NONE', *, *, #6409, .T. ) ;
#1294 = AXIS2_PLACEMENT_3D ( 'NONE', #6822, #3584, #8039 ) ;
#1295 = FILL_AREA_STYLE ('',( #1122 ) ) ;
#1296 =( LENGTH_UNIT ( ) NAMED_UNIT ( * ) SI_UNIT ( .MILLI., .METRE. ) );
#1297 = SURFACE_SIDE_STYLE ('',( #5696 ) ) ;
#1298 = ORIENTED_EDGE ( 'NONE', *, *, #3148, .F. ) ;
#1299 =( LENGTH_UNIT ( ) NAMED_UNIT ( * ) SI_UNIT ( .MILLI., .METRE. ) );
#1300 = PRESENTATION_STYLE_ASSIGNMENT (( #5150 ) ) ;
#1301 = CARTESIAN_POINT ( 'NONE',  ( 0.8249999999999997335, -1.524999999999999689, -2.377639563540604610E-21 ) ) ;
#1302 = CARTESIAN_POINT ( 'NONE',  ( -0.8250000000000002887, 1.525000000000000133, 3.852846031350581052E-21 ) ) ;
#1303 = EDGE_CURVE ( 'NONE', #7201, #3400, #526, .T. ) ;
#1304 = CARTESIAN_POINT ( 'NONE',  ( 0.06372319580208062051, -0.7418279123772318906, -0.1499999999999999667 ) ) ;
#1305 = FILL_AREA_STYLE ('',( #5705 ) ) ;
#1306 = PRESENTATION_LAYER_ASSIGNMENT (  '', '', ( #489 ) ) ;
#1307 = CARTESIAN_POINT ( 'NONE',  ( 0.07610843685583704166, -0.7625224824165525161, -0.1490000000000000213 ) ) ;
#1308 = FACE_OUTER_BOUND ( 'NONE', #1280, .T. ) ;
#1309 = DIRECTION ( 'NONE',  ( 0.000000000000000000, 0.000000000000000000, -1.000000000000000000 ) ) ;
#1310 = CARTESIAN_POINT ( 'NONE',  ( 0.1494918640055507841, -0.7764162845899993393, -0.1489999999999999936 ) ) ;
#1311 = EDGE_CURVE ( 'NONE', #757, #2149, #885, .T. ) ;
#1312 = VERTEX_POINT ( 'NONE', #4258 ) ;
#1313 = DIRECTION ( 'NONE',  ( 9.035018104045888690E-16, -1.000000000000000000, 0.000000000000000000 ) ) ;
#1314 = CARTESIAN_POINT ( 'NONE',  ( 0.1115148162912248664, -0.7376774082281075673, -0.1490000000000000491 ) ) ;
#1315 = VECTOR ( 'NONE', #4866, 1000.000000000000000 ) ;
#1316 = DIRECTION ( 'NONE',  ( -1.000000000000000000, 0.000000000000000000, 0.000000000000000000 ) ) ;
#1317 = ORIENTED_EDGE ( 'NONE', *, *, #5287, .F. ) ;
#1318 = FILL_AREA_STYLE ('',( #7132 ) ) ;
#1319 = VERTEX_POINT ( 'NONE', #421 ) ;
#1320 = AXIS2_PLACEMENT_3D ( 'NONE', #41, #1230, #1316 ) ;
#1321 = EDGE_CURVE ( 'NONE', #5602, #7612, #5592, .T. ) ;
#1322 = UNCERTAINTY_MEASURE_WITH_UNIT (LENGTH_MEASURE( 1.000000000000000082E-05 ), #7861, 'distance_accuracy_value', 'NONE');
#1323 = CARTESIAN_POINT ( 'NONE',  ( 0.05375072969181514393, -0.9295016586814502935, -0.1499999999999999944 ) ) ;
#1324 =( GEOMETRIC_REPRESENTATION_CONTEXT ( 3 ) GLOBAL_UNCERTAINTY_ASSIGNED_CONTEXT ( ( #2182 ) ) GLOBAL_UNIT_ASSIGNED_CONTEXT ( ( #5768, #7099, #1281 ) ) REPRESENTATION_CONTEXT ( 'NONE', 'WORKASPACE' ) );
#1325 = EDGE_LOOP ( 'NONE', ( #5686, #2787, #5473, #7386 ) ) ;
#1326 = SURFACE_STYLE_USAGE ( .BOTH. , #1415 ) ;
#1327 = MECHANICAL_DESIGN_GEOMETRIC_PRESENTATION_REPRESENTATION (  '', ( #5932 ), #2654 ) ;
#1328 = AXIS2_PLACEMENT_3D ( 'NONE', #4233, #4869, #2328 ) ;
#1329 = MECHANICAL_DESIGN_GEOMETRIC_PRESENTATION_REPRESENTATION (  '', ( #2514 ), #1725 ) ;
#1330 = STYLED_ITEM ( 'NONE', ( #7518 ), #141 ) ;
#1331 = EDGE_CURVE ( 'NONE', #4357, #7558, #7353, .T. ) ;
#1332 =( NAMED_UNIT ( * ) SI_UNIT ( $, .STERADIAN. ) SOLID_ANGLE_UNIT ( ) );
#1333 = DIRECTION ( 'NONE',  ( -1.000000000000000000, 0.000000000000000000, 0.000000000000000000 ) ) ;
#1334 = ORIENTED_EDGE ( 'NONE', *, *, #1136, .T. ) ;
#1335 = VECTOR ( 'NONE', #7525, 1000.000000000000000 ) ;
#1336 = VECTOR ( 'NONE', #1956, 1000.000000000000000 ) ;
#1337 = UNCERTAINTY_MEASURE_WITH_UNIT (LENGTH_MEASURE( 1.000000000000000082E-05 ), #3982, 'distance_accuracy_value', 'NONE');
#1338 =( NAMED_UNIT ( * ) PLANE_ANGLE_UNIT ( ) SI_UNIT ( $, .RADIAN. ) );
#1339 = DIRECTION ( 'NONE',  ( 0.000000000000000000, -0.000000000000000000, -1.000000000000000000 ) ) ;
#1340 = FILL_AREA_STYLE_COLOUR ( '', #2016 ) ;
#1341 = EDGE_CURVE ( 'NONE', #5496, #7201, #8155, .T. ) ;
#1342 =( NAMED_UNIT ( * ) SI_UNIT ( $, .STERADIAN. ) SOLID_ANGLE_UNIT ( ) );
#1343 = LINE ( 'NONE', #3760, #5886 ) ;
#1344 = ORIENTED_EDGE ( 'NONE', *, *, #1438, .T. ) ;
#1345 = CARTESIAN_POINT ( 'NONE',  ( 0.2196043882284005599, -0.9398675123399868880, -0.1499999999999999944 ) ) ;
#1346 =( NAMED_UNIT ( * ) SI_UNIT ( $, .STERADIAN. ) SOLID_ANGLE_UNIT ( ) );
#1347 = DIRECTION ( 'NONE',  ( -1.000000000000000000, -0.000000000000000000, -0.000000000000000000 ) ) ;
#1348 = VERTEX_POINT ( 'NONE', #3462 ) ;
#1349 = FILL_AREA_STYLE_COLOUR ( '', #7909 ) ;
#1350 = CARTESIAN_POINT ( 'NONE',  ( 0.1471890557165661806, -0.9356896511866148458, -0.1489999999999999380 ) ) ;
#1351 = VECTOR ( 'NONE', #7122, 1000.000000000000000 ) ;
#1352 = CARTESIAN_POINT ( 'NONE',  ( -0.08283463616184341682, -0.8496236099009625287, -0.1489999999999999936 ) ) ;
#1353 = PRESENTATION_LAYER_ASSIGNMENT (  '', '', ( #2275 ) ) ;
#1354 = LINE ( 'NONE', #7669, #6058 ) ;
#1355 = CARTESIAN_POINT ( 'NONE',  ( -0.2605543129727971863, -0.8047518160476395677, -0.1499999999999999667 ) ) ;
#1356 = FACE_OUTER_BOUND ( 'NONE', #7024, .T. ) ;
#1357 = LINE ( 'NONE', #3993, #2142 ) ;
#1358 = CARTESIAN_POINT ( 'NONE',  ( -0.1316151239667214534, -0.7398675123399868214, -0.1499999999999999944 ) ) ;
#1359 = VECTOR ( 'NONE', #4175, 1000.000000000000000 ) ;
#1360 = LINE ( 'NONE', #3242, #3403 ) ;
#1361 = SURFACE_STYLE_FILL_AREA ( #709 ) ;
#1362 = VERTEX_POINT ( 'NONE', #5504 ) ;
#1363 = PRESENTATION_STYLE_ASSIGNMENT (( #3957 ) ) ;
#1364 = AXIS2_PLACEMENT_3D ( 'NONE', #1720, #450, #1128 ) ;
#1365 = UNCERTAINTY_MEASURE_WITH_UNIT (LENGTH_MEASURE( 1.000000000000000082E-05 ), #394, 'distance_accuracy_value', 'NONE');
#1366 = CARTESIAN_POINT ( 'NONE',  ( -0.1880556727472093015, -0.7398675123399868214, -0.1489999999999999936 ) ) ;
#1367 = ORIENTED_EDGE ( 'NONE', *, *, #7318, .F. ) ;
#1368 =( GEOMETRIC_REPRESENTATION_CONTEXT ( 3 ) GLOBAL_UNCERTAINTY_ASSIGNED_CONTEXT ( ( #4735 ) ) GLOBAL_UNIT_ASSIGNED_CONTEXT ( ( #582, #3073, #7638 ) ) REPRESENTATION_CONTEXT ( 'NONE', 'WORKASPACE' ) );
#1369 = ORIENTED_EDGE ( 'NONE', *, *, #7912, .T. ) ;
#1370 = ORIENTED_EDGE ( 'NONE', *, *, #3698, .T. ) ;
#1371 = CARTESIAN_POINT ( 'NONE',  ( 0.07120628025243709580, -0.9154533066231377303, -0.1490000000000000213 ) ) ;
#1372 = PLANE ( 'NONE',  #2150 ) ;
#1373 =( NAMED_UNIT ( * ) PLANE_ANGLE_UNIT ( ) SI_UNIT ( $, .RADIAN. ) );
#1374 = SURFACE_SIDE_STYLE ('',( #7991 ) ) ;
#1375 = ORIENTED_EDGE ( 'NONE', *, *, #4440, .T. ) ;
#1376 = DIRECTION ( 'NONE',  ( 0.000000000000000000, 0.000000000000000000, -1.000000000000000000 ) ) ;
#1377 = EDGE_CURVE ( 'NONE', #3334, #7565, #290, .T. ) ;
#1378 = LINE ( 'NONE', #2612, #1766 ) ;
#1379 = CARTESIAN_POINT ( 'NONE',  ( -1.574999999999999512, -1.524999999999999689, -0.1499999999999999944 ) ) ;
#1380 = CARTESIAN_POINT ( 'NONE',  ( -0.2449861327746605533, -0.8969718739294738619, -0.1500000000000000222 ) ) ;
#1381 = DIRECTION ( 'NONE',  ( -0.000000000000000000, -0.000000000000000000, -1.000000000000000000 ) ) ;
#1382 = ORIENTED_EDGE ( 'NONE', *, *, #6277, .T. ) ;
#1383 = MECHANICAL_DESIGN_GEOMETRIC_PRESENTATION_REPRESENTATION (  '', ( #5159 ), #5013 ) ;
#1384 = DIRECTION ( 'NONE',  ( -0.000000000000000000, -0.000000000000000000, -1.000000000000000000 ) ) ;
#1385 = ORIENTED_EDGE ( 'NONE', *, *, #8199, .T. ) ;
#1386 = ADVANCED_FACE ( 'NONE', ( #1541 ), #2195, .T. ) ;
#1387 = CARTESIAN_POINT ( 'NONE',  ( -1.574999999999999956, 1.525000000000000133, 0.000000000000000000 ) ) ;
#1388 = SURFACE_SIDE_STYLE ('',( #3234 ) ) ;
#1389 = FILL_AREA_STYLE ('',( #2013 ) ) ;
#1390 = PRESENTATION_STYLE_ASSIGNMENT (( #4629 ) ) ;
#1391 = DIRECTION ( 'NONE',  ( -0.000000000000000000, -0.000000000000000000, -1.000000000000000000 ) ) ;
#1392 = CARTESIAN_POINT ( 'NONE',  ( -0.2629160751075592106, -0.8122115654094353987, -0.1490000000000000491 ) ) ;
#1393 = CARTESIAN_POINT ( 'NONE',  ( -0.2655685149570597425, -0.8289051620100365003, -0.1490000000000000213 ) ) ;
#1394 = SURFACE_SIDE_STYLE ('',( #3318 ) ) ;
#1395 = MECHANICAL_DESIGN_GEOMETRIC_PRESENTATION_REPRESENTATION (  '', ( #8166 ), #5317 ) ;
#1396 = CARTESIAN_POINT ( 'NONE',  ( -0.2853410454246631534, -0.7973067439811418744, -0.1499999999999999944 ) ) ;
#1397 = CARTESIAN_POINT ( 'NONE',  ( 1.649999999999999911, -0.1000000000000002137, 0.002000000000000021726 ) ) ;
#1398 = VERTEX_POINT ( 'NONE', #1006 ) ;
#1399 = CARTESIAN_POINT ( 'NONE',  ( 0.08408314921869419756, -0.9186538501375259846, -0.1499999999999999389 ) ) ;
#1400 =( LENGTH_UNIT ( ) NAMED_UNIT ( * ) SI_UNIT ( .MILLI., .METRE. ) );
#1401 = ORIENTED_EDGE ( 'NONE', *, *, #5424, .F. ) ;
#1402 = LINE ( 'NONE', #6522, #2951 ) ;
#1403 = SURFACE_STYLE_FILL_AREA ( #7856 ) ;
#1404 = AXIS2_PLACEMENT_3D ( 'NONE', #202, #5336, #790 ) ;
#1405 = EDGE_CURVE ( 'NONE', #5339, #6200, #4778, .T. ) ;
#1406 = ORIENTED_EDGE ( 'NONE', *, *, #3271, .T. ) ;
#1407 = DIRECTION ( 'NONE',  ( -1.000000000000000000, 0.000000000000000000, -0.000000000000000000 ) ) ;
#1408 = VERTEX_POINT ( 'NONE', #6742 ) ;
#1409 = SURFACE_SIDE_STYLE ('',( #1873 ) ) ;
#1410 = ORIENTED_EDGE ( 'NONE', *, *, #1150, .F. ) ;
#1411 = PRESENTATION_LAYER_ASSIGNMENT (  '', '', ( #5325 ) ) ;
#1412 = UNCERTAINTY_MEASURE_WITH_UNIT (LENGTH_MEASURE( 1.000000000000000082E-05 ), #6344, 'distance_accuracy_value', 'NONE');
#1413 =( LENGTH_UNIT ( ) NAMED_UNIT ( * ) SI_UNIT ( .MILLI., .METRE. ) );
#1414 = CARTESIAN_POINT ( 'NONE',  ( 0.1746055527866791912, -0.8589724093639165003, -0.1489999999999999658 ) ) ;
#1415 = SURFACE_SIDE_STYLE ('',( #5819 ) ) ;
#1416 = FILL_AREA_STYLE_COLOUR ( '', #2380 ) ;
#1417 = FILL_AREA_STYLE_COLOUR ( '', #3460 ) ;
#1418 = PRESENTATION_LAYER_ASSIGNMENT (  '', '', ( #5043 ) ) ;
#1419 = ORIENTED_EDGE ( 'NONE', *, *, #6064, .T. ) ;
#1420 = UNCERTAINTY_MEASURE_WITH_UNIT (LENGTH_MEASURE( 1.000000000000000082E-05 ), #3636, 'distance_accuracy_value', 'NONE');
#1421 = PRESENTATION_STYLE_ASSIGNMENT (( #7872 ) ) ;
#1422 = CARTESIAN_POINT ( 'NONE',  ( 1.124999999999999778, -1.650000000000013012, 0.002000000000000021726 ) ) ;
#1423 = EDGE_CURVE ( 'NONE', #4330, #7470, #2850, .T. ) ;
#1424 = VECTOR ( 'NONE', #5096, 1000.000000000000000 ) ;
#1425 = DIRECTION ( 'NONE',  ( -1.000000000000000000, -1.445602896647340100E-15, -0.000000000000000000 ) ) ;
#1426 = SURFACE_SIDE_STYLE ('',( #4620 ) ) ;
#1427 =( GEOMETRIC_REPRESENTATION_CONTEXT ( 3 ) GLOBAL_UNCERTAINTY_ASSIGNED_CONTEXT ( ( #2736 ) ) GLOBAL_UNIT_ASSIGNED_CONTEXT ( ( #732, #1429, #2616 ) ) REPRESENTATION_CONTEXT ( 'NONE', 'WORKASPACE' ) );
#1428 =( NAMED_UNIT ( * ) PLANE_ANGLE_UNIT ( ) SI_UNIT ( $, .RADIAN. ) );
#1429 =( NAMED_UNIT ( * ) PLANE_ANGLE_UNIT ( ) SI_UNIT ( $, .RADIAN. ) );
#1430 = ORIENTED_EDGE ( 'NONE', *, *, #8334, .F. ) ;
#1431 = DIRECTION ( 'NONE',  ( 0.000000000000000000, -0.000000000000000000, -1.000000000000000000 ) ) ;
#1432 =( NAMED_UNIT ( * ) SI_UNIT ( $, .STERADIAN. ) SOLID_ANGLE_UNIT ( ) );
#1433 = VERTEX_POINT ( 'NONE', #4177 ) ;
#1434 = CARTESIAN_POINT ( 'NONE',  ( 0.1087812174966932277, -0.9423065367302307926, -0.1499999999999998834 ) ) ;
#1435 = CARTESIAN_POINT ( 'NONE',  ( -0.4750000000000008105, 1.649999999999995248, 0.002000000000000021726 ) ) ;
#1436 = FACE_BOUND ( 'NONE', #1948, .T. ) ;
#1437 = CARTESIAN_POINT ( 'NONE',  ( -0.2629160751075592106, -0.8122115654094353987, -0.1490000000000000491 ) ) ;
#1438 = EDGE_CURVE ( 'NONE', #6458, #7310, #6781, .T. ) ;
#1439 = DIRECTION ( 'NONE',  ( 0.2079116908177597867, -3.381274603046247993E-16, -0.9781476007338055778 ) ) ;
#1440 = SURFACE_STYLE_USAGE ( .BOTH. , #2759 ) ;
#1441 = ORIENTED_EDGE ( 'NONE', *, *, #446, .T. ) ;
#1442 = CARTESIAN_POINT ( 'NONE',  ( 0.05558919571758243194, -0.9085859500048627524, -0.1499999999999999944 ) ) ;
#1443 =( LENGTH_UNIT ( ) NAMED_UNIT ( * ) SI_UNIT ( .MILLI., .METRE. ) );
#1444 = ORIENTED_EDGE ( 'NONE', *, *, #5857, .T. ) ;
#1445 = VERTEX_POINT ( 'NONE', #2937 ) ;
#1446 = UNCERTAINTY_MEASURE_WITH_UNIT (LENGTH_MEASURE( 1.000000000000000082E-05 ), #1476, 'distance_accuracy_value', 'NONE');
#1447 = CARTESIAN_POINT ( 'NONE',  ( 0.1412201469392447839, -0.7445292267768455208, -0.1489999999999999936 ) ) ;
#1448 = EDGE_CURVE ( 'NONE', #3661, #6275, #7557, .T. ) ;
#1449 = MECHANICAL_DESIGN_GEOMETRIC_PRESENTATION_REPRESENTATION (  '', ( #5909 ), #1980 ) ;
#1450 = ORIENTED_EDGE ( 'NONE', *, *, #2138, .T. ) ;
#1451 = DIRECTION ( 'NONE',  ( 1.000000000000000000, 0.000000000000000000, 0.000000000000000000 ) ) ;
#1452 = ORIENTED_EDGE ( 'NONE', *, *, #1542, .F. ) ;
#1453 = AXIS2_PLACEMENT_3D ( 'NONE', #8274, #2415, #1173 ) ;
#1454 = SURFACE_STYLE_USAGE ( .BOTH. , #5382 ) ;
#1455 = ORIENTED_EDGE ( 'NONE', *, *, #743, .F. ) ;
#1456 = COLOUR_RGB ( '',0.000000000000000000, 0.000000000000000000, 0.000000000000000000 ) ;
#1457 = VECTOR ( 'NONE', #1047, 1000.000000000000000 ) ;
#1458 = CARTESIAN_POINT ( 'NONE',  ( 0.05558919571758243194, -0.9085859500048627524, -0.1489999999999999936 ) ) ;
#1459 = CARTESIAN_POINT ( 'NONE',  ( -0.2759477526929795532, -0.8968072812436830299, -0.1499999999999999944 ) ) ;
#1460 = MECHANICAL_DESIGN_GEOMETRIC_PRESENTATION_REPRESENTATION (  '', ( #1990 ), #6596 ) ;
#1461 = VERTEX_POINT ( 'NONE', #6912 ) ;
#1462 = DIRECTION ( 'NONE',  ( 0.000000000000000000, 1.000000000000000000, 0.000000000000000000 ) ) ;
#1463 = EDGE_CURVE ( 'NONE', #4520, #926, #1099, .T. ) ;
#1464 = CARTESIAN_POINT ( 'NONE',  ( -0.3555861605520873048, -0.8837699513643770821, -0.1499999999999999944 ) ) ;
#1465 = MECHANICAL_DESIGN_GEOMETRIC_PRESENTATION_REPRESENTATION (  '', ( #7007 ), #6735 ) ;
#1466 = VECTOR ( 'NONE', #106, 1000.000000000000000 ) ;
#1467 = CARTESIAN_POINT ( 'NONE',  ( 0.1704969253989207789, -0.9216525404917368380, -0.1499999999999999944 ) ) ;
#1468 = CARTESIAN_POINT ( 'NONE',  ( -0.2498650815532209857, -0.8914235877857332735, -0.1499999999999999944 ) ) ;
#1469 = CARTESIAN_POINT ( 'NONE',  ( -0.01210292884477019541, -0.9179162928277918576, -0.1499999999999999944 ) ) ;
#1470 = ORIENTED_EDGE ( 'NONE', *, *, #6180, .F. ) ;
#1471 = CARTESIAN_POINT ( 'NONE',  ( 0.01472633944791271188, -0.7398675123399868214, -0.1489999999999999936 ) ) ;
#1472 = COLOUR_RGB ( '',0.000000000000000000, 0.000000000000000000, 0.000000000000000000 ) ;
#1473 = ORIENTED_EDGE ( 'NONE', *, *, #7799, .T. ) ;
#1474 = CARTESIAN_POINT ( 'NONE',  ( -1.574999999999999512, -1.524999999999999689, 0.000000000000000000 ) ) ;
#1475 = CARTESIAN_POINT ( 'NONE',  ( 0.1831315913242555771, -0.9083090208729605042, -0.1489999999999999936 ) ) ;
#1476 =( LENGTH_UNIT ( ) NAMED_UNIT ( * ) SI_UNIT ( .MILLI., .METRE. ) );
#1477 =( GEOMETRIC_REPRESENTATION_CONTEXT ( 3 ) GLOBAL_UNCERTAINTY_ASSIGNED_CONTEXT ( ( #494 ) ) GLOBAL_UNIT_ASSIGNED_CONTEXT ( ( #2283, #3514, #1625 ) ) REPRESENTATION_CONTEXT ( 'NONE', 'WORKASPACE' ) );
#1478 = CARTESIAN_POINT ( 'NONE',  ( -0.2388056725363240096, -0.7763614311816827707, -0.1490000000000000491 ) ) ;
#1479 = FILL_AREA_STYLE ('',( #6594 ) ) ;
#1480 = CARTESIAN_POINT ( 'NONE',  ( 1.574999999999999956, 0.1000000000000000472, 5.125092256689154536E-16 ) ) ;
#1481 = CARTESIAN_POINT ( 'NONE',  ( -0.2698553643168825622, -0.7730817207572892036, -0.1499999999999999944 ) ) ;
#1482 = FACE_OUTER_BOUND ( 'NONE', #7962, .T. ) ;
#1483 = ORIENTED_EDGE ( 'NONE', *, *, #2972, .F. ) ;
#1484 = AXIS2_PLACEMENT_3D ( 'NONE', #8257, #8379, #4360 ) ;
#1485 = LINE ( 'NONE', #310, #5582 ) ;
#1486 = ORIENTED_EDGE ( 'NONE', *, *, #6526, .F. ) ;
#1487 = EDGE_CURVE ( 'NONE', #4977, #7339, #4293, .T. ) ;
#1488 = CARTESIAN_POINT ( 'NONE',  ( 1.225000000000000089, -2.330083616306567074E-16, -0.1499999999999999944 ) ) ;
#1489 = ORIENTED_EDGE ( 'NONE', *, *, #7017, .T. ) ;
#1490 = STYLED_ITEM ( 'NONE', ( #2663 ), #4644 ) ;
#1491 = VERTEX_POINT ( 'NONE', #6895 ) ;
#1492 = CARTESIAN_POINT ( 'NONE',  ( -0.4382081117715995178, -0.8837699513643770821, -0.1499999999999999944 ) ) ;
#1493 = ORIENTED_EDGE ( 'NONE', *, *, #2744, .T. ) ;
#1494 = PRESENTATION_LAYER_ASSIGNMENT (  '', '', ( #8124 ) ) ;
#1495 = SURFACE_SIDE_STYLE ('',( #4804 ) ) ;
#1496 = ORIENTED_EDGE ( 'NONE', *, *, #5497, .T. ) ;
#1497 = STYLED_ITEM ( 'NONE', ( #699 ), #5046 ) ;
#1498 = EDGE_CURVE ( 'NONE', #1312, #2350, #2423, .T. ) ;
#1499 = CARTESIAN_POINT ( 'NONE',  ( -0.1973287120089955715, -0.9396625056791249042, -0.1490000000000000213 ) ) ;
#1500 = ADVANCED_FACE ( 'NONE', ( #6209 ), #452, .T. ) ;
#1501 = CARTESIAN_POINT ( 'NONE',  ( 0.05375072969181514393, -0.9075504391692551520, -0.1499999999999999944 ) ) ;
#1502 = SURFACE_STYLE_USAGE ( .BOTH. , #7994 ) ;
#1503 = CARTESIAN_POINT ( 'NONE',  ( 1.125000000000001110, 0.000000000000000000, -0.1499999999999999944 ) ) ;
#1504 = FILL_AREA_STYLE_COLOUR ( '', #2637 ) ;
#1505 = MECHANICAL_DESIGN_GEOMETRIC_PRESENTATION_REPRESENTATION (  '', ( #8141 ), #7053 ) ;
#1506 = VERTEX_POINT ( 'NONE', #407 ) ;
#1507 = CARTESIAN_POINT ( 'NONE',  ( 1.575000000000000178, -0.1000000000000004774, -0.1499999999999999944 ) ) ;
#1508 = STYLED_ITEM ( 'NONE', ( #1363 ), #5415 ) ;
#1509 = CARTESIAN_POINT ( 'NONE',  ( 0.2010785554530200581, -0.8647041250415148372, -0.1500000000000000222 ) ) ;
#1510 = DIRECTION ( 'NONE',  ( -0.000000000000000000, 0.000000000000000000, 1.000000000000000000 ) ) ;
#1511 = VERTEX_POINT ( 'NONE', #3802 ) ;
#1512 = ADVANCED_FACE ( 'NONE', ( #6125 ), #3220, .T. ) ;
#1513 =( NAMED_UNIT ( * ) SI_UNIT ( $, .STERADIAN. ) SOLID_ANGLE_UNIT ( ) );
#1514 = FILL_AREA_STYLE ('',( #4717 ) ) ;
#1515 = ORIENTED_EDGE ( 'NONE', *, *, #2593, .T. ) ;
#1516 = FILL_AREA_STYLE_COLOUR ( '', #2704 ) ;
#1517 = FILL_AREA_STYLE ('',( #1592 ) ) ;
#1518 = FILL_AREA_STYLE ('',( #4548 ) ) ;
#1519 = STYLED_ITEM ( 'NONE', ( #3013 ), #720 ) ;
#1520 = FACE_OUTER_BOUND ( 'NONE', #224, .T. ) ;
#1521 = CARTESIAN_POINT ( 'NONE',  ( -0.2853515818477607713, -0.8792468307691340135, -0.1489999999999999936 ) ) ;
#1522 = CARTESIAN_POINT ( 'NONE',  ( -0.2094992875219536255, -0.7413297815213987230, -0.1489999999999999936 ) ) ;
#1523 = EDGE_LOOP ( 'NONE', ( #2024, #1573, #912, #2553 ) ) ;
#1524 = VECTOR ( 'NONE', #5648, 1000.000000000000000 ) ;
#1525 = SURFACE_SIDE_STYLE ('',( #272 ) ) ;
#1526 = ORIENTED_EDGE ( 'NONE', *, *, #5818, .T. ) ;
#1527 = ORIENTED_EDGE ( 'NONE', *, *, #1102, .F. ) ;
#1528 = UNCERTAINTY_MEASURE_WITH_UNIT (LENGTH_MEASURE( 1.000000000000000082E-05 ), #5737, 'distance_accuracy_value', 'NONE');
#1529 = VECTOR ( 'NONE', #7662, 1000.000000000000000 ) ;
#1530 = STYLED_ITEM ( 'NONE', ( #96 ), #3233 ) ;
#1531 = DIRECTION ( 'NONE',  ( 0.000000000000000000, 1.000000000000000000, 0.000000000000000000 ) ) ;
#1532 = VERTEX_POINT ( 'NONE', #3352 ) ;
#1533 = EDGE_CURVE ( 'NONE', #7565, #4909, #6542, .T. ) ;
#1534 =( LENGTH_UNIT ( ) NAMED_UNIT ( * ) SI_UNIT ( .MILLI., .METRE. ) );
#1535 = DIRECTION ( 'NONE',  ( 0.2035585949527793093, 0.2035585949527793370, -0.9576678948579725459 ) ) ;
#1536 = VERTEX_POINT ( 'NONE', #5953 ) ;
#1537 = SURFACE_STYLE_USAGE ( .BOTH. , #3931 ) ;
#1538 = CIRCLE ( 'NONE', #1404, 0.1000000000000000472 ) ;
#1539 = SURFACE_STYLE_USAGE ( .BOTH. , #7351 ) ;
#1540 = CARTESIAN_POINT ( 'NONE',  ( 0.7750000000000006883, 1.239999999999999547, 0.002000000000000021726 ) ) ;
#1541 = FACE_OUTER_BOUND ( 'NONE', #1058, .T. ) ;
#1542 = EDGE_CURVE ( 'NONE', #1461, #2882, #103, .T. ) ;
#1543 =( GEOMETRIC_REPRESENTATION_CONTEXT ( 3 ) GLOBAL_UNCERTAINTY_ASSIGNED_CONTEXT ( ( #5164 ) ) GLOBAL_UNIT_ASSIGNED_CONTEXT ( ( #4069, #227, #784 ) ) REPRESENTATION_CONTEXT ( 'NONE', 'WORKASPACE' ) );
#1545 = DIRECTION ( 'NONE',  ( -1.000000000000000000, 0.000000000000000000, 0.000000000000000000 ) ) ;
#1544 = LINE ( 'NONE', #7956, #7720 ) ;
#1546 =( GEOMETRIC_REPRESENTATION_CONTEXT ( 3 ) GLOBAL_UNCERTAINTY_ASSIGNED_CONTEXT ( ( #1244 ) ) GLOBAL_UNIT_ASSIGNED_CONTEXT ( ( #5050, #5145, #1346 ) ) REPRESENTATION_CONTEXT ( 'NONE', 'WORKASPACE' ) );
#1547 = CARTESIAN_POINT ( 'NONE',  ( 0.1555262619683412673, -0.9319142356467057242, -0.1500000000000000222 ) ) ;
#1548 = SURFACE_STYLE_FILL_AREA ( #6186 ) ;
#1549 = PRESENTATION_LAYER_ASSIGNMENT (  '', '', ( #1952 ) ) ;
#1550 = EDGE_CURVE ( 'NONE', #660, #6177, #7323, .T. ) ;
#1551 = ORIENTED_EDGE ( 'NONE', *, *, #4469, .F. ) ;
#1552 = CARTESIAN_POINT ( 'NONE',  ( -1.125000000000000666, -1.219999999999999973, -0.1499999999999999944 ) ) ;
#1553 = ORIENTED_EDGE ( 'NONE', *, *, #3981, .T. ) ;
#1554 = FILL_AREA_STYLE ('',( #1516 ) ) ;
#1555 = CARTESIAN_POINT ( 'NONE',  ( 0.2024687077983324812, -0.8472646713330165280, -0.1489999999999999936 ) ) ;
#1556 = STYLED_ITEM ( 'NONE', ( #3764 ), #2876 ) ;
#1557 = EDGE_CURVE ( 'NONE', #2035, #3823, #4242, .T. ) ;
#1558 = LINE ( 'NONE', #6713, #8090 ) ;
#1559 = LINE ( 'NONE', #6973, #907 ) ;
#1560 = CARTESIAN_POINT ( 'NONE',  ( -0.2194821513638393062, -0.7664545638740836164, -0.1499999999999999944 ) ) ;
#1561 = MECHANICAL_DESIGN_GEOMETRIC_PRESENTATION_REPRESENTATION (  '', ( #1961 ), #3426 ) ;
#1562 = SURFACE_STYLE_USAGE ( .BOTH. , #3950 ) ;
#1563 = CARTESIAN_POINT ( 'NONE',  ( -0.2383741083397509508, -0.7500232201381157315, -0.1490000000000000213 ) ) ;
#1564 = VERTEX_POINT ( 'NONE', #6583 ) ;
#1565 = DIRECTION ( 'NONE',  ( 0.000000000000000000, 0.000000000000000000, 1.000000000000000000 ) ) ;
#1566 = ORIENTED_EDGE ( 'NONE', *, *, #1840, .F. ) ;
#1567 = ADVANCED_FACE ( 'NONE', ( #3976 ), #12, .T. ) ;
#1568 =( NAMED_UNIT ( * ) SI_UNIT ( $, .STERADIAN. ) SOLID_ANGLE_UNIT ( ) );
#1569 = CARTESIAN_POINT ( 'NONE',  ( 0.1374193669943951646, -0.7679803526526680635, -0.1490000000000000491 ) ) ;
#1570 = EDGE_LOOP ( 'NONE', ( #4951, #7093, #3902, #4118 ) ) ;
#1571 =( NAMED_UNIT ( * ) PLANE_ANGLE_UNIT ( ) SI_UNIT ( $, .RADIAN. ) );
#1572 =( LENGTH_UNIT ( ) NAMED_UNIT ( * ) SI_UNIT ( .MILLI., .METRE. ) );
#1573 = ORIENTED_EDGE ( 'NONE', *, *, #266, .F. ) ;
#1574 = CARTESIAN_POINT ( 'NONE',  ( -1.474999999999999423, -1.524999999999999689, 0.000000000000000000 ) ) ;
#1575 = UNCERTAINTY_MEASURE_WITH_UNIT (LENGTH_MEASURE( 1.000000000000000082E-05 ), #482, 'distance_accuracy_value', 'NONE');
#1576 = CARTESIAN_POINT ( 'NONE',  ( 0.1050845711552298029, -0.9203553172180356512, -0.1489999999999999936 ) ) ;
#1577 = FACE_OUTER_BOUND ( 'NONE', #3447, .T. ) ;
#1578 = CARTESIAN_POINT ( 'NONE',  ( -0.4584443922594044207, -0.9398675123399868880, -0.1499999999999999944 ) ) ;
#1579 =( GEOMETRIC_REPRESENTATION_CONTEXT ( 3 ) GLOBAL_UNCERTAINTY_ASSIGNED_CONTEXT ( ( #2337 ) ) GLOBAL_UNIT_ASSIGNED_CONTEXT ( ( #5685, #1373, #7141 ) ) REPRESENTATION_CONTEXT ( 'NONE', 'WORKASPACE' ) );
#1581 = PRESENTATION_STYLE_ASSIGNMENT (( #6067 ) ) ;
#1580 = FACE_OUTER_BOUND ( 'NONE', #2669, .T. ) ;
#1582 = EDGE_CURVE ( 'NONE', #7663, #3932, #2678, .T. ) ;
#1583 =( NAMED_UNIT ( * ) SI_UNIT ( $, .STERADIAN. ) SOLID_ANGLE_UNIT ( ) );
#1584 = PRESENTATION_LAYER_ASSIGNMENT (  '', '', ( #5633 ) ) ;
#1585 = FILL_AREA_STYLE_COLOUR ( '', #1042 ) ;
#1586 = ORIENTED_EDGE ( 'NONE', *, *, #1762, .T. ) ;
#1587 = CARTESIAN_POINT ( 'NONE',  ( -0.4750000000000008105, 1.649999999999995248, 0.002000000000000021726 ) ) ;
#1588 = ORIENTED_EDGE ( 'NONE', *, *, #1377, .F. ) ;
#1589 = VECTOR ( 'NONE', #8286, 1000.000000000000000 ) ;
#1590 =( GEOMETRIC_REPRESENTATION_CONTEXT ( 3 ) GLOBAL_UNCERTAINTY_ASSIGNED_CONTEXT ( ( #1088 ) ) GLOBAL_UNIT_ASSIGNED_CONTEXT ( ( #5622, #2341, #1609 ) ) REPRESENTATION_CONTEXT ( 'NONE', 'WORKASPACE' ) );
#1591 =( LENGTH_UNIT ( ) NAMED_UNIT ( * ) SI_UNIT ( .MILLI., .METRE. ) );
#1592 = FILL_AREA_STYLE_COLOUR ( '', #6395 ) ;
#1593 = EDGE_CURVE ( 'NONE', #3885, #1014, #7361, .T. ) ;
#1594 = CARTESIAN_POINT ( 'NONE',  ( 0.2196043882284005599, -0.9398675123399868880, -0.1489999999999999936 ) ) ;
#1595 = MECHANICAL_DESIGN_GEOMETRIC_PRESENTATION_REPRESENTATION (  '', ( #1993 ), #3725 ) ;
#1596 =( NAMED_UNIT ( * ) SI_UNIT ( $, .STERADIAN. ) SOLID_ANGLE_UNIT ( ) );
#1597 = COLOUR_RGB ( '',1.000000000000000000, 1.000000000000000000, 1.000000000000000000 ) ;
#1598 = FACE_OUTER_BOUND ( 'NONE', #6362, .T. ) ;
#1599 = FILL_AREA_STYLE ('',( #7412 ) ) ;
#1600 =( NAMED_UNIT ( * ) PLANE_ANGLE_UNIT ( ) SI_UNIT ( $, .RADIAN. ) );
#1601 = ORIENTED_EDGE ( 'NONE', *, *, #3280, .F. ) ;
#1602 = CARTESIAN_POINT ( 'NONE',  ( 0.1756463852339849308, -0.8449258998206046201, -0.1489999999999999658 ) ) ;
#1603 = DIRECTION ( 'NONE',  ( -0.9781476007338055778, 0.000000000000000000, -0.2079116908177594814 ) ) ;
#1604 = ORIENTED_EDGE ( 'NONE', *, *, #4201, .F. ) ;
#1605 = VECTOR ( 'NONE', #4327, 1000.000000000000114 ) ;
#1606 = VERTEX_POINT ( 'NONE', #4062 ) ;
#1607 = CARTESIAN_POINT ( 'NONE',  ( -0.2552180867116417562, -0.7600376162029452987, -0.1499999999999999667 ) ) ;
#1608 = CARTESIAN_POINT ( 'NONE',  ( -0.3951395294234497646, -0.7656819347000701770, -0.1490000000000000213 ) ) ;
#1609 =( NAMED_UNIT ( * ) SI_UNIT ( $, .STERADIAN. ) SOLID_ANGLE_UNIT ( ) );
#1610 = ORIENTED_EDGE ( 'NONE', *, *, #2210, .F. ) ;
#1611 = EDGE_CURVE ( 'NONE', #7528, #3086, #892, .T. ) ;
#1612 = CARTESIAN_POINT ( 'NONE',  ( 0.08560912180127079607, -0.9406142047410765983, -0.1500000000000000222 ) ) ;
#1613 = CARTESIAN_POINT ( 'NONE',  ( 1.574999999999999956, 1.525000000000000133, -0.1499999999999999944 ) ) ;
#1614 = ORIENTED_EDGE ( 'NONE', *, *, #2999, .T. ) ;
#1615 = SURFACE_STYLE_USAGE ( .BOTH. , #1374 ) ;
#1616 =( NAMED_UNIT ( * ) SI_UNIT ( $, .STERADIAN. ) SOLID_ANGLE_UNIT ( ) );
#1617 = DIRECTION ( 'NONE',  ( -1.000000000000000000, -4.445228907190571335E-15, 0.000000000000000000 ) ) ;
#1618 =( GEOMETRIC_REPRESENTATION_CONTEXT ( 3 ) GLOBAL_UNCERTAINTY_ASSIGNED_CONTEXT ( ( #8188 ) ) GLOBAL_UNIT_ASSIGNED_CONTEXT ( ( #2238, #7443, #2280 ) ) REPRESENTATION_CONTEXT ( 'NONE', 'WORKASPACE' ) );
#1619 = DIRECTION ( 'NONE',  ( 0.000000000000000000, 0.000000000000000000, -1.000000000000000000 ) ) ;
#1620 = SURFACE_STYLE_FILL_AREA ( #4055 ) ;
#1621 = SURFACE_SIDE_STYLE ('',( #6221 ) ) ;
#1622 = LINE ( 'NONE', #4181, #7556 ) ;
#1623 = CARTESIAN_POINT ( 'NONE',  ( 0.1044285138662457424, -0.7375125329524335749, -0.1489999999999999936 ) ) ;
#1624 = ORIENTED_EDGE ( 'NONE', *, *, #4368, .F. ) ;
#1625 =( NAMED_UNIT ( * ) SI_UNIT ( $, .STERADIAN. ) SOLID_ANGLE_UNIT ( ) );
#1626 = CARTESIAN_POINT ( 'NONE',  ( 1.574992209324916015, 1.426441344127284738, 3.665224457381553957E-05 ) ) ;
#1627 = ORIENTED_EDGE ( 'NONE', *, *, #2389, .F. ) ;
#1628 = STYLED_ITEM ( 'NONE', ( #6306 ), #5388 ) ;
#1629 =( NAMED_UNIT ( * ) PLANE_ANGLE_UNIT ( ) SI_UNIT ( $, .RADIAN. ) );
#1630 = CARTESIAN_POINT ( 'NONE',  ( -0.3982882076102710611, -0.7756626772783258295, -0.1489999999999999936 ) ) ;
#1631 = LINE ( 'NONE', #4231, #8107 ) ;
#1632 = FACE_OUTER_BOUND ( 'NONE', #4516, .T. ) ;
#1633 = EDGE_CURVE ( 'NONE', #6893, #7528, #972, .T. ) ;
#1634 = DIRECTION ( 'NONE',  ( -0.000000000000000000, -0.000000000000000000, -1.000000000000000000 ) ) ;
#1635 = CARTESIAN_POINT ( 'NONE',  ( 0.01472633944791271188, -0.7398675123399868214, -0.1489999999999999936 ) ) ;
#1636 = FILL_AREA_STYLE_COLOUR ( '', #5162 ) ;
#1637 = VERTEX_POINT ( 'NONE', #6069 ) ;
#1638 = LINE ( 'NONE', #8054, #4884 ) ;
#1639 = ORIENTED_EDGE ( 'NONE', *, *, #3110, .T. ) ;
#1640 = FACE_OUTER_BOUND ( 'NONE', #6938, .T. ) ;
#1641 = PRESENTATION_LAYER_ASSIGNMENT (  '', '', ( #2706 ) ) ;
#1642 =( NAMED_UNIT ( * ) SI_UNIT ( $, .STERADIAN. ) SOLID_ANGLE_UNIT ( ) );
#1643 = CARTESIAN_POINT ( 'NONE',  ( 0.06914688519431541613, -0.7404323966721525485, -0.1500000000000000222 ) ) ;
#1644 = CARTESIAN_POINT ( 'NONE',  ( 0.1548927593054700846, -0.7816544920408202701, -0.1490000000000000213 ) ) ;
#1645 = DIRECTION ( 'NONE',  ( -1.000000000000000000, 8.673617379883994057E-16, 0.000000000000000000 ) ) ;
#1646 = EDGE_LOOP ( 'NONE', ( #5215, #6489, #2065, #4214 ) ) ;
#1647 = PRESENTATION_LAYER_ASSIGNMENT (  '', '', ( #5305 ) ) ;
#1648 = FILL_AREA_STYLE_COLOUR ( '', #2393 ) ;
#1649 = VERTEX_POINT ( 'NONE', #7397 ) ;
#1650 = UNCERTAINTY_MEASURE_WITH_UNIT (LENGTH_MEASURE( 1.000000000000000082E-05 ), #3659, 'distance_accuracy_value', 'NONE');
#1651 = PRESENTATION_LAYER_ASSIGNMENT (  '', '', ( #4070 ) ) ;
#1652 = ADVANCED_FACE ( 'NONE', ( #5431 ), #1011, .T. ) ;
#1653 = CARTESIAN_POINT ( 'NONE',  ( -0.4877126849423312205, -0.9398675123399868880, -0.1489999999999999936 ) ) ;
#1654 = CARTESIAN_POINT ( 'NONE',  ( -0.1973287120089955715, -0.9396625056791249042, -0.1500000000000000222 ) ) ;
#1655 = DIRECTION ( 'NONE',  ( -0.000000000000000000, -0.000000000000000000, -1.000000000000000000 ) ) ;
#1656 =( GEOMETRIC_REPRESENTATION_CONTEXT ( 3 ) GLOBAL_UNCERTAINTY_ASSIGNED_CONTEXT ( ( #1240 ) ) GLOBAL_UNIT_ASSIGNED_CONTEXT ( ( #1825, #5626, #3617 ) ) REPRESENTATION_CONTEXT ( 'NONE', 'WORKASPACE' ) );
#1657 =( NAMED_UNIT ( * ) SI_UNIT ( $, .STERADIAN. ) SOLID_ANGLE_UNIT ( ) );
#1658 = CARTESIAN_POINT ( 'NONE',  ( 1.575000000000000400, -1.424999999999999378, 0.000000000000000000 ) ) ;
#1659 = DIRECTION ( 'NONE',  ( 0.000000000000000000, -1.000000000000000000, 0.000000000000000000 ) ) ;
#1660 = CARTESIAN_POINT ( 'NONE',  ( 0.1955133086599648296, -0.8004736363556145262, -0.1490000000000000491 ) ) ;
#1661 = ORIENTED_EDGE ( 'NONE', *, *, #7987, .F. ) ;
#1662 = DIRECTION ( 'NONE',  ( 1.000000000000000000, 0.000000000000000000, -0.000000000000000000 ) ) ;
#1663 = ADVANCED_FACE ( 'NONE', ( #4220 ), #3434, .T. ) ;
#1664 = VERTEX_POINT ( 'NONE', #6871 ) ;
#1665 = FILL_AREA_STYLE ('',( #2903 ) ) ;
#1666 = DIRECTION ( 'NONE',  ( 1.000000000000000000, -1.084202172485504434E-16, 0.000000000000000000 ) ) ;
#1667 = UNCERTAINTY_MEASURE_WITH_UNIT (LENGTH_MEASURE( 1.000000000000000082E-05 ), #6776, 'distance_accuracy_value', 'NONE');
#1668 = DIRECTION ( 'NONE',  ( -1.000000000000000000, -1.445602896647337142E-15, 0.000000000000000000 ) ) ;
#1669 = PLANE ( 'NONE',  #6695 ) ;
#1670 = LINE ( 'NONE', #6151, #7011 ) ;
#1671 =( LENGTH_UNIT ( ) NAMED_UNIT ( * ) SI_UNIT ( .MILLI., .METRE. ) );
#1672 = MECHANICAL_DESIGN_GEOMETRIC_PRESENTATION_REPRESENTATION (  '', ( #5459 ), #191 ) ;
#1673 = ADVANCED_FACE ( 'NONE', ( #7692 ), #1697, .T. ) ;
#1674 = FILL_AREA_STYLE ('',( #1030 ) ) ;
#1675 = CARTESIAN_POINT ( 'NONE',  ( -0.1750000000000001277, -1.220000000000003970, -0.1499999999999999944 ) ) ;
#1676 = ORIENTED_EDGE ( 'NONE', *, *, #5272, .T. ) ;
#1677 = FILL_AREA_STYLE ('',( #5531 ) ) ;
#1678 = ORIENTED_EDGE ( 'NONE', *, *, #5657, .T. ) ;
#1679 =( LENGTH_UNIT ( ) NAMED_UNIT ( * ) SI_UNIT ( .MILLI., .METRE. ) );
#1680 = UNCERTAINTY_MEASURE_WITH_UNIT (LENGTH_MEASURE( 1.000000000000000082E-05 ), #3689, 'distance_accuracy_value', 'NONE');
#1681 = EDGE_CURVE ( 'NONE', #2404, #7587, #8375, .T. ) ;
#1682 = CARTESIAN_POINT ( 'NONE',  ( 0.000000000000000000, 1.239999999999999769, -0.1499999999999999944 ) ) ;
#1683 = VERTEX_POINT ( 'NONE', #1106 ) ;
#1684 = LINE ( 'NONE', #6299, #6066 ) ;
#1685 = SURFACE_SIDE_STYLE ('',( #1731 ) ) ;
#1686 = ORIENTED_EDGE ( 'NONE', *, *, #811, .T. ) ;
#1687 = LINE ( 'NONE', #4303, #4348 ) ;
#1688 = SURFACE_STYLE_FILL_AREA ( #7232 ) ;
#1689 = EDGE_CURVE ( 'NONE', #6109, #5284, #1879, .T. ) ;
#1690 = LINE ( 'NONE', #6308, #2777 ) ;
#1691 =( GEOMETRIC_REPRESENTATION_CONTEXT ( 3 ) GLOBAL_UNCERTAINTY_ASSIGNED_CONTEXT ( ( #2889 ) ) GLOBAL_UNIT_ASSIGNED_CONTEXT ( ( #2, #7097, #8371 ) ) REPRESENTATION_CONTEXT ( 'NONE', 'WORKASPACE' ) );
#1692 = CARTESIAN_POINT ( 'NONE',  ( -0.2083003241160728825, -0.9382668219574491486, -0.1499999999999999944 ) ) ;
#1693 = EDGE_LOOP ( 'NONE', ( #2780, #3705, #8165, #1973 ) ) ;
#1694 = SURFACE_STYLE_USAGE ( .BOTH. , #2819 ) ;
#1695 = CARTESIAN_POINT ( 'NONE',  ( 0.8249999999999999556, -1.650000000000013456, -0.1599999999999999756 ) ) ;
#1696 = PRESENTATION_LAYER_ASSIGNMENT (  '', '', ( #3846 ) ) ;
#1697 = PLANE ( 'NONE',  #667 ) ;
#1698 = ORIENTED_EDGE ( 'NONE', *, *, #1165, .F. ) ;
#1699 = CARTESIAN_POINT ( 'NONE',  ( 0.1914613706162529572, -0.7910866084388642472, -0.1499999999999999667 ) ) ;
#1700 = EDGE_LOOP ( 'NONE', ( #2617, #207, #6097, #1483, #2696, #5054 ) ) ;
#1701 =( GEOMETRIC_REPRESENTATION_CONTEXT ( 3 ) GLOBAL_UNCERTAINTY_ASSIGNED_CONTEXT ( ( #2921 ) ) GLOBAL_UNIT_ASSIGNED_CONTEXT ( ( #5999, #786, #1979 ) ) REPRESENTATION_CONTEXT ( 'NONE', 'WORKASPACE' ) );
#1702 = CARTESIAN_POINT ( 'NONE',  ( -1.225000000000000089, 0.09999999999999993616, -0.1599999999999999756 ) ) ;
#1703 = ADVANCED_FACE ( 'NONE', ( #2523 ), #470, .T. ) ;
#1704 =( LENGTH_UNIT ( ) NAMED_UNIT ( * ) SI_UNIT ( .MILLI., .METRE. ) );
#1705 = ORIENTED_EDGE ( 'NONE', *, *, #2626, .F. ) ;
#1706 = PLANE ( 'NONE',  #6127 ) ;
#1707 = MECHANICAL_DESIGN_GEOMETRIC_PRESENTATION_REPRESENTATION (  '', ( #4261 ), #5370 ) ;
#1708 = FACE_OUTER_BOUND ( 'NONE', #2811, .T. ) ;
#1709 =( GEOMETRIC_REPRESENTATION_CONTEXT ( 3 ) GLOBAL_UNCERTAINTY_ASSIGNED_CONTEXT ( ( #6607 ) ) GLOBAL_UNIT_ASSIGNED_CONTEXT ( ( #6671, #302, #2795 ) ) REPRESENTATION_CONTEXT ( 'NONE', 'WORKASPACE' ) );
#1710 =( NAMED_UNIT ( * ) PLANE_ANGLE_UNIT ( ) SI_UNIT ( $, .RADIAN. ) );
#1711 = DIRECTION ( 'NONE',  ( 1.902109074535973011E-16, 1.000000000000000000, 0.000000000000000000 ) ) ;
#1712 = VECTOR ( 'NONE', #3826, 1000.000000000000000 ) ;
#1713 = CARTESIAN_POINT ( 'NONE',  ( 0.2025312174966932277, -0.8436403781936454571, -0.1499999999999999944 ) ) ;
#1714 = LINE ( 'NONE', #6242, #4502 ) ;
#1715 = DIRECTION ( 'NONE',  ( 0.000000000000000000, 0.9781476007338055778, 0.2079116908177597867 ) ) ;
#1716 = VERTEX_POINT ( 'NONE', #2477 ) ;
#1717 = DIRECTION ( 'NONE',  ( -0.000000000000000000, 0.000000000000000000, -1.000000000000000000 ) ) ;
#1718 = VECTOR ( 'NONE', #1064, 1000.000000000000227 ) ;
#1719 = EDGE_LOOP ( 'NONE', ( #4824, #2214, #1239, #5041, #6681, #2078 ) ) ;
#1720 = CARTESIAN_POINT ( 'NONE',  ( 1.225000000000000089, -0.5000000000000002220, 0.002000000000000021726 ) ) ;
#1721 = SURFACE_STYLE_USAGE ( .BOTH. , #1774 ) ;
#1722 = SURFACE_STYLE_FILL_AREA ( #4969 ) ;
#1723 = VECTOR ( 'NONE', #5792, 1000.000000000000000 ) ;
#1724 = VECTOR ( 'NONE', #1439, 1000.000000000000000 ) ;
#1725 =( GEOMETRIC_REPRESENTATION_CONTEXT ( 3 ) GLOBAL_UNCERTAINTY_ASSIGNED_CONTEXT ( ( #6305 ) ) GLOBAL_UNIT_ASSIGNED_CONTEXT ( ( #1283, #7647, #2565 ) ) REPRESENTATION_CONTEXT ( 'NONE', 'WORKASPACE' ) );
#1726 = DIRECTION ( 'NONE',  ( 1.000000000000000000, 0.000000000000000000, 0.000000000000000000 ) ) ;
#1727 = CARTESIAN_POINT ( 'NONE',  ( 0.1706359789566945784, -0.8079822169943822185, -0.1499999999999999389 ) ) ;
#1728 = CARTESIAN_POINT ( 'NONE',  ( 1.579053062334340840, 1.431238302260960271, -0.01906815909373248824 ) ) ;
#1729 = EDGE_LOOP ( 'NONE', ( #1937, #5968, #5830, #5084 ) ) ;
#1730 = CARTESIAN_POINT ( 'NONE',  ( -0.2656959093136538885, -0.8348597377515046825, -0.1500000000000000222 ) ) ;
#1731 = SURFACE_STYLE_FILL_AREA ( #3651 ) ;
#1732 = ORIENTED_EDGE ( 'NONE', *, *, #3163, .F. ) ;
#1733 = VECTOR ( 'NONE', #4915, 1000.000000000000000 ) ;
#1734 = VECTOR ( 'NONE', #2708, 1000.000000000000000 ) ;
#1735 = PLANE ( 'NONE',  #1247 ) ;
#1736 = EDGE_CURVE ( 'NONE', #2603, #7294, #5078, .T. ) ;
#1737 = UNCERTAINTY_MEASURE_WITH_UNIT (LENGTH_MEASURE( 1.000000000000000082E-05 ), #7511, 'distance_accuracy_value', 'NONE');
#1738 = CARTESIAN_POINT ( 'NONE',  ( 0.1749999999999991562, 1.649999999999990585, 0.002000000000000021726 ) ) ;
#1739 = CARTESIAN_POINT ( 'NONE',  ( 0.01472633944791271188, -0.7398675123399868214, -0.1489999999999999936 ) ) ;
#1740 = AXIS2_PLACEMENT_3D ( 'NONE', #2973, #3025, #5669 ) ;
#1741 = CARTESIAN_POINT ( 'NONE',  ( -1.125000000000000666, -1.219999999999999973, -0.1599999999999999756 ) ) ;
#1742 = DIRECTION ( 'NONE',  ( -1.057758217059041131E-15, -1.000000000000000000, 0.000000000000000000 ) ) ;
#1743 = ORIENTED_EDGE ( 'NONE', *, *, #6526, .T. ) ;
#1744 = ADVANCED_FACE ( 'NONE', ( #2564 ), #7739, .T. ) ;
#1745 = CARTESIAN_POINT ( 'NONE',  ( -0.4096639044545263286, -0.7398675123399868214, -0.1499999999999999944 ) ) ;
#1746 = COLOUR_RGB ( '',1.000000000000000000, 1.000000000000000000, 1.000000000000000000 ) ;
#1747 = DIRECTION ( 'NONE',  ( -1.000000000000000000, -6.195440985631459262E-16, 0.000000000000000000 ) ) ;
#1748 = B_SPLINE_CURVE_WITH_KNOTS ( 'NONE', 3,
 ( #5463, #4812, #809, #855, #2851, #8072, #3387, #2231, #7395, #4705, #178, #5351, #7951, #2158, #6699, #2702, #4098, #7316, #5308 ),
 .UNSPECIFIED., .F., .F.,
 ( 4, 1, 1, 1, 1, 1, 1, 1, 1, 1, 1, 1, 1, 1, 1, 1, 4 ),
 ( 0.000000000000000000, 0.06863117867660099847, 0.1345664660386767797, 0.1983281540108808583, 0.2607897666408446335, 0.3219991514841583080, 0.3827217465030192667, 0.4435374740357288514, 0.5051334294849245676, 0.5662138747646713322, 0.6261058646175456932, 0.6853493221605166941, 0.7449958703477971289, 0.8054158418145626053, 0.8676362663459531444, 0.9323077823023293575, 1.000000000000000000 ),
 .UNSPECIFIED. ) ;
#1749 = DIRECTION ( 'NONE',  ( 1.000000000000000000, 0.000000000000000000, 0.000000000000000000 ) ) ;
#1750 = DIRECTION ( 'NONE',  ( -1.000000000000000000, 0.000000000000000000, 0.000000000000000000 ) ) ;
#1751 = STYLED_ITEM ( 'NONE', ( #3034 ), #4768 ) ;
#1752 = ORIENTED_EDGE ( 'NONE', *, *, #6050, .F. ) ;
#1753 = CARTESIAN_POINT ( 'NONE',  ( 1.575000000000000178, 0.1000000000000000472, 2.870196488670205308E-21 ) ) ;
#1754 =( GEOMETRIC_REPRESENTATION_CONTEXT ( 3 ) GLOBAL_UNCERTAINTY_ASSIGNED_CONTEXT ( ( #1650 ) ) GLOBAL_UNIT_ASSIGNED_CONTEXT ( ( #3659, #2469, #2934 ) ) REPRESENTATION_CONTEXT ( 'NONE', 'WORKASPACE' ) );
#1755 = LINE ( 'NONE', #6278, #3526 ) ;
#1756 = EDGE_LOOP ( 'NONE', ( #2660, #2526, #6094, #5660, #8063, #8288, #2792, #3358, #2499, #6321, #4749, #2752, #3427, #4691, #6643, #5352, #717, #4999, #1769, #7008, #4822, #7731 ) ) ;
#1757 = UNCERTAINTY_MEASURE_WITH_UNIT (LENGTH_MEASURE( 1.000000000000000082E-05 ), #228, 'distance_accuracy_value', 'NONE');
#1758 =( LENGTH_UNIT ( ) NAMED_UNIT ( * ) SI_UNIT ( .MILLI., .METRE. ) );
#1759 = CARTESIAN_POINT ( 'NONE',  ( -1.574999999999999512, -1.524999999999999689, -0.1499999999999999944 ) ) ;
#1760 = AXIS2_PLACEMENT_3D ( 'NONE', #4567, #3924, #6531 ) ;
#1761 = CARTESIAN_POINT ( 'NONE',  ( 1.763635533909756772E-15, -1.220000000000003748, -0.1499999999999999944 ) ) ;
#1762 = EDGE_CURVE ( 'NONE', #1969, #2022, #7180, .T. ) ;
#1763 = PLANE ( 'NONE',  #4912 ) ;
#1764 =( GEOMETRIC_REPRESENTATION_CONTEXT ( 3 ) GLOBAL_UNCERTAINTY_ASSIGNED_CONTEXT ( ( #291 ) ) GLOBAL_UNIT_ASSIGNED_CONTEXT ( ( #6916, #4900, #4262 ) ) REPRESENTATION_CONTEXT ( 'NONE', 'WORKASPACE' ) );
#1765 = LINE ( 'NONE', #6885, #6324 ) ;
#1766 = VECTOR ( 'NONE', #8343, 1000.000000000000000 ) ;
#1767 = LINE ( 'NONE', #7535, #1817 ) ;
#1768 =( LENGTH_UNIT ( ) NAMED_UNIT ( * ) SI_UNIT ( .MILLI., .METRE. ) );
#1769 = ORIENTED_EDGE ( 'NONE', *, *, #2037, .T. ) ;
#1770 = DIRECTION ( 'NONE',  ( -0.000000000000000000, -0.000000000000000000, -1.000000000000000000 ) ) ;
#1771 = LINE ( 'NONE', #4332, #3128 ) ;
#1772 = ORIENTED_EDGE ( 'NONE', *, *, #40, .F. ) ;
#1773 =( NAMED_UNIT ( * ) SI_UNIT ( $, .STERADIAN. ) SOLID_ANGLE_UNIT ( ) );
#1774 = SURFACE_SIDE_STYLE ('',( #5578 ) ) ;
#1775 = CARTESIAN_POINT ( 'NONE',  ( 0.05534275439394591156, -0.7447090792918606983, -0.1499999999999999667 ) ) ;
#1776 = CARTESIAN_POINT ( 'NONE',  ( -0.2853410454246631534, -0.7973067439811418744, -0.1499999999999999944 ) ) ;
#1777 = PLANE ( 'NONE',  #3614 ) ;
#1778 = DIRECTION ( 'NONE',  ( 1.421904488505579654E-16, -1.000000000000000000, 0.000000000000000000 ) ) ;
#1779 = ORIENTED_EDGE ( 'NONE', *, *, #8259, .F. ) ;
#1780 = LINE ( 'NONE', #4385, #2841 ) ;
#1781 = CARTESIAN_POINT ( 'NONE',  ( 0.000000000000000000, 0.000000000000000000, -0.1499999999999999944 ) ) ;
#1782 = EDGE_CURVE ( 'NONE', #1870, #4600, #807, .T. ) ;
#1783 = CARTESIAN_POINT ( 'NONE',  ( 0.09429811313628456981, -0.7594748002719292623, -0.1499999999999999944 ) ) ;
#1784 = CARTESIAN_POINT ( 'NONE',  ( -1.125000000000000888, 1.525000000000000133, 0.000000000000000000 ) ) ;
#1785 = CARTESIAN_POINT ( 'NONE',  ( -0.7750000000000004663, 1.239999999999999769, -0.1599999999999999756 ) ) ;
#1786 = VECTOR ( 'NONE', #5743, 1000.000000000000000 ) ;
#1787 = EDGE_CURVE ( 'NONE', #7126, #6949, #3834, .T. ) ;
#1788 = DIRECTION ( 'NONE',  ( -1.000000000000000000, -0.000000000000000000, 0.000000000000000000 ) ) ;
#1789 = ORIENTED_EDGE ( 'NONE', *, *, #5402, .T. ) ;
#1790 = AXIS2_PLACEMENT_3D ( 'NONE', #3000, #5560, #4908 ) ;
#1792 = CARTESIAN_POINT ( 'NONE',  ( -0.3988579209908238443, -0.7774841795957062596, -0.1500000000000000222 ) ) ;
#1791 = FILL_AREA_STYLE_COLOUR ( '', #3495 ) ;
#1793 = DIRECTION ( 'NONE',  ( -6.195440985631459262E-16, 1.000000000000000000, 0.000000000000000000 ) ) ;
#1794 = CARTESIAN_POINT ( 'NONE',  ( 1.574999999999999956, 1.525000000000000133, -0.1499999999999999944 ) ) ;
#1795 = ADVANCED_FACE ( 'NONE', ( #4480 ), #1372, .T. ) ;
#1796 = EDGE_CURVE ( 'NONE', #1637, #7280, #4810, .T. ) ;
#1797 = VERTEX_POINT ( 'NONE', #1653 ) ;
#1798 = PRESENTATION_STYLE_ASSIGNMENT (( #5035 ) ) ;
#1799 = SURFACE_STYLE_USAGE ( .BOTH. , #2402 ) ;
#1800 = ORIENTED_EDGE ( 'NONE', *, *, #2257, .T. ) ;
#1801 = CARTESIAN_POINT ( 'NONE',  ( 0.3220434126186444979, -0.7398675123399868214, -0.1499999999999999944 ) ) ;
#1802 = EDGE_LOOP ( 'NONE', ( #2256, #3165, #2805, #6504 ) ) ;
#1803 = SURFACE_STYLE_USAGE ( .BOTH. , #1024 ) ;
#1804 = MECHANICAL_DESIGN_GEOMETRIC_PRESENTATION_REPRESENTATION (  '', ( #4485 ), #7229 ) ;
#1805 = EDGE_CURVE ( 'NONE', #7294, #7470, #6175, .T. ) ;
#1806 = CARTESIAN_POINT ( 'NONE',  ( 0.1008162784723029837, -0.7374284879497429168, -0.1489999999999999936 ) ) ;
#1807 = LINE ( 'NONE', #658, #4147 ) ;
#1808 = CARTESIAN_POINT ( 'NONE',  ( 0.1749999999999991562, 1.239999999999999769, 0.002000000000000021726 ) ) ;
#1809 = DIRECTION ( 'NONE',  ( 1.445602896647335761E-15, 1.000000000000000000, 0.000000000000000000 ) ) ;
#1810 = VERTEX_POINT ( 'NONE', #5501 ) ;
#1811 = AXIS2_PLACEMENT_3D ( 'NONE', #7026, #7845, #2498 ) ;
#1812 = PRESENTATION_STYLE_ASSIGNMENT (( #7624 ) ) ;
#1813 =( LENGTH_UNIT ( ) NAMED_UNIT ( * ) SI_UNIT ( .MILLI., .METRE. ) );
#1814 = ORIENTED_EDGE ( 'NONE', *, *, #3074, .T. ) ;
#1815 = PRESENTATION_STYLE_ASSIGNMENT (( #7626 ) ) ;
#1816 =( NAMED_UNIT ( * ) PLANE_ANGLE_UNIT ( ) SI_UNIT ( $, .RADIAN. ) );
#1817 = VECTOR ( 'NONE', #8134, 1000.000000000000000 ) ;
#1818 =( NAMED_UNIT ( * ) PLANE_ANGLE_UNIT ( ) SI_UNIT ( $, .RADIAN. ) );
#1819 = CARTESIAN_POINT ( 'NONE',  ( -0.2042957718841811598, -0.9167149116199225789, -0.1489999999999999936 ) ) ;
#1820 =( GEOMETRIC_REPRESENTATION_CONTEXT ( 3 ) GLOBAL_UNCERTAINTY_ASSIGNED_CONTEXT ( ( #1075 ) ) GLOBAL_UNIT_ASSIGNED_CONTEXT ( ( #1758, #8262, #5000 ) ) REPRESENTATION_CONTEXT ( 'NONE', 'WORKASPACE' ) );
#1821 = CARTESIAN_POINT ( 'NONE',  ( -0.1879413434789165838, -0.7618187318521819629, -0.1499999999999999944 ) ) ;
#1822 = DIRECTION ( 'NONE',  ( -1.000000000000000000, -1.512840240677448800E-15, 0.000000000000000000 ) ) ;
#1823 = ORIENTED_EDGE ( 'NONE', *, *, #5620, .F. ) ;
#1824 = ADVANCED_FACE ( 'NONE', ( #6697 ), #7313, .T. ) ;
#1825 =( LENGTH_UNIT ( ) NAMED_UNIT ( * ) SI_UNIT ( .MILLI., .METRE. ) );
#1826 = SURFACE_SIDE_STYLE ('',( #3150 ) ) ;
#1827 = CARTESIAN_POINT ( 'NONE',  ( -1.366487659678485622, 1.316487659678485800, 0.4999999999999998890 ) ) ;
#1828 = ORIENTED_EDGE ( 'NONE', *, *, #6160, .T. ) ;
#1829 =( GEOMETRIC_REPRESENTATION_CONTEXT ( 3 ) GLOBAL_UNCERTAINTY_ASSIGNED_CONTEXT ( ( #1838 ) ) GLOBAL_UNIT_ASSIGNED_CONTEXT ( ( #3715, #1710, #5523 ) ) REPRESENTATION_CONTEXT ( 'NONE', 'WORKASPACE' ) );
#1831 = SURFACE_STYLE_FILL_AREA ( #2432 ) ;
#1830 = CARTESIAN_POINT ( 'NONE',  ( 0.1749999999999993783, -1.220000000000009077, 0.002000000000000021726 ) ) ;
#1832 = DIRECTION ( 'NONE',  ( 0.000000000000000000, 0.000000000000000000, 1.000000000000000000 ) ) ;
#1833 = VERTEX_POINT ( 'NONE', #7352 ) ;
#1834 = CARTESIAN_POINT ( 'NONE',  ( -0.2121847768079676289, -0.7643460531607838560, -0.1499999999999999944 ) ) ;
#1835 = VERTEX_POINT ( 'NONE', #2274 ) ;
#1836 = SURFACE_SIDE_STYLE ('',( #643 ) ) ;
#1837 = VERTEX_POINT ( 'NONE', #7475 ) ;
#1838 = UNCERTAINTY_MEASURE_WITH_UNIT (LENGTH_MEASURE( 1.000000000000000082E-05 ), #3715, 'distance_accuracy_value', 'NONE');
#1839 = FILL_AREA_STYLE ('',( #1924 ) ) ;
#1840 = EDGE_CURVE ( 'NONE', #812, #1203, #7947, .T. ) ;
#1841 = CARTESIAN_POINT ( 'NONE',  ( -0.4877126849423312205, -0.9398675123399868880, -0.1489999999999999936 ) ) ;
#1842 = PRODUCT_DEFINITION_CONTEXT ( 'detailed design', #235, 'design' ) ;
#1843 =( NAMED_UNIT ( * ) PLANE_ANGLE_UNIT ( ) SI_UNIT ( $, .RADIAN. ) );
#1844 = COLOUR_RGB ( '',1.000000000000000000, 1.000000000000000000, 1.000000000000000000 ) ;
#1845 = SURFACE_STYLE_FILL_AREA ( #5738 ) ;
#1846 = COLOUR_RGB ( '',0.2509803921568627416, 0.2509803921568627416, 0.2509803921568627416 ) ;
#1847 = SURFACE_STYLE_USAGE ( .BOTH. , #2494 ) ;
#1848 =( LENGTH_UNIT ( ) NAMED_UNIT ( * ) SI_UNIT ( .MILLI., .METRE. ) );
#1849 = ORIENTED_EDGE ( 'NONE', *, *, #4989, .T. ) ;
#1850 = EDGE_CURVE ( 'NONE', #3204, #7240, #7435, .T. ) ;
#1851 = VECTOR ( 'NONE', #1655, 1000.000000000000000 ) ;
#1852 = CARTESIAN_POINT ( 'NONE',  ( 0.1709728355984821146, -0.8742739599687688878, -0.1499999999999999667 ) ) ;
#1853 = DIRECTION ( 'NONE',  ( 0.000000000000000000, -0.000000000000000000, 1.000000000000000000 ) ) ;
#1854 = MECHANICAL_DESIGN_GEOMETRIC_PRESENTATION_REPRESENTATION (  '', ( #6996 ), #5492 ) ;
#1855 = VECTOR ( 'NONE', #5344, 1000.000000000000000 ) ;
#1856 = CARTESIAN_POINT ( 'NONE',  ( -0.2657614654301360679, -0.8379239147790112918, -0.1489999999999999936 ) ) ;
#1857 = VECTOR ( 'NONE', #6391, 1000.000000000000000 ) ;
#1858 = DIRECTION ( 'NONE',  ( -0.000000000000000000, 0.000000000000000000, 1.000000000000000000 ) ) ;
#1860 = VECTOR ( 'NONE', #3975, 1000.000000000000000 ) ;
#1859 =( NAMED_UNIT ( * ) SI_UNIT ( $, .STERADIAN. ) SOLID_ANGLE_UNIT ( ) );
#1861 = FILL_AREA_STYLE_COLOUR ( '', #2642 ) ;
#1862 = VERTEX_POINT ( 'NONE', #2194 ) ;
#1863 = CARTESIAN_POINT ( 'NONE',  ( 0.06462429391466235906, -0.7665291102173069637, -0.1499999999999999667 ) ) ;
#1864 = MECHANICAL_DESIGN_GEOMETRIC_PRESENTATION_REPRESENTATION (  '', ( #225 ), #3866 ) ;
#1865 = AXIS2_PLACEMENT_3D ( 'NONE', #1091, #2220, #1645 ) ;
#1866 =( GEOMETRIC_REPRESENTATION_CONTEXT ( 3 ) GLOBAL_UNCERTAINTY_ASSIGNED_CONTEXT ( ( #1053 ) ) GLOBAL_UNIT_ASSIGNED_CONTEXT ( ( #1918, #2524, #5725 ) ) REPRESENTATION_CONTEXT ( 'NONE', 'WORKASPACE' ) );
#1867 = PRESENTATION_LAYER_ASSIGNMENT (  '', '', ( #1330 ) ) ;
#1868 = UNCERTAINTY_MEASURE_WITH_UNIT (LENGTH_MEASURE( 1.000000000000000082E-05 ), #1413, 'distance_accuracy_value', 'NONE');
#1869 = EDGE_CURVE ( 'NONE', #5688, #6893, #930, .T. ) ;
#1870 = VERTEX_POINT ( 'NONE', #966 ) ;
#1871 = AXIS2_PLACEMENT_3D ( 'NONE', #7121, #8277, #1858 ) ;
#1872 = PRESENTATION_LAYER_ASSIGNMENT (  '', '', ( #3881 ) ) ;
#1873 = SURFACE_STYLE_FILL_AREA ( #7092 ) ;
#1874 = ORIENTED_EDGE ( 'NONE', *, *, #28, .T. ) ;
#1875 = LINE ( 'NONE', #1830, #4165 ) ;
#1876 = ORIENTED_EDGE ( 'NONE', *, *, #768, .T. ) ;
#1877 = VECTOR ( 'NONE', #4906, 1000.000000000000000 ) ;
#1878 = DIRECTION ( 'NONE',  ( 0.000000000000000000, 1.000000000000000000, 0.000000000000000000 ) ) ;
#1879 = LINE ( 'NONE', #3747, #5808 ) ;
#1880 = FACE_OUTER_BOUND ( 'NONE', #4376, .T. ) ;
#1881 = ORIENTED_EDGE ( 'NONE', *, *, #3829, .T. ) ;
#1882 = VECTOR ( 'NONE', #1285, 1000.000000000000114 ) ;
#1883 = FILL_AREA_STYLE ('',( #4361 ) ) ;
#1884 = EDGE_LOOP ( 'NONE', ( #2007, #5134, #4227, #123 ) ) ;
#1885 = DIRECTION ( 'NONE',  ( -9.035018104045888690E-16, 1.000000000000000000, -0.000000000000000000 ) ) ;
#1886 = PLANE ( 'NONE',  #8011 ) ;
#1887 = FACE_OUTER_BOUND ( 'NONE', #2520, .T. ) ;
#1888 = LINE ( 'NONE', #8307, #5053 ) ;
#1889 = VECTOR ( 'NONE', #6017, 1000.000000000000000 ) ;
#1890 = EDGE_CURVE ( 'NONE', #3250, #1491, #5817, .T. ) ;
#1891 = DIRECTION ( 'NONE',  ( 0.000000000000000000, -1.000000000000000000, 0.000000000000000000 ) ) ;
#1892 = ORIENTED_EDGE ( 'NONE', *, *, #4827, .F. ) ;
#1893 = VECTOR ( 'NONE', #2677, 1000.000000000000000 ) ;
#1894 = PRESENTATION_STYLE_ASSIGNMENT (( #2012 ) ) ;
#1895 = DIRECTION ( 'NONE',  ( 1.512840240677448800E-15, -1.000000000000000000, 0.000000000000000000 ) ) ;
#1896 = LINE ( 'NONE', #3813, #8129 ) ;
#1897 = CARTESIAN_POINT ( 'NONE',  ( 0.1008162784723029837, -0.7374284879497429168, -0.1489999999999999936 ) ) ;
#1898 = EDGE_CURVE ( 'NONE', #6400, #409, #2817, .T. ) ;
#1899 = CARTESIAN_POINT ( 'NONE',  ( -0.1316151239667214534, -0.7398675123399868214, -0.1499999999999999944 ) ) ;
#1900 = LINE ( 'NONE', #4461, #1061 ) ;
#1901 = DIRECTION ( 'NONE',  ( 0.000000000000000000, -0.9781476007338055778, 0.2079116908177594814 ) ) ;
#1902 = ORIENTED_EDGE ( 'NONE', *, *, #7905, .T. ) ;
#1903 = FACE_OUTER_BOUND ( 'NONE', #7192, .T. ) ;
#1904 = CARTESIAN_POINT ( 'NONE',  ( 0.1729078788055688487, -0.8158096817682091162, -0.1489999999999999380 ) ) ;
#1905 =( NAMED_UNIT ( * ) SI_UNIT ( $, .STERADIAN. ) SOLID_ANGLE_UNIT ( ) );
#1906 = AXIS2_PLACEMENT_3D ( 'NONE', #3112, #416, #6606 ) ;
#1907 = SURFACE_STYLE_FILL_AREA ( #7728 ) ;
#1908 = DIRECTION ( 'NONE',  ( -0.000000000000000000, -0.000000000000000000, -1.000000000000000000 ) ) ;
#1909 =( NAMED_UNIT ( * ) SI_UNIT ( $, .STERADIAN. ) SOLID_ANGLE_UNIT ( ) );
#1910 = ORIENTED_EDGE ( 'NONE', *, *, #4690, .F. ) ;
#1911 = VERTEX_POINT ( 'NONE', #7392 ) ;
#1913 = FACE_OUTER_BOUND ( 'NONE', #4398, .T. ) ;
#1912 = DIRECTION ( 'NONE',  ( 0.000000000000000000, 0.000000000000000000, -1.000000000000000000 ) ) ;
#1914 = ORIENTED_EDGE ( 'NONE', *, *, #768, .F. ) ;
#1915 = MECHANICAL_DESIGN_GEOMETRIC_PRESENTATION_REPRESENTATION (  '', ( #4464 ), #16 ) ;
#1916 = FILL_AREA_STYLE_COLOUR ( '', #5379 ) ;
#1917 =( LENGTH_UNIT ( ) NAMED_UNIT ( * ) SI_UNIT ( .MILLI., .METRE. ) );
#1918 =( LENGTH_UNIT ( ) NAMED_UNIT ( * ) SI_UNIT ( .MILLI., .METRE. ) );
#1919 = DIRECTION ( 'NONE',  ( 0.000000000000000000, -0.000000000000000000, -1.000000000000000000 ) ) ;
#1920 = STYLED_ITEM ( 'NONE', ( #6708 ), #2942 ) ;
#1921 = SURFACE_STYLE_FILL_AREA ( #1883 ) ;
#1922 = ORIENTED_EDGE ( 'NONE', *, *, #3337, .T. ) ;
#1923 = UNCERTAINTY_MEASURE_WITH_UNIT (LENGTH_MEASURE( 1.000000000000000082E-05 ), #3531, 'distance_accuracy_value', 'NONE');
#1924 = FILL_AREA_STYLE_COLOUR ( '', #2199 ) ;
#1925 = PRESENTATION_STYLE_ASSIGNMENT (( #2527 ) ) ;
#1926 = ADVANCED_FACE ( 'NONE', ( #1577 ), #4131, .T. ) ;
#1927 = CARTESIAN_POINT ( 'NONE',  ( -0.4750000000000024203, -7.185991143217918677E-16, -0.1499999999999999944 ) ) ;
#1928 = VECTOR ( 'NONE', #6304, 1000.000000000000000 ) ;
#1929 = CARTESIAN_POINT ( 'NONE',  ( -0.09259073372281902137, -0.9179162928277918576, -0.1499999999999999944 ) ) ;
#1930 = SURFACE_SIDE_STYLE ('',( #3645 ) ) ;
#1931 = VECTOR ( 'NONE', #8281, 1000.000000000000000 ) ;
#1932 = CARTESIAN_POINT ( 'NONE',  ( -0.2541695547261460519, -0.8853488191141095642, -0.1500000000000000500 ) ) ;
#1933 = EDGE_CURVE ( 'NONE', #7612, #6999, #5716, .T. ) ;
#1934 = PRESENTATION_STYLE_ASSIGNMENT (( #7620 ) ) ;
#1935 =( NAMED_UNIT ( * ) SI_UNIT ( $, .STERADIAN. ) SOLID_ANGLE_UNIT ( ) );
#1936 = CARTESIAN_POINT ( 'NONE',  ( 1.574574886876660029, 1.525000000000000133, 0.002000000000000021726 ) ) ;
#1937 = ORIENTED_EDGE ( 'NONE', *, *, #4368, .T. ) ;
#1938 = VECTOR ( 'NONE', #4793, 1000.000000000000114 ) ;
#1939 =( NAMED_UNIT ( * ) SI_UNIT ( $, .STERADIAN. ) SOLID_ANGLE_UNIT ( ) );
#1940 = CARTESIAN_POINT ( 'NONE',  ( 0.1289610411130922563, -0.9408039690283505063, -0.1489999999999999936 ) ) ;
#1941 =( LENGTH_UNIT ( ) NAMED_UNIT ( * ) SI_UNIT ( .MILLI., .METRE. ) );
#1942 = DIRECTION ( 'NONE',  ( -9.035018104046109571E-16, -1.000000000000000000, 0.000000000000000000 ) ) ;
#1943 = CARTESIAN_POINT ( 'NONE',  ( 0.1757019492040102771, -0.8420016586814502713, -0.1499999999999998557 ) ) ;
#1944 = FILL_AREA_STYLE_COLOUR ( '', #1597 ) ;
#1945 = SURFACE_SIDE_STYLE ('',( #7758 ) ) ;
#1946 = SURFACE_SIDE_STYLE ('',( #5158 ) ) ;
#1947 = CARTESIAN_POINT ( 'NONE',  ( 0.2009186172085174749, -0.8209986139825419249, -0.1500000000000000222 ) ) ;
#1948 = EDGE_LOOP ( 'NONE', ( #7844, #4739, #370, #3535, #7284 ) ) ;
#1949 = ADVANCED_FACE ( 'NONE', ( #3739 ), #376, .T. ) ;
#1950 = PRESENTATION_STYLE_ASSIGNMENT (( #3825 ) ) ;
#1951 = UNCERTAINTY_MEASURE_WITH_UNIT (LENGTH_MEASURE( 1.000000000000000082E-05 ), #2080, 'distance_accuracy_value', 'NONE');
#1952 = STYLED_ITEM ( 'NONE', ( #6951 ), #4051 ) ;
#1953 = DIRECTION ( 'NONE',  ( 0.000000000000000000, 0.000000000000000000, 1.000000000000000000 ) ) ;
#1954 = DIRECTION ( 'NONE',  ( -1.000000000000000000, -4.445228907190571335E-15, 0.000000000000000000 ) ) ;
#1955 = EDGE_LOOP ( 'NONE', ( #4850, #3712, #5180, #8420, #7762, #4731 ) ) ;
#1956 = DIRECTION ( 'NONE',  ( 1.000000000000000000, 0.000000000000000000, 0.000000000000000000 ) ) ;
#1957 = ORIENTED_EDGE ( 'NONE', *, *, #4104, .F. ) ;
#1958 = STYLED_ITEM ( 'NONE', ( #70 ), #2765 ) ;
#1959 = EDGE_CURVE ( 'NONE', #3459, #5771, #5547, .T. ) ;
#1960 = CARTESIAN_POINT ( 'NONE',  ( 0.07753099904797089437, -0.9172325071931370921, -0.1490000000000000768 ) ) ;
#1961 = STYLED_ITEM ( 'NONE', ( #2005 ), #2648 ) ;
#1962 = FILL_AREA_STYLE ('',( #257 ) ) ;
#1963 = FILL_AREA_STYLE ('',( #1417 ) ) ;
#1964 = ORIENTED_EDGE ( 'NONE', *, *, #5497, .F. ) ;
#1965 =( NAMED_UNIT ( * ) PLANE_ANGLE_UNIT ( ) SI_UNIT ( $, .RADIAN. ) );
#1966 = CARTESIAN_POINT ( 'NONE',  ( 0.05375072969181514393, -0.7453553172180356068, -0.1489999999999999936 ) ) ;
#1967 = CARTESIAN_POINT ( 'NONE',  ( -0.2655583276491066957, -0.8469781897562262962, -0.1499999999999999944 ) ) ;
#1968 = CARTESIAN_POINT ( 'NONE',  ( 1.476441344127285005, 1.524992209324916193, 3.665224457370779021E-05 ) ) ;
#1969 = VERTEX_POINT ( 'NONE', #2308 ) ;
#1970 = EDGE_CURVE ( 'NONE', #4687, #7652, #4894, .T. ) ;
#1971 = DIRECTION ( 'NONE',  ( 1.000000000000000000, 0.000000000000000000, -0.000000000000000000 ) ) ;
#1972 = FILL_AREA_STYLE_COLOUR ( '', #6241 ) ;
#1973 = ORIENTED_EDGE ( 'NONE', *, *, #3627, .T. ) ;
#1974 = CARTESIAN_POINT ( 'NONE',  ( 1.125000000000001110, 1.239999999999999547, -0.1499999999999999944 ) ) ;
#1975 = CARTESIAN_POINT ( 'NONE',  ( 0.2023463829130589531, -0.8543570306644040491, -0.1489999999999999658 ) ) ;
#1976 = DIRECTION ( 'NONE',  ( -0.000000000000000000, -0.000000000000000000, -1.000000000000000000 ) ) ;
#1977 = PRESENTATION_LAYER_ASSIGNMENT (  '', '', ( #6301 ) ) ;
#1978 =( NAMED_UNIT ( * ) SI_UNIT ( $, .STERADIAN. ) SOLID_ANGLE_UNIT ( ) );
#1979 =( NAMED_UNIT ( * ) SI_UNIT ( $, .STERADIAN. ) SOLID_ANGLE_UNIT ( ) );
#1980 =( GEOMETRIC_REPRESENTATION_CONTEXT ( 3 ) GLOBAL_UNCERTAINTY_ASSIGNED_CONTEXT ( ( #3019 ) ) GLOBAL_UNIT_ASSIGNED_CONTEXT ( ( #4166, #455, #4122 ) ) REPRESENTATION_CONTEXT ( 'NONE', 'WORKASPACE' ) );
#1981 = AXIS2_PLACEMENT_3D ( 'NONE', #1594, #4757, #7927 ) ;
#1982 = CARTESIAN_POINT ( 'NONE',  ( 0.2025312174966932277, -0.8436403781936454571, -0.1499999999999999944 ) ) ;
#1983 = ORIENTED_EDGE ( 'NONE', *, *, #3530, .T. ) ;
#1984 = FACE_OUTER_BOUND ( 'NONE', #1007, .T. ) ;
#1985 = AXIS2_PLACEMENT_3D ( 'NONE', #7798, #5838, #5241 ) ;
#1986 = EDGE_LOOP ( 'NONE', ( #2092, #4193, #5632, #7364, #1686, #3014, #4444 ) ) ;
#1987 = EDGE_CURVE ( 'NONE', #4603, #7812, #1690, .T. ) ;
#1988 = CIRCLE ( 'NONE', #7829, 0.1000000000000000749 ) ;
#1989 = EDGE_LOOP ( 'NONE', ( #6609, #6678, #5210, #113 ) ) ;
#1990 = STYLED_ITEM ( 'NONE', ( #2382 ), #7131 ) ;
#1991 = UNCERTAINTY_MEASURE_WITH_UNIT (LENGTH_MEASURE( 1.000000000000000082E-05 ), #2371, 'distance_accuracy_value', 'NONE');
#1992 = VECTOR ( 'NONE', #175, 1000.000000000000000 ) ;
#1993 = STYLED_ITEM ( 'NONE', ( #3922 ), #900 ) ;
#1994 = ORIENTED_EDGE ( 'NONE', *, *, #437, .T. ) ;
#1995 = VECTOR ( 'NONE', #6036, 1000.000000000000000 ) ;
#1996 =( GEOMETRIC_REPRESENTATION_CONTEXT ( 3 ) GLOBAL_UNCERTAINTY_ASSIGNED_CONTEXT ( ( #663 ) ) GLOBAL_UNIT_ASSIGNED_CONTEXT ( ( #2657, #7822, #1332 ) ) REPRESENTATION_CONTEXT ( 'NONE', 'WORKASPACE' ) );
#1997 = DIRECTION ( 'NONE',  ( 0.000000000000000000, 0.000000000000000000, 1.000000000000000000 ) ) ;
#1998 = EDGE_CURVE ( 'NONE', #2688, #4006, #4256, .T. ) ;
#1999 = SURFACE_STYLE_USAGE ( .BOTH. , #5456 ) ;
#2000 = ORIENTED_EDGE ( 'NONE', *, *, #7187, .T. ) ;
#2001 = VECTOR ( 'NONE', #6707, 1000.000000000000000 ) ;
#2002 = LINE ( 'NONE', #7700, #3672 ) ;
#2003 = CARTESIAN_POINT ( 'NONE',  ( -0.8250000000000000666, 1.649999999999999245, 0.002000000000000021726 ) ) ;
#2004 = CARTESIAN_POINT ( 'NONE',  ( -0.2334904474204487212, -0.9062040499144103922, -0.1500000000000000222 ) ) ;
#2005 = PRESENTATION_STYLE_ASSIGNMENT (( #3804 ) ) ;
#2006 = DIRECTION ( 'NONE',  ( -1.000000000000000000, 0.000000000000000000, 0.000000000000000000 ) ) ;
#2007 = ORIENTED_EDGE ( 'NONE', *, *, #3074, .F. ) ;
#2008 =( GEOMETRIC_REPRESENTATION_CONTEXT ( 3 ) GLOBAL_UNCERTAINTY_ASSIGNED_CONTEXT ( ( #4379 ) ) GLOBAL_UNIT_ASSIGNED_CONTEXT ( ( #4484, #3841, #6276 ) ) REPRESENTATION_CONTEXT ( 'NONE', 'WORKASPACE' ) );
#2009 = SURFACE_SIDE_STYLE ('',( #7964 ) ) ;
#2010 = ORIENTED_EDGE ( 'NONE', *, *, #316, .F. ) ;
#2011 =( LENGTH_UNIT ( ) NAMED_UNIT ( * ) SI_UNIT ( .MILLI., .METRE. ) );
#2012 = SURFACE_STYLE_USAGE ( .BOTH. , #1388 ) ;
#2013 = FILL_AREA_STYLE_COLOUR ( '', #330 ) ;
#2014 = EDGE_CURVE ( 'NONE', #7697, #1461, #463, .T. ) ;
#2015 = FILL_AREA_STYLE ('',( #666 ) ) ;
#2016 = COLOUR_RGB ( '',0.000000000000000000, 0.000000000000000000, 0.000000000000000000 ) ;
#2017 = CARTESIAN_POINT ( 'NONE',  ( -0.2645772721167821140, -0.8202689604365995812, -0.1489999999999999380 ) ) ;
#2018 = B_SPLINE_SURFACE_WITH_KNOTS ( 'NONE', 3, 1, ( 
 ( #4415, #1434 ),
 ( #193, #5994 ),
 ( #4151, #5364 ),
 ( #2094, #151 ),
 ( #7884, #2135 ),
 ( #5957, #2675 ),
 ( #5405, #4720 ),
 ( #7406, #7333 ),
 ( #6668, #6032 ),
 ( #5438, #2717 ),
 ( #1475, #2794 ),
 ( #5324, #4109 ),
 ( #6756, #8013 ),
 ( #5285, #2168 ),
 ( #4754, #2053 ),
 ( #945, #3519 ),
 ( #7368, #903 ),
 ( #1555, #7925 ),
 ( #6711, #3481 ) ),
 .UNSPECIFIED., .F., .F., .F.,
 ( 4, 1, 1, 1, 1, 1, 1, 1, 1, 1, 1, 1, 1, 1, 1, 1, 4 ),
 ( 2, 2 ),
 ( 0.000000000000000000, 0.06783324845577359818, 0.1326555365079041815, 0.1950508840508280162, 0.2555829330687772183, 0.3147998341472900141, 0.3736004728263745411, 0.4325455953267435816, 0.4924306292835651799, 0.5526712559629693988, 0.6125130441881166954, 0.6726102503570062785, 0.7338383693139460817, 0.7965942385677740045, 0.8614497992905736368, 0.9291989423509054991, 1.000000000000000000 ),
 ( 0.000000000000000000, 1.000000000000000000 ),
 .UNSPECIFIED. ) ;
#2019 = SURFACE_STYLE_FILL_AREA ( #1479 ) ;
#2020 = CARTESIAN_POINT ( 'NONE',  ( 0.2196043882284005599, -0.9179162928277918576, -0.1489999999999999936 ) ) ;
#2021 = SURFACE_SIDE_STYLE ('',( #4504 ) ) ;
#2022 = VERTEX_POINT ( 'NONE', #1785 ) ;
#2023 = DIRECTION ( 'NONE',  ( 1.057758217059041131E-15, 1.000000000000000000, 0.000000000000000000 ) ) ;
#2024 = ORIENTED_EDGE ( 'NONE', *, *, #6041, .T. ) ;
#2025 = LINE ( 'NONE', #3329, #4795 ) ;
#2026 =( GEOMETRIC_REPRESENTATION_CONTEXT ( 3 ) GLOBAL_UNCERTAINTY_ASSIGNED_CONTEXT ( ( #5757 ) ) GLOBAL_UNIT_ASSIGNED_CONTEXT ( ( #4838, #7463, #1773 ) ) REPRESENTATION_CONTEXT ( 'NONE', 'WORKASPACE' ) );
#2027 = UNCERTAINTY_MEASURE_WITH_UNIT (LENGTH_MEASURE( 1.000000000000000082E-05 ), #970, 'distance_accuracy_value', 'NONE');
#2028 = SURFACE_STYLE_USAGE ( .BOTH. , #7897 ) ;
#2029 = ORIENTED_EDGE ( 'NONE', *, *, #5086, .T. ) ;
#2030 = DIRECTION ( 'NONE',  ( -0.000000000000000000, -0.000000000000000000, -1.000000000000000000 ) ) ;
#2031 = ORIENTED_EDGE ( 'NONE', *, *, #752, .T. ) ;
#2032 = EDGE_CURVE ( 'NONE', #359, #1237, #5026, .T. ) ;
#2033 = DIRECTION ( 'NONE',  ( -1.000000000000000000, 0.000000000000000000, 0.000000000000000000 ) ) ;
#2034 = PRESENTATION_LAYER_ASSIGNMENT (  '', '', ( #5683 ) ) ;
#2035 = VERTEX_POINT ( 'NONE', #5115 ) ;
#2036 = LINE ( 'NONE', #2649, #4721 ) ;
#2037 = EDGE_CURVE ( 'NONE', #4600, #3925, #2638, .T. ) ;
#2038 = LINE ( 'NONE', #4610, #7270 ) ;
#2039 = CARTESIAN_POINT ( 'NONE',  ( 0.1374193669943951646, -0.7679803526526680635, -0.1500000000000000500 ) ) ;
#2040 = CARTESIAN_POINT ( 'NONE',  ( -0.2925099602822900380, -0.8411297853388178813, -0.1500000000000000222 ) ) ;
#2041 = LINE ( 'NONE', #7870, #497 ) ;
#2042 = VERTEX_POINT ( 'NONE', #6390 ) ;
#2043 = DIRECTION ( 'NONE',  ( 1.000000000000000000, 0.000000000000000000, -0.000000000000000000 ) ) ;
#2044 =( NAMED_UNIT ( * ) SI_UNIT ( $, .STERADIAN. ) SOLID_ANGLE_UNIT ( ) );
#2045 = EDGE_CURVE ( 'NONE', #8299, #4170, #7089, .T. ) ;
#2046 = CARTESIAN_POINT ( 'NONE',  ( -0.2042957718841811598, -0.9167149116199225789, -0.1489999999999999936 ) ) ;
#2047 = PRESENTATION_STYLE_ASSIGNMENT (( #3307 ) ) ;
#2048 = ORIENTED_EDGE ( 'NONE', *, *, #275, .T. ) ;
#2049 = AXIS2_PLACEMENT_3D ( 'NONE', #3401, #5323, #7242 ) ;
#2050 = FILL_AREA_STYLE ('',( #2671 ) ) ;
#2051 = VERTEX_POINT ( 'NONE', #6431 ) ;
#2052 = CARTESIAN_POINT ( 'NONE',  ( 1.225000000000000311, 1.239999999999999547, 0.002000000000000021726 ) ) ;
#2053 = CARTESIAN_POINT ( 'NONE',  ( 0.1991276480879718980, -0.8745182683280223745, -0.1499999999999999112 ) ) ;
#2054 = EDGE_CURVE ( 'NONE', #5311, #3415, #4196, .T. ) ;
#2055 = FILL_AREA_STYLE_COLOUR ( '', #3232 ) ;
#2056 = CIRCLE ( 'NONE', #6244, 0.09999999999999999167 ) ;
#2057 = FILL_AREA_STYLE ('',( #2543 ) ) ;
#2058 = SURFACE_STYLE_FILL_AREA ( #303 ) ;
#2059 = LINE ( 'NONE', #5367, #6993 ) ;
#2060 = CARTESIAN_POINT ( 'NONE',  ( -0.2552180867116417562, -0.7600376162029452987, -0.1499999999999999667 ) ) ;
#2061 =( LENGTH_UNIT ( ) NAMED_UNIT ( * ) SI_UNIT ( .MILLI., .METRE. ) );
#2062 = EDGE_LOOP ( 'NONE', ( #3831, #2395, #1705, #3498, #857, #3734, #1317 ) ) ;
#2063 = CARTESIAN_POINT ( 'NONE',  ( 0.1115148162912248664, -0.7376774082281075673, -0.1500000000000000500 ) ) ;
#2064 = CARTESIAN_POINT ( 'NONE',  ( 0.1677023833719218648, -0.8006376909477352921, -0.1489999999999999658 ) ) ;
#2065 = ORIENTED_EDGE ( 'NONE', *, *, #2090, .F. ) ;
#2066 = LINE ( 'NONE', #5258, #618 ) ;
#2067 = CARTESIAN_POINT ( 'NONE',  ( 0.2022736403456820709, -0.8321340056579684674, -0.1489999999999999936 ) ) ;
#2068 = MECHANICAL_DESIGN_GEOMETRIC_PRESENTATION_REPRESENTATION (  '', ( #6121 ), #4351 ) ;
#2069 = ORIENTED_EDGE ( 'NONE', *, *, #1736, .F. ) ;
#2070 = ORIENTED_EDGE ( 'NONE', *, *, #2809, .T. ) ;
#2071 = EDGE_CURVE ( 'NONE', #3353, #7587, #7379, .T. ) ;
#2072 = DIRECTION ( 'NONE',  ( 0.3363908276654488660, -0.9417224702971435102, 0.000000000000000000 ) ) ;
#2073 = VERTEX_POINT ( 'NONE', #8366 ) ;
#2074 = VECTOR ( 'NONE', #6634, 1000.000000000000000 ) ;
#2075 = CARTESIAN_POINT ( 'NONE',  ( 0.06514484965554345752, -0.9132184944016632500, -0.1490000000000000213 ) ) ;
#2076 = VECTOR ( 'NONE', #1634, 1000.000000000000000 ) ;
#2077 = MECHANICAL_DESIGN_GEOMETRIC_PRESENTATION_REPRESENTATION (  '', ( #5043 ), #6134 ) ;
#2078 = ORIENTED_EDGE ( 'NONE', *, *, #6180, .T. ) ;
#2079 = UNCERTAINTY_MEASURE_WITH_UNIT (LENGTH_MEASURE( 1.000000000000000082E-05 ), #4919, 'distance_accuracy_value', 'NONE');
#2080 =( LENGTH_UNIT ( ) NAMED_UNIT ( * ) SI_UNIT ( .MILLI., .METRE. ) );
#2081 = B_SPLINE_SURFACE_WITH_KNOTS ( 'NONE', 3, 1, ( 
 ( #4550, #3949 ),
 ( #5330, #5922 ),
 ( #1393, #7171 ),
 ( #7929, #2098 ),
 ( #1437, #120 ),
 ( #4595, #1355 ),
 ( #5883, #76 ),
 ( #7291, #5244 ),
 ( #7849, #6557 ),
 ( #6636, #828 ),
 ( #6226, #430 ),
 ( #7372, #1068 ),
 ( #5555, #2831 ),
 ( #2317, #1560 ),
 ( #906, #1834 ),
 ( #4112, #5601 ),
 ( #5036, #267 ),
 ( #3707, #6874 ),
 ( #3485, #7523 ) ),
 .UNSPECIFIED., .F., .F., .F.,
 ( 4, 1, 1, 1, 1, 1, 1, 1, 1, 1, 1, 1, 1, 1, 1, 1, 4 ),
 ( 2, 2 ),
 ( 0.000000000000000000, 0.07430379644281627505, 0.1443936103644178626, 0.2104994961032796985, 0.2735426065034679555, 0.3338247445790730183, 0.3925296724085031164, 0.4500874545995858789, 0.5078206115557878375, 0.5654649127768471839, 0.6231487223336202863, 0.6812971927909358127, 0.7409134981565813627, 0.8018557521958584733, 0.8652412377209436345, 0.9309416570467443641, 1.000000000000000000 ),
 ( 0.000000000000000000, 1.000000000000000000 ),
 .UNSPECIFIED. ) ;
#2082 = CARTESIAN_POINT ( 'NONE',  ( 0.06462429391466235906, -0.7665291102173069637, -0.1499999999999999667 ) ) ;
#2083 = COLOUR_RGB ( '',1.000000000000000000, 1.000000000000000000, 1.000000000000000000 ) ;
#2084 = EDGE_CURVE ( 'NONE', #3449, #216, #84, .T. ) ;
#2085 = CARTESIAN_POINT ( 'NONE',  ( 0.2023463829130589531, -0.8543570306644040491, -0.1499999999999999667 ) ) ;
#2086 =( LENGTH_UNIT ( ) NAMED_UNIT ( * ) SI_UNIT ( .MILLI., .METRE. ) );
#2087 = DIRECTION ( 'NONE',  ( 1.000000000000000000, 0.000000000000000000, -0.000000000000000000 ) ) ;
#2088 = EDGE_LOOP ( 'NONE', ( #779, #5763, #895, #85 ) ) ;
#2089 = CARTESIAN_POINT ( 'NONE',  ( -0.3623315873813556243, -0.8618187318521820517, -0.1489999999999999936 ) ) ;
#2090 = EDGE_CURVE ( 'NONE', #4463, #2372, #4602, .T. ) ;
#2091 = DIRECTION ( 'NONE',  ( -1.512840240677448800E-15, 1.000000000000000000, 0.000000000000000000 ) ) ;
#2092 = ORIENTED_EDGE ( 'NONE', *, *, #6905, .F. ) ;
#2093 = CARTESIAN_POINT ( 'NONE',  ( -1.125000000000000666, -1.219999999999999973, -0.1599999999999999756 ) ) ;
#2094 = CARTESIAN_POINT ( 'NONE',  ( 0.1289610411130922563, -0.9408039690283505063, -0.1489999999999999936 ) ) ;
#2095 = CARTESIAN_POINT ( 'NONE',  ( 0.000000000000000000, 0.000000000000000000, 0.5999999999999999778 ) ) ;
#2096 = SURFACE_STYLE_USAGE ( .BOTH. , #5958 ) ;
#2097 = FILL_AREA_STYLE ('',( #7928 ) ) ;
#2098 = CARTESIAN_POINT ( 'NONE',  ( -0.2645772721167821140, -0.8202689604365995812, -0.1499999999999999389 ) ) ;
#2099 = LINE ( 'NONE', #4677, #7841 ) ;
#2100 = EDGE_CURVE ( 'NONE', #1835, #5455, #5260, .T. ) ;
#2101 = CARTESIAN_POINT ( 'NONE',  ( -0.2291996815300162138, -0.7463342152290836085, -0.1500000000000000222 ) ) ;
#2102 = FILL_AREA_STYLE ('',( #788 ) ) ;
#2103 = ORIENTED_EDGE ( 'NONE', *, *, #6911, .T. ) ;
#2104 = EDGE_CURVE ( 'NONE', #4288, #4357, #1270, .T. ) ;
#2105 = PRESENTATION_STYLE_ASSIGNMENT (( #6640 ) ) ;
#2106 = EDGE_LOOP ( 'NONE', ( #6967, #6570, #8208, #755 ) ) ;
#2107 = PLANE ( 'NONE',  #3315 ) ;
#2108 = UNCERTAINTY_MEASURE_WITH_UNIT (LENGTH_MEASURE( 1.000000000000000082E-05 ), #8177, 'distance_accuracy_value', 'NONE');
#2109 = VECTOR ( 'NONE', #7713, 1000.000000000000000 ) ;
#2110 = CARTESIAN_POINT ( 'NONE',  ( -0.1750000000000001277, 1.649999999999994804, -0.1599999999999999756 ) ) ;
#2111 = EDGE_LOOP ( 'NONE', ( #6841, #5911, #8010, #4350 ) ) ;
#2112 = LINE ( 'NONE', #4646, #630 ) ;
#2113 = ORIENTED_EDGE ( 'NONE', *, *, #2809, .F. ) ;
#2114 = CIRCLE ( 'NONE', #7402, 0.1000000000000000472 ) ;
#2115 = CARTESIAN_POINT ( 'NONE',  ( 0.1087812174966932277, -0.9423065367302307926, -0.1499999999999999944 ) ) ;
#2116 = ORIENTED_EDGE ( 'NONE', *, *, #4355, .F. ) ;
#2117 = CARTESIAN_POINT ( 'NONE',  ( -0.2187625956626310375, -0.9361438262662339360, -0.1489999999999999936 ) ) ;
#2118 = VECTOR ( 'NONE', #1391, 1000.000000000000000 ) ;
#2119 = EDGE_CURVE ( 'NONE', #1797, #4695, #4511, .T. ) ;
#2120 = CARTESIAN_POINT ( 'NONE',  ( 0.09088519497505752331, -0.9196194940005318896, -0.1489999999999999936 ) ) ;
#2121 = DIRECTION ( 'NONE',  ( -1.512840240677448800E-15, 1.000000000000000000, 0.000000000000000000 ) ) ;
#2122 = AXIS2_PLACEMENT_3D ( 'NONE', #4123, #844, #1451 ) ;
#2123 = VECTOR ( 'NONE', #6784, 1000.000000000000000 ) ;
#2124 = ORIENTED_EDGE ( 'NONE', *, *, #3911, .T. ) ;
#2125 = FACE_OUTER_BOUND ( 'NONE', #3375, .T. ) ;
#2126 = MECHANICAL_DESIGN_GEOMETRIC_PRESENTATION_REPRESENTATION (  '', ( #1041 ), #8238 ) ;
#2127 = VECTOR ( 'NONE', #7632, 1000.000000000000000 ) ;
#2128 = VECTOR ( 'NONE', #4573, 1000.000000000000000 ) ;
#2129 = CARTESIAN_POINT ( 'NONE',  ( 0.1927581171042819785, -0.8925147363839798231, -0.1499999999999999667 ) ) ;
#2130 = CARTESIAN_POINT ( 'NONE',  ( 1.125000000000001110, 1.649999999999999467, 0.002000000000000021726 ) ) ;
#2131 = ORIENTED_EDGE ( 'NONE', *, *, #8103, .T. ) ;
#2132 = VECTOR ( 'NONE', #379, 1000.000000000000000 ) ;
#2133 = FILL_AREA_STYLE_COLOUR ( '', #4867 ) ;
#2134 = ORIENTED_EDGE ( 'NONE', *, *, #3806, .T. ) ;
#2135 = CARTESIAN_POINT ( 'NONE',  ( 0.1383442964691071198, -0.9386774660490019295, -0.1499999999999999389 ) ) ;
#2136 = FILL_AREA_STYLE ('',( #7970 ) ) ;
#2137 = MECHANICAL_DESIGN_GEOMETRIC_PRESENTATION_REPRESENTATION (  '', ( #4154 ), #5799 ) ;
#2138 = EDGE_CURVE ( 'NONE', #6861, #3044, #38, .T. ) ;
#2139 = DIRECTION ( 'NONE',  ( 0.000000000000000000, 0.000000000000000000, -1.000000000000000000 ) ) ;
#2140 = CARTESIAN_POINT ( 'NONE',  ( -0.2552180867116417562, -0.7600376162029452987, -0.1489999999999999658 ) ) ;
#2141 = ORIENTED_EDGE ( 'NONE', *, *, #17, .T. ) ;
#2142 = VECTOR ( 'NONE', #6637, 1000.000000000000000 ) ;
#2143 = FILL_AREA_STYLE ('',( #2213 ) ) ;
#2144 = FACE_OUTER_BOUND ( 'NONE', #821, .T. ) ;
#2145 = EDGE_LOOP ( 'NONE', ( #1153, #6632, #736, #3589 ) ) ;
#2146 = DIRECTION ( 'NONE',  ( 1.000000000000000000, 2.168404344971007685E-15, 0.000000000000000000 ) ) ;
#2147 = ADVANCED_FACE ( 'NONE', ( #1984 ), #7177, .T. ) ;
#2148 = DIRECTION ( 'NONE',  ( -0.3222024856061124765, 0.9466707760722535836, 0.000000000000000000 ) ) ;
#2149 = VERTEX_POINT ( 'NONE', #6008 ) ;
#2150 = AXIS2_PLACEMENT_3D ( 'NONE', #6101, #6653, #1617 ) ;
#2151 = PLANE ( 'NONE',  #3483 ) ;
#2152 = CARTESIAN_POINT ( 'NONE',  ( -1.476441344127283894, -1.524992209324915526, 3.665224457463993302E-05 ) ) ;
#2153 = ORIENTED_EDGE ( 'NONE', *, *, #6556, .T. ) ;
#2154 =( NAMED_UNIT ( * ) SI_UNIT ( $, .STERADIAN. ) SOLID_ANGLE_UNIT ( ) );
#2155 = PRESENTATION_LAYER_ASSIGNMENT (  '', '', ( #6626 ) ) ;
#2156 = CARTESIAN_POINT ( 'NONE',  ( 0.1076539061574731948, -0.9202890976012588764, -0.1489999999999999658 ) ) ;
#2157 =( NAMED_UNIT ( * ) SI_UNIT ( $, .STERADIAN. ) SOLID_ANGLE_UNIT ( ) );
#2158 = CARTESIAN_POINT ( 'NONE',  ( -0.2853410454246631534, -0.7973067439811418744, -0.1489999999999999936 ) ) ;
#2159 = EDGE_CURVE ( 'NONE', #1716, #1408, #4689, .T. ) ;
#2160 = DIRECTION ( 'NONE',  ( 0.000000000000000000, 0.000000000000000000, -1.000000000000000000 ) ) ;
#2161 =( NAMED_UNIT ( * ) PLANE_ANGLE_UNIT ( ) SI_UNIT ( $, .RADIAN. ) );
#2162 =( NAMED_UNIT ( * ) PLANE_ANGLE_UNIT ( ) SI_UNIT ( $, .RADIAN. ) );
#2163 = ORIENTED_EDGE ( 'NONE', *, *, #6629, .F. ) ;
#2164 = CARTESIAN_POINT ( 'NONE',  ( -0.1879413434789165838, -0.7618187318521819629, -0.1499999999999999944 ) ) ;
#2165 = ADVANCED_FACE ( 'NONE', ( #4002 ), #7341, .T. ) ;
#2166 = ORIENTED_EDGE ( 'NONE', *, *, #2846, .T. ) ;
#2167 = LINE ( 'NONE', #4150, #4058 ) ;
#2168 = CARTESIAN_POINT ( 'NONE',  ( 0.1963379214042038357, -0.8837856914465193059, -0.1499999999999999112 ) ) ;
#2169 = PLANE ( 'NONE',  #1981 ) ;
#2170 = VECTOR ( 'NONE', #5835, 1000.000000000000000 ) ;
#2171 =( NAMED_UNIT ( * ) SI_UNIT ( $, .STERADIAN. ) SOLID_ANGLE_UNIT ( ) );
#2172 = FACE_OUTER_BOUND ( 'NONE', #3489, .T. ) ;
#2173 = FACE_OUTER_BOUND ( 'NONE', #1729, .T. ) ;
#2174 = FILL_AREA_STYLE ('',( #4679 ) ) ;
#2175 = SURFACE_SIDE_STYLE ('',( #157 ) ) ;
#2176 = ORIENTED_EDGE ( 'NONE', *, *, #3627, .F. ) ;
#2177 = AXIS2_PLACEMENT_3D ( 'NONE', #5321, #6631, #3438 ) ;
#2178 = DIRECTION ( 'NONE',  ( 0.2035585949527793648, -0.2035585949527793370, -0.9576678948579725459 ) ) ;
#2179 = ORIENTED_EDGE ( 'NONE', *, *, #1796, .F. ) ;
#2180 = CARTESIAN_POINT ( 'NONE',  ( 0.1087812174966932277, -0.9423065367302307926, -0.1499999999999999944 ) ) ;
#2181 = VERTEX_POINT ( 'NONE', #2110 ) ;
#2182 = UNCERTAINTY_MEASURE_WITH_UNIT (LENGTH_MEASURE( 1.000000000000000082E-05 ), #5768, 'distance_accuracy_value', 'NONE');
#2183 = COLOUR_RGB ( '',0.000000000000000000, 0.000000000000000000, 0.000000000000000000 ) ;
#2184 = LINE ( 'NONE', #8105, #7422 ) ;
#2185 = MECHANICAL_DESIGN_GEOMETRIC_PRESENTATION_REPRESENTATION (  '', ( #5172 ), #6939 ) ;
#2186 = VERTEX_POINT ( 'NONE', #7303 ) ;
#2187 =( NAMED_UNIT ( * ) PLANE_ANGLE_UNIT ( ) SI_UNIT ( $, .RADIAN. ) );
#2188 =( NAMED_UNIT ( * ) PLANE_ANGLE_UNIT ( ) SI_UNIT ( $, .RADIAN. ) );
#2189 = ORIENTED_EDGE ( 'NONE', *, *, #4901, .F. ) ;
#2190 = PRESENTATION_STYLE_ASSIGNMENT (( #1615 ) ) ;
#2191 = EDGE_CURVE ( 'NONE', #166, #2073, #6686, .T. ) ;
#2192 = PRESENTATION_LAYER_ASSIGNMENT (  '', '', ( #5862 ) ) ;
#2193 = CARTESIAN_POINT ( 'NONE',  ( 0.1399004845471144287, -0.9121875593837528440, -0.1489999999999999658 ) ) ;
#2194 = CARTESIAN_POINT ( 'NONE',  ( -0.01210292884477019541, -0.7618187318521819629, -0.1499999999999999944 ) ) ;
#2195 = PLANE ( 'NONE',  #6063 ) ;
#2196 = FACE_OUTER_BOUND ( 'NONE', #1719, .T. ) ;
#2197 = STYLED_ITEM ( 'NONE', ( #8263 ), #4515 ) ;
#2198 = EDGE_CURVE ( 'NONE', #7296, #1445, #3494, .T. ) ;
#2199 = COLOUR_RGB ( '',1.000000000000000000, 1.000000000000000000, 1.000000000000000000 ) ;
#2200 = CARTESIAN_POINT ( 'NONE',  ( 0.1986952455278262475, -0.8104398148915027411, -0.1499999999999998834 ) ) ;
#2201 = VERTEX_POINT ( 'NONE', #5970 ) ;
#2202 = SURFACE_SIDE_STYLE ('',( #4751 ) ) ;
#2203 = DIRECTION ( 'NONE',  ( 1.000000000000000000, 0.000000000000000000, -0.000000000000000000 ) ) ;
#2204 = ORIENTED_EDGE ( 'NONE', *, *, #4176, .T. ) ;
#2205 = COLOUR_RGB ( '',1.000000000000000000, 1.000000000000000000, 1.000000000000000000 ) ;
#2206 = PRESENTATION_LAYER_ASSIGNMENT (  '', '', ( #6560 ) ) ;
#2207 = CARTESIAN_POINT ( 'NONE',  ( -0.3962979509720781501, -0.7657952310366246129, -0.1489999999999999936 ) ) ;
#2208 = EDGE_CURVE ( 'NONE', #5742, #1188, #2184, .T. ) ;
#2209 = DIRECTION ( 'NONE',  ( 1.000000000000000000, 0.000000000000000000, 0.000000000000000000 ) ) ;
#2210 = EDGE_CURVE ( 'NONE', #3383, #4298, #7938, .T. ) ;
#2211 = SURFACE_STYLE_USAGE ( .BOTH. , #984 ) ;
#2212 = VERTEX_POINT ( 'NONE', #2264 ) ;
#2213 = FILL_AREA_STYLE_COLOUR ( '', #4483 ) ;
#2214 = ORIENTED_EDGE ( 'NONE', *, *, #6931, .T. ) ;
#2215 = FILL_AREA_STYLE_COLOUR ( '', #6159 ) ;
#2216 = ORIENTED_EDGE ( 'NONE', *, *, #2045, .F. ) ;
#2217 = SURFACE_STYLE_FILL_AREA ( #5489 ) ;
#2218 =( GEOMETRIC_REPRESENTATION_CONTEXT ( 3 ) GLOBAL_UNCERTAINTY_ASSIGNED_CONTEXT ( ( #2742 ) ) GLOBAL_UNIT_ASSIGNED_CONTEXT ( ( #7072, #5196, #5151 ) ) REPRESENTATION_CONTEXT ( 'NONE', 'WORKASPACE' ) );
#2219 = CARTESIAN_POINT ( 'NONE',  ( 0.1548927593054700846, -0.7816544920408202701, -0.1499999999999998834 ) ) ;
#2220 = DIRECTION ( 'NONE',  ( 8.673617379883994057E-16, 1.000000000000000000, 0.000000000000000000 ) ) ;
#2221 = ORIENTED_EDGE ( 'NONE', *, *, #4232, .F. ) ;
#2222 = DIRECTION ( 'NONE',  ( 0.000000000000000000, 0.000000000000000000, -1.000000000000000000 ) ) ;
#2223 = DIRECTION ( 'NONE',  ( 0.000000000000000000, -0.000000000000000000, 1.000000000000000000 ) ) ;
#2224 = VERTEX_POINT ( 'NONE', #4121 ) ;
#2225 = CARTESIAN_POINT ( 'NONE',  ( 1.366487659678486066, -1.316487659678485356, 0.4999999999999998890 ) ) ;
#2226 = CARTESIAN_POINT ( 'NONE',  ( 0.07029294254485299320, -0.7643010825824890775, -0.1500000000000000222 ) ) ;
#2227 = APPLICATION_CONTEXT ( 'automotive_design' ) ;
#2228 = SURFACE_STYLE_FILL_AREA ( #8070 ) ;
#2229 = EDGE_CURVE ( 'NONE', #216, #7201, #2481, .T. ) ;
#2230 = CARTESIAN_POINT ( 'NONE',  ( 1.225000000000000089, -0.5000000000000002220, 0.002000000000000021726 ) ) ;
#2231 = CARTESIAN_POINT ( 'NONE',  ( -0.2470153059007134666, -0.7546445584831642517, -0.1490000000000000491 ) ) ;
#2232 = PRESENTATION_LAYER_ASSIGNMENT (  '', '', ( #5909 ) ) ;
#2233 = COLOUR_RGB ( '',1.000000000000000000, 1.000000000000000000, 1.000000000000000000 ) ;
#2235 = FILL_AREA_STYLE ('',( #7396 ) ) ;
#2234 = FILL_AREA_STYLE ('',( #468 ) ) ;
#2236 = VECTOR ( 'NONE', #6170, 1000.000000000000000 ) ;
#2237 = CARTESIAN_POINT ( 'NONE',  ( 0.4749999999999998113, 1.649999999999990141, -0.1599999999999999756 ) ) ;
#2238 =( LENGTH_UNIT ( ) NAMED_UNIT ( * ) SI_UNIT ( .MILLI., .METRE. ) );
#2239 = EDGE_CURVE ( 'NONE', #2916, #5341, #5536, .T. ) ;
#2240 = VERTEX_POINT ( 'NONE', #454 ) ;
#2241 = FILL_AREA_STYLE ('',( #5472 ) ) ;
#2242 = VECTOR ( 'NONE', #6901, 1000.000000000000000 ) ;
#2243 = ORIENTED_EDGE ( 'NONE', *, *, #2797, .T. ) ;
#2244 = AXIS2_PLACEMENT_3D ( 'NONE', #2338, #6164, #6985 ) ;
#2245 = COLOUR_RGB ( '',1.000000000000000000, 1.000000000000000000, 1.000000000000000000 ) ;
#2246 = LINE ( 'NONE', #7530, #5598 ) ;
#2247 = LINE ( 'NONE', #6114, #6806 ) ;
#2248 = VECTOR ( 'NONE', #6068, 1000.000000000000000 ) ;
#2249 = FACE_OUTER_BOUND ( 'NONE', #4119, .T. ) ;
#2250 = FILL_AREA_STYLE_COLOUR ( '', #4273 ) ;
#2251 = CARTESIAN_POINT ( 'NONE',  ( 1.575000000000000178, -0.1000000000000004774, -0.1499999999999999944 ) ) ;
#2252 = AXIS2_PLACEMENT_3D ( 'NONE', #2254, #7491, #2289 ) ;
#2253 = MECHANICAL_DESIGN_GEOMETRIC_PRESENTATION_REPRESENTATION (  '', ( #7842 ), #6462 ) ;
#2254 = CARTESIAN_POINT ( 'NONE',  ( 0.000000000000000000, 0.000000000000000000, -0.1489999999999999936 ) ) ;
#2255 = CARTESIAN_POINT ( 'NONE',  ( -1.366487659678485400, -1.943014936784323438E-16, 0.4999999999999998890 ) ) ;
#2256 = ORIENTED_EDGE ( 'NONE', *, *, #5678, .F. ) ;
#2257 = EDGE_CURVE ( 'NONE', #1398, #6922, #2646, .T. ) ;
#2258 = EDGE_LOOP ( 'NONE', ( #6005, #7780, #107, #7827, #1251, #8157, #6258 ) ) ;
#2259 = FILL_AREA_STYLE ('',( #5347 ) ) ;
#2260 = VECTOR ( 'NONE', #7237, 1000.000000000000000 ) ;
#2261 = LINE ( 'NONE', #6642, #888 ) ;
#2262 = CARTESIAN_POINT ( 'NONE',  ( 0.08729132478420521812, -0.7378857787029592386, -0.1499999999999999667 ) ) ;
#2263 = UNCERTAINTY_MEASURE_WITH_UNIT (LENGTH_MEASURE( 1.000000000000000082E-05 ), #3023, 'distance_accuracy_value', 'NONE');
#2264 = CARTESIAN_POINT ( 'NONE',  ( -0.4292142093325751473, -0.8618187318521820517, -0.1499999999999999944 ) ) ;
#2265 = CARTESIAN_POINT ( 'NONE',  ( 0.1436376317941394920, -0.7718771141150896353, -0.1499999999999998279 ) ) ;
#2266 = CARTESIAN_POINT ( 'NONE',  ( -0.08771268494233119828, -0.7618187318521819629, -0.1489999999999999936 ) ) ;
#2267 = ORIENTED_EDGE ( 'NONE', *, *, #1303, .T. ) ;
#2268 = DIRECTION ( 'NONE',  ( 2.216847787945573612E-15, -1.000000000000000000, 0.000000000000000000 ) ) ;
#2269 = CARTESIAN_POINT ( 'NONE',  ( 0.3220434126186444979, -0.7398675123399868214, -0.1489999999999999936 ) ) ;
#2270 = EDGE_LOOP ( 'NONE', ( #2635, #3479, #1743, #3938, #2267 ) ) ;
#2271 = FILL_AREA_STYLE ('',( #5904 ) ) ;
#2272 = CARTESIAN_POINT ( 'NONE',  ( 0.06545391545822003276, -0.9351990499569270421, -0.1490000000000000491 ) ) ;
#2273 = VECTOR ( 'NONE', #1912, 1000.000000000000000 ) ;
#2274 = CARTESIAN_POINT ( 'NONE',  ( -0.4750000000000008105, 1.525000000000000133, -0.1499999999999999944 ) ) ;
#2275 = STYLED_ITEM ( 'NONE', ( #5553 ), #1652 ) ;
#2276 = EDGE_CURVE ( 'NONE', #5398, #7612, #3729, .T. ) ;
#2277 = DIRECTION ( 'NONE',  ( -0.000000000000000000, -0.000000000000000000, -1.000000000000000000 ) ) ;
#2278 = FACE_OUTER_BOUND ( 'NONE', #8235, .T. ) ;
#2279 = LINE ( 'NONE', #1105, #5248 ) ;
#2280 =( NAMED_UNIT ( * ) SI_UNIT ( $, .STERADIAN. ) SOLID_ANGLE_UNIT ( ) );
#2281 = CARTESIAN_POINT ( 'NONE',  ( 0.2009186172085174749, -0.8209986139825419249, -0.1490000000000000213 ) ) ;
#2282 = ORIENTED_EDGE ( 'NONE', *, *, #287, .T. ) ;
#2283 =( LENGTH_UNIT ( ) NAMED_UNIT ( * ) SI_UNIT ( .MILLI., .METRE. ) );
#2284 = ORIENTED_EDGE ( 'NONE', *, *, #5979, .T. ) ;
#2285 = AXIS2_PLACEMENT_3D ( 'NONE', #5087, #4578, #2528 ) ;
#2286 = CARTESIAN_POINT ( 'NONE',  ( -0.5250000000000007994, 1.289999999999999813, -0.1599999999999999756 ) ) ;
#2287 = EDGE_CURVE ( 'NONE', #4249, #719, #2458, .T. ) ;
#2288 = SURFACE_SIDE_STYLE ('',( #349 ) ) ;
#2289 = DIRECTION ( 'NONE',  ( 1.000000000000000000, 0.000000000000000000, 0.000000000000000000 ) ) ;
#2290 =( LENGTH_UNIT ( ) NAMED_UNIT ( * ) SI_UNIT ( .MILLI., .METRE. ) );
#2291 =( NAMED_UNIT ( * ) PLANE_ANGLE_UNIT ( ) SI_UNIT ( $, .RADIAN. ) );
#2292 = SURFACE_STYLE_USAGE ( .BOTH. , #1084 ) ;
#2293 = ORIENTED_EDGE ( 'NONE', *, *, #8227, .T. ) ;
#2294 = ADVANCED_FACE ( 'NONE', ( #5619 ), #5704, .T. ) ;
#2295 = CARTESIAN_POINT ( 'NONE',  ( 0.1563018418334372883, -0.8992692715310645069, -0.1499999999999999389 ) ) ;
#2296 = ORIENTED_EDGE ( 'NONE', *, *, #275, .F. ) ;
#2297 = VECTOR ( 'NONE', #6417, 1000.000000000000000 ) ;
#2298 =( GEOMETRIC_REPRESENTATION_CONTEXT ( 3 ) GLOBAL_UNCERTAINTY_ASSIGNED_CONTEXT ( ( #5813 ) ) GLOBAL_UNIT_ASSIGNED_CONTEXT ( ( #4113, #2832, #2723 ) ) REPRESENTATION_CONTEXT ( 'NONE', 'WORKASPACE' ) );
#2299 = CARTESIAN_POINT ( 'NONE',  ( 0.2196043882284005599, -0.9179162928277918576, -0.1499999999999999944 ) ) ;
#2300 = ORIENTED_EDGE ( 'NONE', *, *, #8031, .T. ) ;
#2301 = DIRECTION ( 'NONE',  ( -1.000000000000000000, 0.000000000000000000, 0.000000000000000000 ) ) ;
#2302 = ORIENTED_EDGE ( 'NONE', *, *, #3030, .F. ) ;
#2303 = CARTESIAN_POINT ( 'NONE',  ( -1.225000000000000089, 0.09999999999999993616, 0.002000000000000021726 ) ) ;
#2304 =( LENGTH_UNIT ( ) NAMED_UNIT ( * ) SI_UNIT ( .MILLI., .METRE. ) );
#2305 = UNCERTAINTY_MEASURE_WITH_UNIT (LENGTH_MEASURE( 1.000000000000000082E-05 ), #4222, 'distance_accuracy_value', 'NONE');
#2306 = DIRECTION ( 'NONE',  ( 0.3222024856061124765, -0.9466707760722535836, 0.000000000000000000 ) ) ;
#2307 = VECTOR ( 'NONE', #4344, 1000.000000000000000 ) ;
#2308 = CARTESIAN_POINT ( 'NONE',  ( -0.8250000000000006217, 1.290000000000000036, -0.1599999999999999756 ) ) ;
#2309 = EDGE_CURVE ( 'NONE', #474, #2610, #4337, .T. ) ;
#2310 = CARTESIAN_POINT ( 'NONE',  ( -0.1898258893137425574, -0.9397982512647558018, -0.1499999999999999944 ) ) ;
#2311 = LINE ( 'NONE', #4178, #7543 ) ;
#2312 = ORIENTED_EDGE ( 'NONE', *, *, #2104, .T. ) ;
#2313 = MECHANICAL_DESIGN_GEOMETRIC_PRESENTATION_REPRESENTATION (  '', ( #713 ), #7782 ) ;
#2314 =( LENGTH_UNIT ( ) NAMED_UNIT ( * ) SI_UNIT ( .MILLI., .METRE. ) );
#2315 = CARTESIAN_POINT ( 'NONE',  ( -0.4382081117715995178, -0.8837699513643770821, -0.1499999999999999944 ) ) ;
#2316 = ORIENTED_EDGE ( 'NONE', *, *, #1890, .F. ) ;
#2317 = CARTESIAN_POINT ( 'NONE',  ( -0.2194821513638393062, -0.7664545638740836164, -0.1489999999999999936 ) ) ;
#2318 = STYLED_ITEM ( 'NONE', ( #1300 ), #4292 ) ;
#2319 = EDGE_LOOP ( 'NONE', ( #6435, #7689, #7933, #4605 ) ) ;
#2320 = LINE ( 'NONE', #2164, #4429 ) ;
#2321 = VERTEX_POINT ( 'NONE', #6896 ) ;
#2322 = UNCERTAINTY_MEASURE_WITH_UNIT (LENGTH_MEASURE( 1.000000000000000082E-05 ), #1591, 'distance_accuracy_value', 'NONE');
#2323 = CARTESIAN_POINT ( 'NONE',  ( 1.366487659678485622, 1.316487659678486022, 0.4999999999999998890 ) ) ;
#2324 = LINE ( 'NONE', #1022, #3951 ) ;
#2325 = CARTESIAN_POINT ( 'NONE',  ( -0.8250000000000000666, -1.524999999999999689, 0.000000000000000000 ) ) ;
#2326 = EDGE_CURVE ( 'NONE', #3089, #5266, #1089, .T. ) ;
#2327 =( GEOMETRIC_REPRESENTATION_CONTEXT ( 3 ) GLOBAL_UNCERTAINTY_ASSIGNED_CONTEXT ( ( #2905 ) ) GLOBAL_UNIT_ASSIGNED_CONTEXT ( ( #2290, #2331, #485 ) ) REPRESENTATION_CONTEXT ( 'NONE', 'WORKASPACE' ) );
#2328 = DIRECTION ( 'NONE',  ( -0.3363908276654488660, 0.9417224702971435102, 0.000000000000000000 ) ) ;
#2329 = AXIS2_PLACEMENT_3D ( 'NONE', #2323, #6789, #8087 ) ;
#2330 = PRESENTATION_LAYER_ASSIGNMENT (  '', '', ( #1556 ) ) ;
#2331 =( NAMED_UNIT ( * ) PLANE_ANGLE_UNIT ( ) SI_UNIT ( $, .RADIAN. ) );
#2332 = VERTEX_POINT ( 'NONE', #4971 ) ;
#2333 = SURFACE_STYLE_USAGE ( .BOTH. , #5698 ) ;
#2334 =( NAMED_UNIT ( * ) SI_UNIT ( $, .STERADIAN. ) SOLID_ANGLE_UNIT ( ) );
#2335 = CARTESIAN_POINT ( 'NONE',  ( -0.1750000000000002387, -1.524999999999999689, 0.000000000000000000 ) ) ;
#2336 = AXIS2_PLACEMENT_3D ( 'NONE', #4383, #5797, #578 ) ;
#2337 = UNCERTAINTY_MEASURE_WITH_UNIT (LENGTH_MEASURE( 1.000000000000000082E-05 ), #5685, 'distance_accuracy_value', 'NONE');
#2338 = CARTESIAN_POINT ( 'NONE',  ( -0.4750000000000005884, -1.220000000000004414, 0.002000000000000021726 ) ) ;
#2339 = EDGE_CURVE ( 'NONE', #3439, #5063, #7591, .T. ) ;
#2340 = PLANE ( 'NONE',  #754 ) ;
#2341 =( NAMED_UNIT ( * ) PLANE_ANGLE_UNIT ( ) SI_UNIT ( $, .RADIAN. ) );
#2342 = ORIENTED_EDGE ( 'NONE', *, *, #7957, .T. ) ;
#2343 = CARTESIAN_POINT ( 'NONE',  ( -0.2121847768079676289, -0.7643460531607838560, -0.1499999999999999944 ) ) ;
#2344 = PLANE ( 'NONE',  #5913 ) ;
#2345 = ORIENTED_EDGE ( 'NONE', *, *, #6616, .T. ) ;
#2346 = DIRECTION ( 'NONE',  ( 0.000000000000000000, -1.000000000000000000, 0.000000000000000000 ) ) ;
#2347 = FACE_OUTER_BOUND ( 'NONE', #5384, .T. ) ;
#2348 = CARTESIAN_POINT ( 'NONE',  ( 0.07029294254485299320, -0.7643010825824890775, -0.1490000000000000213 ) ) ;
#2349 = SURFACE_STYLE_FILL_AREA ( #6913 ) ;
#2350 = VERTEX_POINT ( 'NONE', #1174 ) ;
#2352 = FACE_OUTER_BOUND ( 'NONE', #3474, .T. ) ;
#2351 = DIRECTION ( 'NONE',  ( 0.000000000000000000, 0.000000000000000000, -1.000000000000000000 ) ) ;
#2353 = LINE ( 'NONE', #6917, #7688 ) ;
#2354 = STYLED_ITEM ( 'NONE', ( #8328 ), #884 ) ;
#2355 =( NAMED_UNIT ( * ) SI_UNIT ( $, .STERADIAN. ) SOLID_ANGLE_UNIT ( ) );
#2356 = ORIENTED_EDGE ( 'NONE', *, *, #3030, .T. ) ;
#2357 = FACE_OUTER_BOUND ( 'NONE', #6797, .T. ) ;
#2358 = LINE ( 'NONE', #3039, #3454 ) ;
#2359 = ORIENTED_EDGE ( 'NONE', *, *, #8130, .T. ) ;
#2360 =( GEOMETRIC_REPRESENTATION_CONTEXT ( 3 ) GLOBAL_UNCERTAINTY_ASSIGNED_CONTEXT ( ( #1680 ) ) GLOBAL_UNIT_ASSIGNED_CONTEXT ( ( #3689, #4500, #4380 ) ) REPRESENTATION_CONTEXT ( 'NONE', 'WORKASPACE' ) );
#2361 = AXIS2_PLACEMENT_3D ( 'NONE', #6984, #4419, #5056 ) ;
#2362 = ORIENTED_EDGE ( 'NONE', *, *, #6160, .F. ) ;
#2363 = CARTESIAN_POINT ( 'NONE',  ( 0.8249999999999997335, -1.524999999999999467, 7.383930732037586823E-16 ) ) ;
#2364 = VECTOR ( 'NONE', #2277, 1000.000000000000000 ) ;
#2365 = MECHANICAL_DESIGN_GEOMETRIC_PRESENTATION_REPRESENTATION (  '', ( #221 ), #3047 ) ;
#2366 = LINE ( 'NONE', #3557, #5647 ) ;
#2367 = EDGE_CURVE ( 'NONE', #6765, #991, #6341, .T. ) ;
#2368 = PRESENTATION_LAYER_ASSIGNMENT (  '', '', ( #6178 ) ) ;
#2369 = VECTOR ( 'NONE', #6729, 1000.000000000000000 ) ;
#2370 = PLANE ( 'NONE',  #8189 ) ;
#2371 =( LENGTH_UNIT ( ) NAMED_UNIT ( * ) SI_UNIT ( .MILLI., .METRE. ) );
#2372 = VERTEX_POINT ( 'NONE', #8317 ) ;
#2373 = LINE ( 'NONE', #4964, #8027 ) ;
#2374 = CARTESIAN_POINT ( 'NONE',  ( 0.1749999999999998224, -1.524999999999999689, 7.436158109013677121E-21 ) ) ;
#2375 = AXIS2_PLACEMENT_3D ( 'NONE', #6440, #3888, #5032 ) ;
#2376 = EDGE_CURVE ( 'NONE', #1107, #5587, #996, .T. ) ;
#2377 = CARTESIAN_POINT ( 'NONE',  ( 0.1008162784723029837, -0.7374284879497429168, -0.1499999999999999944 ) ) ;
#2378 = VECTOR ( 'NONE', #6471, 1000.000000000000000 ) ;
#2379 = MECHANICAL_DESIGN_GEOMETRIC_PRESENTATION_REPRESENTATION (  '', ( #6603 ), #3344 ) ;
#2380 = COLOUR_RGB ( '',0.2509803921568627416, 0.2509803921568627416, 0.2509803921568627416 ) ;
#2381 = FILL_AREA_STYLE ('',( #5058 ) ) ;
#2382 = PRESENTATION_STYLE_ASSIGNMENT (( #756 ) ) ;
#2383 = CARTESIAN_POINT ( 'NONE',  ( 0.000000000000000000, 0.000000000000000000, -0.1499999999999999944 ) ) ;
#2384 = ORIENTED_EDGE ( 'NONE', *, *, #2593, .F. ) ;
#2385 = VECTOR ( 'NONE', #4786, 1000.000000000000000 ) ;
#2386 = COLOUR_RGB ( '',0.000000000000000000, 0.000000000000000000, 0.000000000000000000 ) ;
#2387 = CARTESIAN_POINT ( 'NONE',  ( 0.4749999999999998113, -1.650000000000008349, 0.002000000000000021726 ) ) ;
#2388 = CARTESIAN_POINT ( 'NONE',  ( 0.09429811313628456981, -0.7594748002719292623, -0.1489999999999999936 ) ) ;
#2389 = EDGE_CURVE ( 'NONE', #3288, #71, #6381, .T. ) ;
#2390 = UNCERTAINTY_MEASURE_WITH_UNIT (LENGTH_MEASURE( 1.000000000000000082E-05 ), #2086, 'distance_accuracy_value', 'NONE');
#2391 = EDGE_CURVE ( 'NONE', #6047, #3108, #5882, .T. ) ;
#2392 = DIRECTION ( 'NONE',  ( 0.000000000000000000, 0.9781476007338055778, -0.2079116908177596201 ) ) ;
#2393 = COLOUR_RGB ( '',0.2509803921568627416, 0.2509803921568627416, 0.2509803921568627416 ) ;
#2394 =( NAMED_UNIT ( * ) SI_UNIT ( $, .STERADIAN. ) SOLID_ANGLE_UNIT ( ) );
#2395 = ORIENTED_EDGE ( 'NONE', *, *, #1782, .T. ) ;
#2396 = EDGE_CURVE ( 'NONE', #1536, #4562, #1354, .T. ) ;
#2397 = DIRECTION ( 'NONE',  ( 0.000000000000000000, -0.000000000000000000, 1.000000000000000000 ) ) ;
#2398 =( GEOMETRIC_REPRESENTATION_CONTEXT ( 3 ) GLOBAL_UNCERTAINTY_ASSIGNED_CONTEXT ( ( #4852 ) ) GLOBAL_UNIT_ASSIGNED_CONTEXT ( ( #6492, #4611, #6533 ) ) REPRESENTATION_CONTEXT ( 'NONE', 'WORKASPACE' ) );
#2399 = CARTESIAN_POINT ( 'NONE',  ( 0.8250000000000005107, 1.649999999999999023, 0.002000000000000021726 ) ) ;
#2400 = ORIENTED_EDGE ( 'NONE', *, *, #3717, .F. ) ;
#2401 = FILL_AREA_STYLE ('',( #2433 ) ) ;
#2402 = SURFACE_SIDE_STYLE ('',( #3667 ) ) ;
#2403 =( GEOMETRIC_REPRESENTATION_CONTEXT ( 3 ) GLOBAL_UNCERTAINTY_ASSIGNED_CONTEXT ( ( #3781 ) ) GLOBAL_UNIT_ASSIGNED_CONTEXT ( ( #4943, #292, #4816 ) ) REPRESENTATION_CONTEXT ( 'NONE', 'WORKASPACE' ) );
#2404 = VERTEX_POINT ( 'NONE', #3141 ) ;
#2405 = ORIENTED_EDGE ( 'NONE', *, *, #6387, .F. ) ;
#2406 = UNCERTAINTY_MEASURE_WITH_UNIT (LENGTH_MEASURE( 1.000000000000000082E-05 ), #4499, 'distance_accuracy_value', 'NONE');
#2407 = CARTESIAN_POINT ( 'NONE',  ( 1.475000000000000089, -0.1000000000000003664, 0.002000000000000021726 ) ) ;
#2408 =( NAMED_UNIT ( * ) SI_UNIT ( $, .STERADIAN. ) SOLID_ANGLE_UNIT ( ) );
#2409 = DIRECTION ( 'NONE',  ( 0.000000000000000000, 1.000000000000000000, 0.000000000000000000 ) ) ;
#2410 = PLANE ( 'NONE',  #5466 ) ;
#2411 = COLOUR_RGB ( '',0.000000000000000000, 0.000000000000000000, 0.000000000000000000 ) ;
#2412 = FILL_AREA_STYLE ('',( #1972 ) ) ;
#2413 = ORIENTED_EDGE ( 'NONE', *, *, #5213, .T. ) ;
#2414 = DIRECTION ( 'NONE',  ( 1.000000000000000000, 0.000000000000000000, -0.000000000000000000 ) ) ;
#2415 = DIRECTION ( 'NONE',  ( -0.000000000000000000, 1.000000000000000000, 0.000000000000000000 ) ) ;
#2416 = UNCERTAINTY_MEASURE_WITH_UNIT (LENGTH_MEASURE( 1.000000000000000082E-05 ), #215, 'distance_accuracy_value', 'NONE');
#2417 =( NAMED_UNIT ( * ) SI_UNIT ( $, .STERADIAN. ) SOLID_ANGLE_UNIT ( ) );
#2418 = CARTESIAN_POINT ( 'NONE',  ( -0.1868361605520872659, -0.9179162928277918576, -0.1489999999999999936 ) ) ;
#2419 = SURFACE_STYLE_USAGE ( .BOTH. , #5750 ) ;
#2420 = CARTESIAN_POINT ( 'NONE',  ( -0.1584443922594044318, -0.7618187318521819629, -0.1499999999999999944 ) ) ;
#2421 = LINE ( 'NONE', #5019, #3585 ) ;
#2422 = ORIENTED_EDGE ( 'NONE', *, *, #5182, .F. ) ;
#2423 = B_SPLINE_CURVE_WITH_KNOTS ( 'NONE', 3,
 ( #2377, #3173, #362, #2262, #7501, #7541, #1643, #5579, #2920, #1775, #5140 ),
 .UNSPECIFIED., .F., .F.,
 ( 4, 1, 1, 1, 1, 1, 1, 1, 4 ),
 ( 0.000000000000000000, 0.1451868664724696723, 0.2834426109197301091, 0.4165243659288289102, 0.5431811235350826328, 0.6651530826377130001, 0.7813602063127158548, 0.8927566556418087274, 1.000000000000000000 ),
 .UNSPECIFIED. ) ;
#2424 = DIRECTION ( 'NONE',  ( 1.000000000000000000, -0.000000000000000000, 0.000000000000000000 ) ) ;
#2425 = SURFACE_SIDE_STYLE ('',( #8186 ) ) ;
#2426 = FILL_AREA_STYLE_COLOUR ( '', #8284 ) ;
#2427 = VECTOR ( 'NONE', #8219, 1000.000000000000000 ) ;
#2428 = DIRECTION ( 'NONE',  ( 0.9315776194850603487, -0.3635424856527062487, 0.000000000000000000 ) ) ;
#2429 = ORIENTED_EDGE ( 'NONE', *, *, #5143, .T. ) ;
#2430 = EDGE_CURVE ( 'NONE', #3108, #71, #3814, .T. ) ;
#2432 = FILL_AREA_STYLE ('',( #8291 ) ) ;
#2431 = CARTESIAN_POINT ( 'NONE',  ( -0.2628952326914789639, -0.9120008977168333475, -0.1499999999999999389 ) ) ;
#2433 = FILL_AREA_STYLE_COLOUR ( '', #7560 ) ;
#2434 = PRESENTATION_STYLE_ASSIGNMENT (( #1198 ) ) ;
#2435 = ADVANCED_FACE ( 'NONE', ( #5748 ), #5276, .T. ) ;
#2436 = ORIENTED_EDGE ( 'NONE', *, *, #2797, .F. ) ;
#2437 = COLOUR_RGB ( '',1.000000000000000000, 1.000000000000000000, 1.000000000000000000 ) ;
#2438 = EDGE_CURVE ( 'NONE', #1506, #4288, #8388, .T. ) ;
#2439 = CARTESIAN_POINT ( 'NONE',  ( -1.574999999999999512, -1.524574886876659763, 0.002000000000000021726 ) ) ;
#2440 = ORIENTED_EDGE ( 'NONE', *, *, #2119, .F. ) ;
#2441 = CARTESIAN_POINT ( 'NONE',  ( 1.475000000000000533, -1.524999999999999689, 0.000000000000000000 ) ) ;
#2442 = FILL_AREA_STYLE ('',( #8385 ) ) ;
#2443 = DIRECTION ( 'NONE',  ( 0.000000000000000000, 0.000000000000000000, 1.000000000000000000 ) ) ;
#2444 = PLANE ( 'NONE',  #6714 ) ;
#2445 = AXIS2_PLACEMENT_3D ( 'NONE', #5845, #3194, #2023 ) ;
#2446 = CARTESIAN_POINT ( 'NONE',  ( 0.000000000000000000, 0.000000000000000000, -0.1499999999999999944 ) ) ;
#2447 = SURFACE_STYLE_FILL_AREA ( #7153 ) ;
#2448 = LINE ( 'NONE', #5049, #1605 ) ;
#2449 = DIRECTION ( 'NONE',  ( 1.000000000000000000, 0.000000000000000000, 0.000000000000000000 ) ) ;
#2450 = DIRECTION ( 'NONE',  ( -0.000000000000000000, -0.000000000000000000, -1.000000000000000000 ) ) ;
#2451 = PRESENTATION_STYLE_ASSIGNMENT (( #7709 ) ) ;
#2452 = ORIENTED_EDGE ( 'NONE', *, *, #4189, .T. ) ;
#2453 = CARTESIAN_POINT ( 'NONE',  ( 0.1457725805745978820, -0.9085610940175981032, -0.1499999999999999944 ) ) ;
#2454 = LINE ( 'NONE', #8273, #334 ) ;
#2455 = PLANE ( 'NONE',  #1364 ) ;
#2456 = EDGE_CURVE ( 'NONE', #4713, #8244, #827, .T. ) ;
#2457 = DIRECTION ( 'NONE',  ( -0.000000000000000000, -1.000000000000000000, -0.000000000000000000 ) ) ;
#2458 = LINE ( 'NONE', #5666, #7147 ) ;
#2459 = CARTESIAN_POINT ( 'NONE',  ( 0.1756326863081213718, -0.8389124404928866019, -0.1489999999999999936 ) ) ;
#2460 = COLOUR_RGB ( '',0.000000000000000000, 0.000000000000000000, 0.000000000000000000 ) ;
#2461 = CARTESIAN_POINT ( 'NONE',  ( 0.7750000000000006883, 1.239999999999999547, -0.1599999999999999756 ) ) ;
#2462 = EDGE_LOOP ( 'NONE', ( #44, #1370, #7009, #4496 ) ) ;
#2463 = SURFACE_STYLE_USAGE ( .BOTH. , #1051 ) ;
#2464 = PLANE ( 'NONE',  #7777 ) ;
#2465 = DIRECTION ( 'NONE',  ( -0.000000000000000000, -0.000000000000000000, -1.000000000000000000 ) ) ;
#2466 = VECTOR ( 'NONE', #7920, 1000.000000000000000 ) ;
#2467 = PRESENTATION_STYLE_ASSIGNMENT (( #5590 ) ) ;
#2468 = STYLED_ITEM ( 'NONE', ( #6705 ), #1118 ) ;
#2469 =( NAMED_UNIT ( * ) PLANE_ANGLE_UNIT ( ) SI_UNIT ( $, .RADIAN. ) );
#2470 =( NAMED_UNIT ( * ) PLANE_ANGLE_UNIT ( ) SI_UNIT ( $, .RADIAN. ) );
#2471 = ORIENTED_EDGE ( 'NONE', *, *, #4709, .F. ) ;
#2472 = ORIENTED_EDGE ( 'NONE', *, *, #5402, .F. ) ;
#2473 = VERTEX_POINT ( 'NONE', #4035 ) ;
#2474 = AXIS2_PLACEMENT_3D ( 'NONE', #6314, #4519, #5125 ) ;
#2475 = ADVANCED_FACE ( 'NONE', ( #1436, #1520 ), #7971, .T. ) ;
#2476 = PRESENTATION_STYLE_ASSIGNMENT (( #7138 ) ) ;
#2477 = CARTESIAN_POINT ( 'NONE',  ( -0.1750000000000001277, -1.650000000000003908, -0.1599999999999999756 ) ) ;
#2478 = CARTESIAN_POINT ( 'NONE',  ( -0.1584443922594044318, -0.9179162928277918576, -0.1489999999999999936 ) ) ;
#2479 = ORIENTED_EDGE ( 'NONE', *, *, #7519, .F. ) ;
#2480 =( NAMED_UNIT ( * ) SI_UNIT ( $, .STERADIAN. ) SOLID_ANGLE_UNIT ( ) );
#2481 = B_SPLINE_CURVE_WITH_KNOTS ( 'NONE', 3,
 ( #7467, #6090, #2807, #5340, #4798, #8025, #2764, #7424, #1607, #3104, #3688, #3065, #8143, #1776, #2922, #4243, #6296, #7542, #6848 ),
 .UNSPECIFIED., .F., .F.,
 ( 4, 1, 1, 1, 1, 1, 1, 1, 1, 1, 1, 1, 1, 1, 1, 1, 4 ),
 ( 0.000000000000000000, 0.06863117867660099847, 0.1345664660386767797, 0.1983281540108808583, 0.2607897666408446335, 0.3219991514841583080, 0.3827217465030192667, 0.4435374740357288514, 0.5051334294849245676, 0.5662138747646713322, 0.6261058646175456932, 0.6853493221605166941, 0.7449958703477971289, 0.8054158418145626053, 0.8676362663459531444, 0.9323077823023293575, 1.000000000000000000 ),
 .UNSPECIFIED. ) ;
#2482 = SURFACE_STYLE_USAGE ( .BOTH. , #5774 ) ;
#2483 = VERTEX_POINT ( 'NONE', #905 ) ;
#2484 = UNCERTAINTY_MEASURE_WITH_UNIT (LENGTH_MEASURE( 1.000000000000000082E-05 ), #5329, 'distance_accuracy_value', 'NONE');
#2485 = CARTESIAN_POINT ( 'NONE',  ( -1.225000000000000089, -0.4999999999999998890, -0.1599999999999999756 ) ) ;
#2486 =( NAMED_UNIT ( * ) PLANE_ANGLE_UNIT ( ) SI_UNIT ( $, .RADIAN. ) );
#2487 = COLOUR_RGB ( '',1.000000000000000000, 1.000000000000000000, 1.000000000000000000 ) ;
#2488 = DIRECTION ( 'NONE',  ( 1.000000000000000000, 0.000000000000000000, 0.000000000000000000 ) ) ;
#2489 = ADVANCED_FACE ( 'NONE', ( #5960, #3523 ), #2757, .F. ) ;
#2490 = STYLED_ITEM ( 'NONE', ( #4759 ), #6646 ) ;
#2491 = CARTESIAN_POINT ( 'NONE',  ( 1.533738302695272226, -1.523753234685351066, 0.005865569638747421440 ) ) ;
#2492 = DIRECTION ( 'NONE',  ( 1.000000000000000000, 1.445602896647336944E-15, 0.000000000000000000 ) ) ;
#2493 =( GEOMETRIC_REPRESENTATION_CONTEXT ( 3 ) GLOBAL_UNCERTAINTY_ASSIGNED_CONTEXT ( ( #5259 ) ) GLOBAL_UNIT_ASSIGNED_CONTEXT ( ( #4797, #6768, #1642 ) ) REPRESENTATION_CONTEXT ( 'NONE', 'WORKASPACE' ) );
#2494 = SURFACE_SIDE_STYLE ('',( #7661 ) ) ;
#2495 = CARTESIAN_POINT ( 'NONE',  ( 1.477161868811778023, -1.524976628885157837, 0.0001099524505762889195 ) ) ;
#2496 = ORIENTED_EDGE ( 'NONE', *, *, #7987, .T. ) ;
#2497 = LINE ( 'NONE', #5100, #2297 ) ;
#2498 = DIRECTION ( 'NONE',  ( 1.000000000000000000, 0.000000000000000000, -0.000000000000000000 ) ) ;
#2499 = ORIENTED_EDGE ( 'NONE', *, *, #1633, .T. ) ;
#2500 =( LENGTH_UNIT ( ) NAMED_UNIT ( * ) SI_UNIT ( .MILLI., .METRE. ) );
#2501 = COLOUR_RGB ( '',0.5019607843137254832, 0.2509803921568627416, 0.2509803921568627416 ) ;
#2502 = AXIS2_PLACEMENT_3D ( 'NONE', #2733, #1535, #4089 ) ;
#2503 =( NAMED_UNIT ( * ) PLANE_ANGLE_UNIT ( ) SI_UNIT ( $, .RADIAN. ) );
#2504 = CARTESIAN_POINT ( 'NONE',  ( 0.1745477116114690364, -0.8241094047014212443, -0.1499999999999998834 ) ) ;
#2505 = FILL_AREA_STYLE ('',( #7033 ) ) ;
#2506 = EDGE_CURVE ( 'NONE', #1203, #401, #1559, .T. ) ;
#2508 = VECTOR ( 'NONE', #1878, 1000.000000000000000 ) ;
#2507 = CARTESIAN_POINT ( 'NONE',  ( 0.07029294254485299320, -0.7643010825824890775, -0.1490000000000000213 ) ) ;
#2509 = VERTEX_POINT ( 'NONE', #8132 ) ;
#2510 = DIRECTION ( 'NONE',  ( 0.000000000000000000, 1.000000000000000000, 0.000000000000000000 ) ) ;
#2511 = FACE_OUTER_BOUND ( 'NONE', #5561, .T. ) ;
#2512 = LINE ( 'NONE', #3071, #563 ) ;
#2513 = COLOUR_RGB ( '',1.000000000000000000, 1.000000000000000000, 1.000000000000000000 ) ;
#2514 = STYLED_ITEM ( 'NONE', ( #518 ), #1194 ) ;
#2515 = CARTESIAN_POINT ( 'NONE',  ( -1.125000000000000888, 1.239999999999999769, -0.1599999999999999756 ) ) ;
#2516 =( LENGTH_UNIT ( ) NAMED_UNIT ( * ) SI_UNIT ( .MILLI., .METRE. ) );
#2517 = ORIENTED_EDGE ( 'NONE', *, *, #6022, .T. ) ;
#2518 = DIRECTION ( 'NONE',  ( 1.000000000000000000, -9.035018104046107599E-16, 0.000000000000000000 ) ) ;
#2519 = VERTEX_POINT ( 'NONE', #4868 ) ;
#2520 = EDGE_LOOP ( 'NONE', ( #6628, #5436, #7378, #3260 ) ) ;
#2521 = ADVANCED_FACE ( 'NONE', ( #6284 ), #1763, .T. ) ;
#2522 = DIRECTION ( 'NONE',  ( 0.000000000000000000, 0.000000000000000000, -1.000000000000000000 ) ) ;
#2523 = FACE_OUTER_BOUND ( 'NONE', #1989, .T. ) ;
#2524 =( NAMED_UNIT ( * ) PLANE_ANGLE_UNIT ( ) SI_UNIT ( $, .RADIAN. ) );
#2525 = CARTESIAN_POINT ( 'NONE',  ( 0.07854902453867598777, -0.9391909215912591646, -0.1489999999999999658 ) ) ;
#2526 = ORIENTED_EDGE ( 'NONE', *, *, #344, .T. ) ;
#2527 = SURFACE_STYLE_USAGE ( .BOTH. , #7781 ) ;
#2528 = DIRECTION ( 'NONE',  ( 1.505836350674315242E-15, 1.000000000000000000, 0.000000000000000000 ) ) ;
#2529 = B_SPLINE_CURVE_WITH_KNOTS ( 'NONE', 3,
 ( #1576, #6574, #763, #2120, #2698, #5306, #7906, #2075, #2816, #1458, #4653 ),
 .UNSPECIFIED., .F., .F.,
 ( 4, 1, 1, 1, 1, 1, 1, 1, 4 ),
 ( 0.000000000000000000, 0.1352946047634289994, 0.2667656579247486004, 0.3948160188358718625, 0.5200516544342449476, 0.6421757029708213826, 0.7626518205584223997, 0.8818340043805015238, 1.000000000000000000 ),
 .UNSPECIFIED. ) ;
#2530 =( LENGTH_UNIT ( ) NAMED_UNIT ( * ) SI_UNIT ( .MILLI., .METRE. ) );
#2531 = VECTOR ( 'NONE', #99, 1000.000000000000000 ) ;
#2532 = CARTESIAN_POINT ( 'NONE',  ( -0.2498650815532209857, -0.8914235877857332735, -0.1499999999999999944 ) ) ;
#2533 = VECTOR ( 'NONE', #4054, 1000.000000000000000 ) ;
#2534 = LINE ( 'NONE', #2578, #7705 ) ;
#2535 = EDGE_CURVE ( 'NONE', #1564, #6010, #4371, .T. ) ;
#2536 = DIRECTION ( 'NONE',  ( 1.000000000000000000, 0.000000000000000000, 0.000000000000000000 ) ) ;
#2537 = CARTESIAN_POINT ( 'NONE',  ( 0.2952141443259615472, -0.9179162928277918576, -0.1489999999999999936 ) ) ;
#2538 = ORIENTED_EDGE ( 'NONE', *, *, #2506, .T. ) ;
#2539 = CIRCLE ( 'NONE', #140, 0.1931030917913612033 ) ;
#2540 = DIRECTION ( 'NONE',  ( -1.000000000000000000, 0.000000000000000000, 0.000000000000000000 ) ) ;
#2541 = CARTESIAN_POINT ( 'NONE',  ( -0.4750000000000008105, 1.289999999999999813, -0.1599999999999999756 ) ) ;
#2542 = FILL_AREA_STYLE_COLOUR ( '', #5132 ) ;
#2543 = FILL_AREA_STYLE_COLOUR ( '', #4674 ) ;
#2544 = CARTESIAN_POINT ( 'NONE',  ( 0.05858845653520284441, -0.7433915772342990502, -0.1489999999999999936 ) ) ;
#2545 = COLOUR_RGB ( '',0.000000000000000000, 0.000000000000000000, 0.000000000000000000 ) ;
#2546 = B_SPLINE_CURVE_WITH_KNOTS ( 'NONE', 3,
 ( #5700, #8313, #4237, #1036, #7667, #1852, #8221, #3684, #1215, #5011, #6294, #3769, #6378, #572, #3606, #3138, #6204, #7539, #5744 ),
 .UNSPECIFIED., .F., .F.,
 ( 4, 1, 1, 1, 1, 1, 1, 1, 1, 1, 1, 1, 1, 1, 1, 1, 4 ),
 ( 0.000000000000000000, 0.07377411937406359865, 0.1440791147260415683, 0.2113485183089112984, 0.2760768857398832599, 0.3385209158196764712, 0.3998851166931334244, 0.4602540674652128017, 0.5205889643912476883, 0.5802076845630439461, 0.6386329085525457305, 0.6963645494905238431, 0.7540017746600127246, 0.8128056813744976017, 0.8727544255255601513, 0.9351819969782669828, 0.9999999999999998890 ),
 .UNSPECIFIED. ) ;
#2547 = FACE_OUTER_BOUND ( 'NONE', #5642, .T. ) ;
#2548 = EDGE_CURVE ( 'NONE', #3415, #1312, #1026, .T. ) ;
#2549 = CARTESIAN_POINT ( 'NONE',  ( 0.08203417585467380480, -0.7610862491323034940, -0.1489999999999999936 ) ) ;
#2550 = FILL_AREA_STYLE_COLOUR ( '', #6412 ) ;
#2551 = LINE ( 'NONE', #5111, #3797 ) ;
#2552 = PLANE ( 'NONE',  #2445 ) ;
#2553 = ORIENTED_EDGE ( 'NONE', *, *, #4239, .T. ) ;
#2554 = COLOUR_RGB ( '',1.000000000000000000, 1.000000000000000000, 1.000000000000000000 ) ;
#2555 = SURFACE_SIDE_STYLE ('',( #6480 ) ) ;
#2556 = CARTESIAN_POINT ( 'NONE',  ( 0.2009186172085174749, -0.8209986139825419249, -0.1490000000000000213 ) ) ;
#2557 = DIRECTION ( 'NONE',  ( 0.2035585949527795313, -0.2035585949527790595, 0.9576678948579726569 ) ) ;
#2558 = EDGE_LOOP ( 'NONE', ( #881, #5300, #8411, #8417 ) ) ;
#2559 = ORIENTED_EDGE ( 'NONE', *, *, #1102, .T. ) ;
#2561 = PLANE ( 'NONE',  #2474 ) ;
#2560 = CARTESIAN_POINT ( 'NONE',  ( -0.2885943342197784811, -0.8695802738013793665, -0.1490000000000000213 ) ) ;
#2562 = ORIENTED_EDGE ( 'NONE', *, *, #8064, .F. ) ;
#2563 = CARTESIAN_POINT ( 'NONE',  ( 0.09790757134326000255, -0.9202610889903038993, -0.1500000000000000222 ) ) ;
#2564 = FACE_OUTER_BOUND ( 'NONE', #6166, .T. ) ;
#2565 =( NAMED_UNIT ( * ) SI_UNIT ( $, .STERADIAN. ) SOLID_ANGLE_UNIT ( ) );
#2566 = DIRECTION ( 'NONE',  ( 0.2079116908177597867, 0.000000000000000000, -0.9781476007338055778 ) ) ;
#2567 = CARTESIAN_POINT ( 'NONE',  ( 0.1060868187699747917, -0.9422749359681519277, -0.1499999999999999944 ) ) ;
#2568 = MECHANICAL_DESIGN_GEOMETRIC_PRESENTATION_REPRESENTATION (  '', ( #6525 ), #159 ) ;
#2569 = SURFACE_STYLE_USAGE ( .BOTH. , #5 ) ;
#2570 = ORIENTED_EDGE ( 'NONE', *, *, #2389, .T. ) ;
#2571 = CARTESIAN_POINT ( 'NONE',  ( -1.574999999999999956, 1.525000000000000133, 0.000000000000000000 ) ) ;
#2572 =( NAMED_UNIT ( * ) SI_UNIT ( $, .STERADIAN. ) SOLID_ANGLE_UNIT ( ) );
#2573 = CARTESIAN_POINT ( 'NONE',  ( -0.3924738111917073224, -0.7773705708849758533, -0.1489999999999999936 ) ) ;
#2574 = MECHANICAL_DESIGN_GEOMETRIC_PRESENTATION_REPRESENTATION (  '', ( #4346 ), #3657 ) ;
#2575 = CARTESIAN_POINT ( 'NONE',  ( -0.2199196474386271305, -0.9128242937514948752, -0.1490000000000000213 ) ) ;
#2576 = LINE ( 'NONE', #5091, #8069 ) ;
#2577 = ORIENTED_EDGE ( 'NONE', *, *, #7657, .F. ) ;
#2578 = CARTESIAN_POINT ( 'NONE',  ( -0.4750000000000001443, -1.524999999999999689, 3.384301585517226020E-16 ) ) ;
#2579 =( NAMED_UNIT ( * ) PLANE_ANGLE_UNIT ( ) SI_UNIT ( $, .RADIAN. ) );
#2580 = ORIENTED_EDGE ( 'NONE', *, *, #2084, .F. ) ;
#2581 = CARTESIAN_POINT ( 'NONE',  ( 1.225000000000000089, -0.5000000000000002220, -0.1599999999999999756 ) ) ;
#2582 = LINE ( 'NONE', #738, #3135 ) ;
#2583 = CARTESIAN_POINT ( 'NONE',  ( 0.4749999999999997558, 1.524574886876660207, 0.002000000000000021726 ) ) ;
#2584 = UNCERTAINTY_MEASURE_WITH_UNIT (LENGTH_MEASURE( 1.000000000000000082E-05 ), #2530, 'distance_accuracy_value', 'NONE');
#2585 = SURFACE_STYLE_FILL_AREA ( #5152 ) ;
#2586 =( NAMED_UNIT ( * ) PLANE_ANGLE_UNIT ( ) SI_UNIT ( $, .RADIAN. ) );
#2587 = ADVANCED_FACE ( 'NONE', ( #4188 ), #1669, .T. ) ;
#2588 = CARTESIAN_POINT ( 'NONE',  ( -1.574999999999999956, 1.525000000000000133, 0.000000000000000000 ) ) ;
#2589 = CARTESIAN_POINT ( 'NONE',  ( -0.2334904474204487212, -0.9062040499144103922, -0.1490000000000000213 ) ) ;
#2590 = SURFACE_STYLE_FILL_AREA ( #575 ) ;
#2591 = CARTESIAN_POINT ( 'NONE',  ( 0.1745477116114690364, -0.8241094047014212443, -0.1490000000000000213 ) ) ;
#2592 = ORIENTED_EDGE ( 'NONE', *, *, #6911, .F. ) ;
#2593 = EDGE_CURVE ( 'NONE', #819, #2224, #3598, .T. ) ;
#2594 = UNCERTAINTY_MEASURE_WITH_UNIT (LENGTH_MEASURE( 1.000000000000000082E-05 ), #3768, 'distance_accuracy_value', 'NONE');
#2595 = VECTOR ( 'NONE', #3801, 1000.000000000000000 ) ;
#2596 = CARTESIAN_POINT ( 'NONE',  ( 0.1865359876536102079, -0.7822662408600791206, -0.1489999999999999936 ) ) ;
#2597 = ORIENTED_EDGE ( 'NONE', *, *, #6971, .F. ) ;
#2598 = DIRECTION ( 'NONE',  ( 9.035018104046107599E-16, 1.000000000000000000, 0.000000000000000000 ) ) ;
#2599 = ORIENTED_EDGE ( 'NONE', *, *, #5903, .T. ) ;
#2600 = MECHANICAL_DESIGN_GEOMETRIC_PRESENTATION_REPRESENTATION (  '', ( #6266 ), #7090 ) ;
#2602 = CARTESIAN_POINT ( 'NONE',  ( -0.3962979509720781501, -0.7657952310366246129, -0.1499999999999999944 ) ) ;
#2601 = CARTESIAN_POINT ( 'NONE',  ( -0.2551754023778464719, -0.9185060105465540081, -0.1500000000000000500 ) ) ;
#2603 = VERTEX_POINT ( 'NONE', #8212 ) ;
#2604 =( NAMED_UNIT ( * ) SI_UNIT ( $, .STERADIAN. ) SOLID_ANGLE_UNIT ( ) );
#2605 = PRESENTATION_STYLE_ASSIGNMENT (( #1326 ) ) ;
#2606 = PRESENTATION_LAYER_ASSIGNMENT (  '', '', ( #734 ) ) ;
#2607 = DIRECTION ( 'NONE',  ( 0.000000000000000000, 1.000000000000000000, 0.000000000000000000 ) ) ;
#2608 = PRESENTATION_STYLE_ASSIGNMENT (( #52 ) ) ;
#2609 = EDGE_CURVE ( 'NONE', #165, #4330, #1121, .T. ) ;
#2610 = VERTEX_POINT ( 'NONE', #7618 ) ;
#2611 = DIRECTION ( 'NONE',  ( -1.000000000000000000, 0.000000000000000000, 0.000000000000000000 ) ) ;
#2612 = CARTESIAN_POINT ( 'NONE',  ( 0.8249999999999992895, -1.220000000000013518, 0.002000000000000021726 ) ) ;
#2613 = DIRECTION ( 'NONE',  ( 0.000000000000000000, 0.000000000000000000, -1.000000000000000000 ) ) ;
#2614 = FILL_AREA_STYLE ('',( #1340 ) ) ;
#2615 = MECHANICAL_DESIGN_GEOMETRIC_PRESENTATION_REPRESENTATION (  '', ( #475 ), #1185 ) ;
#2616 =( NAMED_UNIT ( * ) SI_UNIT ( $, .STERADIAN. ) SOLID_ANGLE_UNIT ( ) );
#2617 = ORIENTED_EDGE ( 'NONE', *, *, #2712, .F. ) ;
#2618 = LINE ( 'NONE', #2714, #4959 ) ;
#2619 =( NAMED_UNIT ( * ) SI_UNIT ( $, .STERADIAN. ) SOLID_ANGLE_UNIT ( ) );
#2620 = ORIENTED_EDGE ( 'NONE', *, *, #6738, .F. ) ;
#2621 = DIRECTION ( 'NONE',  ( 0.000000000000000000, -1.000000000000000000, 0.000000000000000000 ) ) ;
#2622 = FACE_OUTER_BOUND ( 'NONE', #4625, .T. ) ;
#2623 = FACE_OUTER_BOUND ( 'NONE', #7473, .T. ) ;
#2624 = CARTESIAN_POINT ( 'NONE',  ( -0.4584443922594044207, -0.9398675123399868880, -0.1489999999999999936 ) ) ;
#2625 = DIRECTION ( 'NONE',  ( 0.000000000000000000, 0.000000000000000000, 1.000000000000000000 ) ) ;
#2626 = EDGE_CURVE ( 'NONE', #6788, #4600, #3268, .T. ) ;
#2627 = CARTESIAN_POINT ( 'NONE',  ( 0.08729132478420521812, -0.7378857787029592386, -0.1489999999999999658 ) ) ;
#2628 = CARTESIAN_POINT ( 'NONE',  ( -0.2551754023778464719, -0.9185060105465540081, -0.1490000000000000491 ) ) ;
#2629 = STYLED_ITEM ( 'NONE', ( #3105 ), #6454 ) ;
#2630 = CARTESIAN_POINT ( 'NONE',  ( -1.574999999999999512, -1.524999999999999689, 0.000000000000000000 ) ) ;
#2631 = ORIENTED_EDGE ( 'NONE', *, *, #1303, .F. ) ;
#2632 = AXIS2_PLACEMENT_3D ( 'NONE', #742, #26, #5790 ) ;
#2633 = CARTESIAN_POINT ( 'NONE',  ( 0.09088519497505752331, -0.9196194940005318896, -0.1499999999999999944 ) ) ;
#2634 = EDGE_CURVE ( 'NONE', #5334, #2641, #2576, .T. ) ;
#2635 = ORIENTED_EDGE ( 'NONE', *, *, #3009, .T. ) ;
#2636 = DIRECTION ( 'NONE',  ( -1.000000000000000000, -9.035018104045888690E-16, 0.000000000000000000 ) ) ;
#2637 = COLOUR_RGB ( '',0.000000000000000000, 0.000000000000000000, 0.000000000000000000 ) ;
#2638 = LINE ( 'NONE', #3202, #4408 ) ;
#2639 = VECTOR ( 'NONE', #6541, 1000.000000000000000 ) ;
#2640 = EDGE_LOOP ( 'NONE', ( #1382, #2342, #8019, #7839, #5834, #2801, #7981, #4183, #1874, #3377 ) ) ;
#2641 = VERTEX_POINT ( 'NONE', #691 ) ;
#2642 = COLOUR_RGB ( '',0.000000000000000000, 0.000000000000000000, 0.000000000000000000 ) ;
#2643 = FILL_AREA_STYLE_COLOUR ( '', #2487 ) ;
#2644 = ADVANCED_FACE ( 'NONE', ( #8306 ), #6410, .T. ) ;
#2645 = ORIENTED_EDGE ( 'NONE', *, *, #3952, .F. ) ;
#2646 = CIRCLE ( 'NONE', #5245, 0.09999999999999999167 ) ;
#2647 = VECTOR ( 'NONE', #498, 1000.000000000000227 ) ;
#2648 = ADVANCED_FACE ( 'NONE', ( #13 ), #5141, .F. ) ;
#2649 = CARTESIAN_POINT ( 'NONE',  ( 1.447466062997986525, -1.316487659678485356, 0.5999999999999999778 ) ) ;
#2650 = VECTOR ( 'NONE', #1425, 1000.000000000000000 ) ;
#2651 = MECHANICAL_DESIGN_GEOMETRIC_PRESENTATION_REPRESENTATION (  '', ( #509 ), #5926 ) ;
#2652 = CARTESIAN_POINT ( 'NONE',  ( -0.1584443922594044318, -0.9179162928277918576, -0.1499999999999999944 ) ) ;
#2653 = SURFACE_STYLE_USAGE ( .BOTH. , #3343 ) ;
#2654 =( GEOMETRIC_REPRESENTATION_CONTEXT ( 3 ) GLOBAL_UNCERTAINTY_ASSIGNED_CONTEXT ( ( #1757 ) ) GLOBAL_UNIT_ASSIGNED_CONTEXT ( ( #228, #3484, #2171 ) ) REPRESENTATION_CONTEXT ( 'NONE', 'WORKASPACE' ) );
#2655 = MECHANICAL_DESIGN_GEOMETRIC_PRESENTATION_REPRESENTATION (  '', ( #2784 ), #4011 ) ;
#2656 = VECTOR ( 'NONE', #2776, 1000.000000000000000 ) ;
#2657 =( LENGTH_UNIT ( ) NAMED_UNIT ( * ) SI_UNIT ( .MILLI., .METRE. ) );
#2658 = EDGE_CURVE ( 'NONE', #794, #3669, #5998, .T. ) ;
#2659 = FILL_AREA_STYLE ('',( #6536 ) ) ;
#2660 = ORIENTED_EDGE ( 'NONE', *, *, #1681, .T. ) ;
#2661 = VECTOR ( 'NONE', #4146, 1000.000000000000000 ) ;
#2662 = SURFACE_STYLE_FILL_AREA ( #5906 ) ;
#2663 = PRESENTATION_STYLE_ASSIGNMENT (( #3973 ) ) ;
#2664 = CARTESIAN_POINT ( 'NONE',  ( 0.05375072969181514393, -0.9295016586814502935, -0.1499999999999999944 ) ) ;
#2665 = SURFACE_STYLE_FILL_AREA ( #564 ) ;
#2666 = CARTESIAN_POINT ( 'NONE',  ( 1.763635533909749080E-15, -1.219999999999998419, -0.1499999999999999944 ) ) ;
#2667 =( LENGTH_UNIT ( ) NAMED_UNIT ( * ) SI_UNIT ( .MILLI., .METRE. ) );
#2668 = FILL_AREA_STYLE ('',( #7325 ) ) ;
#2669 = EDGE_LOOP ( 'NONE', ( #3616, #459, #3270, #586 ) ) ;
#2670 = STYLED_ITEM ( 'NONE', ( #520 ), #7939 ) ;
#2671 = FILL_AREA_STYLE_COLOUR ( '', #6330 ) ;
#2672 = DIRECTION ( 'NONE',  ( -0.000000000000000000, -0.000000000000000000, 1.000000000000000000 ) ) ;
#2673 = ORIENTED_EDGE ( 'NONE', *, *, #6539, .F. ) ;
#2674 = LINE ( 'NONE', #2581, #3521 ) ;
#2675 = CARTESIAN_POINT ( 'NONE',  ( 0.1471890557165661806, -0.9356896511866148458, -0.1499999999999998279 ) ) ;
#2676 = CARTESIAN_POINT ( 'NONE',  ( 0.1771739209972653384, -0.9153550422851763901, -0.1490000000000000213 ) ) ;
#2677 = DIRECTION ( 'NONE',  ( -0.000000000000000000, -0.000000000000000000, -1.000000000000000000 ) ) ;
#2678 = CIRCLE ( 'NONE', #4577, 0.1000000000000001027 ) ;
#2679 = ADVANCED_FACE ( 'NONE', ( #1887 ), #2370, .T. ) ;
#2680 = CARTESIAN_POINT ( 'NONE',  ( -0.2575398069007822088, -0.7978609480581262403, -0.1490000000000000213 ) ) ;
#2681 = CARTESIAN_POINT ( 'NONE',  ( -0.1973287120089955715, -0.9396625056791249042, -0.1490000000000000213 ) ) ;
#2682 = FACE_OUTER_BOUND ( 'NONE', #6384, .T. ) ;
#2683 = PRESENTATION_LAYER_ASSIGNMENT (  '', '', ( #1490 ) ) ;
#2684 = LINE ( 'NONE', #7375, #2965 ) ;
#2685 = ORIENTED_EDGE ( 'NONE', *, *, #6191, .F. ) ;
#2686 = DIRECTION ( 'NONE',  ( -0.000000000000000000, -0.000000000000000000, -1.000000000000000000 ) ) ;
#2687 = SURFACE_STYLE_USAGE ( .BOTH. , #5204 ) ;
#2688 = VERTEX_POINT ( 'NONE', #1635 ) ;
#2689 = STYLED_ITEM ( 'NONE', ( #1815 ), #4952 ) ;
#2690 = UNCERTAINTY_MEASURE_WITH_UNIT (LENGTH_MEASURE( 1.000000000000000082E-05 ), #1941, 'distance_accuracy_value', 'NONE');
#2691 = CARTESIAN_POINT ( 'NONE',  ( -0.1879413434789165838, -0.7618187318521819629, -0.1489999999999999936 ) ) ;
#2692 = ORIENTED_EDGE ( 'NONE', *, *, #7806, .T. ) ;
#2693 = CARTESIAN_POINT ( 'NONE',  ( -0.4749999999999999223, -1.650000000000004352, 0.002000000000000021726 ) ) ;
#2694 = ORIENTED_EDGE ( 'NONE', *, *, #8415, .F. ) ;
#2695 = SURFACE_STYLE_USAGE ( .BOTH. , #7262 ) ;
#2696 = ORIENTED_EDGE ( 'NONE', *, *, #2456, .F. ) ;
#2697 = SURFACE_SIDE_STYLE ('',( #3384 ) ) ;
#2698 = CARTESIAN_POINT ( 'NONE',  ( 0.08408314921869419756, -0.9186538501375259846, -0.1489999999999999380 ) ) ;
#2699 = PRESENTATION_STYLE_ASSIGNMENT (( #2653 ) ) ;
#2700 = EDGE_CURVE ( 'NONE', #5807, #158, #3053, .T. ) ;
#2701 = CARTESIAN_POINT ( 'NONE',  ( -0.2853515818477607713, -0.8792468307691340135, -0.1499999999999999944 ) ) ;
#2702 = CARTESIAN_POINT ( 'NONE',  ( -0.2909010059449873009, -0.8163002680547698509, -0.1489999999999999380 ) ) ;
#2703 = ORIENTED_EDGE ( 'NONE', *, *, #108, .T. ) ;
#2704 = COLOUR_RGB ( '',0.2509803921568627416, 0.2509803921568627416, 0.2509803921568627416 ) ;
#2705 = LINE ( 'NONE', #3391, #4436 ) ;
#2706 = STYLED_ITEM ( 'NONE', ( #873 ), #669 ) ;
#2707 = CARTESIAN_POINT ( 'NONE',  ( -0.1859977459179409376, -0.9398675123399868880, -0.1489999999999999936 ) ) ;
#2708 = DIRECTION ( 'NONE',  ( -1.000000000000000000, -1.445602896647337142E-15, 0.000000000000000000 ) ) ;
#2709 = ADVANCED_FACE ( 'NONE', ( #486 ), #7583, .T. ) ;
#2710 = PLANE ( 'NONE',  #4410 ) ;
#2711 = ORIENTED_EDGE ( 'NONE', *, *, #2396, .F. ) ;
#2712 = EDGE_CURVE ( 'NONE', #4246, #7936, #2869, .T. ) ;
#2713 = MECHANICAL_DESIGN_GEOMETRIC_PRESENTATION_REPRESENTATION (  '', ( #7218 ), #4194 ) ;
#2714 = CARTESIAN_POINT ( 'NONE',  ( 0.3220434126186444979, -0.7398675123399868214, -0.1489999999999999936 ) ) ;
#2715 = ORIENTED_EDGE ( 'NONE', *, *, #6815, .T. ) ;
#2716 =( NAMED_UNIT ( * ) SI_UNIT ( $, .STERADIAN. ) SOLID_ANGLE_UNIT ( ) );
#2717 = CARTESIAN_POINT ( 'NONE',  ( 0.1771739209972653384, -0.9153550422851763901, -0.1499999999999999112 ) ) ;
#2718 = PRESENTATION_LAYER_ASSIGNMENT (  '', '', ( #6525 ) ) ;
#2719 = CARTESIAN_POINT ( 'NONE',  ( -0.3960206117715995289, -0.7642577562424259785, -0.1490000000000000213 ) ) ;
#2720 = CARTESIAN_POINT ( 'NONE',  ( -0.2443984775046488256, -0.7808115845397212151, -0.1489999999999999380 ) ) ;
#2721 = CARTESIAN_POINT ( 'NONE',  ( -0.1750000000000004607, 1.525000000000000133, -0.1499999999999999944 ) ) ;
#2722 = MECHANICAL_DESIGN_GEOMETRIC_PRESENTATION_REPRESENTATION (  '', ( #1530 ), #7757 ) ;
#2723 =( NAMED_UNIT ( * ) SI_UNIT ( $, .STERADIAN. ) SOLID_ANGLE_UNIT ( ) );
#2724 = ORIENTED_EDGE ( 'NONE', *, *, #2339, .F. ) ;
#2725 = ADVANCED_FACE ( 'NONE', ( #1166 ), #4833, .F. ) ;
#2726 = CARTESIAN_POINT ( 'NONE',  ( 0.1682052145606946492, -0.8812261611840751518, -0.1489999999999999936 ) ) ;
#2727 = VERTEX_POINT ( 'NONE', #4234 ) ;
#2728 = ORIENTED_EDGE ( 'NONE', *, *, #6022, .F. ) ;
#2729 =( GEOMETRIC_REPRESENTATION_CONTEXT ( 3 ) GLOBAL_UNCERTAINTY_ASSIGNED_CONTEXT ( ( #2594 ) ) GLOBAL_UNIT_ASSIGNED_CONTEXT ( ( #3768, #8397, #3137 ) ) REPRESENTATION_CONTEXT ( 'NONE', 'WORKASPACE' ) );
#2730 = ORIENTED_EDGE ( 'NONE', *, *, #1498, .F. ) ;
#2731 = ORIENTED_EDGE ( 'NONE', *, *, #3717, .T. ) ;
#2732 =( NAMED_UNIT ( * ) SI_UNIT ( $, .STERADIAN. ) SOLID_ANGLE_UNIT ( ) );
#2733 = CARTESIAN_POINT ( 'NONE',  ( 1.350714582286638432, 1.300714582286638832, 0.5742064948168172922 ) ) ;
#2734 = ORIENTED_EDGE ( 'NONE', *, *, #528, .T. ) ;
#2735 = AXIS2_PLACEMENT_3D ( 'NONE', #5137, #7016, #5777 ) ;
#2736 = UNCERTAINTY_MEASURE_WITH_UNIT (LENGTH_MEASURE( 1.000000000000000082E-05 ), #732, 'distance_accuracy_value', 'NONE');
#2737 = SURFACE_STYLE_USAGE ( .BOTH. , #2697 ) ;
#2738 = CARTESIAN_POINT ( 'NONE',  ( 0.1648620253435460203, -0.8877288293548090126, -0.1489999999999999658 ) ) ;
#2739 = CARTESIAN_POINT ( 'NONE',  ( -0.8250000000000000666, -1.524999999999999689, -0.1499999999999999944 ) ) ;
#2740 = COLOUR_RGB ( '',0.000000000000000000, 0.000000000000000000, 0.000000000000000000 ) ;
#2741 = ORIENTED_EDGE ( 'NONE', *, *, #7459, .T. ) ;
#2742 = UNCERTAINTY_MEASURE_WITH_UNIT (LENGTH_MEASURE( 1.000000000000000082E-05 ), #7072, 'distance_accuracy_value', 'NONE');
#2743 = CARTESIAN_POINT ( 'NONE',  ( 0.1749999999999993783, -1.220000000000009077, -0.1499999999999999944 ) ) ;
#2744 = EDGE_CURVE ( 'NONE', #8030, #4603, #1714, .T. ) ;
#2745 = MECHANICAL_DESIGN_GEOMETRIC_PRESENTATION_REPRESENTATION (  '', ( #592 ), #7512 ) ;
#2746 = CARTESIAN_POINT ( 'NONE',  ( 0.1087812174966932277, -0.9423065367302307926, -0.1499999999999999944 ) ) ;
#2747 = CARTESIAN_POINT ( 'NONE',  ( -0.2646108140379617724, -0.8556904774821134652, -0.1489999999999999658 ) ) ;
#2748 = B_SPLINE_CURVE_WITH_KNOTS ( 'NONE', 3,
 ( #7452, #4153, #1630, #5439, #947, #2207, #2719 ),
 .UNSPECIFIED., .F., .F.,
 ( 4, 1, 1, 1, 4 ),
 ( 0.000000000000000000, 0.1744817153170500623, 0.3982857591281112053, 0.6738978473986628748, 1.000000000000000000 ),
 .UNSPECIFIED. ) ;
#2749 = ORIENTED_EDGE ( 'NONE', *, *, #4819, .F. ) ;
#2750 = DIRECTION ( 'NONE',  ( -0.000000000000000000, -0.000000000000000000, -1.000000000000000000 ) ) ;
#2751 = CARTESIAN_POINT ( 'NONE',  ( -0.4749999999999999223, -1.650000000000004352, -0.1599999999999999756 ) ) ;
#2752 = ORIENTED_EDGE ( 'NONE', *, *, #8334, .T. ) ;
#2753 = EDGE_CURVE ( 'NONE', #569, #3419, #3012, .T. ) ;
#2754 = LINE ( 'NONE', #4719, #6229 ) ;
#2755 = SURFACE_STYLE_FILL_AREA ( #1517 ) ;
#2756 = SURFACE_STYLE_FILL_AREA ( #1518 ) ;
#2757 = PLANE ( 'NONE',  #7973 ) ;
#2758 = CARTESIAN_POINT ( 'NONE',  ( -0.2628952326914789639, -0.9120008977168333475, -0.1489999999999999380 ) ) ;
#2759 = SURFACE_SIDE_STYLE ('',( #4634 ) ) ;
#2760 = ORIENTED_EDGE ( 'NONE', *, *, #3579, .F. ) ;
#2761 = ORIENTED_EDGE ( 'NONE', *, *, #6459, .F. ) ;
#2762 = ORIENTED_EDGE ( 'NONE', *, *, #6091, .T. ) ;
#2763 = UNCERTAINTY_MEASURE_WITH_UNIT (LENGTH_MEASURE( 1.000000000000000082E-05 ), #6236, 'distance_accuracy_value', 'NONE');
#2764 = CARTESIAN_POINT ( 'NONE',  ( -0.2383741083397509508, -0.7500232201381157315, -0.1500000000000000222 ) ) ;
#2765 = ADVANCED_FACE ( 'NONE', ( #4453 ), #5741, .F. ) ;
#2766 = LINE ( 'NONE', #4604, #6727 ) ;
#2767 = VERTEX_POINT ( 'NONE', #6414 ) ;
#2768 = VECTOR ( 'NONE', #8180, 1000.000000000000000 ) ;
#2769 = SURFACE_STYLE_FILL_AREA ( #2844 ) ;
#2770 = FILL_AREA_STYLE ('',( #6614 ) ) ;
#2771 = EDGE_LOOP ( 'NONE', ( #2221, #6537, #5966, #2734 ) ) ;
#2772 = PRESENTATION_LAYER_ASSIGNMENT (  '', '', ( #4261 ) ) ;
#2773 = VECTOR ( 'NONE', #1668, 1000.000000000000000 ) ;
#2774 = CARTESIAN_POINT ( 'NONE',  ( 0.06514484965554345752, -0.9132184944016632500, -0.1490000000000000213 ) ) ;
#2775 = DIRECTION ( 'NONE',  ( 0.000000000000000000, 0.000000000000000000, 1.000000000000000000 ) ) ;
#2776 = DIRECTION ( 'NONE',  ( -0.000000000000000000, -0.000000000000000000, -1.000000000000000000 ) ) ;
#2777 = VECTOR ( 'NONE', #6859, 1000.000000000000000 ) ;
#2778 = AXIS2_PLACEMENT_3D ( 'NONE', #4204, #3534, #4339 ) ;
#2779 = STYLED_ITEM ( 'NONE', ( #2476 ), #6287 ) ;
#2780 = ORIENTED_EDGE ( 'NONE', *, *, #1787, .F. ) ;
#2781 = CARTESIAN_POINT ( 'NONE',  ( 1.124999999999999778, -1.524999999999999689, 0.000000000000000000 ) ) ;
#2782 = EDGE_CURVE ( 'NONE', #4343, #3204, #5346, .T. ) ;
#2783 = PRESENTATION_LAYER_ASSIGNMENT (  '', '', ( #5932 ) ) ;
#2784 = STYLED_ITEM ( 'NONE', ( #3992 ), #7328 ) ;
#2785 = PRESENTATION_LAYER_ASSIGNMENT (  '', '', ( #7842 ) ) ;
#2786 = CARTESIAN_POINT ( 'NONE',  ( -0.1584443922594044318, -0.9179162928277918576, -0.1499999999999999944 ) ) ;
#2787 = ORIENTED_EDGE ( 'NONE', *, *, #5727, .F. ) ;
#2788 =( NAMED_UNIT ( * ) PLANE_ANGLE_UNIT ( ) SI_UNIT ( $, .RADIAN. ) );
#2789 = CIRCLE ( 'NONE', #4016, 0.05000000000000002359 ) ;
#2790 = MECHANICAL_DESIGN_GEOMETRIC_PRESENTATION_REPRESENTATION (  '', ( #6604 ), #1050 ) ;
#2791 = LINE ( 'NONE', #6028, #2466 ) ;
#2792 = ORIENTED_EDGE ( 'NONE', *, *, #3713, .T. ) ;
#2793 =( LENGTH_UNIT ( ) NAMED_UNIT ( * ) SI_UNIT ( .MILLI., .METRE. ) );
#2794 = CARTESIAN_POINT ( 'NONE',  ( 0.1831315913242555771, -0.9083090208729605042, -0.1499999999999998834 ) ) ;
#2795 =( NAMED_UNIT ( * ) SI_UNIT ( $, .STERADIAN. ) SOLID_ANGLE_UNIT ( ) );
#2796 = VECTOR ( 'NONE', #2926, 1000.000000000000000 ) ;
#2797 = EDGE_CURVE ( 'NONE', #3932, #3669, #567, .T. ) ;
#2798 = DIRECTION ( 'NONE',  ( 1.000000000000000000, -0.000000000000000000, 0.000000000000000000 ) ) ;
#2799 = CARTESIAN_POINT ( 'NONE',  ( -0.2885960431145301319, -0.8065269164653386946, -0.1500000000000000500 ) ) ;
#2800 =( NAMED_UNIT ( * ) PLANE_ANGLE_UNIT ( ) SI_UNIT ( $, .RADIAN. ) );
#2801 = ORIENTED_EDGE ( 'NONE', *, *, #6539, .T. ) ;
#2802 = COLOUR_RGB ( '',0.000000000000000000, 0.000000000000000000, 0.000000000000000000 ) ;
#2803 = DIRECTION ( 'NONE',  ( 1.512840240677448800E-15, -1.000000000000000000, 0.000000000000000000 ) ) ;
#2804 = CARTESIAN_POINT ( 'NONE',  ( 0.2196043882284005599, -0.9179162928277918576, -0.1489999999999999936 ) ) ;
#2805 = ORIENTED_EDGE ( 'NONE', *, *, #4189, .F. ) ;
#2806 = CARTESIAN_POINT ( 'NONE',  ( 0.5249999999999995781, 1.239999999999999769, -0.1599999999999999756 ) ) ;
#2807 = CARTESIAN_POINT ( 'NONE',  ( -0.1989344586847273388, -0.7401099904728092316, -0.1499999999999999667 ) ) ;
#2808 = COLOUR_RGB ( '',1.000000000000000000, 1.000000000000000000, 1.000000000000000000 ) ;
#2809 = EDGE_CURVE ( 'NONE', #4246, #1532, #3132, .T. ) ;
#2810 =( NAMED_UNIT ( * ) SI_UNIT ( $, .STERADIAN. ) SOLID_ANGLE_UNIT ( ) );
#2811 = EDGE_LOOP ( 'NONE', ( #1964, #7990, #5717, #4029 ) ) ;
#2812 = LINE ( 'NONE', #3213, #6618 ) ;
#2813 = FACE_OUTER_BOUND ( 'NONE', #7742, .T. ) ;
#2814 = ORIENTED_EDGE ( 'NONE', *, *, #1136, .F. ) ;
#2815 =( GEOMETRIC_REPRESENTATION_CONTEXT ( 3 ) GLOBAL_UNCERTAINTY_ASSIGNED_CONTEXT ( ( #1868 ) ) GLOBAL_UNIT_ASSIGNED_CONTEXT ( ( #1413, #7818, #6573 ) ) REPRESENTATION_CONTEXT ( 'NONE', 'WORKASPACE' ) );
#2816 = CARTESIAN_POINT ( 'NONE',  ( 0.05928193796456653758, -0.9106658767243474006, -0.1489999999999999936 ) ) ;
#2817 = LINE ( 'NONE', #5426, #4439 ) ;
#2819 = SURFACE_SIDE_STYLE ('',( #3624 ) ) ;
#2818 = LINE ( 'NONE', #5395, #4984 ) ;
#2820 = EDGE_CURVE ( 'NONE', #2509, #6243, #6374, .T. ) ;
#2821 = CARTESIAN_POINT ( 'NONE',  ( 0.1190425487399973531, -0.9420776794801390963, -0.1499999999999999667 ) ) ;
#2822 = DIRECTION ( 'NONE',  ( 0.9781476007338053558, 0.000000000000000000, 0.2079116908177604806 ) ) ;
#2823 = CARTESIAN_POINT ( 'NONE',  ( 0.1739184125204858156, -0.7665176136985576427, -0.1489999999999999658 ) ) ;
#2824 = EDGE_LOOP ( 'NONE', ( #1125, #2176, #2857, #7857 ) ) ;
#2825 = LINE ( 'NONE', #896, #2385 ) ;
#2826 = ORIENTED_EDGE ( 'NONE', *, *, #1959, .T. ) ;
#2827 = CARTESIAN_POINT ( 'NONE',  ( 0.7750000000000006883, 1.289999999999999591, -0.1599999999999999756 ) ) ;
#2828 = CARTESIAN_POINT ( 'NONE',  ( -0.8250000000000000666, -1.649999999999999245, -0.1599999999999999756 ) ) ;
#2829 = SURFACE_STYLE_FILL_AREA ( #2136 ) ;
#2830 = CIRCLE ( 'NONE', #418, 0.05000000000000012768 ) ;
#2831 = CARTESIAN_POINT ( 'NONE',  ( -0.2263482377405463819, -0.7691567490812325492, -0.1500000000000000222 ) ) ;
#2832 =( NAMED_UNIT ( * ) PLANE_ANGLE_UNIT ( ) SI_UNIT ( $, .RADIAN. ) );
#2833 = ORIENTED_EDGE ( 'NONE', *, *, #3263, .T. ) ;
#2834 = CARTESIAN_POINT ( 'NONE',  ( 0.1008162784723029837, -0.7374284879497429168, -0.1489999999999999936 ) ) ;
#2835 = FILL_AREA_STYLE_COLOUR ( '', #174 ) ;
#2836 = ORIENTED_EDGE ( 'NONE', *, *, #3282, .T. ) ;
#2837 = PRESENTATION_STYLE_ASSIGNMENT (( #7464 ) ) ;
#2838 = UNCERTAINTY_MEASURE_WITH_UNIT (LENGTH_MEASURE( 1.000000000000000082E-05 ), #3372, 'distance_accuracy_value', 'NONE');
#2839 =( NAMED_UNIT ( * ) PLANE_ANGLE_UNIT ( ) SI_UNIT ( $, .RADIAN. ) );
#2840 = CARTESIAN_POINT ( 'NONE',  ( 0.1494918640055507841, -0.7764162845899993393, -0.1499999999999998557 ) ) ;
#2841 = VECTOR ( 'NONE', #5542, 1000.000000000000227 ) ;
#2842 = FILL_AREA_STYLE_COLOUR ( '', #7148 ) ;
#2843 = ORIENTED_EDGE ( 'NONE', *, *, #3282, .F. ) ;
#2844 = FILL_AREA_STYLE ('',( #208 ) ) ;
#2845 = EDGE_LOOP ( 'NONE', ( #7625, #172, #5677, #5071 ) ) ;
#2846 = EDGE_CURVE ( 'NONE', #8373, #1969, #3229, .T. ) ;
#2847 = SURFACE_SIDE_STYLE ('',( #1688 ) ) ;
#2848 = STYLED_ITEM ( 'NONE', ( #6044 ), #4142 ) ;
#2849 = DIRECTION ( 'NONE',  ( 1.000000000000000000, 0.000000000000000000, 0.000000000000000000 ) ) ;
#2850 = LINE ( 'NONE', #2230, #7298 ) ;
#2851 = CARTESIAN_POINT ( 'NONE',  ( -0.2195784561239205734, -0.7434465154831607636, -0.1489999999999999658 ) ) ;
#2852 = VECTOR ( 'NONE', #448, 1000.000000000000000 ) ;
#2853 = PLANE ( 'NONE',  #2941 ) ;
#2854 = CARTESIAN_POINT ( 'NONE',  ( 0.8249999999999999556, -1.650000000000013456, 0.002000000000000021726 ) ) ;
#2855 = VECTOR ( 'NONE', #4277, 1000.000000000000000 ) ;
#2856 = CARTESIAN_POINT ( 'NONE',  ( 0.1986952455278262475, -0.8104398148915027411, -0.1489999999999999380 ) ) ;
#2857 = ORIENTED_EDGE ( 'NONE', *, *, #6353, .T. ) ;
#2858 = EDGE_CURVE ( 'NONE', #7558, #1115, #3179, .T. ) ;
#2859 = CARTESIAN_POINT ( 'NONE',  ( 1.124999999999999778, 0.000000000000000000, -0.1499999999999999944 ) ) ;
#2860 = ORIENTED_EDGE ( 'NONE', *, *, #4549, .F. ) ;
#2861 = DIRECTION ( 'NONE',  ( 0.000000000000000000, 0.000000000000000000, -1.000000000000000000 ) ) ;
#2862 =( GEOMETRIC_REPRESENTATION_CONTEXT ( 3 ) GLOBAL_UNCERTAINTY_ASSIGNED_CONTEXT ( ( #7613 ) ) GLOBAL_UNIT_ASSIGNED_CONTEXT ( ( #1250, #5784, #1935 ) ) REPRESENTATION_CONTEXT ( 'NONE', 'WORKASPACE' ) );
#2863 = FACE_BOUND ( 'NONE', #1179, .T. ) ;
#2864 =( NAMED_UNIT ( * ) SI_UNIT ( $, .STERADIAN. ) SOLID_ANGLE_UNIT ( ) );
#2865 = PLANE ( 'NONE',  #3340 ) ;
#2866 = AXIS2_PLACEMENT_3D ( 'NONE', #3851, #5187, #7197 ) ;
#2867 = DIRECTION ( 'NONE',  ( 1.445602896647340297E-15, -1.000000000000000000, 0.000000000000000000 ) ) ;
#2868 = DIRECTION ( 'NONE',  ( -1.000000000000000000, 0.000000000000000000, 0.000000000000000000 ) ) ;
#2869 = LINE ( 'NONE', #8268, #4230 ) ;
#2870 = CARTESIAN_POINT ( 'NONE',  ( -0.3991075020155019359, -0.7782821464863282079, -0.1499999999999999944 ) ) ;
#2871 = ORIENTED_EDGE ( 'NONE', *, *, #4393, .F. ) ;
#2872 = CARTESIAN_POINT ( 'NONE',  ( 0.05375072969181514393, -0.7721845855107185574, -0.1489999999999999936 ) ) ;
#2873 = CARTESIAN_POINT ( 'NONE',  ( -1.125000000000000888, 1.239999999999999769, 0.002000000000000021726 ) ) ;
#2874 = ORIENTED_EDGE ( 'NONE', *, *, #59, .F. ) ;
#2875 = SURFACE_SIDE_STYLE ('',( #6802 ) ) ;
#2876 = ADVANCED_FACE ( 'NONE', ( #3273 ), #8348, .F. ) ;
#2877 = SURFACE_SIDE_STYLE ('',( #4733 ) ) ;
#2878 = DIRECTION ( 'NONE',  ( 1.000000000000000000, 1.445602896647337536E-15, 0.000000000000000000 ) ) ;
#2879 = VECTOR ( 'NONE', #5880, 1000.000000000000000 ) ;
#2880 = CARTESIAN_POINT ( 'NONE',  ( 0.1032974923086196345, -0.7594379746791335428, -0.1489999999999999936 ) ) ;
#2881 =( NAMED_UNIT ( * ) SI_UNIT ( $, .STERADIAN. ) SOLID_ANGLE_UNIT ( ) );
#2882 = VERTEX_POINT ( 'NONE', #1552 ) ;
#2883 = DIRECTION ( 'NONE',  ( 1.000000000000000000, 2.168404344971007685E-15, 0.000000000000000000 ) ) ;
#2884 = DIRECTION ( 'NONE',  ( -1.000000000000000000, 0.000000000000000000, 0.000000000000000000 ) ) ;
#2885 = VERTEX_POINT ( 'NONE', #5361 ) ;
#2886 = CARTESIAN_POINT ( 'NONE',  ( 0.7750000000000006883, 1.239999999999999547, -0.1499999999999999944 ) ) ;
#2887 = DIRECTION ( 'NONE',  ( 1.000000000000000000, 1.445602896647335958E-15, -0.000000000000000000 ) ) ;
#2888 = EDGE_CURVE ( 'NONE', #5281, #7448, #7329, .T. ) ;
#2889 = UNCERTAINTY_MEASURE_WITH_UNIT (LENGTH_MEASURE( 1.000000000000000082E-05 ), #2, 'distance_accuracy_value', 'NONE');
#2890 = COLOUR_RGB ( '',1.000000000000000000, 1.000000000000000000, 1.000000000000000000 ) ;
#2891 = FILL_AREA_STYLE_COLOUR ( '', #2808 ) ;
#2892 = PRESENTATION_LAYER_ASSIGNMENT (  '', '', ( #4803 ) ) ;
#2893 = DIRECTION ( 'NONE',  ( -1.000000000000000000, -0.000000000000000000, -0.000000000000000000 ) ) ;
#2894 =( NAMED_UNIT ( * ) PLANE_ANGLE_UNIT ( ) SI_UNIT ( $, .RADIAN. ) );
#2895 = EDGE_CURVE ( 'NONE', #4170, #1188, #2791, .T. ) ;
#2896 = ORIENTED_EDGE ( 'NONE', *, *, #3246, .F. ) ;
#2897 = VECTOR ( 'NONE', #3625, 1000.000000000000000 ) ;
#2898 = FACE_OUTER_BOUND ( 'NONE', #4038, .T. ) ;
#2899 = PLANE ( 'NONE',  #1790 ) ;
#2900 = VERTEX_POINT ( 'NONE', #5403 ) ;
#2901 =( GEOMETRIC_REPRESENTATION_CONTEXT ( 3 ) GLOBAL_UNCERTAINTY_ASSIGNED_CONTEXT ( ( #6163 ) ) GLOBAL_UNIT_ASSIGNED_CONTEXT ( ( #5840, #5156, #8318 ) ) REPRESENTATION_CONTEXT ( 'NONE', 'WORKASPACE' ) );
#2902 = VECTOR ( 'NONE', #1749, 1000.000000000000000 ) ;
#2903 = FILL_AREA_STYLE_COLOUR ( '', #3004 ) ;
#2904 = LINE ( 'NONE', #4229, #5037 ) ;
#2905 = UNCERTAINTY_MEASURE_WITH_UNIT (LENGTH_MEASURE( 1.000000000000000082E-05 ), #2290, 'distance_accuracy_value', 'NONE');
#2906 = CARTESIAN_POINT ( 'NONE',  ( 0.2952141443259615472, -0.7398675123399868214, -0.1499999999999999944 ) ) ;
#2907 = DIRECTION ( 'NONE',  ( 0.000000000000000000, -0.000000000000000000, 1.000000000000000000 ) ) ;
#2908 = CARTESIAN_POINT ( 'NONE',  ( -0.08771268494233119828, -0.7618187318521819629, -0.1499999999999999944 ) ) ;
#2909 = LINE ( 'NONE', #3601, #5104 ) ;
#2910 = DIRECTION ( 'NONE',  ( -3.145371723763950567E-16, 0.2079116908177597867, 0.9781476007338055778 ) ) ;
#2911 = SURFACE_STYLE_FILL_AREA ( #1674 ) ;
#2912 = CARTESIAN_POINT ( 'NONE',  ( -0.4382081117715995178, -0.8837699513643770821, -0.1489999999999999936 ) ) ;
#2913 = ORIENTED_EDGE ( 'NONE', *, *, #5400, .T. ) ;
#2914 = SURFACE_STYLE_FILL_AREA ( #490 ) ;
#2915 = FACE_OUTER_BOUND ( 'NONE', #4650, .T. ) ;
#2916 = VERTEX_POINT ( 'NONE', #189 ) ;
#2917 = PRESENTATION_LAYER_ASSIGNMENT (  '', '', ( #7297 ) ) ;
#2918 = EDGE_CURVE ( 'NONE', #1408, #6861, #3357, .T. ) ;
#2919 = PRESENTATION_STYLE_ASSIGNMENT (( #361 ) ) ;
#2920 = CARTESIAN_POINT ( 'NONE',  ( 0.05858845653520284441, -0.7433915772342990502, -0.1499999999999999944 ) ) ;
#2921 = UNCERTAINTY_MEASURE_WITH_UNIT (LENGTH_MEASURE( 1.000000000000000082E-05 ), #5999, 'distance_accuracy_value', 'NONE');
#2922 = CARTESIAN_POINT ( 'NONE',  ( -0.2885960431145301319, -0.8065269164653386946, -0.1500000000000000500 ) ) ;
#2923 = LINE ( 'NONE', #3022, #90 ) ;
#2924 = EDGE_LOOP ( 'NONE', ( #1452, #5614, #7899, #4384 ) ) ;
#2925 = VECTOR ( 'NONE', #2222, 1000.000000000000000 ) ;
#2926 = DIRECTION ( 'NONE',  ( -1.000000000000000000, 0.000000000000000000, 0.000000000000000000 ) ) ;
#2927 = PLANE ( 'NONE',  #5503 ) ;
#2928 = EDGE_LOOP ( 'NONE', ( #3630, #7979, #6650, #6323 ) ) ;
#2929 = VECTOR ( 'NONE', #4902, 1000.000000000000000 ) ;
#2930 = LINE ( 'NONE', #8150, #4203 ) ;
#2931 = CARTESIAN_POINT ( 'NONE',  ( 0.05375072969181514393, -0.9075504391692551520, -0.1489999999999999936 ) ) ;
#2932 = FACE_OUTER_BOUND ( 'NONE', #8067, .T. ) ;
#2933 = B_SPLINE_CURVE_WITH_KNOTS ( 'NONE', 3,
 ( #3281, #4632, #229, #6673, #3317, #1521, #3405, #870, #5962, #2758, #2628, #4724, #3366, #7972, #7887, #5291, #2681, #702, #3444 ),
 .UNSPECIFIED., .F., .F.,
 ( 4, 1, 1, 1, 1, 1, 1, 1, 1, 1, 1, 1, 1, 1, 1, 1, 4 ),
 ( 0.000000000000000000, 0.06806869584499396220, 0.1334274328189551384, 0.1961460338131564285, 0.2570485924493125518, 0.3168826631591617482, 0.3761872086663214931, 0.4359603353635463363, 0.4965352368627258817, 0.5574653434807327335, 0.6176868634101467803, 0.6779436406969059359, 0.7388052848060401301, 0.8009493367665837527, 0.8648146674702262837, 0.9310247810786567157, 1.000000000000000000 ),
 .UNSPECIFIED. ) ;
#2934 =( NAMED_UNIT ( * ) SI_UNIT ( $, .STERADIAN. ) SOLID_ANGLE_UNIT ( ) );
#2935 = VECTOR ( 'NONE', #6441, 1000.000000000000000 ) ;
#2936 = ADVANCED_FACE ( 'NONE', ( #5283 ), #223, .T. ) ;
#2937 = CARTESIAN_POINT ( 'NONE',  ( 0.8249999999999992895, -1.220000000000013518, -0.1499999999999999944 ) ) ;
#2938 = DIRECTION ( 'NONE',  ( -0.000000000000000000, -0.000000000000000000, 1.000000000000000000 ) ) ;
#2939 = ORIENTED_EDGE ( 'NONE', *, *, #1736, .T. ) ;
#2940 = DIRECTION ( 'NONE',  ( 0.000000000000000000, 0.000000000000000000, -1.000000000000000000 ) ) ;
#2941 = AXIS2_PLACEMENT_3D ( 'NONE', #8075, #6268, #5468 ) ;
#2942 = ADVANCED_FACE ( 'NONE', ( #4752 ), #865, .T. ) ;
#2943 = SURFACE_STYLE_FILL_AREA ( #3036 ) ;
#2944 = AXIS2_PLACEMENT_3D ( 'NONE', #2095, #5327, #4616 ) ;
#2945 = ORIENTED_EDGE ( 'NONE', *, *, #551, .F. ) ;
#2946 = FACE_OUTER_BOUND ( 'NONE', #8337, .T. ) ;
#2947 = ORIENTED_EDGE ( 'NONE', *, *, #5574, .F. ) ;
#2948 = CARTESIAN_POINT ( 'NONE',  ( -0.8250000000000000666, -1.524999999999999689, -0.1499999999999999944 ) ) ;
#2949 = FILL_AREA_STYLE ('',( #3516 ) ) ;
#2950 = ORIENTED_EDGE ( 'NONE', *, *, #7608, .F. ) ;
#2951 = VECTOR ( 'NONE', #4640, 1000.000000000000000 ) ;
#2952 = LINE ( 'NONE', #2363, #5450 ) ;
#2953 = ADVANCED_FACE ( 'NONE', ( #3399 ), #5991, .T. ) ;
#2954 =( LENGTH_UNIT ( ) NAMED_UNIT ( * ) SI_UNIT ( .MILLI., .METRE. ) );
#2955 = EDGE_CURVE ( 'NONE', #297, #1833, #8207, .T. ) ;
#2956 = PRESENTATION_STYLE_ASSIGNMENT (( #7578 ) ) ;
#2957 = CARTESIAN_POINT ( 'NONE',  ( -1.574999999999999956, 1.525000000000000133, -0.1499999999999999944 ) ) ;
#2958 = LINE ( 'NONE', #5568, #1733 ) ;
#2959 = DIRECTION ( 'NONE',  ( 1.000000000000000000, 0.000000000000000000, 0.000000000000000000 ) ) ;
#2960 = EDGE_LOOP ( 'NONE', ( #7965, #4639, #5975, #1410 ) ) ;
#2961 = CARTESIAN_POINT ( 'NONE',  ( -1.574999999999999734, -0.1000000000000004774, -0.1499999999999999944 ) ) ;
#2962 = SURFACE_STYLE_FILL_AREA ( #1677 ) ;
#2963 = SURFACE_SIDE_STYLE ('',( #6337 ) ) ;
#2964 = VECTOR ( 'NONE', #2621, 1000.000000000000000 ) ;
#2965 = VECTOR ( 'NONE', #6599, 1000.000000000000000 ) ;
#2966 =( NAMED_UNIT ( * ) SI_UNIT ( $, .STERADIAN. ) SOLID_ANGLE_UNIT ( ) );
#2967 = CARTESIAN_POINT ( 'NONE',  ( -0.1868361605520872659, -0.9179162928277918576, -0.1499999999999999944 ) ) ;
#2968 = CARTESIAN_POINT ( 'NONE',  ( 0.1086121404586557621, -0.7595522493443070955, -0.1499999999999998834 ) ) ;
#2969 = CARTESIAN_POINT ( 'NONE',  ( -1.225000000000000089, -0.4999999999999998890, -0.1599999999999999756 ) ) ;
#2970 = ORIENTED_EDGE ( 'NONE', *, *, #4158, .F. ) ;
#2971 = COLOUR_RGB ( '',0.000000000000000000, 0.000000000000000000, 0.000000000000000000 ) ;
#2972 = EDGE_CURVE ( 'NONE', #8244, #7366, #5359, .T. ) ;
#2973 = CARTESIAN_POINT ( 'NONE',  ( -1.366487659678485622, 1.316487659678485800, 0.4999999999999998890 ) ) ;
#2974 = FACE_OUTER_BOUND ( 'NONE', #4454, .T. ) ;
#2975 = ORIENTED_EDGE ( 'NONE', *, *, #7905, .F. ) ;
#2976 = CARTESIAN_POINT ( 'NONE',  ( 1.575000000000000400, -1.424999999999999378, -0.1499999999999999944 ) ) ;
#2977 = LINE ( 'NONE', #544, #4369 ) ;
#2978 = CARTESIAN_POINT ( 'NONE',  ( 0.07610843685583704166, -0.7625224824165525161, -0.1500000000000000222 ) ) ;
#2979 = UNCERTAINTY_MEASURE_WITH_UNIT (LENGTH_MEASURE( 1.000000000000000082E-05 ), #7315, 'distance_accuracy_value', 'NONE');
#2980 = VECTOR ( 'NONE', #545, 1000.000000000000000 ) ;
#2981 =( GEOMETRIC_REPRESENTATION_CONTEXT ( 3 ) GLOBAL_UNCERTAINTY_ASSIGNED_CONTEXT ( ( #1991 ) ) GLOBAL_UNIT_ASSIGNED_CONTEXT ( ( #2371, #1600, #4156 ) ) REPRESENTATION_CONTEXT ( 'NONE', 'WORKASPACE' ) );
#2982 = CARTESIAN_POINT ( 'NONE',  ( 0.1007924574345701180, -0.9422128420207124266, -0.1489999999999999658 ) ) ;
#2983 = CARTESIAN_POINT ( 'NONE',  ( -0.7750000000000004663, 1.289999999999999813, 0.002000000000000021726 ) ) ;
#2984 = CARTESIAN_POINT ( 'NONE',  ( -0.2469204351218125815, -0.9242913729985359206, -0.1499999999999999944 ) ) ;
#2985 = FILL_AREA_STYLE_COLOUR ( '', #5498 ) ;
#2986 = ORIENTED_EDGE ( 'NONE', *, *, #3530, .F. ) ;
#2987 = PRESENTATION_LAYER_ASSIGNMENT (  '', '', ( #713 ) ) ;
#2988 = UNCERTAINTY_MEASURE_WITH_UNIT (LENGTH_MEASURE( 1.000000000000000082E-05 ), #925, 'distance_accuracy_value', 'NONE');
#2989 = PRESENTATION_STYLE_ASSIGNMENT (( #5467 ) ) ;
#2990 = CARTESIAN_POINT ( 'NONE',  ( 0.1749999999999991562, 1.239999999999999769, 0.002000000000000021726 ) ) ;
#2991 =( NAMED_UNIT ( * ) PLANE_ANGLE_UNIT ( ) SI_UNIT ( $, .RADIAN. ) );
#2992 = ORIENTED_EDGE ( 'NONE', *, *, #4046, .T. ) ;
#2993 = CARTESIAN_POINT ( 'NONE',  ( 0.1008162784723029837, -0.7374284879497429168, -0.1499999999999999389 ) ) ;
#2994 = DIRECTION ( 'NONE',  ( -0.000000000000000000, 0.000000000000000000, -1.000000000000000000 ) ) ;
#2995 = VECTOR ( 'NONE', #979, 1000.000000000000000 ) ;
#2996 = ORIENTED_EDGE ( 'NONE', *, *, #5033, .F. ) ;
#2997 = CARTESIAN_POINT ( 'NONE',  ( -0.3364931727472093015, -0.9398675123399868880, -0.1489999999999999936 ) ) ;
#2998 = B_SPLINE_CURVE_WITH_KNOTS ( 'NONE', 3,
 ( #3057, #5010, #3909, #7712, #3811, #7116, #3860 ),
 .UNSPECIFIED., .F., .F.,
 ( 4, 1, 1, 1, 4 ),
 ( 0.000000000000000000, 0.3005411131585146722, 0.5677471464836012505, 0.8000336137369817857, 1.000000000000000000 ),
 .UNSPECIFIED. ) ;
#2999 = EDGE_CURVE ( 'NONE', #1264, #5482, #1755, .T. ) ;
#3000 = CARTESIAN_POINT ( 'NONE',  ( 0.8249999999999999556, -1.650000000000013456, 0.002000000000000021726 ) ) ;
#3001 = ORIENTED_EDGE ( 'NONE', *, *, #5941, .T. ) ;
#3002 = PRESENTATION_STYLE_ASSIGNMENT (( #6326 ) ) ;
#3003 = FILL_AREA_STYLE ('',( #6234 ) ) ;
#3004 = COLOUR_RGB ( '',1.000000000000000000, 1.000000000000000000, 1.000000000000000000 ) ;
#3005 =( NAMED_UNIT ( * ) PLANE_ANGLE_UNIT ( ) SI_UNIT ( $, .RADIAN. ) );
#3006 = LINE ( 'NONE', #2957, #6964 ) ;
#3007 =( BOUNDED_CURVE ( )  B_SPLINE_CURVE ( 3, ( #8406, #6517, #8052, #4079 ),
 .UNSPECIFIED., .F., .F. ) 
 B_SPLINE_CURVE_WITH_KNOTS ( ( 4, 4 ),
 ( 3.119972281138418957, 3.141592653589794892 ),
 .UNSPECIFIED. ) 
 CURVE ( )  GEOMETRIC_REPRESENTATION_ITEM ( )  RATIONAL_B_SPLINE_CURVE ( ( 1.000000000000000000, 0.9999610470039286270, 0.9999610470039286270, 1.000000000000000000 ) ) 
 REPRESENTATION_ITEM ( '' )  );
#3008 = SURFACE_STYLE_USAGE ( .BOTH. , #6760 ) ;
#3009 = EDGE_CURVE ( 'NONE', #3400, #1362, #6787, .T. ) ;
#3010 = PRESENTATION_LAYER_ASSIGNMENT (  '', '', ( #6121 ) ) ;
#3011 = AXIS2_PLACEMENT_3D ( 'NONE', #986, #5571, #6840 ) ;
#3012 = LINE ( 'NONE', #19, #199 ) ;
#3013 = PRESENTATION_STYLE_ASSIGNMENT (( #6888 ) ) ;
#3014 = ORIENTED_EDGE ( 'NONE', *, *, #2326, .F. ) ;
#3015 = LINE ( 'NONE', #2335, #7269 ) ;
#3016 =( NAMED_UNIT ( * ) PLANE_ANGLE_UNIT ( ) SI_UNIT ( $, .RADIAN. ) );
#3017 = PRESENTATION_LAYER_ASSIGNMENT (  '', '', ( #5639 ) ) ;
#3018 = SURFACE_STYLE_USAGE ( .BOTH. , #1930 ) ;
#3019 = UNCERTAINTY_MEASURE_WITH_UNIT (LENGTH_MEASURE( 1.000000000000000082E-05 ), #4166, 'distance_accuracy_value', 'NONE');
#3020 = COLOUR_RGB ( '',1.000000000000000000, 1.000000000000000000, 1.000000000000000000 ) ;
#3021 = CARTESIAN_POINT ( 'NONE',  ( 1.366487659678485400, 1.316487659678485800, 0.4999999999999998890 ) ) ;
#3022 = CARTESIAN_POINT ( 'NONE',  ( 0.1087812174966932277, -0.9423065367302307926, -0.1489999999999999936 ) ) ;
#3023 =( LENGTH_UNIT ( ) NAMED_UNIT ( * ) SI_UNIT ( .MILLI., .METRE. ) );
#3024 = ADVANCED_FACE ( 'NONE', ( #941 ), #2899, .T. ) ;
#3025 = DIRECTION ( 'NONE',  ( 0.000000000000000000, 1.000000000000000000, -0.000000000000000000 ) ) ;
#3026 = FILL_AREA_STYLE_COLOUR ( '', #5243 ) ;
#3027 = ORIENTED_EDGE ( 'NONE', *, *, #1959, .F. ) ;
#3028 = DIRECTION ( 'NONE',  ( -0.000000000000000000, -1.000000000000000000, -0.000000000000000000 ) ) ;
#3029 = SURFACE_SIDE_STYLE ('',( #1907 ) ) ;
#3030 = EDGE_CURVE ( 'NONE', #4463, #693, #4998, .T. ) ;
#3031 = DIRECTION ( 'NONE',  ( 0.000000000000000000, -1.000000000000000000, 0.000000000000000000 ) ) ;
#3032 = CARTESIAN_POINT ( 'NONE',  ( 1.124999999999999334, -1.524574886876659763, 0.002000000000000021726 ) ) ;
#3033 = EDGE_LOOP ( 'NONE', ( #8381, #7221, #6550, #864, #3639, #3286, #1496 ) ) ;
#3034 = PRESENTATION_STYLE_ASSIGNMENT (( #6915 ) ) ;
#3035 = MECHANICAL_DESIGN_GEOMETRIC_PRESENTATION_REPRESENTATION (  '', ( #3989 ), #5223 ) ;
#3036 = FILL_AREA_STYLE ('',( #971 ) ) ;
#3037 = CARTESIAN_POINT ( 'NONE',  ( -1.574999999999999956, 1.525000000000000133, 0.000000000000000000 ) ) ;
#3038 = FILL_AREA_STYLE ('',( #4442 ) ) ;
#3039 = CARTESIAN_POINT ( 'NONE',  ( 1.447466062997986080, 1.414302419751866324, 0.5207911690817759176 ) ) ;
#3040 = ORIENTED_EDGE ( 'NONE', *, *, #1593, .F. ) ;
#3041 = FILL_AREA_STYLE ('',( #8296 ) ) ;
#3042 = PRESENTATION_LAYER_ASSIGNMENT (  '', '', ( #5635 ) ) ;
#3043 = PRESENTATION_STYLE_ASSIGNMENT (( #8125 ) ) ;
#3044 = VERTEX_POINT ( 'NONE', #7527 ) ;
#3045 = CARTESIAN_POINT ( 'NONE',  ( -0.8726886045441106798, -0.9529646039254657808, 0.5989999999999999769 ) ) ;
#3046 = CARTESIAN_POINT ( 'NONE',  ( 0.000000000000000000, 0.000000000000000000, -0.1499999999999999944 ) ) ;
#3047 =( GEOMETRIC_REPRESENTATION_CONTEXT ( 3 ) GLOBAL_UNCERTAINTY_ASSIGNED_CONTEXT ( ( #839 ) ) GLOBAL_UNIT_ASSIGNED_CONTEXT ( ( #7875, #5278, #7833 ) ) REPRESENTATION_CONTEXT ( 'NONE', 'WORKASPACE' ) );
#3048 = SURFACE_STYLE_FILL_AREA ( #4830 ) ;
#3049 =( NAMED_UNIT ( * ) SI_UNIT ( $, .STERADIAN. ) SOLID_ANGLE_UNIT ( ) );
#3050 = VECTOR ( 'NONE', #6987, 1000.000000000000000 ) ;
#3051 = PRESENTATION_STYLE_ASSIGNMENT (( #6286 ) ) ;
#3052 = MECHANICAL_DESIGN_GEOMETRIC_PRESENTATION_REPRESENTATION (  '', ( #4551 ), #3188 ) ;
#3053 = LINE ( 'NONE', #1808, #5200 ) ;
#3054 = SURFACE_SIDE_STYLE ('',( #8136 ) ) ;
#3055 = ORIENTED_EDGE ( 'NONE', *, *, #846, .F. ) ;
#3056 = SURFACE_SIDE_STYLE ('',( #2914 ) ) ;
#3057 = CARTESIAN_POINT ( 'NONE',  ( -0.3953727459179409709, -0.7642577562424258675, -0.1499999999999999944 ) ) ;
#3058 = CARTESIAN_POINT ( 'NONE',  ( 0.1190425487399973531, -0.9420776794801390963, -0.1489999999999999658 ) ) ;
#3059 = VECTOR ( 'NONE', #7768, 1000.000000000000000 ) ;
#3060 = FILL_AREA_STYLE ('',( #493 ) ) ;
#3061 =( BOUNDED_CURVE ( )  B_SPLINE_CURVE ( 3, ( #5142, #1968, #4372, #7787 ),
 .UNSPECIFIED., .F., .F. ) 
 B_SPLINE_CURVE_WITH_KNOTS ( ( 4, 4 ),
 ( 3.119972281138408299, 3.141592653589795336 ),
 .UNSPECIFIED. ) 
 CURVE ( )  GEOMETRIC_REPRESENTATION_ITEM ( )  RATIONAL_B_SPLINE_CURVE ( ( 1.000000000000000000, 0.9999610470039284049, 0.9999610470039284049, 1.000000000000000000 ) ) 
 REPRESENTATION_ITEM ( '' )  );
#3062 = COLOUR_RGB ( '',0.000000000000000000, 0.000000000000000000, 0.000000000000000000 ) ;
#3063 = STYLED_ITEM ( 'NONE', ( #31 ), #7238 ) ;
#3064 = ADVANCED_FACE ( 'NONE', ( #3632 ), #6231, .T. ) ;
#3065 = CARTESIAN_POINT ( 'NONE',  ( -0.2759397884987124794, -0.7805926554898914294, -0.1500000000000000222 ) ) ;
#3066 = DIRECTION ( 'NONE',  ( 1.000000000000000000, -1.517883041479707588E-15, 0.000000000000000000 ) ) ;
#3067 = CARTESIAN_POINT ( 'NONE',  ( -1.125000000000000000, -1.649999999999999689, 0.002000000000000021726 ) ) ;
#3068 = ORIENTED_EDGE ( 'NONE', *, *, #7205, .T. ) ;
#3069 = PRESENTATION_LAYER_ASSIGNMENT (  '', '', ( #7562 ) ) ;
#3070 = CARTESIAN_POINT ( 'NONE',  ( 0.8250000000000005107, 1.649999999999999023, -0.1599999999999999756 ) ) ;
#3071 = CARTESIAN_POINT ( 'NONE',  ( -0.8250000000000000666, -1.649999999999999245, 0.002000000000000021726 ) ) ;
#3072 = UNCERTAINTY_MEASURE_WITH_UNIT (LENGTH_MEASURE( 1.000000000000000082E-05 ), #6176, 'distance_accuracy_value', 'NONE');
#3073 =( NAMED_UNIT ( * ) PLANE_ANGLE_UNIT ( ) SI_UNIT ( $, .RADIAN. ) );
#3074 = EDGE_CURVE ( 'NONE', #7673, #4565, #6237, .T. ) ;
#3075 = COLOUR_RGB ( '',1.000000000000000000, 1.000000000000000000, 1.000000000000000000 ) ;
#3076 = CARTESIAN_POINT ( 'NONE',  ( -0.8726886045441106798, -0.9529646039254657808, 0.5989999999999999769 ) ) ;
#3077 = VERTEX_POINT ( 'NONE', #1801 ) ;
#3079 = FILL_AREA_STYLE_COLOUR ( '', #1005 ) ;
#3078 = CARTESIAN_POINT ( 'NONE',  ( -0.2628952326914789639, -0.9120008977168333475, -0.1489999999999999380 ) ) ;
#3080 = AXIS2_PLACEMENT_3D ( 'NONE', #3511, #6748, #1510 ) ;
#3081 = SURFACE_STYLE_USAGE ( .BOTH. , #3547 ) ;
#3082 = CARTESIAN_POINT ( 'NONE',  ( -1.481238302260959649, -1.529053062334340352, -0.01906815909373249518 ) ) ;
#3083 = CARTESIAN_POINT ( 'NONE',  ( -0.3982882076102710611, -0.7756626772783258295, -0.1489999999999999936 ) ) ;
#3084 = FILL_AREA_STYLE_COLOUR ( '', #5073 ) ;
#3085 = VECTOR ( 'NONE', #4100, 1000.000000000000000 ) ;
#3086 = VERTEX_POINT ( 'NONE', #3088 ) ;
#3087 = ADVANCED_FACE ( 'NONE', ( #7057 ), #6402, .F. ) ;
#3088 = CARTESIAN_POINT ( 'NONE',  ( -0.1750000000000001277, -1.650000000000003908, 0.002000000000000021726 ) ) ;
#3089 = VERTEX_POINT ( 'NONE', #644 ) ;
#3090 = DIRECTION ( 'NONE',  ( 0.000000000000000000, -1.000000000000000000, 0.000000000000000000 ) ) ;
#3091 = PLANE ( 'NONE',  #2285 ) ;
#3092 =( GEOMETRIC_REPRESENTATION_CONTEXT ( 3 ) GLOBAL_UNCERTAINTY_ASSIGNED_CONTEXT ( ( #7127 ) ) GLOBAL_UNIT_ASSIGNED_CONTEXT ( ( #1679, #3016, #5055 ) ) REPRESENTATION_CONTEXT ( 'NONE', 'WORKASPACE' ) );
#3093 = SURFACE_STYLE_FILL_AREA ( #1078 ) ;
#3094 = LINE ( 'NONE', #5739, #64 ) ;
#3095 = CARTESIAN_POINT ( 'NONE',  ( -0.3960206117715994734, -0.7642577562424258675, -0.1489999999999999936 ) ) ;
#3096 = FILL_AREA_STYLE ('',( #4586 ) ) ;
#3097 = FILL_AREA_STYLE ('',( #6333 ) ) ;
#3098 = EDGE_LOOP ( 'NONE', ( #7336, #5038, #2400, #8185 ) ) ;
#3099 = CARTESIAN_POINT ( 'NONE',  ( 0.1512357321625661388, -0.9042164019530942731, -0.1499999999999999944 ) ) ;
#3100 = DIRECTION ( 'NONE',  ( 0.000000000000000000, 1.000000000000000000, 0.000000000000000000 ) ) ;
#3101 = FILL_AREA_STYLE ('',( #6248 ) ) ;
#3102 = PRESENTATION_STYLE_ASSIGNMENT (( #1129 ) ) ;
#3103 = UNCERTAINTY_MEASURE_WITH_UNIT (LENGTH_MEASURE( 1.000000000000000082E-05 ), #8294, 'distance_accuracy_value', 'NONE');
#3104 = CARTESIAN_POINT ( 'NONE',  ( -0.2628757092051898780, -0.7662140898597208372, -0.1500000000000000222 ) ) ;
#3105 = PRESENTATION_STYLE_ASSIGNMENT (( #7593 ) ) ;
#3106 = PRESENTATION_STYLE_ASSIGNMENT (( #1262 ) ) ;
#3107 =( NAMED_UNIT ( * ) PLANE_ANGLE_UNIT ( ) SI_UNIT ( $, .RADIAN. ) );
#3108 = VERTEX_POINT ( 'NONE', #5687 ) ;
#3109 = SURFACE_SIDE_STYLE ('',( #5543 ) ) ;
#3110 = EDGE_CURVE ( 'NONE', #7558, #4020, #3122, .T. ) ;
#3111 = DIRECTION ( 'NONE',  ( -1.512840240677448800E-15, 1.000000000000000000, 0.000000000000000000 ) ) ;
#3112 = CARTESIAN_POINT ( 'NONE',  ( -1.125000000000000666, -1.219999999999999973, 0.002000000000000021726 ) ) ;
#3113 = DIRECTION ( 'NONE',  ( -0.000000000000000000, -0.000000000000000000, 1.000000000000000000 ) ) ;
#3114 = ORIENTED_EDGE ( 'NONE', *, *, #528, .F. ) ;
#3115 = PLANE ( 'NONE',  #4668 ) ;
#3116 = EDGE_CURVE ( 'NONE', #6029, #4918, #3215, .T. ) ;
#3117 = VERTEX_POINT ( 'NONE', #5179 ) ;
#3118 = CARTESIAN_POINT ( 'NONE',  ( -1.224999999999999867, 1.239999999999999769, -0.1499999999999999944 ) ) ;
#3119 = ORIENTED_EDGE ( 'NONE', *, *, #5216, .F. ) ;
#3120 = COLOUR_RGB ( '',1.000000000000000000, 1.000000000000000000, 1.000000000000000000 ) ;
#3121 = CARTESIAN_POINT ( 'NONE',  ( -1.474999999999999423, -1.424999999999999378, -0.1499999999999999944 ) ) ;
#3122 = LINE ( 'NONE', #8298, #3258 ) ;
#3123 = ORIENTED_EDGE ( 'NONE', *, *, #3897, .T. ) ;
#3124 = CARTESIAN_POINT ( 'NONE',  ( -0.7750000000000004663, 1.239999999999999769, 0.002000000000000021726 ) ) ;
#3125 = PRESENTATION_STYLE_ASSIGNMENT (( #3755 ) ) ;
#3126 = DIRECTION ( 'NONE',  ( -1.000000000000000000, -0.000000000000000000, -0.000000000000000000 ) ) ;
#3127 = CARTESIAN_POINT ( 'NONE',  ( -0.3931272383188775810, -0.7754000839334228568, -0.1500000000000000222 ) ) ;
#3128 = VECTOR ( 'NONE', #6941, 1000.000000000000000 ) ;
#3129 = EDGE_CURVE ( 'NONE', #5956, #6788, #7779, .T. ) ;
#3130 = SURFACE_STYLE_USAGE ( .BOTH. , #6371 ) ;
#3131 = DIRECTION ( 'NONE',  ( 0.000000000000000000, 0.000000000000000000, -1.000000000000000000 ) ) ;
#3132 = LINE ( 'NONE', #7159, #4903 ) ;
#3133 = CARTESIAN_POINT ( 'NONE',  ( -0.08283463616184341682, -0.8276723903887672762, -0.1489999999999999936 ) ) ;
#3134 = EDGE_LOOP ( 'NONE', ( #2970, #8253, #129, #1071 ) ) ;
#3135 = VECTOR ( 'NONE', #5237, 1000.000000000000000 ) ;
#3136 = CARTESIAN_POINT ( 'NONE',  ( -1.481238302260960094, 1.431238302260960271, -0.03985932817550848217 ) ) ;
#3137 =( NAMED_UNIT ( * ) SI_UNIT ( $, .STERADIAN. ) SOLID_ANGLE_UNIT ( ) );
#3138 = CARTESIAN_POINT ( 'NONE',  ( 0.1200623025391542170, -0.9191495866280174898, -0.1499999999999999944 ) ) ;
#3139 = CARTESIAN_POINT ( 'NONE',  ( -1.574999999999999956, 1.525000000000000133, -0.1499999999999999944 ) ) ;
#3140 = LINE ( 'NONE', #5617, #2768 ) ;
#3141 = CARTESIAN_POINT ( 'NONE',  ( -1.366487659678485178, -1.414302419751865880, 0.5207911690817759176 ) ) ;
#3142 = CARTESIAN_POINT ( 'NONE',  ( -0.1316151239667214534, -0.9398675123399868880, -0.1489999999999999936 ) ) ;
#3143 = STYLED_ITEM ( 'NONE', ( #3002 ), #3780 ) ;
#3144 = CARTESIAN_POINT ( 'NONE',  ( -1.574999999999999512, -1.524999999999999689, -0.1499999999999999944 ) ) ;
#3145 = PRESENTATION_STYLE_ASSIGNMENT (( #3870 ) ) ;
#3146 = ORIENTED_EDGE ( 'NONE', *, *, #1321, .F. ) ;
#3147 = CARTESIAN_POINT ( 'NONE',  ( 0.1501397141590173345, -0.7486786780588613466, -0.1500000000000000500 ) ) ;
#3148 = EDGE_CURVE ( 'NONE', #2051, #7879, #8339, .T. ) ;
#3149 =( GEOMETRIC_REPRESENTATION_CONTEXT ( 3 ) GLOBAL_UNCERTAINTY_ASSIGNED_CONTEXT ( ( #1412 ) ) GLOBAL_UNIT_ASSIGNED_CONTEXT ( ( #6344, #706, #7803 ) ) REPRESENTATION_CONTEXT ( 'NONE', 'WORKASPACE' ) );
#3150 = SURFACE_STYLE_FILL_AREA ( #5066 ) ;
#3151 = B_SPLINE_CURVE_WITH_KNOTS ( 'NONE', 3,
 ( #7605, #1792, #47, #6488, #684, #2602, #3252 ),
 .UNSPECIFIED., .F., .F.,
 ( 4, 1, 1, 1, 4 ),
 ( 0.000000000000000000, 0.1744817153170500623, 0.3982857591281112053, 0.6738978473986628748, 1.000000000000000000 ),
 .UNSPECIFIED. ) ;
#3152 =( GEOMETRIC_REPRESENTATION_CONTEXT ( 3 ) GLOBAL_UNCERTAINTY_ASSIGNED_CONTEXT ( ( #56 ) ) GLOBAL_UNIT_ASSIGNED_CONTEXT ( ( #1768, #4328, #6887 ) ) REPRESENTATION_CONTEXT ( 'NONE', 'WORKASPACE' ) );
#3153 = CARTESIAN_POINT ( 'NONE',  ( -0.4750000000000008105, 1.525000000000000133, -0.1499999999999999944 ) ) ;
#3154 = PRESENTATION_STYLE_ASSIGNMENT (( #5806 ) ) ;
#3155 = VERTEX_POINT ( 'NONE', #1574 ) ;
#3156 =( NAMED_UNIT ( * ) PLANE_ANGLE_UNIT ( ) SI_UNIT ( $, .RADIAN. ) );
#3157 = VERTEX_POINT ( 'NONE', #250 ) ;
#3159 = DIRECTION ( 'NONE',  ( 0.000000000000000000, 1.000000000000000000, 0.000000000000000000 ) ) ;
#3158 = CARTESIAN_POINT ( 'NONE',  ( -0.2885943342197784811, -0.8695802738013793665, -0.1500000000000000222 ) ) ;
#3160 = EDGE_LOOP ( 'NONE', ( #7515, #2580, #3559, #8007 ) ) ;
#3161 = VECTOR ( 'NONE', #5680, 1000.000000000000000 ) ;
#3162 = FACE_OUTER_BOUND ( 'NONE', #3568, .T. ) ;
#3163 = EDGE_CURVE ( 'NONE', #6225, #3932, #2056, .T. ) ;
#3164 = PLANE ( 'NONE',  #767 ) ;
#3165 = ORIENTED_EDGE ( 'NONE', *, *, #3522, .T. ) ;
#3166 = SURFACE_STYLE_USAGE ( .BOTH. , #6364 ) ;
#3167 = ORIENTED_EDGE ( 'NONE', *, *, #4819, .T. ) ;
#3168 = UNCERTAINTY_MEASURE_WITH_UNIT (LENGTH_MEASURE( 1.000000000000000082E-05 ), #3611, 'distance_accuracy_value', 'NONE');
#3169 = PLANE ( 'NONE',  #862 ) ;
#3170 =( NAMED_UNIT ( * ) SI_UNIT ( $, .STERADIAN. ) SOLID_ANGLE_UNIT ( ) );
#3171 = VECTOR ( 'NONE', #1895, 1000.000000000000000 ) ;
#3172 = CARTESIAN_POINT ( 'NONE',  ( 0.8249999999999997335, -1.524574886876659763, 0.002000000000000021726 ) ) ;
#3173 = CARTESIAN_POINT ( 'NONE',  ( 0.09849090634753875084, -0.7374451568368645127, -0.1499999999999999667 ) ) ;
#3174 = ADVANCED_FACE ( 'NONE', ( #6813 ), #6694, .T. ) ;
#3175 = VECTOR ( 'NONE', #806, 1000.000000000000000 ) ;
#3176 = CARTESIAN_POINT ( 'NONE',  ( -0.2395124538041272233, -0.9019068860718969516, -0.1499999999999999944 ) ) ;
#3177 = VECTOR ( 'NONE', #5376, 1000.000000000000000 ) ;
#3178 = DIRECTION ( 'NONE',  ( 0.000000000000000000, -0.000000000000000000, -1.000000000000000000 ) ) ;
#3179 = LINE ( 'NONE', #3809, #462 ) ;
#3180 = EDGE_LOOP ( 'NONE', ( #7986, #4607, #1406, #543 ) ) ;
#3181 = MECHANICAL_DESIGN_GEOMETRIC_PRESENTATION_REPRESENTATION (  '', ( #3714 ), #7960 ) ;
#3182 = CARTESIAN_POINT ( 'NONE',  ( -1.574999999999999956, 1.525000000000000133, -0.1499999999999999944 ) ) ;
#3183 = CARTESIAN_POINT ( 'NONE',  ( 0.2010785554530200581, -0.8647041250415148372, -0.1490000000000000213 ) ) ;
#3184 =( NAMED_UNIT ( * ) SI_UNIT ( $, .STERADIAN. ) SOLID_ANGLE_UNIT ( ) );
#3185 = PRESENTATION_LAYER_ASSIGNMENT (  '', '', ( #7680 ) ) ;
#3186 = PRESENTATION_STYLE_ASSIGNMENT (( #6592 ) ) ;
#3187 = SURFACE_SIDE_STYLE ('',( #3772 ) ) ;
#3188 =( GEOMETRIC_REPRESENTATION_CONTEXT ( 3 ) GLOBAL_UNCERTAINTY_ASSIGNED_CONTEXT ( ( #1923 ) ) GLOBAL_UNIT_ASSIGNED_CONTEXT ( ( #3531, #2839, #6608 ) ) REPRESENTATION_CONTEXT ( 'NONE', 'WORKASPACE' ) );
#3189 = COLOUR_RGB ( '',0.000000000000000000, 0.000000000000000000, 0.000000000000000000 ) ;
#3191 = VECTOR ( 'NONE', #7233, 1000.000000000000000 ) ;
#3190 = CARTESIAN_POINT ( 'NONE',  ( 1.574999999999999956, 1.425000000000000044, 0.000000000000000000 ) ) ;
#3192 = VERTEX_POINT ( 'NONE', #7348 ) ;
#3193 = PLANE ( 'NONE',  #3533 ) ;
#3194 = DIRECTION ( 'NONE',  ( 1.000000000000000000, -1.057758217059041131E-15, 0.000000000000000000 ) ) ;
#3195 = ORIENTED_EDGE ( 'NONE', *, *, #3952, .T. ) ;
#3196 = AXIS2_PLACEMENT_3D ( 'NONE', #121, #5408, #703 ) ;
#3197 =( GEOMETRIC_REPRESENTATION_CONTEXT ( 3 ) GLOBAL_UNCERTAINTY_ASSIGNED_CONTEXT ( ( #2979 ) ) GLOBAL_UNIT_ASSIGNED_CONTEXT ( ( #7315, #4655, #177 ) ) REPRESENTATION_CONTEXT ( 'NONE', 'WORKASPACE' ) );
#3198 = AXIS2_PLACEMENT_3D ( 'NONE', #3664, #8198, #2940 ) ;
#3199 = DIRECTION ( 'NONE',  ( -0.000000000000000000, -0.000000000000000000, -1.000000000000000000 ) ) ;
#3200 = UNCERTAINTY_MEASURE_WITH_UNIT (LENGTH_MEASURE( 1.000000000000000082E-05 ), #1400, 'distance_accuracy_value', 'NONE');
#3201 = B_SPLINE_CURVE_WITH_KNOTS ( 'NONE', 3,
 ( #7547, #1730, #8109, #8184, #4247, #6256, #5540, #7634, #999, #6130, #500, #8278, #1137, #4300, #2343, #4975, #322, #8147, #1821 ),
 .UNSPECIFIED., .F., .F.,
 ( 4, 1, 1, 1, 1, 1, 1, 1, 1, 1, 1, 1, 1, 1, 1, 1, 4 ),
 ( 0.000000000000000000, 0.07430379644281627505, 0.1443936103644178626, 0.2104994961032796985, 0.2735426065034679555, 0.3338247445790730183, 0.3925296724085031164, 0.4500874545995858789, 0.5078206115557878375, 0.5654649127768471839, 0.6231487223336202863, 0.6812971927909358127, 0.7409134981565813627, 0.8018557521958584733, 0.8652412377209436345, 0.9309416570467443641, 1.000000000000000000 ),
 .UNSPECIFIED. ) ;
#3202 = CARTESIAN_POINT ( 'NONE',  ( -1.574999999999999512, -1.524999999999999689, 0.000000000000000000 ) ) ;
#3203 = CARTESIAN_POINT ( 'NONE',  ( -0.3921715264057458739, -0.7782821464863283190, -0.1489999999999999936 ) ) ;
#3204 = VERTEX_POINT ( 'NONE', #2886 ) ;
#3205 =( GEOMETRIC_REPRESENTATION_CONTEXT ( 3 ) GLOBAL_UNCERTAINTY_ASSIGNED_CONTEXT ( ( #5488 ) ) GLOBAL_UNIT_ASSIGNED_CONTEXT ( ( #5783, #8267, #3762 ) ) REPRESENTATION_CONTEXT ( 'NONE', 'WORKASPACE' ) );
#3206 =( GEOMETRIC_REPRESENTATION_CONTEXT ( 3 ) GLOBAL_UNCERTAINTY_ASSIGNED_CONTEXT ( ( #3072 ) ) GLOBAL_UNIT_ASSIGNED_CONTEXT ( ( #6176, #6217, #5427 ) ) REPRESENTATION_CONTEXT ( 'NONE', 'WORKASPACE' ) );
#3207 = DIRECTION ( 'NONE',  ( 0.000000000000000000, -0.000000000000000000, 1.000000000000000000 ) ) ;
#3208 = EDGE_LOOP ( 'NONE', ( #7154, #4927, #6376, #8126 ) ) ;
#3210 = PLANE ( 'NONE',  #5353 ) ;
#3209 = CARTESIAN_POINT ( 'NONE',  ( -0.2759477526929795532, -0.8968072812436830299, -0.1499999999999999944 ) ) ;
#3211 = SURFACE_STYLE_FILL_AREA ( #1962 ) ;
#3212 = CARTESIAN_POINT ( 'NONE',  ( 0.000000000000000000, 0.000000000000000000, -0.1599999999999999756 ) ) ;
#3213 = CARTESIAN_POINT ( 'NONE',  ( -1.574999999999999734, 0.1000000000000002554, -0.1499999999999999944 ) ) ;
#3214 = AXIS2_PLACEMENT_3D ( 'NONE', #8320, #3818, #541 ) ;
#3215 = LINE ( 'NONE', #5822, #3930 ) ;
#3216 = ORIENTED_EDGE ( 'NONE', *, *, #2609, .F. ) ;
#3217 = CARTESIAN_POINT ( 'NONE',  ( 0.1749999999999993783, -1.220000000000009077, 0.002000000000000021726 ) ) ;
#3218 =( GEOMETRIC_REPRESENTATION_CONTEXT ( 3 ) GLOBAL_UNCERTAINTY_ASSIGNED_CONTEXT ( ( #2390 ) ) GLOBAL_UNIT_ASSIGNED_CONTEXT ( ( #2086, #7876, #3586 ) ) REPRESENTATION_CONTEXT ( 'NONE', 'WORKASPACE' ) );
#3219 = ADVANCED_FACE ( 'NONE', ( #4091 ), #6778, .T. ) ;
#3220 = B_SPLINE_SURFACE_WITH_KNOTS ( 'NONE', 3, 1, ( 
 ( #5487, #2967 ),
 ( #4241, #6847 ),
 ( #3610, #5985 ),
 ( #2046, #817 ),
 ( #6502, #3306 ),
 ( #2575, #777 ),
 ( #7915, #653 ),
 ( #4664, #2004 ),
 ( #7277, #6625 ),
 ( #5868, #1380 ),
 ( #7785, #1468 ),
 ( #5185, #4025 ),
 ( #3899, #690 ),
 ( #3394, #7834 ),
 ( #183, #5316 ),
 ( #2747, #3266 ),
 ( #5356, #1967 ),
 ( #145, #3935 ),
 ( #7959, #63 ) ),
 .UNSPECIFIED., .F., .F., .F.,
 ( 4, 1, 1, 1, 1, 1, 1, 1, 1, 1, 1, 1, 1, 1, 1, 1, 4 ),
 ( 2, 2 ),
 ( 0.000000000000000000, 0.07082657255516344730, 0.1381690332798000131, 0.2024753315338422843, 0.2639737544135199454, 0.3233803205980372297, 0.3817976227131856803, 0.4393900745193891622, 0.4969027245459974318, 0.5546621696093702036, 0.6127418784921979666, 0.6715388363911728442, 0.7316557220901981351, 0.7942978116139536304, 0.8594822049793586771, 0.9276813254527900288, 1.000000000000000000 ),
 ( 0.000000000000000000, 1.000000000000000000 ),
 .UNSPECIFIED. ) ;
#3221 =( LENGTH_UNIT ( ) NAMED_UNIT ( * ) SI_UNIT ( .MILLI., .METRE. ) );
#3222 = SURFACE_SIDE_STYLE ('',( #2665 ) ) ;
#3223 = CARTESIAN_POINT ( 'NONE',  ( -1.476441344127284561, 1.524992209324916193, 3.665224457370411070E-05 ) ) ;
#3224 = AXIS2_PLACEMENT_3D ( 'NONE', #1, #7002, #3251 ) ;
#3225 = FILL_AREA_STYLE ('',( #6456 ) ) ;
#3226 = CARTESIAN_POINT ( 'NONE',  ( -0.2629703585663503151, -0.8638761501264015097, -0.1500000000000000222 ) ) ;
#3227 = EDGE_LOOP ( 'NONE', ( #2947, #3722, #2359, #2284 ) ) ;
#3228 = MECHANICAL_DESIGN_GEOMETRIC_PRESENTATION_REPRESENTATION (  '', ( #1073 ), #1754 ) ;
#3229 = LINE ( 'NONE', #6507, #1424 ) ;
#3230 = CARTESIAN_POINT ( 'NONE',  ( -0.09259073372281902137, -0.9398675123399868880, -0.1489999999999999936 ) ) ;
#3231 = ORIENTED_EDGE ( 'NONE', *, *, #1423, .F. ) ;
#3232 = COLOUR_RGB ( '',0.2509803921568627416, 0.2509803921568627416, 0.2509803921568627416 ) ;
#3233 = ADVANCED_FACE ( 'NONE', ( #7433 ), #7390, .T. ) ;
#3234 = SURFACE_STYLE_FILL_AREA ( #4543 ) ;
#3235 = CARTESIAN_POINT ( 'NONE',  ( 0.2024687077983324812, -0.8472646713330165280, -0.1489999999999999936 ) ) ;
#3236 = CARTESIAN_POINT ( 'NONE',  ( 0.05534275439394591156, -0.7447090792918606983, -0.1499999999999999667 ) ) ;
#3237 = PRESENTATION_LAYER_ASSIGNMENT (  '', '', ( #4315 ) ) ;
#3238 = CARTESIAN_POINT ( 'NONE',  ( -0.1957284605752805107, -0.9177240719425094895, -0.1489999999999999936 ) ) ;
#3239 = CARTESIAN_POINT ( 'NONE',  ( 0.1750000000000000167, -1.650000000000008793, 0.002000000000000021726 ) ) ;
#3240 = DIRECTION ( 'NONE',  ( -0.000000000000000000, -0.000000000000000000, -1.000000000000000000 ) ) ;
#3241 = FILL_AREA_STYLE ('',( #1861 ) ) ;
#3242 = CARTESIAN_POINT ( 'NONE',  ( -0.1316151239667214534, -0.9398675123399868880, -0.1489999999999999936 ) ) ;
#3243 = VERTEX_POINT ( 'NONE', #1180 ) ;
#3244 = SURFACE_STYLE_FILL_AREA ( #7937 ) ;
#3245 = CARTESIAN_POINT ( 'NONE',  ( 0.1044285138662457424, -0.7375125329524335749, -0.1489999999999999936 ) ) ;
#3246 = EDGE_CURVE ( 'NONE', #5281, #1911, #2930, .T. ) ;
#3247 = CARTESIAN_POINT ( 'NONE',  ( 0.1757019492040102771, -0.8420016586814502713, -0.1499999999999999944 ) ) ;
#3248 = ORIENTED_EDGE ( 'NONE', *, *, #2535, .T. ) ;
#3249 = SURFACE_STYLE_FILL_AREA ( #1318 ) ;
#3250 = VERTEX_POINT ( 'NONE', #2976 ) ;
#3252 = CARTESIAN_POINT ( 'NONE',  ( -0.3960206117715995289, -0.7642577562424259785, -0.1500000000000000222 ) ) ;
#3251 = DIRECTION ( 'NONE',  ( 1.000000000000000000, 0.000000000000000000, 0.000000000000000000 ) ) ;
#3253 =( GEOMETRIC_REPRESENTATION_CONTEXT ( 3 ) GLOBAL_UNCERTAINTY_ASSIGNED_CONTEXT ( ( #2079 ) ) GLOBAL_UNIT_ASSIGNED_CONTEXT ( ( #4919, #6292, #5615 ) ) REPRESENTATION_CONTEXT ( 'NONE', 'WORKASPACE' ) );
#3254 = CARTESIAN_POINT ( 'NONE',  ( 0.1050845711552298029, -0.9203553172180356512, -0.1489999999999999936 ) ) ;
#3255 = CARTESIAN_POINT ( 'NONE',  ( 0.1163764360009560683, -0.7606742152813954494, -0.1499999999999999389 ) ) ;
#3256 = DIRECTION ( 'NONE',  ( 0.000000000000000000, -0.000000000000000000, 1.000000000000000000 ) ) ;
#3257 = LINE ( 'NONE', #5219, #6444 ) ;
#3258 = VECTOR ( 'NONE', #1333, 1000.000000000000000 ) ;
#3259 = FILL_AREA_STYLE_COLOUR ( '', #2971 ) ;
#3260 = ORIENTED_EDGE ( 'NONE', *, *, #4318, .T. ) ;
#3261 = CARTESIAN_POINT ( 'NONE',  ( 1.477161868811778245, 1.524976628885158281, 0.0001099524505766141802 ) ) ;
#3262 = SURFACE_STYLE_FILL_AREA ( #2442 ) ;
#3263 = EDGE_CURVE ( 'NONE', #6851, #977, #7597, .T. ) ;
#3264 = DIRECTION ( 'NONE',  ( -0.000000000000000000, -0.000000000000000000, -1.000000000000000000 ) ) ;
#3265 = VECTOR ( 'NONE', #5147, 1000.000000000000000 ) ;
#3266 = CARTESIAN_POINT ( 'NONE',  ( -0.2646108140379617724, -0.8556904774821134652, -0.1499999999999999667 ) ) ;
#3267 = AXIS2_PLACEMENT_3D ( 'NONE', #6737, #927, #4740 ) ;
#3268 = LINE ( 'NONE', #3759, #5608 ) ;
#3269 = CARTESIAN_POINT ( 'NONE',  ( 0.09849090634753875084, -0.7374451568368645127, -0.1489999999999999658 ) ) ;
#3270 = ORIENTED_EDGE ( 'NONE', *, *, #3280, .T. ) ;
#3271 = EDGE_CURVE ( 'NONE', #4695, #682, #1780, .T. ) ;
#3272 = CARTESIAN_POINT ( 'NONE',  ( -1.477161868811776912, -1.524976628885157615, 0.0001099524505775662452 ) ) ;
#3273 = FACE_OUTER_BOUND ( 'NONE', #1074, .T. ) ;
#3274 = ORIENTED_EDGE ( 'NONE', *, *, #4780, .F. ) ;
#3275 = DIRECTION ( 'NONE',  ( 1.421904488505579654E-16, -1.000000000000000000, 0.000000000000000000 ) ) ;
#3276 = DIRECTION ( 'NONE',  ( -0.000000000000000000, 0.000000000000000000, 1.000000000000000000 ) ) ;
#3277 = CARTESIAN_POINT ( 'NONE',  ( -1.574999999999999512, -1.524999999999999689, -0.1499999999999999944 ) ) ;
#3278 = MECHANICAL_DESIGN_GEOMETRIC_PRESENTATION_REPRESENTATION (  '', ( #5862 ), #6669 ) ;
#3279 = CARTESIAN_POINT ( 'NONE',  ( 0.05375072969181514393, -0.7453553172180356068, -0.1499999999999999944 ) ) ;
#3280 = EDGE_CURVE ( 'NONE', #4006, #2727, #1687, .T. ) ;
#3281 = CARTESIAN_POINT ( 'NONE',  ( -0.2925907337228190741, -0.8373522684375478420, -0.1489999999999999936 ) ) ;
#3282 = EDGE_CURVE ( 'NONE', #158, #5482, #3694, .T. ) ;
#3283 = CARTESIAN_POINT ( 'NONE',  ( -0.01210292884477019541, -0.9179162928277918576, -0.1499999999999999944 ) ) ;
#3284 = DIRECTION ( 'NONE',  ( -1.000000000000000000, 0.000000000000000000, 0.000000000000000000 ) ) ;
#3285 = CARTESIAN_POINT ( 'NONE',  ( 0.000000000000000000, 0.000000000000000000, -0.1489999999999999936 ) ) ;
#3286 = ORIENTED_EDGE ( 'NONE', *, *, #7398, .F. ) ;
#3287 = LINE ( 'NONE', #7124, #7489 ) ;
#3288 = VERTEX_POINT ( 'NONE', #4890 ) ;
#3289 = CARTESIAN_POINT ( 'NONE',  ( -1.574999999999999512, -1.424999999999999378, 0.000000000000000000 ) ) ;
#3290 = UNCERTAINTY_MEASURE_WITH_UNIT (LENGTH_MEASURE( 1.000000000000000082E-05 ), #6350, 'distance_accuracy_value', 'NONE');
#3291 = CARTESIAN_POINT ( 'NONE',  ( 0.1219026759160977691, -0.7390869939063677840, -0.1489999999999999380 ) ) ;
#3292 = ADVANCED_FACE ( 'NONE', ( #4250 ), #5671, .T. ) ;
#3293 =( LENGTH_UNIT ( ) NAMED_UNIT ( * ) SI_UNIT ( .MILLI., .METRE. ) );
#3294 = ORIENTED_EDGE ( 'NONE', *, *, #1582, .F. ) ;
#3295 = CARTESIAN_POINT ( 'NONE',  ( 0.4749999999999998113, 1.649999999999990141, 0.002000000000000021726 ) ) ;
#3296 = ORIENTED_EDGE ( 'NONE', *, *, #2014, .F. ) ;
#3297 = AXIS2_PLACEMENT_3D ( 'NONE', #4538, #7708, #2536 ) ;
#3298 = CARTESIAN_POINT ( 'NONE',  ( -0.1973287120089955715, -0.9396625056791249042, -0.1500000000000000222 ) ) ;
#3299 = ORIENTED_EDGE ( 'NONE', *, *, #5272, .F. ) ;
#3300 = SURFACE_STYLE_FILL_AREA ( #8332 ) ;
#3301 = CARTESIAN_POINT ( 'NONE',  ( 0.1754978081479600105, -0.8328966933852514076, -0.1499999999999999667 ) ) ;
#3302 = DIRECTION ( 'NONE',  ( 0.000000000000000000, -1.000000000000000000, 0.000000000000000000 ) ) ;
#3303 = ORIENTED_EDGE ( 'NONE', *, *, #7540, .T. ) ;
#3304 = FACE_OUTER_BOUND ( 'NONE', #3379, .T. ) ;
#3305 = DIRECTION ( 'NONE',  ( 1.000000000000000000, 0.000000000000000000, 0.000000000000000000 ) ) ;
#3306 = CARTESIAN_POINT ( 'NONE',  ( -0.2123591449125524500, -0.9150943927166298453, -0.1499999999999999944 ) ) ;
#3307 = SURFACE_STYLE_USAGE ( .BOTH. , #7109 ) ;
#3308 = DIRECTION ( 'NONE',  ( 0.000000000000000000, 0.000000000000000000, 1.000000000000000000 ) ) ;
#3309 = ORIENTED_EDGE ( 'NONE', *, *, #1164, .F. ) ;
#3310 = DIRECTION ( 'NONE',  ( 1.000000000000000000, 0.000000000000000000, 0.000000000000000000 ) ) ;
#3311 = ORIENTED_EDGE ( 'NONE', *, *, #4469, .T. ) ;
#3312 = CARTESIAN_POINT ( 'NONE',  ( 0.2025312174966932277, -0.8436403781936454571, -0.1489999999999999936 ) ) ;
#3313 =( NAMED_UNIT ( * ) PLANE_ANGLE_UNIT ( ) SI_UNIT ( $, .RADIAN. ) );
#3314 = CARTESIAN_POINT ( 'NONE',  ( 0.1749999999999991562, 1.525000000000000133, -0.1499999999999999944 ) ) ;
#3315 = AXIS2_PLACEMENT_3D ( 'NONE', #4686, #4769, #6046 ) ;
#3316 = CARTESIAN_POINT ( 'NONE',  ( 0.08729132478420521812, -0.7378857787029592386, -0.1499999999999999667 ) ) ;
#3317 = CARTESIAN_POINT ( 'NONE',  ( -0.2885943342197784811, -0.8695802738013793665, -0.1490000000000000213 ) ) ;
#3318 = SURFACE_STYLE_FILL_AREA ( #7373 ) ;
#3319 = MECHANICAL_DESIGN_GEOMETRIC_PRESENTATION_REPRESENTATION (  '', ( #6156 ), #1701 ) ;
#3320 = CARTESIAN_POINT ( 'NONE',  ( -0.2925907337228190741, -0.8373522684375478420, -0.1489999999999999936 ) ) ;
#3321 =( NAMED_UNIT ( * ) SI_UNIT ( $, .STERADIAN. ) SOLID_ANGLE_UNIT ( ) );
#3322 = ORIENTED_EDGE ( 'NONE', *, *, #6080, .T. ) ;
#3323 = PRESENTATION_LAYER_ASSIGNMENT (  '', '', ( #6996 ) ) ;
#3324 = CARTESIAN_POINT ( 'NONE',  ( 1.574999999999999956, 1.525000000000000133, -0.1499999999999999944 ) ) ;
#3325 =( NAMED_UNIT ( * ) PLANE_ANGLE_UNIT ( ) SI_UNIT ( $, .RADIAN. ) );
#3326 =( GEOMETRIC_REPRESENTATION_CONTEXT ( 3 ) GLOBAL_UNCERTAINTY_ASSIGNED_CONTEXT ( ( #2988 ) ) GLOBAL_UNIT_ASSIGNED_CONTEXT ( ( #925, #6056, #8066 ) ) REPRESENTATION_CONTEXT ( 'NONE', 'WORKASPACE' ) );
#3327 = EDGE_LOOP ( 'NONE', ( #4865, #7186, #796, #2749, #4513, #579 ) ) ;
#3328 = ADVANCED_FACE ( 'NONE', ( #6302 ), #1735, .T. ) ;
#3329 = CARTESIAN_POINT ( 'NONE',  ( -0.3555861605520873048, -0.8837699513643770821, -0.1489999999999999936 ) ) ;
#3330 = CARTESIAN_POINT ( 'NONE',  ( -1.125000000000000888, 1.649999999999999689, 0.002000000000000021726 ) ) ;
#3331 = ORIENTED_EDGE ( 'NONE', *, *, #4863, .T. ) ;
#3332 = CARTESIAN_POINT ( 'NONE',  ( -0.01210292884477019541, -0.7618187318521819629, -0.1489999999999999936 ) ) ;
#3333 = ORIENTED_EDGE ( 'NONE', *, *, #169, .T. ) ;
#3334 = VERTEX_POINT ( 'NONE', #5800 ) ;
#3335 = VECTOR ( 'NONE', #8228, 1000.000000000000000 ) ;
#3336 = VECTOR ( 'NONE', #3378, 1000.000000000000000 ) ;
#3337 = EDGE_CURVE ( 'NONE', #918, #1862, #3287, .T. ) ;
#3338 = UNCERTAINTY_MEASURE_WITH_UNIT (LENGTH_MEASURE( 1.000000000000000082E-05 ), #3716, 'distance_accuracy_value', 'NONE');
#3339 = CARTESIAN_POINT ( 'NONE',  ( -0.1859977459179409376, -0.9398675123399868880, -0.1499999999999999944 ) ) ;
#3340 = AXIS2_PLACEMENT_3D ( 'NONE', #5567, #7579, #1711 ) ;
#3341 = EDGE_CURVE ( 'NONE', #926, #1564, #2551, .T. ) ;
#3342 = CARTESIAN_POINT ( 'NONE',  ( 0.1457725805745978820, -0.9085610940175981032, -0.1489999999999999936 ) ) ;
#3343 = SURFACE_SIDE_STYLE ('',( #5902 ) ) ;
#3344 =( GEOMETRIC_REPRESENTATION_CONTEXT ( 3 ) GLOBAL_UNCERTAINTY_ASSIGNED_CONTEXT ( ( #8142 ) ) GLOBAL_UNIT_ASSIGNED_CONTEXT ( ( #6516, #6423, #3868 ) ) REPRESENTATION_CONTEXT ( 'NONE', 'WORKASPACE' ) );
#3345 = LINE ( 'NONE', #93, #7432 ) ;
#3346 = SURFACE_STYLE_USAGE ( .BOTH. , #4779 ) ;
#3347 = ORIENTED_EDGE ( 'NONE', *, *, #5564, .F. ) ;
#3348 = VECTOR ( 'NONE', #5435, 1000.000000000000000 ) ;
#3349 = UNCERTAINTY_MEASURE_WITH_UNIT (LENGTH_MEASURE( 1.000000000000000082E-05 ), #372, 'distance_accuracy_value', 'NONE');
#3350 = DIRECTION ( 'NONE',  ( 0.000000000000000000, -0.000000000000000000, -1.000000000000000000 ) ) ;
#3351 = DIRECTION ( 'NONE',  ( 1.000000000000000000, 0.000000000000000000, 0.000000000000000000 ) ) ;
#3352 = CARTESIAN_POINT ( 'NONE',  ( 1.125000000000000888, 1.525000000000000133, 0.000000000000000000 ) ) ;
#3353 = VERTEX_POINT ( 'NONE', #5755 ) ;
#3354 = EDGE_CURVE ( 'NONE', #4615, #1362, #1360, .T. ) ;
#3355 = LINE ( 'NONE', #6630, #8114 ) ;
#3356 =( GEOMETRIC_REPRESENTATION_CONTEXT ( 3 ) GLOBAL_UNCERTAINTY_ASSIGNED_CONTEXT ( ( #3861 ) ) GLOBAL_UNIT_ASSIGNED_CONTEXT ( ( #8004, #2161, #937 ) ) REPRESENTATION_CONTEXT ( 'NONE', 'WORKASPACE' ) );
#3357 = LINE ( 'NONE', #2751, #5740 ) ;
#3358 = ORIENTED_EDGE ( 'NONE', *, *, #7398, .T. ) ;
#3359 = PRESENTATION_STYLE_ASSIGNMENT (( #6667 ) ) ;
#3360 =( GEOMETRIC_REPRESENTATION_CONTEXT ( 3 ) GLOBAL_UNCERTAINTY_ASSIGNED_CONTEXT ( ( #1951 ) ) GLOBAL_UNIT_ASSIGNED_CONTEXT ( ( #2080, #4660, #7274 ) ) REPRESENTATION_CONTEXT ( 'NONE', 'WORKASPACE' ) );
#3361 =( NAMED_UNIT ( * ) SI_UNIT ( $, .STERADIAN. ) SOLID_ANGLE_UNIT ( ) );
#3362 = CARTESIAN_POINT ( 'NONE',  ( -1.225000000000000089, -0.1000000000000000472, -0.1499999999999999944 ) ) ;
#3363 = PRESENTATION_LAYER_ASSIGNMENT (  '', '', ( #7038 ) ) ;
#3364 = CARTESIAN_POINT ( 'NONE',  ( -0.1907891987202045003, -0.7618773306860007200, -0.1489999999999999936 ) ) ;
#3365 = B_SPLINE_SURFACE_WITH_KNOTS ( 'NONE', 3, 1, ( 
 ( #3254, #6357 ),
 ( #5858, #8374 ),
 ( #636, #2563 ),
 ( #5175, #4570 ),
 ( #7773, #7188 ),
 ( #1960, #4521 ),
 ( #1371, #3926 ),
 ( #2774, #6060 ),
 ( #212, #882 ),
 ( #4130, #6739 ),
 ( #5942, #1501 ) ),
 .UNSPECIFIED., .F., .F., .F.,
 ( 4, 1, 1, 1, 1, 1, 1, 1, 4 ),
 ( 2, 2 ),
 ( 0.000000000000000000, 0.1352946047634289994, 0.2667656579247486004, 0.3948160188358718625, 0.5200516544342449476, 0.6421757029708213826, 0.7626518205584223997, 0.8818340043805015238, 1.000000000000000000 ),
 ( 0.000000000000000000, 1.000000000000000000 ),
 .UNSPECIFIED. ) ;
#3366 = CARTESIAN_POINT ( 'NONE',  ( -0.2380593996698255055, -0.9290982381309643712, -0.1489999999999999936 ) ) ;
#3367 = FILL_AREA_STYLE_COLOUR ( '', #3594 ) ;
#3368 = CARTESIAN_POINT ( 'NONE',  ( -0.2811490005664455949, -0.7886464364104799341, -0.1489999999999999658 ) ) ;
#3369 = CARTESIAN_POINT ( 'NONE',  ( -0.8250000000000002887, 1.525000000000000133, -0.1499999999999999944 ) ) ;
#3370 = ORIENTED_EDGE ( 'NONE', *, *, #3779, .F. ) ;
#3371 = CARTESIAN_POINT ( 'NONE',  ( 0.1730953039380248026, -0.8668537537328506737, -0.1489999999999999936 ) ) ;
#3372 =( LENGTH_UNIT ( ) NAMED_UNIT ( * ) SI_UNIT ( .MILLI., .METRE. ) );
#3373 = ORIENTED_EDGE ( 'NONE', *, *, #8344, .F. ) ;
#3374 =( NAMED_UNIT ( * ) PLANE_ANGLE_UNIT ( ) SI_UNIT ( $, .RADIAN. ) );
#3375 = EDGE_LOOP ( 'NONE', ( #2103, #2300, #8350 ) ) ;
#3376 = PRESENTATION_LAYER_ASSIGNMENT (  '', '', ( #538 ) ) ;
#3377 = ORIENTED_EDGE ( 'NONE', *, *, #3388, .T. ) ;
#3378 = DIRECTION ( 'NONE',  ( 0.000000000000000000, 0.000000000000000000, -1.000000000000000000 ) ) ;
#3379 = EDGE_LOOP ( 'NONE', ( #7183, #5786, #5539, #8102 ) ) ;
#3380 = EDGE_CURVE ( 'NONE', #1461, #6275, #8409, .T. ) ;
#3381 = CARTESIAN_POINT ( 'NONE',  ( 0.07854902453867598777, -0.9391909215912591646, -0.1499999999999999667 ) ) ;
#3382 = MECHANICAL_DESIGN_GEOMETRIC_PRESENTATION_REPRESENTATION (  '', ( #5683 ), #3508 ) ;
#3383 = VERTEX_POINT ( 'NONE', #7082 ) ;
#3384 = SURFACE_STYLE_FILL_AREA ( #2259 ) ;
#3385 = CARTESIAN_POINT ( 'NONE',  ( -0.4750000000000005884, -1.220000000000004414, -0.1499999999999999944 ) ) ;
#3386 = CARTESIAN_POINT ( 'NONE',  ( 0.1237819146373109053, -0.7623528031278501427, -0.1500000000000000222 ) ) ;
#3387 = CARTESIAN_POINT ( 'NONE',  ( -0.2383741083397509508, -0.7500232201381157315, -0.1490000000000000213 ) ) ;
#3388 = EDGE_CURVE ( 'NONE', #1683, #246, #4099, .T. ) ;
#3389 = ORIENTED_EDGE ( 'NONE', *, *, #4149, .F. ) ;
#3390 =( GEOMETRIC_REPRESENTATION_CONTEXT ( 3 ) GLOBAL_UNCERTAINTY_ASSIGNED_CONTEXT ( ( #2322 ) ) GLOBAL_UNIT_ASSIGNED_CONTEXT ( ( #1591, #7332, #6590 ) ) REPRESENTATION_CONTEXT ( 'NONE', 'WORKASPACE' ) );
#3391 = CARTESIAN_POINT ( 'NONE',  ( -1.574574886876660029, 1.525000000000000133, 0.002000000000000021726 ) ) ;
#3392 =( BOUNDED_CURVE ( )  B_SPLINE_CURVE ( 3, ( #3500, #2152, #209, #171 ),
 .UNSPECIFIED., .F., .T. ) 
 B_SPLINE_CURVE_WITH_KNOTS ( ( 4, 4 ),
 ( 3.119972281138416736, 3.141592653589793116 ),
 .UNSPECIFIED. ) 
 CURVE ( )  GEOMETRIC_REPRESENTATION_ITEM ( )  RATIONAL_B_SPLINE_CURVE ( ( 1.000000000000000000, 0.9999610470039286270, 0.9999610470039286270, 1.000000000000000000 ) ) 
 REPRESENTATION_ITEM ( '' )  );
#3393 = CARTESIAN_POINT ( 'NONE',  ( 0.05375072969181514393, -0.7453553172180356068, -0.1489999999999999936 ) ) ;
#3394 = CARTESIAN_POINT ( 'NONE',  ( -0.2607073548009081199, -0.8715579021468821130, -0.1489999999999999936 ) ) ;
#3395 = CARTESIAN_POINT ( 'NONE',  ( -0.2656924422260567575, -0.8410004230798097113, -0.1499999999999999667 ) ) ;
#3396 = EDGE_LOOP ( 'NONE', ( #301, #6775, #7230, #7420 ) ) ;
#3397 = PRESENTATION_LAYER_ASSIGNMENT (  '', '', ( #1920 ) ) ;
#3398 = CARTESIAN_POINT ( 'NONE',  ( -1.084202172485506745E-17, -0.1000000000000002137, -0.1499999999999999944 ) ) ;
#3399 = FACE_OUTER_BOUND ( 'NONE', #6157, .T. ) ;
#3400 = VERTEX_POINT ( 'NONE', #673 ) ;
#3401 = CARTESIAN_POINT ( 'NONE',  ( 1.366487659678485622, 1.316487659678485800, 0.4999999999999998890 ) ) ;
#3402 = STYLED_ITEM ( 'NONE', ( #8283 ), #325 ) ;
#3403 = VECTOR ( 'NONE', #2686, 1000.000000000000000 ) ;
#3404 = EDGE_CURVE ( 'NONE', #8360, #1312, #6054, .T. ) ;
#3405 = CARTESIAN_POINT ( 'NONE',  ( -0.2811531646257120487, -0.8883335658390242306, -0.1490000000000000213 ) ) ;
#3406 =( NAMED_UNIT ( * ) SI_UNIT ( $, .STERADIAN. ) SOLID_ANGLE_UNIT ( ) );
#3407 = CARTESIAN_POINT ( 'NONE',  ( -0.1917300455604792064, -0.7399494107305031321, -0.1489999999999999658 ) ) ;
#3408 = SURFACE_STYLE_USAGE ( .BOTH. , #7978 ) ;
#3409 = EDGE_LOOP ( 'NONE', ( #3001, #7300, #7862, #4693 ) ) ;
#3410 = SURFACE_SIDE_STYLE ('',( #953 ) ) ;
#3411 = FILL_AREA_STYLE ('',( #914 ) ) ;
#3412 = VERTEX_POINT ( 'NONE', #580 ) ;
#3413 = ADVANCED_FACE ( 'NONE', ( #1903 ), #3193, .F. ) ;
#3414 = DIRECTION ( 'NONE',  ( 0.000000000000000000, 0.000000000000000000, -1.000000000000000000 ) ) ;
#3415 = VERTEX_POINT ( 'NONE', #2834 ) ;
#3416 = DIRECTION ( 'NONE',  ( -1.000000000000000000, -1.445602896647337339E-15, 0.000000000000000000 ) ) ;
#3417 = B_SPLINE_CURVE_WITH_KNOTS ( 'NONE', 3,
 ( #7101, #5039, #4400, #1200, #5729, #2525, #5082, #6613, #4648, #170, #4125 ),
 .UNSPECIFIED., .F., .F.,
 ( 4, 1, 1, 1, 1, 1, 1, 1, 4 ),
 ( 0.000000000000000000, 0.1124483899088006972, 0.2265276752126776649, 0.3444019493260284670, 0.4658649724874589504, 0.5916594493521170062, 0.7221684870248874510, 0.8586063875549265756, 1.000000000000000000 ),
 .UNSPECIFIED. ) ;
#3418 = LINE ( 'NONE', #2693, #2369 ) ;
#3419 = VERTEX_POINT ( 'NONE', #4159 ) ;
#3420 = EDGE_CURVE ( 'NONE', #1398, #3668, #3448, .T. ) ;
#3421 = CARTESIAN_POINT ( 'NONE',  ( -1.574574886876659807, -0.09999999999999961697, 0.002000000000000021726 ) ) ;
#3422 = ORIENTED_EDGE ( 'NONE', *, *, #5424, .T. ) ;
#3423 = CARTESIAN_POINT ( 'NONE',  ( 0.1755378701113397277, -0.8506368737793521539, -0.1489999999999999936 ) ) ;
#3424 = DIRECTION ( 'NONE',  ( 1.057758217059041131E-15, 1.000000000000000000, 0.000000000000000000 ) ) ;
#3425 = DIRECTION ( 'NONE',  ( -0.000000000000000000, 0.000000000000000000, 1.000000000000000000 ) ) ;
#3426 =( GEOMETRIC_REPRESENTATION_CONTEXT ( 3 ) GLOBAL_UNCERTAINTY_ASSIGNED_CONTEXT ( ( #7529 ) ) GLOBAL_UNIT_ASSIGNED_CONTEXT ( ( #654, #4583, #5691 ) ) REPRESENTATION_CONTEXT ( 'NONE', 'WORKASPACE' ) );
#3427 = ORIENTED_EDGE ( 'NONE', *, *, #813, .T. ) ;
#3428 = UNCERTAINTY_MEASURE_WITH_UNIT (LENGTH_MEASURE( 1.000000000000000082E-05 ), #1171, 'distance_accuracy_value', 'NONE');
#3429 = CARTESIAN_POINT ( 'NONE',  ( -0.4584443922594044207, -0.9398675123399868880, -0.1489999999999999936 ) ) ;
#3430 = PRESENTATION_LAYER_ASSIGNMENT (  '', '', ( #7111 ) ) ;
#3431 = MECHANICAL_DESIGN_GEOMETRIC_PRESENTATION_REPRESENTATION (  '', ( #734 ), #1146 ) ;
#3432 = EDGE_CURVE ( 'NONE', #3766, #8026, #1485, .T. ) ;
#3433 = SURFACE_STYLE_USAGE ( .BOTH. , #5355 ) ;
#3434 = PLANE ( 'NONE',  #7995 ) ;
#3435 = SURFACE_STYLE_USAGE ( .BOTH. , #5397 ) ;
#3436 = EDGE_LOOP ( 'NONE', ( #2703, #3528, #4235, #8195 ) ) ;
#3437 = LINE ( 'NONE', #3398, #515 ) ;
#3438 = DIRECTION ( 'NONE',  ( 0.000000000000000000, -0.000000000000000000, 1.000000000000000000 ) ) ;
#3439 = VERTEX_POINT ( 'NONE', #2872 ) ;
#3440 = SURFACE_STYLE_FILL_AREA ( #192 ) ;
#3441 = EDGE_CURVE ( 'NONE', #2882, #2610, #1638, .T. ) ;
#3442 = ADVANCED_FACE ( 'NONE', ( #5445 ), #8402, .T. ) ;
#3443 = CARTESIAN_POINT ( 'NONE',  ( -0.2194821513638393062, -0.7664545638740836164, -0.1489999999999999936 ) ) ;
#3444 = CARTESIAN_POINT ( 'NONE',  ( -0.1859977459179409376, -0.9398675123399868880, -0.1489999999999999936 ) ) ;
#3445 = DIRECTION ( 'NONE',  ( -1.000000000000000000, 0.000000000000000000, -0.000000000000000000 ) ) ;
#3446 =( LENGTH_UNIT ( ) NAMED_UNIT ( * ) SI_UNIT ( .MILLI., .METRE. ) );
#3447 = EDGE_LOOP ( 'NONE', ( #6588, #8139, #8042, #952 ) ) ;
#3448 = LINE ( 'NONE', #8099, #1938 ) ;
#3449 = VERTEX_POINT ( 'NONE', #7497 ) ;
#3450 = AXIS2_PLACEMENT_3D ( 'NONE', #6270, #7442, #6823 ) ;
#3451 = CARTESIAN_POINT ( 'NONE',  ( -0.08283463616184341682, -0.8496236099009625287, -0.1499999999999999944 ) ) ;
#3452 = UNCERTAINTY_MEASURE_WITH_UNIT (LENGTH_MEASURE( 1.000000000000000082E-05 ), #1009, 'distance_accuracy_value', 'NONE');
#3453 = CARTESIAN_POINT ( 'NONE',  ( 1.366487659678485844, 1.943014936784324177E-16, 0.4999999999999998890 ) ) ;
#3454 = VECTOR ( 'NONE', #8015, 1000.000000000000000 ) ;
#3455 = SURFACE_STYLE_USAGE ( .BOTH. , #3961 ) ;
#3456 = ORIENTED_EDGE ( 'NONE', *, *, #3404, .F. ) ;
#3457 = MECHANICAL_DESIGN_GEOMETRIC_PRESENTATION_REPRESENTATION (  '', ( #6301 ), #5076 ) ;
#3458 = CARTESIAN_POINT ( 'NONE',  ( -0.4750000000000008105, 1.289999999999999813, 0.002000000000000021726 ) ) ;
#3459 = VERTEX_POINT ( 'NONE', #2961 ) ;
#3460 = COLOUR_RGB ( '',0.2509803921568627416, 0.2509803921568627416, 0.2509803921568627416 ) ;
#3461 = LINE ( 'NONE', #137, #104 ) ;
#3462 = CARTESIAN_POINT ( 'NONE',  ( -1.258894788126833086, -0.9529646039254657808, 0.5999999999999999778 ) ) ;
#3463 =( NAMED_UNIT ( * ) SI_UNIT ( $, .STERADIAN. ) SOLID_ANGLE_UNIT ( ) );
#3464 =( GEOMETRIC_REPRESENTATION_CONTEXT ( 3 ) GLOBAL_UNCERTAINTY_ASSIGNED_CONTEXT ( ( #7629 ) ) GLOBAL_UNIT_ASSIGNED_CONTEXT ( ( #7766, #2470, #1909 ) ) REPRESENTATION_CONTEXT ( 'NONE', 'WORKASPACE' ) );
#3465 = STYLED_ITEM ( 'NONE', ( #593 ), #6288 ) ;
#3467 = SURFACE_SIDE_STYLE ('',( #4101 ) ) ;
#3466 = CARTESIAN_POINT ( 'NONE',  ( 0.1050845711552298029, -0.9203553172180356512, -0.1489999999999999936 ) ) ;
#3468 = VECTOR ( 'NONE', #7630, 1000.000000000000000 ) ;
#3469 = VECTOR ( 'NONE', #6717, 1000.000000000000000 ) ;
#3470 = COLOUR_RGB ( '',0.000000000000000000, 0.000000000000000000, 0.000000000000000000 ) ;
#3471 = ADVANCED_FACE ( 'NONE', ( #3683 ), #7586, .T. ) ;
#3472 = PRESENTATION_STYLE_ASSIGNMENT (( #3433 ) ) ;
#3473 = DIRECTION ( 'NONE',  ( 1.000000000000000000, -0.000000000000000000, -0.000000000000000000 ) ) ;
#3474 = EDGE_LOOP ( 'NONE', ( #3994, #6812, #147, #4587 ) ) ;
#3475 = DIRECTION ( 'NONE',  ( 0.000000000000000000, -1.000000000000000000, 0.000000000000000000 ) ) ;
#3476 = VECTOR ( 'NONE', #8115, 1000.000000000000000 ) ;
#3477 = EDGE_CURVE ( 'NONE', #2519, #5345, #6891, .T. ) ;
#3478 = DIRECTION ( 'NONE',  ( 1.000000000000000000, 0.000000000000000000, 0.000000000000000000 ) ) ;
#3479 = ORIENTED_EDGE ( 'NONE', *, *, #6269, .T. ) ;
#3480 = FACE_OUTER_BOUND ( 'NONE', #6755, .T. ) ;
#3481 = CARTESIAN_POINT ( 'NONE',  ( 0.2025312174966932277, -0.8436403781936454571, -0.1499999999999998834 ) ) ;
#3482 = CARTESIAN_POINT ( 'NONE',  ( 0.1749999999999991562, 1.239999999999999769, -0.1499999999999999944 ) ) ;
#3483 = AXIS2_PLACEMENT_3D ( 'NONE', #6169, #2301, #5585 ) ;
#3484 =( NAMED_UNIT ( * ) PLANE_ANGLE_UNIT ( ) SI_UNIT ( $, .RADIAN. ) );
#3485 = CARTESIAN_POINT ( 'NONE',  ( -0.1879413434789165838, -0.7618187318521819629, -0.1489999999999999936 ) ) ;
#3486 = EDGE_CURVE ( 'NONE', #6977, #3954, #2373, .T. ) ;
#3487 = CARTESIAN_POINT ( 'NONE',  ( -0.2628757092051898780, -0.7662140898597208372, -0.1500000000000000222 ) ) ;
#3488 = DIRECTION ( 'NONE',  ( 1.000000000000000000, -0.000000000000000000, 0.000000000000000000 ) ) ;
#3489 = EDGE_LOOP ( 'NONE', ( #3513, #4963, #6767, #162 ) ) ;
#3490 =( LENGTH_UNIT ( ) NAMED_UNIT ( * ) SI_UNIT ( .MILLI., .METRE. ) );
#3491 = ORIENTED_EDGE ( 'NONE', *, *, #6510, .F. ) ;
#3492 = AXIS2_PLACEMENT_3D ( 'NONE', #5269, #7139, #4571 ) ;
#3493 = DIRECTION ( 'NONE',  ( 1.000000000000000000, 0.000000000000000000, 0.000000000000000000 ) ) ;
#3494 = LINE ( 'NONE', #6049, #8376 ) ;
#3495 = COLOUR_RGB ( '',0.000000000000000000, 0.000000000000000000, 0.000000000000000000 ) ;
#3496 = CARTESIAN_POINT ( 'NONE',  ( -0.3946989640782668229, -0.7683723261973042229, -0.1489999999999999658 ) ) ;
#3497 = LINE ( 'NONE', #3332, #4409 ) ;
#3498 = ORIENTED_EDGE ( 'NONE', *, *, #1150, .T. ) ;
#3499 = CARTESIAN_POINT ( 'NONE',  ( 0.05562740784681299844, -0.9305375086154289432, -0.1499999999999999944 ) ) ;
#3500 = CARTESIAN_POINT ( 'NONE',  ( -1.477161868811776912, -1.524976628885157615, 0.0001099524505775662452 ) ) ;
#3501 = ORIENTED_EDGE ( 'NONE', *, *, #59, .T. ) ;
#3502 = DIRECTION ( 'NONE',  ( -4.609085718773742642E-16, 1.000000000000000000, 2.168404344971007685E-15 ) ) ;
#3503 = MECHANICAL_DESIGN_GEOMETRIC_PRESENTATION_REPRESENTATION (  '', ( #4988 ), #2026 ) ;
#3504 = DIRECTION ( 'NONE',  ( 0.000000000000000000, -1.000000000000000000, 0.000000000000000000 ) ) ;
#3505 = ADVANCED_FACE ( 'NONE', ( #5661 ), #6940, .T. ) ;
#3506 = SURFACE_SIDE_STYLE ('',( #4895 ) ) ;
#3507 = PLANE ( 'NONE',  #94 ) ;
#3508 =( GEOMETRIC_REPRESENTATION_CONTEXT ( 3 ) GLOBAL_UNCERTAINTY_ASSIGNED_CONTEXT ( ( #919 ) ) GLOBAL_UNIT_ASSIGNED_CONTEXT ( ( #5546, #4809, #6135 ) ) REPRESENTATION_CONTEXT ( 'NONE', 'WORKASPACE' ) );
#3509 = CARTESIAN_POINT ( 'NONE',  ( -0.08771268494233119828, -0.7398675123399868214, -0.1489999999999999936 ) ) ;
#3510 = CARTESIAN_POINT ( 'NONE',  ( 0.1633127276646057779, -0.9272474495678025841, -0.1499999999999999944 ) ) ;
#3511 = CARTESIAN_POINT ( 'NONE',  ( -0.4750000000000008105, 1.649999999999995248, 0.002000000000000021726 ) ) ;
#3512 = CARTESIAN_POINT ( 'NONE',  ( 0.2022736403456820709, -0.8321340056579684674, -0.1499999999999999389 ) ) ;
#3513 = ORIENTED_EDGE ( 'NONE', *, *, #5930, .F. ) ;
#3514 =( NAMED_UNIT ( * ) PLANE_ANGLE_UNIT ( ) SI_UNIT ( $, .RADIAN. ) );
#3515 = EDGE_CURVE ( 'NONE', #7470, #7161, #2674, .T. ) ;
#3516 = FILL_AREA_STYLE_COLOUR ( '', #833 ) ;
#3517 = ORIENTED_EDGE ( 'NONE', *, *, #514, .T. ) ;
#3518 = FACE_OUTER_BOUND ( 'NONE', #7910, .T. ) ;
#3519 = CARTESIAN_POINT ( 'NONE',  ( 0.2010785554530200581, -0.8647041250415148372, -0.1499999999999999112 ) ) ;
#3520 = CARTESIAN_POINT ( 'NONE',  ( -0.4750000000000008105, 1.525000000000000133, 0.000000000000000000 ) ) ;
#3521 = VECTOR ( 'NONE', #1253, 1000.000000000000000 ) ;
#3522 = EDGE_CURVE ( 'NONE', #3157, #7280, #698, .T. ) ;
#3523 = FACE_OUTER_BOUND ( 'NONE', #203, .T. ) ;
#3524 = FILL_AREA_STYLE ('',( #6837 ) ) ;
#3525 = ORIENTED_EDGE ( 'NONE', *, *, #6421, .F. ) ;
#3526 = VECTOR ( 'NONE', #8260, 1000.000000000000000 ) ;
#3527 = DIRECTION ( 'NONE',  ( -0.000000000000000000, 1.000000000000000000, 0.000000000000000000 ) ) ;
#3528 = ORIENTED_EDGE ( 'NONE', *, *, #6702, .T. ) ;
#3529 = UNCERTAINTY_MEASURE_WITH_UNIT (LENGTH_MEASURE( 1.000000000000000082E-05 ), #3221, 'distance_accuracy_value', 'NONE');
#3530 = EDGE_CURVE ( 'NONE', #5341, #4930, #737, .T. ) ;
#3531 =( LENGTH_UNIT ( ) NAMED_UNIT ( * ) SI_UNIT ( .MILLI., .METRE. ) );
#3532 = CARTESIAN_POINT ( 'NONE',  ( -0.3953727459179409709, -0.7642577562424258675, -0.1489999999999999936 ) ) ;
#3533 = AXIS2_PLACEMENT_3D ( 'NONE', #4081, #1565, #271 ) ;
#3534 = DIRECTION ( 'NONE',  ( 1.000000000000000000, -0.000000000000000000, -0.000000000000000000 ) ) ;
#3535 = ORIENTED_EDGE ( 'NONE', *, *, #1331, .F. ) ;
#3536 = DIRECTION ( 'NONE',  ( -1.000000000000000000, -0.000000000000000000, -0.000000000000000000 ) ) ;
#3537 = DIRECTION ( 'NONE',  ( -0.000000000000000000, 0.000000000000000000, 1.000000000000000000 ) ) ;
#3538 = ORIENTED_EDGE ( 'NONE', *, *, #7000, .T. ) ;
#3539 =( NAMED_UNIT ( * ) PLANE_ANGLE_UNIT ( ) SI_UNIT ( $, .RADIAN. ) );
#3540 = CARTESIAN_POINT ( 'NONE',  ( -0.3828346361618434335, -0.7398675123399868214, -0.1489999999999999936 ) ) ;
#3541 = ADVANCED_FACE ( 'NONE', ( #7025 ), #608, .T. ) ;
#3542 =( NAMED_UNIT ( * ) PLANE_ANGLE_UNIT ( ) SI_UNIT ( $, .RADIAN. ) );
#3543 = CARTESIAN_POINT ( 'NONE',  ( 1.125000000000001110, 1.649999999999999467, 0.002000000000000021726 ) ) ;
#3544 =( LENGTH_UNIT ( ) NAMED_UNIT ( * ) SI_UNIT ( .MILLI., .METRE. ) );
#3546 =( NAMED_UNIT ( * ) SI_UNIT ( $, .STERADIAN. ) SOLID_ANGLE_UNIT ( ) );
#3545 = DIRECTION ( 'NONE',  ( -1.000000000000000000, 1.445602896647335761E-15, 0.000000000000000000 ) ) ;
#3547 = SURFACE_SIDE_STYLE ('',( #2943 ) ) ;
#3548 = SURFACE_SIDE_STYLE ('',( #295 ) ) ;
#3549 = AXIS2_PLACEMENT_3D ( 'NONE', #6449, #7015, #2611 ) ;
#3550 = LINE ( 'NONE', #296, #2902 ) ;
#3551 = ORIENTED_EDGE ( 'NONE', *, *, #2276, .F. ) ;
#3552 = LINE ( 'NONE', #2859, #5656 ) ;
#3553 = ORIENTED_EDGE ( 'NONE', *, *, #5893, .F. ) ;
#3554 = CARTESIAN_POINT ( 'NONE',  ( -1.225000000000000089, 0.09999999999999993616, -0.1499999999999999944 ) ) ;
#3555 = FILL_AREA_STYLE_COLOUR ( '', #7235 ) ;
#3556 = COLOUR_RGB ( '',1.000000000000000000, 1.000000000000000000, 1.000000000000000000 ) ;
#3557 = CARTESIAN_POINT ( 'NONE',  ( -1.125000000000000222, -1.524999999999999689, -0.1499999999999999944 ) ) ;
#3558 = SURFACE_STYLE_USAGE ( .BOTH. , #5481 ) ;
#3559 = ORIENTED_EDGE ( 'NONE', *, *, #6738, .T. ) ;
#3560 = CARTESIAN_POINT ( 'NONE',  ( 0.1076539061574731948, -0.9202890976012588764, -0.1489999999999999658 ) ) ;
#3561 = DIRECTION ( 'NONE',  ( 1.000000000000000000, 0.000000000000000000, 0.000000000000000000 ) ) ;
#3562 = ORIENTED_EDGE ( 'NONE', *, *, #7415, .F. ) ;
#3563 = CARTESIAN_POINT ( 'NONE',  ( -0.1859977459179409376, -0.9398675123399868880, -0.1489999999999999936 ) ) ;
#3564 =( GEOMETRIC_REPRESENTATION_CONTEXT ( 3 ) GLOBAL_UNCERTAINTY_ASSIGNED_CONTEXT ( ( #7954 ) ) GLOBAL_UNIT_ASSIGNED_CONTEXT ( ( #1063, #4180, #3546 ) ) REPRESENTATION_CONTEXT ( 'NONE', 'WORKASPACE' ) );
#3565 = CARTESIAN_POINT ( 'NONE',  ( -1.366487659678485178, -1.397466062997985814, 0.5999999999999999778 ) ) ;
#3566 = CARTESIAN_POINT ( 'NONE',  ( -0.3931272383188775810, -0.7754000839334228568, -0.1490000000000000491 ) ) ;
#3567 = ORIENTED_EDGE ( 'NONE', *, *, #446, .F. ) ;
#3568 = EDGE_LOOP ( 'NONE', ( #7507, #760, #7236, #3501, #4310, #2986, #4009 ) ) ;
#3569 = FILL_AREA_STYLE ('',( #8111 ) ) ;
#3570 = FACE_OUTER_BOUND ( 'NONE', #1275, .T. ) ;
#3571 = EDGE_CURVE ( 'NONE', #2149, #522, #5149, .T. ) ;
#3572 = PRESENTATION_LAYER_ASSIGNMENT (  '', '', ( #7952 ) ) ;
#3573 = CARTESIAN_POINT ( 'NONE',  ( -1.574574886876659807, 0.1000000000000007550, 0.002000000000000021726 ) ) ;
#3574 = CARTESIAN_POINT ( 'NONE',  ( -0.1750000000000018763, 1.851076879853341849E-16, -0.1499999999999999944 ) ) ;
#3575 = PRESENTATION_LAYER_ASSIGNMENT (  '', '', ( #4535 ) ) ;
#3576 = DIRECTION ( 'NONE',  ( 0.3393303772748784142, 0.9406672605435402179, 0.000000000000000000 ) ) ;
#3577 = LINE ( 'NONE', #6309, #623 ) ;
#3578 = VERTEX_POINT ( 'NONE', #5917 ) ;
#3579 = EDGE_CURVE ( 'NONE', #2240, #5448, #1213, .T. ) ;
#3580 = MECHANICAL_DESIGN_GEOMETRIC_PRESENTATION_REPRESENTATION (  '', ( #7278 ), #1023 ) ;
#3581 = EDGE_CURVE ( 'NONE', #237, #5339, #3767, .T. ) ;
#3582 = COLOUR_RGB ( '',0.2509803921568627416, 0.2509803921568627416, 0.2509803921568627416 ) ;
#3584 = DIRECTION ( 'NONE',  ( 0.000000000000000000, -1.000000000000000000, 0.000000000000000000 ) ) ;
#3583 = PLANE ( 'NONE',  #795 ) ;
#3585 = VECTOR ( 'NONE', #1778, 1000.000000000000000 ) ;
#3586 =( NAMED_UNIT ( * ) SI_UNIT ( $, .STERADIAN. ) SOLID_ANGLE_UNIT ( ) );
#3587 = VECTOR ( 'NONE', #4087, 1000.000000000000000 ) ;
#3588 = CARTESIAN_POINT ( 'NONE',  ( 0.1412201469392447839, -0.7445292267768455208, -0.1499999999999999389 ) ) ;
#3589 = ORIENTED_EDGE ( 'NONE', *, *, #6207, .T. ) ;
#3590 = LINE ( 'NONE', #3631, #2661 ) ;
#3591 = CARTESIAN_POINT ( 'NONE',  ( 1.575000000000000178, 1.425720693118509796, 2.164252064214227522E-16 ) ) ;
#3592 = ORIENTED_EDGE ( 'NONE', *, *, #6363, .T. ) ;
#3593 = VECTOR ( 'NONE', #1055, 1000.000000000000000 ) ;
#3594 = COLOUR_RGB ( '',0.000000000000000000, 0.000000000000000000, 0.000000000000000000 ) ;
#3595 = AXIS2_PLACEMENT_3D ( 'NONE', #2478, #5079, #7695 ) ;
#3596 = CARTESIAN_POINT ( 'NONE',  ( -0.09259073372281902137, -0.9398675123399868880, -0.1499999999999999944 ) ) ;
#3597 = SURFACE_STYLE_FILL_AREA ( #481 ) ;
#3598 = LINE ( 'NONE', #6883, #467 ) ;
#3599 = CARTESIAN_POINT ( 'NONE',  ( -0.3953727459179409709, -0.7642577562424258675, -0.1489999999999999936 ) ) ;
#3600 = VECTOR ( 'NONE', #3576, 1000.000000000000227 ) ;
#3601 = CARTESIAN_POINT ( 'NONE',  ( -1.574999999999999512, -1.524999999999999689, -0.1499999999999999944 ) ) ;
#3602 = LINE ( 'NONE', #6199, #5570 ) ;
#3603 = ORIENTED_EDGE ( 'NONE', *, *, #5154, .T. ) ;
#3604 = CARTESIAN_POINT ( 'NONE',  ( 0.1336742004118508520, -0.9151947395600343871, -0.1500000000000000500 ) ) ;
#3605 = CARTESIAN_POINT ( 'NONE',  ( 0.2196043882284005599, -0.9179162928277918576, -0.1489999999999999936 ) ) ;
#3606 = CARTESIAN_POINT ( 'NONE',  ( 0.1270655966013796989, -0.9175197045986550615, -0.1499999999999999389 ) ) ;
#3607 =( NAMED_UNIT ( * ) PLANE_ANGLE_UNIT ( ) SI_UNIT ( $, .RADIAN. ) );
#3608 = STYLED_ITEM ( 'NONE', ( #6751 ), #7824 ) ;
#3609 = CARTESIAN_POINT ( 'NONE',  ( 1.649999999999999911, -0.1000000000000002137, -0.1599999999999999756 ) ) ;
#3610 = CARTESIAN_POINT ( 'NONE',  ( -0.1957284605752805107, -0.9177240719425094895, -0.1489999999999999936 ) ) ;
#3611 =( LENGTH_UNIT ( ) NAMED_UNIT ( * ) SI_UNIT ( .MILLI., .METRE. ) );
#3612 = LINE ( 'NONE', #2266, #7554 ) ;
#3613 = ORIENTED_EDGE ( 'NONE', *, *, #7164, .T. ) ;
#3614 = AXIS2_PLACEMENT_3D ( 'NONE', #3144, #5061, #5887 ) ;
#3615 = DIRECTION ( 'NONE',  ( -0.000000000000000000, -0.000000000000000000, -1.000000000000000000 ) ) ;
#3616 = ORIENTED_EDGE ( 'NONE', *, *, #4411, .F. ) ;
#3617 =( NAMED_UNIT ( * ) SI_UNIT ( $, .STERADIAN. ) SOLID_ANGLE_UNIT ( ) );
#3618 = EDGE_CURVE ( 'NONE', #5311, #8360, #7794, .T. ) ;
#3619 = VECTOR ( 'NONE', #4392, 1000.000000000000000 ) ;
#3620 = CARTESIAN_POINT ( 'NONE',  ( -0.3555861605520873048, -0.8837699513643770821, -0.1489999999999999936 ) ) ;
#3621 = ORIENTED_EDGE ( 'NONE', *, *, #6815, .F. ) ;
#3622 = MECHANICAL_DESIGN_GEOMETRIC_PRESENTATION_REPRESENTATION (  '', ( #6626 ), #2815 ) ;
#3624 = SURFACE_STYLE_FILL_AREA ( #2235 ) ;
#3623 = DIRECTION ( 'NONE',  ( 1.000000000000000000, 0.000000000000000000, 0.000000000000000000 ) ) ;
#3625 = DIRECTION ( 'NONE',  ( 1.000000000000000000, -1.445602896647335958E-15, 0.000000000000000000 ) ) ;
#3626 = COLOUR_RGB ( '',1.000000000000000000, 1.000000000000000000, 1.000000000000000000 ) ;
#3627 = EDGE_CURVE ( 'NONE', #3192, #6949, #2497, .T. ) ;
#3628 = ORIENTED_EDGE ( 'NONE', *, *, #4486, .F. ) ;
#3629 = CARTESIAN_POINT ( 'NONE',  ( 0.1317930986722943287, -0.7413617742039011471, -0.1499999999999999389 ) ) ;
#3630 = ORIENTED_EDGE ( 'NONE', *, *, #1438, .F. ) ;
#3631 = CARTESIAN_POINT ( 'NONE',  ( 1.575000000000000400, -1.424999999999999378, -0.1499999999999999944 ) ) ;
#3632 = FACE_OUTER_BOUND ( 'NONE', #6112, .T. ) ;
#3633 = ORIENTED_EDGE ( 'NONE', *, *, #5360, .T. ) ;
#3634 = SURFACE_STYLE_FILL_AREA ( #6928 ) ;
#3635 = SURFACE_SIDE_STYLE ('',( #3093 ) ) ;
#3636 =( LENGTH_UNIT ( ) NAMED_UNIT ( * ) SI_UNIT ( .MILLI., .METRE. ) );
#3637 = LINE ( 'NONE', #6117, #5508 ) ;
#3638 = FILL_AREA_STYLE_COLOUR ( '', #7775 ) ;
#3639 = ORIENTED_EDGE ( 'NONE', *, *, #1869, .T. ) ;
#3640 = EDGE_CURVE ( 'NONE', #2767, #2181, #7711, .T. ) ;
#3641 = CARTESIAN_POINT ( 'NONE',  ( 0.1126978213220321268, -0.9201591004895708359, -0.1490000000000000213 ) ) ;
#3642 =( NAMED_UNIT ( * ) PLANE_ANGLE_UNIT ( ) SI_UNIT ( $, .RADIAN. ) );
#3643 = DIRECTION ( 'NONE',  ( 0.000000000000000000, 0.000000000000000000, 1.000000000000000000 ) ) ;
#3644 = VECTOR ( 'NONE', #7574, 1000.000000000000000 ) ;
#3645 = SURFACE_STYLE_FILL_AREA ( #4923 ) ;
#3646 = CARTESIAN_POINT ( 'NONE',  ( -1.574999999999999512, 0.1000000000000002554, 1.247019935019541967E-15 ) ) ;
#3647 = FILL_AREA_STYLE_COLOUR ( '', #3988 ) ;
#3648 = FILL_AREA_STYLE_COLOUR ( '', #2245 ) ;
#3649 = STYLED_ITEM ( 'NONE', ( #8009 ), #2936 ) ;
#3650 = FACE_OUTER_BOUND ( 'NONE', #1646, .T. ) ;
#3651 = FILL_AREA_STYLE ('',( #4248 ) ) ;
#3652 = ORIENTED_EDGE ( 'NONE', *, *, #8056, .F. ) ;
#3653 = EDGE_CURVE ( 'NONE', #1532, #3383, #4671, .T. ) ;
#3654 = SURFACE_SIDE_STYLE ('',( #5711 ) ) ;
#3655 = CARTESIAN_POINT ( 'NONE',  ( 0.1050845711552298029, -0.9203553172180356512, -0.1489999999999999936 ) ) ;
#3656 = CARTESIAN_POINT ( 'NONE',  ( 0.06462429391466235906, -0.7665291102173069637, -0.1489999999999999658 ) ) ;
#3657 =( GEOMETRIC_REPRESENTATION_CONTEXT ( 3 ) GLOBAL_UNCERTAINTY_ASSIGNED_CONTEXT ( ( #4517 ) ) GLOBAL_UNIT_ASSIGNED_CONTEXT ( ( #1848, #6508, #20 ) ) REPRESENTATION_CONTEXT ( 'NONE', 'WORKASPACE' ) );
#3658 = DIRECTION ( 'NONE',  ( -0.2035585949527793093, -0.2035585949527793370, -0.9576678948579725459 ) ) ;
#3659 =( LENGTH_UNIT ( ) NAMED_UNIT ( * ) SI_UNIT ( .MILLI., .METRE. ) );
#3660 = CARTESIAN_POINT ( 'NONE',  ( -0.1750000000000001277, -1.650000000000003908, 0.002000000000000021726 ) ) ;
#3661 = VERTEX_POINT ( 'NONE', #2093 ) ;
#3662 = VECTOR ( 'NONE', #7538, 1000.000000000000000 ) ;
#3664 = CARTESIAN_POINT ( 'NONE',  ( -0.8250000000000000666, -1.649999999999999245, 0.002000000000000021726 ) ) ;
#3663 = CARTESIAN_POINT ( 'NONE',  ( -0.1584443922594044318, -0.7618187318521819629, -0.1500000000000004940 ) ) ;
#3665 = SURFACE_STYLE_FILL_AREA ( #1065 ) ;
#3666 = SURFACE_STYLE_FILL_AREA ( #2401 ) ;
#3667 = SURFACE_STYLE_FILL_AREA ( #1110 ) ;
#3668 = VERTEX_POINT ( 'NONE', #7883 ) ;
#3669 = VERTEX_POINT ( 'NONE', #868 ) ;
#3670 = DIRECTION ( 'NONE',  ( 0.000000000000000000, -0.000000000000000000, 1.000000000000000000 ) ) ;
#3671 = SURFACE_SIDE_STYLE ('',( #5475 ) ) ;
#3672 = VECTOR ( 'NONE', #1885, 1000.000000000000000 ) ;
#3673 = DIRECTION ( 'NONE',  ( 1.000000000000000000, 0.000000000000000000, 0.000000000000000000 ) ) ;
#3674 = CARTESIAN_POINT ( 'NONE',  ( -0.3364931727472093015, -0.9398675123399868880, -0.1489999999999999936 ) ) ;
#3675 = PRESENTATION_STYLE_ASSIGNMENT (( #5655 ) ) ;
#3676 = SURFACE_SIDE_STYLE ('',( #1248 ) ) ;
#3677 = COLOUR_RGB ( '',0.2509803921568627416, 0.2509803921568627416, 0.2509803921568627416 ) ;
#3678 = ADVANCED_BREP_SHAPE_REPRESENTATION ( 'POWERVDFN-8_L3.2-W3.1-P0.65-LS3.3-BL-1', ( #5870, #50 ), #2327 ) ;
#3679 = FILL_AREA_STYLE ('',( #1123 ) ) ;
#3680 = CARTESIAN_POINT ( 'NONE',  ( 1.575000000000000178, 0.1000000000000000472, -0.1499999999999999944 ) ) ;
#3681 = VERTEX_POINT ( 'NONE', #6710 ) ;
#3682 = EDGE_CURVE ( 'NONE', #5877, #2201, #6633, .T. ) ;
#3683 = FACE_OUTER_BOUND ( 'NONE', #1325, .T. ) ;
#3684 = CARTESIAN_POINT ( 'NONE',  ( 0.1648620253435460203, -0.8877288293548090126, -0.1499999999999999667 ) ) ;
#3685 = FACE_OUTER_BOUND ( 'NONE', #3180, .T. ) ;
#3686 = EDGE_CURVE ( 'NONE', #8373, #621, #2167, .T. ) ;
#3687 = UNCERTAINTY_MEASURE_WITH_UNIT (LENGTH_MEASURE( 1.000000000000000082E-05 ), #4667, 'distance_accuracy_value', 'NONE');
#3688 = CARTESIAN_POINT ( 'NONE',  ( -0.2698553643168825622, -0.7730817207572892036, -0.1499999999999999944 ) ) ;
#3689 =( LENGTH_UNIT ( ) NAMED_UNIT ( * ) SI_UNIT ( .MILLI., .METRE. ) );
#3690 = SURFACE_STYLE_USAGE ( .BOTH. , #8145 ) ;
#3691 = DIRECTION ( 'NONE',  ( 1.000000000000000000, 0.000000000000000000, 0.000000000000000000 ) ) ;
#3692 =( NAMED_UNIT ( * ) PLANE_ANGLE_UNIT ( ) SI_UNIT ( $, .RADIAN. ) );
#3693 = EDGE_LOOP ( 'NONE', ( #190, #7710, #8183, #710 ) ) ;
#3694 = LINE ( 'NONE', #6347, #1931 ) ;
#3695 = DIRECTION ( 'NONE',  ( 0.000000000000000000, 1.000000000000000000, 0.000000000000000000 ) ) ;
#3696 = CARTESIAN_POINT ( 'NONE',  ( 0.1005876199357175760, -0.7593797074619381693, -0.1489999999999999936 ) ) ;
#3697 = DIRECTION ( 'NONE',  ( -0.000000000000000000, -1.000000000000000000, -0.000000000000000000 ) ) ;
#3698 = EDGE_CURVE ( 'NONE', #1835, #621, #2754, .T. ) ;
#3699 = PRESENTATION_STYLE_ASSIGNMENT (( #6263 ) ) ;
#3700 = ORIENTED_EDGE ( 'NONE', *, *, #1582, .T. ) ;
#3701 = CARTESIAN_POINT ( 'NONE',  ( -0.2698756426051533430, -0.9047325862632161764, -0.1490000000000000491 ) ) ;
#3702 = STYLED_ITEM ( 'NONE', ( #4240 ), #5611 ) ;
#3703 = CARTESIAN_POINT ( 'NONE',  ( -1.574999999999999956, 1.525000000000000133, 0.000000000000000000 ) ) ;
#3704 =( NAMED_UNIT ( * ) SI_UNIT ( $, .STERADIAN. ) SOLID_ANGLE_UNIT ( ) );
#3705 = ORIENTED_EDGE ( 'NONE', *, *, #7393, .F. ) ;
#3706 = CARTESIAN_POINT ( 'NONE',  ( -0.3960206117715995289, -0.7642577562424259785, -0.1500000000000000222 ) ) ;
#3707 = CARTESIAN_POINT ( 'NONE',  ( -0.1907891987202045003, -0.7618773306860007200, -0.1489999999999999936 ) ) ;
#3708 = ORIENTED_EDGE ( 'NONE', *, *, #378, .T. ) ;
#3709 = FACE_OUTER_BOUND ( 'NONE', #3327, .T. ) ;
#3710 =( GEOMETRIC_REPRESENTATION_CONTEXT ( 3 ) GLOBAL_UNCERTAINTY_ASSIGNED_CONTEXT ( ( #4641 ) ) GLOBAL_UNIT_ASSIGNED_CONTEXT ( ( #4592, #2586, #117 ) ) REPRESENTATION_CONTEXT ( 'NONE', 'WORKASPACE' ) );
#3711 =( NAMED_UNIT ( * ) PLANE_ANGLE_UNIT ( ) SI_UNIT ( $, .RADIAN. ) );
#3712 = ORIENTED_EDGE ( 'NONE', *, *, #1933, .T. ) ;
#3713 = EDGE_CURVE ( 'NONE', #1014, #836, #8047, .T. ) ;
#3714 = STYLED_ITEM ( 'NONE', ( #5981 ), #6712 ) ;
#3715 =( LENGTH_UNIT ( ) NAMED_UNIT ( * ) SI_UNIT ( .MILLI., .METRE. ) );
#3716 =( LENGTH_UNIT ( ) NAMED_UNIT ( * ) SI_UNIT ( .MILLI., .METRE. ) );
#3717 = EDGE_CURVE ( 'NONE', #7240, #6851, #2830, .T. ) ;
#3718 = PRESENTATION_LAYER_ASSIGNMENT (  '', '', ( #7421 ) ) ;
#3719 = VECTOR ( 'NONE', #1953, 1000.000000000000000 ) ;
#3720 = PRESENTATION_STYLE_ASSIGNMENT (( #5006 ) ) ;
#3721 = CARTESIAN_POINT ( 'NONE',  ( -0.4750000000000001443, -1.524999999999999689, 4.304280076940075466E-21 ) ) ;
#3722 = ORIENTED_EDGE ( 'NONE', *, *, #5675, .F. ) ;
#3723 = PRESENTATION_STYLE_ASSIGNMENT (( #4683 ) ) ;
#3724 = VECTOR ( 'NONE', #7946, 1000.000000000000000 ) ;
#3725 =( GEOMETRIC_REPRESENTATION_CONTEXT ( 3 ) GLOBAL_UNCERTAINTY_ASSIGNED_CONTEXT ( ( #5899 ) ) GLOBAL_UNIT_ASSIGNED_CONTEXT ( ( #6835, #983, #3049 ) ) REPRESENTATION_CONTEXT ( 'NONE', 'WORKASPACE' ) );
#3726 = LINE ( 'NONE', #7668, #7273 ) ;
#3727 = MECHANICAL_DESIGN_GEOMETRIC_PRESENTATION_REPRESENTATION (  '', ( #6461 ), #638 ) ;
#3728 = COLOUR_RGB ( '',1.000000000000000000, 1.000000000000000000, 1.000000000000000000 ) ;
#3729 = LINE ( 'NONE', #2299, #1183 ) ;
#3730 = ADVANCED_FACE ( 'NONE', ( #3518 ), #4030, .T. ) ;
#3731 = CARTESIAN_POINT ( 'NONE',  ( -0.3364931727472093015, -0.9398675123399868880, -0.1499999999999999944 ) ) ;
#3732 = CARTESIAN_POINT ( 'NONE',  ( 0.1750000000000000167, -1.650000000000008793, 0.002000000000000021726 ) ) ;
#3733 = CYLINDRICAL_SURFACE ( 'NONE', #6011, 0.1000000000000000472 ) ;
#3734 = ORIENTED_EDGE ( 'NONE', *, *, #4989, .F. ) ;
#3735 = STYLED_ITEM ( 'NONE', ( #3051 ), #7490 ) ;
#3736 = DIRECTION ( 'NONE',  ( 1.000000000000000000, 0.000000000000000000, -0.000000000000000000 ) ) ;
#3737 = LINE ( 'NONE', #6349, #8162 ) ;
#3738 =( NAMED_UNIT ( * ) PLANE_ANGLE_UNIT ( ) SI_UNIT ( $, .RADIAN. ) );
#3739 = FACE_OUTER_BOUND ( 'NONE', #1570, .T. ) ;
#3740 = COLOUR_RGB ( '',0.000000000000000000, 0.000000000000000000, 0.000000000000000000 ) ;
#3741 = DIRECTION ( 'NONE',  ( 0.000000000000000000, 0.000000000000000000, -1.000000000000000000 ) ) ;
#3742 = ORIENTED_EDGE ( 'NONE', *, *, #7393, .T. ) ;
#3743 = FILL_AREA_STYLE ('',( #1791 ) ) ;
#3744 = ADVANCED_FACE ( 'NONE', ( #3480 ), #5993, .T. ) ;
#3745 =( GEOMETRIC_REPRESENTATION_CONTEXT ( 3 ) GLOBAL_UNCERTAINTY_ASSIGNED_CONTEXT ( ( #7797 ) ) GLOBAL_UNIT_ASSIGNED_CONTEXT ( ( #4314, #2991, #3704 ) ) REPRESENTATION_CONTEXT ( 'NONE', 'WORKASPACE' ) );
#3746 = FILL_AREA_STYLE ('',( #1916 ) ) ;
#3747 = CARTESIAN_POINT ( 'NONE',  ( 1.574999999999999956, 1.525000000000000133, 0.000000000000000000 ) ) ;
#3748 = VERTEX_POINT ( 'NONE', #3045 ) ;
#3749 =( NAMED_UNIT ( * ) SI_UNIT ( $, .STERADIAN. ) SOLID_ANGLE_UNIT ( ) );
#3750 = PRESENTATION_LAYER_ASSIGNMENT (  '', '', ( #4305 ) ) ;
#3751 = EDGE_LOOP ( 'NONE', ( #8335, #6639, #4050, #6483 ) ) ;
#3752 = SURFACE_STYLE_FILL_AREA ( #4445 ) ;
#3753 = ORIENTED_EDGE ( 'NONE', *, *, #8344, .T. ) ;
#3754 = UNCERTAINTY_MEASURE_WITH_UNIT (LENGTH_MEASURE( 1.000000000000000082E-05 ), #5588, 'distance_accuracy_value', 'NONE');
#3755 = SURFACE_STYLE_USAGE ( .BOTH. , #8211 ) ;
#3756 = DIRECTION ( 'NONE',  ( 0.000000000000000000, 0.000000000000000000, -1.000000000000000000 ) ) ;
#3757 = COLOUR_RGB ( '',0.000000000000000000, 0.000000000000000000, 0.000000000000000000 ) ;
#3758 = CARTESIAN_POINT ( 'NONE',  ( -0.3939552664367055868, -0.7721421216887484062, -0.1499999999999999667 ) ) ;
#3759 = CARTESIAN_POINT ( 'NONE',  ( 1.124999999999999778, -1.524999999999999689, 0.000000000000000000 ) ) ;
#3760 = CARTESIAN_POINT ( 'NONE',  ( -0.4750000000000005884, -1.220000000000004414, 0.002000000000000021726 ) ) ;
#3761 = EDGE_CURVE ( 'NONE', #7652, #685, #4825, .T. ) ;
#3762 =( NAMED_UNIT ( * ) SI_UNIT ( $, .STERADIAN. ) SOLID_ANGLE_UNIT ( ) );
#3763 = VECTOR ( 'NONE', #5277, 1000.000000000000000 ) ;
#3764 = PRESENTATION_STYLE_ASSIGNMENT (( #1847 ) ) ;
#3765 = FACE_OUTER_BOUND ( 'NONE', #2771, .T. ) ;
#3766 = VERTEX_POINT ( 'NONE', #6880 ) ;
#3767 = LINE ( 'NONE', #3859, #2170 ) ;
#3768 =( LENGTH_UNIT ( ) NAMED_UNIT ( * ) SI_UNIT ( .MILLI., .METRE. ) );
#3769 = CARTESIAN_POINT ( 'NONE',  ( 0.1457725805745978820, -0.9085610940175981032, -0.1499999999999999944 ) ) ;
#3770 = DIRECTION ( 'NONE',  ( 0.000000000000000000, 1.000000000000000000, 0.000000000000000000 ) ) ;
#3771 = FILL_AREA_STYLE ('',( #7589 ) ) ;
#3772 = SURFACE_STYLE_FILL_AREA ( #3913 ) ;
#3773 = LINE ( 'NONE', #6382, #4934 ) ;
#3774 =( LENGTH_UNIT ( ) NAMED_UNIT ( * ) SI_UNIT ( .MILLI., .METRE. ) );
#3775 = ORIENTED_EDGE ( 'NONE', *, *, #3618, .F. ) ;
#3776 = MECHANICAL_DESIGN_GEOMETRIC_PRESENTATION_REPRESENTATION (  '', ( #5305 ), #3390 ) ;
#3777 = CARTESIAN_POINT ( 'NONE',  ( 0.1756326863081213718, -0.8389124404928866019, -0.1489999999999999936 ) ) ;
#3778 = CARTESIAN_POINT ( 'NONE',  ( 0.05375072969181514393, -0.7721845855107185574, -0.1489999999999999936 ) ) ;
#3779 = EDGE_CURVE ( 'NONE', #6189, #6955, #1116, .T. ) ;
#3780 = ADVANCED_FACE ( 'NONE', ( #4956 ), #523, .T. ) ;
#3781 = UNCERTAINTY_MEASURE_WITH_UNIT (LENGTH_MEASURE( 1.000000000000000082E-05 ), #4943, 'distance_accuracy_value', 'NONE');
#3782 =( NAMED_UNIT ( * ) PLANE_ANGLE_UNIT ( ) SI_UNIT ( $, .RADIAN. ) );
#3783 = MECHANICAL_DESIGN_GEOMETRIC_PRESENTATION_REPRESENTATION (  '', ( #4614 ), #6383 ) ;
#3784 = LINE ( 'NONE', #549, #1857 ) ;
#3785 = ORIENTED_EDGE ( 'NONE', *, *, #266, .T. ) ;
#3786 =( NAMED_UNIT ( * ) SI_UNIT ( $, .STERADIAN. ) SOLID_ANGLE_UNIT ( ) );
#3787 = EDGE_LOOP ( 'NONE', ( #6264, #2204, #4488, #4185 ) ) ;
#3788 = VECTOR ( 'NONE', #8029, 1000.000000000000000 ) ;
#3789 = EDGE_CURVE ( 'NONE', #5602, #6400, #8127, .T. ) ;
#3790 = STYLED_ITEM ( 'NONE', ( #4171 ), #3219 ) ;
#3792 =( NAMED_UNIT ( * ) SI_UNIT ( $, .STERADIAN. ) SOLID_ANGLE_UNIT ( ) );
#3791 = CARTESIAN_POINT ( 'NONE',  ( -0.2925907337228190741, -0.8373522684375478420, -0.1499999999999999944 ) ) ;
#3793 = SURFACE_STYLE_FILL_AREA ( #3746 ) ;
#3794 = DIRECTION ( 'NONE',  ( 0.2079116908177597867, 0.000000000000000000, 0.9781476007338055778 ) ) ;
#3795 = DIRECTION ( 'NONE',  ( 0.000000000000000000, 0.000000000000000000, 1.000000000000000000 ) ) ;
#3796 = ORIENTED_EDGE ( 'NONE', *, *, #6298, .T. ) ;
#3797 = VECTOR ( 'NONE', #2510, 1000.000000000000000 ) ;
#3798 = CYLINDRICAL_SURFACE ( 'NONE', #4707, 0.1000000000000000472 ) ;
#3799 = CARTESIAN_POINT ( 'NONE',  ( -0.5250000000000007994, 1.289999999999999813, -0.1499999999999999944 ) ) ;
#3800 = ORIENTED_EDGE ( 'NONE', *, *, #2634, .F. ) ;
#3801 = DIRECTION ( 'NONE',  ( -0.000000000000000000, -1.000000000000000000, -0.000000000000000000 ) ) ;
#3802 = CARTESIAN_POINT ( 'NONE',  ( -0.3623315873813556243, -0.8618187318521820517, -0.1489999999999999936 ) ) ;
#3803 = VECTOR ( 'NONE', #4627, 1000.000000000000000 ) ;
#3804 = SURFACE_STYLE_USAGE ( .BOTH. , #7836 ) ;
#3805 = CARTESIAN_POINT ( 'NONE',  ( -0.2123591449125524500, -0.9150943927166298453, -0.1499999999999999944 ) ) ;
#3806 = EDGE_CURVE ( 'NONE', #4568, #42, #3959, .T. ) ;
#3807 = DIRECTION ( 'NONE',  ( 1.000000000000000000, 1.445602896647335958E-15, -0.000000000000000000 ) ) ;
#3808 = SHAPE_DEFINITION_REPRESENTATION ( #8264, #3678 ) ;
#3809 = CARTESIAN_POINT ( 'NONE',  ( -0.1584443922594044318, -0.9179162928277918576, -0.1489999999999999936 ) ) ;
#3810 = ORIENTED_EDGE ( 'NONE', *, *, #5986, .F. ) ;
#3811 = CARTESIAN_POINT ( 'NONE',  ( -0.3931272383188775810, -0.7754000839334228568, -0.1500000000000000500 ) ) ;
#3812 = CARTESIAN_POINT ( 'NONE',  ( 1.225000000000000089, 0.09999999999999964473, -0.1599999999999999756 ) ) ;
#3813 = CARTESIAN_POINT ( 'NONE',  ( 1.124999999999999778, -1.650000000000013012, -0.1599999999999999756 ) ) ;
#3814 = LINE ( 'NONE', #5839, #2378 ) ;
#3815 = B_SPLINE_SURFACE_WITH_KNOTS ( 'NONE', 3, 1, ( 
 ( #6749, #4821 ),
 ( #6143, #7399 ),
 ( #5514, #3512 ),
 ( #2281, #7522 ),
 ( #2856, #2200 ),
 ( #1660, #6108 ),
 ( #5470, #1699 ),
 ( #7566, #1013 ),
 ( #6070, #388 ),
 ( #2823, #6825 ),
 ( #4860, #6785 ),
 ( #6873, #8202 ),
 ( #8079, #4267 ),
 ( #8163, #3588 ),
 ( #1067, #3629 ),
 ( #6920, #1109 ),
 ( #7444, #6187 ),
 ( #1623, #4182 ),
 ( #429, #2993 ) ),
 .UNSPECIFIED., .F., .F., .F.,
 ( 4, 1, 1, 1, 1, 1, 1, 1, 1, 1, 1, 1, 1, 1, 1, 1, 4 ),
 ( 2, 2 ),
 ( 0.000000000000000000, 0.07064371857535445276, 0.1382567155089046429, 0.2033641242175803221, 0.2663240938030570493, 0.3279047615429896978, 0.3887377151730926350, 0.4494235281093025280, 0.5108610114593156171, 0.5720793960475145656, 0.6317344287314452522, 0.6911172105788379039, 0.7503600294901705547, 0.8100329005312622010, 0.8713624508287364234, 0.9344271412311534464, 1.000000000000000000 ),
 ( 0.000000000000000000, 1.000000000000000000 ),
 .UNSPECIFIED. ) ;
#3816 = DIRECTION ( 'NONE',  ( -0.2079116908177597867, 3.155856296176498324E-16, -0.9781476007338055778 ) ) ;
#3817 = PLANE ( 'NONE',  #1871 ) ;
#3818 = DIRECTION ( 'NONE',  ( -3.925243959994773891E-14, -7.111473729081418971E-14, -1.000000000000000000 ) ) ;
#3819 = SURFACE_SIDE_STYLE ('',( #1263 ) ) ;
#3820 = ORIENTED_EDGE ( 'NONE', *, *, #7707, .T. ) ;
#3821 = CARTESIAN_POINT ( 'NONE',  ( 0.09790757134326000255, -0.9202610889903038993, -0.1500000000000000222 ) ) ;
#3822 = SURFACE_STYLE_FILL_AREA ( #36 ) ;
#3823 = VERTEX_POINT ( 'NONE', #6280 ) ;
#3824 = PRESENTATION_LAYER_ASSIGNMENT (  '', '', ( #5464 ) ) ;
#3825 = SURFACE_STYLE_USAGE ( .BOTH. , #7216 ) ;
#3826 = DIRECTION ( 'NONE',  ( 1.000000000000000000, -1.445602896647335958E-15, 0.000000000000000000 ) ) ;
#3827 = DIRECTION ( 'NONE',  ( 0.3390537954853692360, 0.9407669869669988971, 0.000000000000000000 ) ) ;
#3828 = VERTEX_POINT ( 'NONE', #8210 ) ;
#3829 = EDGE_CURVE ( 'NONE', #8327, #1398, #5736, .T. ) ;
#3830 = CARTESIAN_POINT ( 'NONE',  ( 1.225000000000000311, 1.239999999999999547, 0.002000000000000021726 ) ) ;
#3831 = ORIENTED_EDGE ( 'NONE', *, *, #7737, .F. ) ;
#3833 = DIRECTION ( 'NONE',  ( 0.000000000000000000, 0.000000000000000000, -1.000000000000000000 ) ) ;
#3832 = CARTESIAN_POINT ( 'NONE',  ( -1.574999999999999512, -1.424999999999999378, 0.000000000000000000 ) ) ;
#3834 = B_SPLINE_CURVE_WITH_KNOTS ( 'NONE', 3,
 ( #3889, #764, #5217, #3255, #3386, #5859, #2039, #5307, #7907, #7867, #138, #5176, #5978, #176, #5943, #49, #3301, #4654, #7189 ),
 .UNSPECIFIED., .F., .F.,
 ( 4, 1, 1, 1, 1, 1, 1, 1, 1, 1, 1, 1, 1, 1, 1, 1, 4 ),
 ( 0.000000000000000000, 0.06460397028839230671, 0.1267024139629474022, 0.1867568140356183903, 0.2455056873654374305, 0.3036520244499755217, 0.3615030739706257545, 0.4202402229284675772, 0.4800333407766962934, 0.5406781347755161837, 0.6011918063807819568, 0.6623335024774421598, 0.7247395102972318259, 0.7894677361728866805, 0.8565048600438307513, 0.9263120958391899418, 1.000000000000000000 ),
 .UNSPECIFIED. ) ;
#3835 = STYLED_ITEM ( 'NONE', ( #6356 ), #251 ) ;
#3836 = PLANE ( 'NONE',  #2375 ) ;
#3837 =( NAMED_UNIT ( * ) PLANE_ANGLE_UNIT ( ) SI_UNIT ( $, .RADIAN. ) );
#3838 = CARTESIAN_POINT ( 'NONE',  ( -0.3968096892269434295, -0.7686321349677119885, -0.1499999999999998834 ) ) ;
#3839 = CARTESIAN_POINT ( 'NONE',  ( -0.3623315873813556243, -0.8618187318521820517, -0.1489999999999999936 ) ) ;
#3840 = EDGE_CURVE ( 'NONE', #3459, #2240, #2246, .T. ) ;
#3841 =( NAMED_UNIT ( * ) PLANE_ANGLE_UNIT ( ) SI_UNIT ( $, .RADIAN. ) );
#3842 = DIRECTION ( 'NONE',  ( 0.000000000000000000, -0.000000000000000000, -1.000000000000000000 ) ) ;
#3843 = VERTEX_POINT ( 'NONE', #3554 ) ;
#3844 = CARTESIAN_POINT ( 'NONE',  ( 1.763635533909764660E-15, -1.220000000000009299, -0.1499999999999999944 ) ) ;
#3845 = PLANE ( 'NONE',  #7034 ) ;
#3846 = STYLED_ITEM ( 'NONE', ( #5762 ), #861 ) ;
#3847 = CARTESIAN_POINT ( 'NONE',  ( -1.225000000000000089, -0.1000000000000000472, 0.002000000000000021726 ) ) ;
#3848 = CARTESIAN_POINT ( 'NONE',  ( -0.3946989640782668229, -0.7683723261973042229, -0.1489999999999999658 ) ) ;
#3849 = DIRECTION ( 'NONE',  ( -0.000000000000000000, 0.2079116908177597867, -0.9781476007338055778 ) ) ;
#3850 = COLOUR_RGB ( '',0.000000000000000000, 0.000000000000000000, 0.000000000000000000 ) ;
#3851 = CARTESIAN_POINT ( 'NONE',  ( -0.4749999999999999223, -1.650000000000004352, 0.002000000000000021726 ) ) ;
#3852 = CARTESIAN_POINT ( 'NONE',  ( -0.2607073548009081199, -0.8715579021468821130, -0.1499999999999999944 ) ) ;
#3853 = ORIENTED_EDGE ( 'NONE', *, *, #4425, .F. ) ;
#3854 = PRESENTATION_LAYER_ASSIGNMENT (  '', '', ( #6989 ) ) ;
#3855 = FILL_AREA_STYLE ('',( #6413 ) ) ;
#3856 = CARTESIAN_POINT ( 'NONE',  ( -1.574999999999999956, 1.425000000000000044, 0.000000000000000000 ) ) ;
#3857 = ORIENTED_EDGE ( 'NONE', *, *, #6804, .F. ) ;
#3858 = VECTOR ( 'NONE', #2938, 1000.000000000000000 ) ;
#3859 = CARTESIAN_POINT ( 'NONE',  ( -0.4877126849423312205, -0.9398675123399868880, -0.1499999999999999944 ) ) ;
#3860 = CARTESIAN_POINT ( 'NONE',  ( -0.3921715264057458739, -0.7782821464863283190, -0.1499999999999999944 ) ) ;
#3861 = UNCERTAINTY_MEASURE_WITH_UNIT (LENGTH_MEASURE( 1.000000000000000082E-05 ), #8004, 'distance_accuracy_value', 'NONE');
#3862 = ADVANCED_FACE ( 'NONE', ( #6148 ), #341, .F. ) ;
#3863 = LINE ( 'NONE', #1435, #7820 ) ;
#3864 = PRESENTATION_STYLE_ASSIGNMENT (( #4593 ) ) ;
#3866 =( GEOMETRIC_REPRESENTATION_CONTEXT ( 3 ) GLOBAL_UNCERTAINTY_ASSIGNED_CONTEXT ( ( #7272 ) ) GLOBAL_UNIT_ASSIGNED_CONTEXT ( ( #2516, #6772, #957 ) ) REPRESENTATION_CONTEXT ( 'NONE', 'WORKASPACE' ) );
#3865 = CARTESIAN_POINT ( 'NONE',  ( -0.01210292884477019541, -0.8496236099009625287, -0.1499999999999999944 ) ) ;
#3867 = VECTOR ( 'NONE', #5583, 1000.000000000000000 ) ;
#3868 =( NAMED_UNIT ( * ) SI_UNIT ( $, .STERADIAN. ) SOLID_ANGLE_UNIT ( ) );
#3869 = MECHANICAL_DESIGN_GEOMETRIC_PRESENTATION_REPRESENTATION (  '', ( #2779 ), #1324 ) ;
#3870 = SURFACE_STYLE_USAGE ( .BOTH. , #1946 ) ;
#3871 =( NAMED_UNIT ( * ) PLANE_ANGLE_UNIT ( ) SI_UNIT ( $, .RADIAN. ) );
#3872 = FILL_AREA_STYLE_COLOUR ( '', #852 ) ;
#3873 = ORIENTED_EDGE ( 'NONE', *, *, #2054, .F. ) ;
#3874 = MECHANICAL_DESIGN_GEOMETRIC_PRESENTATION_REPRESENTATION (  '', ( #7559 ), #8245 ) ;
#3875 = VECTOR ( 'NONE', #6000, 1000.000000000000000 ) ;
#3876 = PRESENTATION_LAYER_ASSIGNMENT (  '', '', ( #5652 ) ) ;
#3877 =( LENGTH_UNIT ( ) NAMED_UNIT ( * ) SI_UNIT ( .MILLI., .METRE. ) );
#3878 = UNCERTAINTY_MEASURE_WITH_UNIT (LENGTH_MEASURE( 1.000000000000000082E-05 ), #4430, 'distance_accuracy_value', 'NONE');
#3879 = CARTESIAN_POINT ( 'NONE',  ( 0.1008162784723029837, -0.7374284879497429168, -0.1489999999999999936 ) ) ;
#3880 = VERTEX_POINT ( 'NONE', #7193 ) ;
#3881 = STYLED_ITEM ( 'NONE', ( #4097 ), #1386 ) ;
#3882 = FILL_AREA_STYLE ('',( #2643 ) ) ;
#3883 = ORIENTED_EDGE ( 'NONE', *, *, #2367, .T. ) ;
#3884 = CARTESIAN_POINT ( 'NONE',  ( -0.1880556727472093015, -0.7398675123399868214, -0.1499999999999999944 ) ) ;
#3885 = VERTEX_POINT ( 'NONE', #4527 ) ;
#3886 = AXIS2_PLACEMENT_3D ( 'NONE', #6900, #2268, #2883 ) ;
#3887 = ADVANCED_FACE ( 'NONE', ( #5824 ), #3169, .T. ) ;
#3888 = DIRECTION ( 'NONE',  ( -1.000000000000000000, 0.000000000000000000, 0.000000000000000000 ) ) ;
#3889 = CARTESIAN_POINT ( 'NONE',  ( 0.1005876199357175760, -0.7593797074619381693, -0.1499999999999999944 ) ) ;
#3890 =( GEOMETRIC_REPRESENTATION_CONTEXT ( 3 ) GLOBAL_UNCERTAINTY_ASSIGNED_CONTEXT ( ( #3966 ) ) GLOBAL_UNIT_ASSIGNED_CONTEXT ( ( #1046, #7035, #1859 ) ) REPRESENTATION_CONTEXT ( 'NONE', 'WORKASPACE' ) );
#3891 = DIRECTION ( 'NONE',  ( 0.000000000000000000, -1.000000000000000000, 0.000000000000000000 ) ) ;
#3892 = EDGE_LOOP ( 'NONE', ( #428, #607, #5515, #6429 ) ) ;
#3893 = AXIS2_PLACEMENT_3D ( 'NONE', #7645, #1832, #6918 ) ;
#3894 = SURFACE_SIDE_STYLE ('',( #4448 ) ) ;
#3895 = B_SPLINE_SURFACE_WITH_KNOTS ( 'NONE', 3, 1, ( 
 ( #4477, #3791 ),
 ( #6396, #1278 ),
 ( #683, #6437 ),
 ( #590, #46 ),
 ( #2560, #3158 ),
 ( #4353, #5766 ),
 ( #5124, #632 ),
 ( #6957, #3209 ),
 ( #3701, #512 ),
 ( #3078, #2431 ),
 ( #718, #2601 ),
 ( #5976, #4699 ),
 ( #4052, #7864 ),
 ( #7264, #4014 ),
 ( #2117, #313 ),
 ( #4198, #5304 ),
 ( #1499, #3298 ),
 ( #762, #6651 ),
 ( #3563, #3339 ) ),
 .UNSPECIFIED., .F., .F., .F.,
 ( 4, 1, 1, 1, 1, 1, 1, 1, 1, 1, 1, 1, 1, 1, 1, 1, 4 ),
 ( 2, 2 ),
 ( 0.000000000000000000, 0.06806869584499396220, 0.1334274328189551384, 0.1961460338131564285, 0.2570485924493125518, 0.3168826631591617482, 0.3761872086663214931, 0.4359603353635463363, 0.4965352368627258817, 0.5574653434807327335, 0.6176868634101467803, 0.6779436406969059359, 0.7388052848060401301, 0.8009493367665837527, 0.8648146674702262837, 0.9310247810786567157, 1.000000000000000000 ),
 ( 0.000000000000000000, 1.000000000000000000 ),
 .UNSPECIFIED. ) ;
#3896 = LINE ( 'NONE', #6540, #7465 ) ;
#3897 = EDGE_CURVE ( 'NONE', #7366, #3668, #3928, .T. ) ;
#3898 = CARTESIAN_POINT ( 'NONE',  ( -0.01210292884477019541, -0.8496236099009625287, -0.1489999999999999936 ) ) ;
#3899 = CARTESIAN_POINT ( 'NONE',  ( -0.2577458567578621573, -0.8787049600158820528, -0.1489999999999999658 ) ) ;
#3900 = MECHANICAL_DESIGN_GEOMETRIC_PRESENTATION_REPRESENTATION (  '', ( #1751 ), #389 ) ;
#3901 = CARTESIAN_POINT ( 'NONE',  ( 1.124999999999999778, -1.650000000000013012, 0.002000000000000021726 ) ) ;
#3902 = ORIENTED_EDGE ( 'NONE', *, *, #1998, .T. ) ;
#3903 = MECHANICAL_DESIGN_GEOMETRIC_PRESENTATION_REPRESENTATION (  '', ( #8124 ), #392 ) ;
#3904 = CARTESIAN_POINT ( 'NONE',  ( 0.5249999999999995781, 1.289999999999999591, -0.1499999999999999944 ) ) ;
#3905 = DIRECTION ( 'NONE',  ( 0.000000000000000000, 0.000000000000000000, 1.000000000000000000 ) ) ;
#3906 = CARTESIAN_POINT ( 'NONE',  ( 0.05375072969181514393, -0.9075504391692551520, -0.1489999999999999936 ) ) ;
#3907 = ORIENTED_EDGE ( 'NONE', *, *, #2326, .T. ) ;
#3908 = STYLED_ITEM ( 'NONE', ( #4920 ), #4936 ) ;
#3909 = CARTESIAN_POINT ( 'NONE',  ( -0.3946989640782668229, -0.7683723261973042229, -0.1499999999999999667 ) ) ;
#3910 = LINE ( 'NONE', #24, #6838 ) ;
#3911 = EDGE_CURVE ( 'NONE', #3412, #2022, #7828, .T. ) ;
#3912 = COLOUR_RGB ( '',0.2509803921568627416, 0.2509803921568627416, 0.2509803921568627416 ) ;
#3913 = FILL_AREA_STYLE ('',( #613 ) ) ;
#3914 =( NAMED_UNIT ( * ) SI_UNIT ( $, .STERADIAN. ) SOLID_ANGLE_UNIT ( ) );
#3915 = PLANE ( 'NONE',  #898 ) ;
#3916 = CARTESIAN_POINT ( 'NONE',  ( 0.1739184125204858156, -0.7665176136985576427, -0.1499999999999999667 ) ) ;
#3917 = SURFACE_STYLE_USAGE ( .BOTH. , #7125 ) ;
#3918 = ORIENTED_EDGE ( 'NONE', *, *, #4661, .T. ) ;
#3919 = CARTESIAN_POINT ( 'NONE',  ( -0.1750000000000002387, -1.524999999999999689, -0.1499999999999999944 ) ) ;
#3920 = LINE ( 'NONE', #7681, #4128 ) ;
#3921 = ORIENTED_EDGE ( 'NONE', *, *, #27, .F. ) ;
#3922 = PRESENTATION_STYLE_ASSIGNMENT (( #4564 ) ) ;
#3923 = ORIENTED_EDGE ( 'NONE', *, *, #7349, .F. ) ;
#3924 = DIRECTION ( 'NONE',  ( -1.000000000000000000, -1.421904488505579654E-16, 0.000000000000000000 ) ) ;
#3925 = VERTEX_POINT ( 'NONE', #2441 ) ;
#3926 = CARTESIAN_POINT ( 'NONE',  ( 0.07120628025243709580, -0.9154533066231377303, -0.1500000000000000222 ) ) ;
#3927 = FILL_AREA_STYLE_COLOUR ( '', #4978 ) ;
#3928 =( BOUNDED_CURVE ( )  B_SPLINE_CURVE ( 3, ( #6497, #5776, #8341, #3261 ),
 .UNSPECIFIED., .F., .F. ) 
 B_SPLINE_CURVE_WITH_KNOTS ( ( 4, 4 ),
 ( 5.519407516233518329, 7.046963098125647029 ),
 .UNSPECIFIED. ) 
 CURVE ( )  GEOMETRIC_REPRESENTATION_ITEM ( )  RATIONAL_B_SPLINE_CURVE ( ( 1.000000000000000000, 0.8148188289447353405, 0.8148188289447353405, 1.000000000000000000 ) ) 
 REPRESENTATION_ITEM ( '' )  );
#3929 = DIRECTION ( 'NONE',  ( 1.000000000000000000, 2.216847787945573612E-15, -0.000000000000000000 ) ) ;
#3930 = VECTOR ( 'NONE', #7144, 1000.000000000000000 ) ;
#3931 = SURFACE_SIDE_STYLE ('',( #6098 ) ) ;
#3932 = VERTEX_POINT ( 'NONE', #4447 ) ;
#3933 = FILL_AREA_STYLE_COLOUR ( '', #1226 ) ;
#3934 = DIRECTION ( 'NONE',  ( 0.000000000000000000, -1.000000000000000000, 0.000000000000000000 ) ) ;
#3935 = CARTESIAN_POINT ( 'NONE',  ( -0.2656924422260567575, -0.8410004230798097113, -0.1499999999999999667 ) ) ;
#3936 = AXIS2_PLACEMENT_3D ( 'NONE', #2387, #2424, #413 ) ;
#3937 = CARTESIAN_POINT ( 'NONE',  ( -0.2657614654301360679, -0.8379239147790112918, -0.1499999999999999944 ) ) ;
#3938 = ORIENTED_EDGE ( 'NONE', *, *, #2229, .T. ) ;
#3939 = LINE ( 'NONE', #4715, #916 ) ;
#3940 = EDGE_CURVE ( 'NONE', #7565, #3383, #57, .T. ) ;
#3941 = DIRECTION ( 'NONE',  ( -0.000000000000000000, -0.2079116908177597867, -0.9781476007338055778 ) ) ;
#3942 = ORIENTED_EDGE ( 'NONE', *, *, #89, .F. ) ;
#3943 = SURFACE_STYLE_FILL_AREA ( #570 ) ;
#3944 =( LENGTH_UNIT ( ) NAMED_UNIT ( * ) SI_UNIT ( .MILLI., .METRE. ) );
#3945 = CARTESIAN_POINT ( 'NONE',  ( 0.1991276480879718980, -0.8745182683280223745, -0.1490000000000000213 ) ) ;
#3946 = DIRECTION ( 'NONE',  ( 0.000000000000000000, 0.000000000000000000, 1.000000000000000000 ) ) ;
#3947 = PRESENTATION_STYLE_ASSIGNMENT (( #5288 ) ) ;
#3948 = CARTESIAN_POINT ( 'NONE',  ( -0.2605543129727971863, -0.8047518160476395677, -0.1489999999999999658 ) ) ;
#3949 = CARTESIAN_POINT ( 'NONE',  ( -0.2657614654301360679, -0.8379239147790112918, -0.1499999999999999944 ) ) ;
#3950 = SURFACE_SIDE_STYLE ('',( #4036 ) ) ;
#3951 = VECTOR ( 'NONE', #5520, 1000.000000000000000 ) ;
#3952 = EDGE_CURVE ( 'NONE', #7161, #6029, #7105, .T. ) ;
#3953 = CARTESIAN_POINT ( 'NONE',  ( -0.2925109001440642786, -0.8337268751233511965, -0.1500000000000000222 ) ) ;
#3954 = VERTEX_POINT ( 'NONE', #5085 ) ;
#3955 = CARTESIAN_POINT ( 'NONE',  ( 0.1050845711552298029, -0.9203553172180356512, -0.1499999999999999944 ) ) ;
#3956 = ORIENTED_EDGE ( 'NONE', *, *, #752, .F. ) ;
#3957 = SURFACE_STYLE_USAGE ( .BOTH. , #2555 ) ;
#3958 = UNCERTAINTY_MEASURE_WITH_UNIT (LENGTH_MEASURE( 1.000000000000000082E-05 ), #7628, 'distance_accuracy_value', 'NONE');
#3959 = CIRCLE ( 'NONE', #4221, 0.05000000000000007910 ) ;
#3960 = ORIENTED_EDGE ( 'NONE', *, *, #2658, .F. ) ;
#3961 = SURFACE_SIDE_STYLE ('',( #878 ) ) ;
#3962 = ORIENTED_EDGE ( 'NONE', *, *, #1850, .T. ) ;
#3963 = ORIENTED_EDGE ( 'NONE', *, *, #2191, .T. ) ;
#3964 = VECTOR ( 'NONE', #3941, 1000.000000000000000 ) ;
#3965 = CARTESIAN_POINT ( 'NONE',  ( -0.01210292884477019541, -0.8276723903887672762, -0.1489999999999999936 ) ) ;
#3966 = UNCERTAINTY_MEASURE_WITH_UNIT (LENGTH_MEASURE( 1.000000000000000082E-05 ), #1046, 'distance_accuracy_value', 'NONE');
#3967 = CARTESIAN_POINT ( 'NONE',  ( 0.1336742004118508520, -0.9151947395600343871, -0.1490000000000000491 ) ) ;
#3968 = DIRECTION ( 'NONE',  ( 1.000000000000000000, 0.000000000000000000, -0.000000000000000000 ) ) ;
#3969 = CARTESIAN_POINT ( 'NONE',  ( 0.4749999999999997558, -1.524999999999999689, -0.1499999999999999944 ) ) ;
#3970 = SURFACE_STYLE_FILL_AREA ( #1963 ) ;
#3971 = ORIENTED_EDGE ( 'NONE', *, *, #1238, .T. ) ;
#3972 = CARTESIAN_POINT ( 'NONE',  ( -0.1868361605520872659, -0.9179162928277918576, -0.1489999999999999936 ) ) ;
#3973 = SURFACE_STYLE_USAGE ( .BOTH. , #6623 ) ;
#3974 = CARTESIAN_POINT ( 'NONE',  ( 0.05940798256130083721, -0.9326242319344882903, -0.1490000000000000213 ) ) ;
#3975 = DIRECTION ( 'NONE',  ( -0.000000000000000000, -0.000000000000000000, -1.000000000000000000 ) ) ;
#3976 = FACE_OUTER_BOUND ( 'NONE', #6521, .T. ) ;
#3977 = VECTOR ( 'NONE', #73, 1000.000000000000000 ) ;
#3978 = SURFACE_STYLE_FILL_AREA ( #6663 ) ;
#3979 = ORIENTED_EDGE ( 'NONE', *, *, #8386, .T. ) ;
#3980 = CARTESIAN_POINT ( 'NONE',  ( -0.3991075020155019359, -0.7782821464863282079, -0.1489999999999999936 ) ) ;
#3981 = EDGE_CURVE ( 'NONE', #4298, #3334, #2002, .T. ) ;
#3982 =( LENGTH_UNIT ( ) NAMED_UNIT ( * ) SI_UNIT ( .MILLI., .METRE. ) );
#3983 = ORIENTED_EDGE ( 'NONE', *, *, #2895, .F. ) ;
#3984 = COLOUR_RGB ( '',1.000000000000000000, 1.000000000000000000, 1.000000000000000000 ) ;
#3985 = CARTESIAN_POINT ( 'NONE',  ( 1.125000000000000888, 1.525000000000000133, 0.000000000000000000 ) ) ;
#3986 = SURFACE_SIDE_STYLE ('',( #2755 ) ) ;
#3987 =( LENGTH_UNIT ( ) NAMED_UNIT ( * ) SI_UNIT ( .MILLI., .METRE. ) );
#3988 = COLOUR_RGB ( '',0.000000000000000000, 0.000000000000000000, 0.000000000000000000 ) ;
#3989 = STYLED_ITEM ( 'NONE', ( #1950 ), #5465 ) ;
#3990 = EDGE_CURVE ( 'NONE', #5605, #4623, #4403, .T. ) ;
#3991 = SURFACE_STYLE_FILL_AREA ( #2097 ) ;
#3992 = PRESENTATION_STYLE_ASSIGNMENT (( #1562 ) ) ;
#3993 = CARTESIAN_POINT ( 'NONE',  ( 0.4749999999999998113, -1.220000000000008633, 0.002000000000000021726 ) ) ;
#3994 = ORIENTED_EDGE ( 'NONE', *, *, #6866, .T. ) ;
#3995 = STYLED_ITEM ( 'NONE', ( #3947 ), #5692 ) ;
#3996 = CARTESIAN_POINT ( 'NONE',  ( 0.1986952455278262475, -0.8104398148915027411, -0.1499999999999999389 ) ) ;
#3997 =( NAMED_UNIT ( * ) SI_UNIT ( $, .STERADIAN. ) SOLID_ANGLE_UNIT ( ) );
#3998 = ORIENTED_EDGE ( 'NONE', *, *, #3441, .F. ) ;
#3999 = ORIENTED_EDGE ( 'NONE', *, *, #2239, .T. ) ;
#4000 = EDGE_CURVE ( 'NONE', #5973, #3439, #4576, .T. ) ;
#4001 = CIRCLE ( 'NONE', #2122, 0.05000000000000012768 ) ;
#4002 = FACE_OUTER_BOUND ( 'NONE', #280, .T. ) ;
#4003 = PRESENTATION_LAYER_ASSIGNMENT (  '', '', ( #5090 ) ) ;
#4004 = ORIENTED_EDGE ( 'NONE', *, *, #3698, .F. ) ;
#4005 = LINE ( 'NONE', #5342, #5641 ) ;
#4006 = VERTEX_POINT ( 'NONE', #5042 ) ;
#4007 = CARTESIAN_POINT ( 'NONE',  ( -0.3921715264057458739, -0.7782821464863283190, -0.1489999999999999936 ) ) ;
#4008 = LINE ( 'NONE', #5383, #3788 ) ;
#4009 = ORIENTED_EDGE ( 'NONE', *, *, #4132, .F. ) ;
#4010 = VECTOR ( 'NONE', #205, 1000.000000000000000 ) ;
#4011 =( GEOMETRIC_REPRESENTATION_CONTEXT ( 3 ) GLOBAL_UNCERTAINTY_ASSIGNED_CONTEXT ( ( #8226 ) ) GLOBAL_UNIT_ASSIGNED_CONTEXT ( ( #4760, #4078, #3406 ) ) REPRESENTATION_CONTEXT ( 'NONE', 'WORKASPACE' ) );
#4012 = CIRCLE ( 'NONE', #7975, 0.1000000000000000472 ) ;
#4013 = MECHANICAL_DESIGN_GEOMETRIC_PRESENTATION_REPRESENTATION (  '', ( #1330 ), #1764 ) ;
#4014 = CARTESIAN_POINT ( 'NONE',  ( -0.2286679779773230781, -0.9330256756535770801, -0.1500000000000000222 ) ) ;
#4015 = LINE ( 'NONE', #6619, #3175 ) ;
#4016 = AXIS2_PLACEMENT_3D ( 'NONE', #3904, #1431, #3310 ) ;
#4017 = FILL_AREA_STYLE ('',( #1416 ) ) ;
#4018 = CARTESIAN_POINT ( 'NONE',  ( 0.000000000000000000, 0.000000000000000000, -0.1499999999999999944 ) ) ;
#4019 = EDGE_CURVE ( 'NONE', #7940, #7536, #7653, .T. ) ;
#4020 = VERTEX_POINT ( 'NONE', #3972 ) ;
#4021 = VECTOR ( 'NONE', #7790, 1000.000000000000000 ) ;
#4022 = UNCERTAINTY_MEASURE_WITH_UNIT (LENGTH_MEASURE( 1.000000000000000082E-05 ), #1299, 'distance_accuracy_value', 'NONE');
#4023 = PRESENTATION_STYLE_ASSIGNMENT (( #4254 ) ) ;
#4024 = LINE ( 'NONE', #2707, #8101 ) ;
#4025 = CARTESIAN_POINT ( 'NONE',  ( -0.2541695547261460519, -0.8853488191141095642, -0.1500000000000000500 ) ) ;
#4026 = ORIENTED_EDGE ( 'NONE', *, *, #1311, .T. ) ;
#4027 = PRESENTATION_LAYER_ASSIGNMENT (  '', '', ( #3608 ) ) ;
#4028 = CARTESIAN_POINT ( 'NONE',  ( 1.125000000000001110, 1.649999999999999467, 0.002000000000000021726 ) ) ;
#4029 = ORIENTED_EDGE ( 'NONE', *, *, #4457, .T. ) ;
#4030 = SPHERICAL_SURFACE ( 'NONE', #2049, 0.1000000000000000056 ) ;
#4031 = SURFACE_STYLE_USAGE ( .BOTH. , #3986 ) ;
#4032 = VECTOR ( 'NONE', #7911, 1000.000000000000000 ) ;
#4033 = COLOUR_RGB ( '',0.2509803921568627416, 0.2509803921568627416, 0.2509803921568627416 ) ;
#4034 = ADVANCED_FACE ( 'NONE', ( #3304 ), #2464, .T. ) ;
#4035 = CARTESIAN_POINT ( 'NONE',  ( -1.258894788126833086, -0.9529646039254657808, 0.5989999999999999769 ) ) ;
#4036 = SURFACE_STYLE_FILL_AREA ( #77 ) ;
#4037 = CARTESIAN_POINT ( 'NONE',  ( -0.1880556727472093015, -0.7398675123399868214, -0.1489999999999999936 ) ) ;
#4038 = EDGE_LOOP ( 'NONE', ( #5731, #6529 ) ) ;
#4039 = PRESENTATION_STYLE_ASSIGNMENT (( #7934 ) ) ;
#4040 = DIRECTION ( 'NONE',  ( -0.000000000000000000, -0.000000000000000000, -1.000000000000000000 ) ) ;
#4041 = ORIENTED_EDGE ( 'NONE', *, *, #7164, .F. ) ;
#4042 = LINE ( 'NONE', #6723, #3177 ) ;
#4043 = ORIENTED_EDGE ( 'NONE', *, *, #496, .F. ) ;
#4044 =( GEOMETRIC_REPRESENTATION_CONTEXT ( 3 ) GLOBAL_UNCERTAINTY_ASSIGNED_CONTEXT ( ( #4559 ) ) GLOBAL_UNIT_ASSIGNED_CONTEXT ( ( #3987, #7926, #3361 ) ) REPRESENTATION_CONTEXT ( 'NONE', 'WORKASPACE' ) );
#4045 = UNCERTAINTY_MEASURE_WITH_UNIT (LENGTH_MEASURE( 1.000000000000000082E-05 ), #2954, 'distance_accuracy_value', 'NONE');
#4046 = EDGE_CURVE ( 'NONE', #3044, #1716, #2977, .T. ) ;
#4047 = DIRECTION ( 'NONE',  ( 0.000000000000000000, 0.000000000000000000, -1.000000000000000000 ) ) ;
#4048 = VERTEX_POINT ( 'NONE', #3655 ) ;
#4049 =( GEOMETRIC_REPRESENTATION_CONTEXT ( 3 ) GLOBAL_UNCERTAINTY_ASSIGNED_CONTEXT ( ( #5416 ) ) GLOBAL_UNIT_ASSIGNED_CONTEXT ( ( #5338, #3374, #7087 ) ) REPRESENTATION_CONTEXT ( 'NONE', 'WORKASPACE' ) );
#4050 = ORIENTED_EDGE ( 'NONE', *, *, #7815, .T. ) ;
#4051 = ADVANCED_FACE ( 'NONE', ( #3570 ), #5022, .F. ) ;
#4052 = CARTESIAN_POINT ( 'NONE',  ( -0.2380593996698255055, -0.9290982381309643712, -0.1489999999999999936 ) ) ;
#4053 = FILL_AREA_STYLE_COLOUR ( '', #1844 ) ;
#4054 = DIRECTION ( 'NONE',  ( 0.000000000000000000, -1.000000000000000000, 0.000000000000000000 ) ) ;
#4055 = FILL_AREA_STYLE ('',( #6743 ) ) ;
#4056 = ADVANCED_FACE ( 'NONE', ( #2347 ), #6855, .T. ) ;
#4057 = ORIENTED_EDGE ( 'NONE', *, *, #2955, .T. ) ;
#4058 = VECTOR ( 'NONE', #783, 1000.000000000000000 ) ;
#4059 = FILL_AREA_STYLE ('',( #5430 ) ) ;
#4060 =( GEOMETRIC_REPRESENTATION_CONTEXT ( 3 ) GLOBAL_UNCERTAINTY_ASSIGNED_CONTEXT ( ( #211 ) ) GLOBAL_UNIT_ASSIGNED_CONTEXT ( ( #5613, #354, #6937 ) ) REPRESENTATION_CONTEXT ( 'NONE', 'WORKASPACE' ) );
#4061 = LINE ( 'NONE', #2854, #2248 ) ;
#4062 = CARTESIAN_POINT ( 'NONE',  ( 0.1749999999999993783, -1.220000000000009077, -0.1599999999999999756 ) ) ;
#4063 = SURFACE_SIDE_STYLE ('',( #6544 ) ) ;
#4064 = ORIENTED_EDGE ( 'NONE', *, *, #946, .T. ) ;
#4065 = CARTESIAN_POINT ( 'NONE',  ( 0.05375072969181514393, -0.7453553172180356068, -0.1489999999999999936 ) ) ;
#4066 =( NAMED_UNIT ( * ) SI_UNIT ( $, .STERADIAN. ) SOLID_ANGLE_UNIT ( ) );
#4067 = ORIENTED_EDGE ( 'NONE', *, *, #8282, .F. ) ;
#4068 = DIRECTION ( 'NONE',  ( -0.000000000000000000, -0.2079116908177597867, 0.9781476007338055778 ) ) ;
#4069 =( LENGTH_UNIT ( ) NAMED_UNIT ( * ) SI_UNIT ( .MILLI., .METRE. ) );
#4070 = STYLED_ITEM ( 'NONE', ( #7989 ), #387 ) ;
#4071 = AXIS2_PLACEMENT_3D ( 'NONE', #987, #1031, #400 ) ;
#4072 = PRESENTATION_LAYER_ASSIGNMENT (  '', '', ( #1112 ) ) ;
#4073 =( NAMED_UNIT ( * ) SI_UNIT ( $, .STERADIAN. ) SOLID_ANGLE_UNIT ( ) );
#4074 = EDGE_CURVE ( 'NONE', #6963, #3192, #1209, .T. ) ;
#4075 = CARTESIAN_POINT ( 'NONE',  ( -0.2263482377405463819, -0.7691567490812325492, -0.1490000000000000213 ) ) ;
#4076 = DIRECTION ( 'NONE',  ( -1.000000000000000000, 0.000000000000000000, -0.000000000000000000 ) ) ;
#4077 = ADVANCED_FACE ( 'NONE', ( #2511 ), #2552, .T. ) ;
#4078 =( NAMED_UNIT ( * ) PLANE_ANGLE_UNIT ( ) SI_UNIT ( $, .RADIAN. ) );
#4079 = CARTESIAN_POINT ( 'NONE',  ( 1.575000000000000400, -1.424999999999999378, 0.000000000000000000 ) ) ;
#4080 = ORIENTED_EDGE ( 'NONE', *, *, #4318, .F. ) ;
#4081 = CARTESIAN_POINT ( 'NONE',  ( 0.000000000000000000, 0.000000000000000000, -0.1599999999999999756 ) ) ;
#4082 = ORIENTED_EDGE ( 'NONE', *, *, #4269, .F. ) ;
#4083 = CARTESIAN_POINT ( 'NONE',  ( 0.4749999999999998113, -1.220000000000008633, -0.1599999999999999756 ) ) ;
#4084 = ORIENTED_EDGE ( 'NONE', *, *, #6133, .T. ) ;
#4085 = DIRECTION ( 'NONE',  ( -1.421904488505579654E-16, 1.000000000000000000, -0.000000000000000000 ) ) ;
#4086 = VECTOR ( 'NONE', #2861, 1000.000000000000000 ) ;
#4087 = DIRECTION ( 'NONE',  ( 1.000000000000000000, 0.000000000000000000, 0.000000000000000000 ) ) ;
#4088 = EDGE_LOOP ( 'NONE', ( #6403, #4319, #131, #510 ) ) ;
#4089 = DIRECTION ( 'NONE',  ( 0.000000000000000000, 0.9781476007338055778, 0.2079116908177594814 ) ) ;
#4090 = ORIENTED_EDGE ( 'NONE', *, *, #7187, .F. ) ;
#4091 = FACE_OUTER_BOUND ( 'NONE', #8256, .T. ) ;
#4092 =( GEOMETRIC_REPRESENTATION_CONTEXT ( 3 ) GLOBAL_UNCERTAINTY_ASSIGNED_CONTEXT ( ( #4652 ) ) GLOBAL_UNIT_ASSIGNED_CONTEXT ( ( #6153, #8096, #6240 ) ) REPRESENTATION_CONTEXT ( 'NONE', 'WORKASPACE' ) );
#4093 = COLOUR_RGB ( '',0.2509803921568627416, 0.2509803921568627416, 0.2509803921568627416 ) ;
#4094 = SURFACE_STYLE_FILL_AREA ( #6016 ) ;
#4095 =( NAMED_UNIT ( * ) SI_UNIT ( $, .STERADIAN. ) SOLID_ANGLE_UNIT ( ) );
#4096 = ADVANCED_FACE ( 'NONE', ( #674 ), #5112, .T. ) ;
#4097 = PRESENTATION_STYLE_ASSIGNMENT (( #5462 ) ) ;
#4098 = CARTESIAN_POINT ( 'NONE',  ( -0.2923547954851483111, -0.8266378682721541304, -0.1489999999999999936 ) ) ;
#4099 = B_SPLINE_CURVE_WITH_KNOTS ( 'NONE', 3,
 ( #3955, #5844, #3821, #2633, #1399, #7760, #1265, #6477, #6564, #1442, #749 ),
 .UNSPECIFIED., .F., .F.,
 ( 4, 1, 1, 1, 1, 1, 1, 1, 4 ),
 ( 0.000000000000000000, 0.1352946047634289994, 0.2667656579247486004, 0.3948160188358718625, 0.5200516544342449476, 0.6421757029708213826, 0.7626518205584223997, 0.8818340043805015238, 1.000000000000000000 ),
 .UNSPECIFIED. ) ;
#4101 = SURFACE_STYLE_FILL_AREA ( #1389 ) ;
#4100 = DIRECTION ( 'NONE',  ( 0.000000000000000000, 0.000000000000000000, -1.000000000000000000 ) ) ;
#4102 = MECHANICAL_DESIGN_GEOMETRIC_PRESENTATION_REPRESENTATION (  '', ( #5385 ), #1829 ) ;
#4103 = CARTESIAN_POINT ( 'NONE',  ( -0.1316151239667214534, -0.7398675123399868214, -0.1489999999999999936 ) ) ;
#4104 = EDGE_CURVE ( 'NONE', #4322, #5398, #4117, .T. ) ;
#4105 = CARTESIAN_POINT ( 'NONE',  ( -1.366487659678485622, 1.316487659678485800, 0.5999999999999999778 ) ) ;
#4106 = ORIENTED_EDGE ( 'NONE', *, *, #1321, .T. ) ;
#4107 = ORIENTED_EDGE ( 'NONE', *, *, #346, .F. ) ;
#4108 = SURFACE_STYLE_FILL_AREA ( #1554 ) ;
#4109 = CARTESIAN_POINT ( 'NONE',  ( 0.1883464073888672929, -0.9006876839094487552, -0.1499999999999999112 ) ) ;
#4110 = SURFACE_STYLE_USAGE ( .BOTH. , #4722 ) ;
#4111 = CARTESIAN_POINT ( 'NONE',  ( -0.2328062736459319826, -0.7724450771513923231, -0.1489999999999999936 ) ) ;
#4112 = CARTESIAN_POINT ( 'NONE',  ( -0.2044785019881174559, -0.7628825329733665006, -0.1490000000000000213 ) ) ;
#4113 =( LENGTH_UNIT ( ) NAMED_UNIT ( * ) SI_UNIT ( .MILLI., .METRE. ) );
#4114 = ORIENTED_EDGE ( 'NONE', *, *, #3686, .T. ) ;
#4115 = ADVANCED_FACE ( 'NONE', ( #5446 ), #7980, .T. ) ;
#4116 = CARTESIAN_POINT ( 'NONE',  ( 0.1757019492040102771, -0.8420016586814502713, -0.1489999999999999936 ) ) ;
#4117 = LINE ( 'NONE', #2804, #5030 ) ;
#4118 = ORIENTED_EDGE ( 'NONE', *, *, #5841, .T. ) ;
#4119 = EDGE_LOOP ( 'NONE', ( #5296, #3146, #751, #4534 ) ) ;
#4120 = UNCERTAINTY_MEASURE_WITH_UNIT (LENGTH_MEASURE( 1.000000000000000082E-05 ), #4529, 'distance_accuracy_value', 'NONE');
#4121 = CARTESIAN_POINT ( 'NONE',  ( -0.8250000000000000666, -1.649999999999999245, -0.1599999999999999756 ) ) ;
#4122 =( NAMED_UNIT ( * ) SI_UNIT ( $, .STERADIAN. ) SOLID_ANGLE_UNIT ( ) );
#4123 = CARTESIAN_POINT ( 'NONE',  ( -0.7750000000000004663, 1.289999999999999813, -0.1499999999999999944 ) ) ;
#4124 = EDGE_LOOP ( 'NONE', ( #3311, #6706, #2592, #2472 ) ) ;
#4125 = CARTESIAN_POINT ( 'NONE',  ( 0.1087812174966932277, -0.9423065367302307926, -0.1489999999999999936 ) ) ;
#4126 = ORIENTED_EDGE ( 'NONE', *, *, #2309, .T. ) ;
#4127 = CARTESIAN_POINT ( 'NONE',  ( 1.366487659678486066, -1.316487659678485134, 0.4999999999999998890 ) ) ;
#4128 = VECTOR ( 'NONE', #1954, 1000.000000000000000 ) ;
#4129 = MECHANICAL_DESIGN_GEOMETRIC_PRESENTATION_REPRESENTATION (  '', ( #7414 ), #5500 ) ;
#4130 = CARTESIAN_POINT ( 'NONE',  ( 0.05558919571758243194, -0.9085859500048627524, -0.1489999999999999936 ) ) ;
#4131 = PLANE ( 'NONE',  #6490 ) ;
#4132 = EDGE_CURVE ( 'NONE', #1833, #5341, #311, .T. ) ;
#4133 =( GEOMETRIC_REPRESENTATION_CONTEXT ( 3 ) GLOBAL_UNCERTAINTY_ASSIGNED_CONTEXT ( ( #6312 ) ) GLOBAL_UNIT_ASSIGNED_CONTEXT ( ( #5062, #3107, #8359 ) ) REPRESENTATION_CONTEXT ( 'NONE', 'WORKASPACE' ) );
#4134 = CARTESIAN_POINT ( 'NONE',  ( -0.2551754023778464719, -0.9185060105465540081, -0.1500000000000000500 ) ) ;
#4135 = PRESENTATION_STYLE_ASSIGNMENT (( #7354 ) ) ;
#4136 = VECTOR ( 'NONE', #920, 1000.000000000000000 ) ;
#4137 = PRESENTATION_LAYER_ASSIGNMENT (  '', '', ( #7832 ) ) ;
#4138 = PRESENTATION_LAYER_ASSIGNMENT (  '', '', ( #2779 ) ) ;
#4139 = AXIS2_PLACEMENT_3D ( 'NONE', #4326, #6759, #6933 ) ;
#4141 = PRESENTATION_STYLE_ASSIGNMENT (( #1694 ) ) ;
#4140 = DIRECTION ( 'NONE',  ( 1.445602896647335761E-15, 1.000000000000000000, 0.000000000000000000 ) ) ;
#4142 = ADVANCED_FACE ( 'NONE', ( #2144 ), #7417, .T. ) ;
#4143 = LINE ( 'NONE', #8003, #6051 ) ;
#4144 = FILL_AREA_STYLE ('',( #1585 ) ) ;
#4145 = VERTEX_POINT ( 'NONE', #4160 ) ;
#4146 = DIRECTION ( 'NONE',  ( -0.000000000000000000, -0.000000000000000000, -1.000000000000000000 ) ) ;
#4147 = VECTOR ( 'NONE', #5831, 1000.000000000000000 ) ;
#4148 = EDGE_LOOP ( 'NONE', ( #488, #5375, #5954, #3322 ) ) ;
#4149 = EDGE_CURVE ( 'NONE', #8327, #6922, #1538, .T. ) ;
#4150 = CARTESIAN_POINT ( 'NONE',  ( -0.8250000000000026201, 1.242314989306313935E-15, -0.1499999999999999944 ) ) ;
#4151 = CARTESIAN_POINT ( 'NONE',  ( 0.1190425487399973531, -0.9420776794801390963, -0.1489999999999999658 ) ) ;
#4152 = ADVANCED_FACE ( 'NONE', ( #4730 ), #239, .T. ) ;
#4153 = CARTESIAN_POINT ( 'NONE',  ( -0.3988579209908238443, -0.7774841795957062596, -0.1490000000000000213 ) ) ;
#4154 = STYLED_ITEM ( 'NONE', ( #7428 ), #8002 ) ;
#4155 = SURFACE_STYLE_FILL_AREA ( #1599 ) ;
#4156 =( NAMED_UNIT ( * ) SI_UNIT ( $, .STERADIAN. ) SOLID_ANGLE_UNIT ( ) );
#4157 = ORIENTED_EDGE ( 'NONE', *, *, #1291, .T. ) ;
#4158 = EDGE_CURVE ( 'NONE', #8295, #2212, #6336, .T. ) ;
#4159 = CARTESIAN_POINT ( 'NONE',  ( 0.8249999999999999556, -1.650000000000013456, 0.002000000000000021726 ) ) ;
#4160 = CARTESIAN_POINT ( 'NONE',  ( 1.125000000000001110, 1.239999999999999547, -0.1599999999999999756 ) ) ;
#4161 = EDGE_LOOP ( 'NONE', ( #2730, #7219, #7854, #2762 ) ) ;
#4162 = VECTOR ( 'NONE', #6662, 1000.000000000000000 ) ;
#4163 = ORIENTED_EDGE ( 'NONE', *, *, #2391, .F. ) ;
#4164 = CARTESIAN_POINT ( 'NONE',  ( -0.3555861605520873048, -0.8837699513643770821, -0.1489999999999999936 ) ) ;
#4165 = VECTOR ( 'NONE', #7134, 1000.000000000000000 ) ;
#4166 =( LENGTH_UNIT ( ) NAMED_UNIT ( * ) SI_UNIT ( .MILLI., .METRE. ) );
#4167 = ORIENTED_EDGE ( 'NONE', *, *, #3840, .T. ) ;
#4168 = CARTESIAN_POINT ( 'NONE',  ( 0.09303340364834035425, -0.9415782454184301598, -0.1499999999999999944 ) ) ;
#4169 = CARTESIAN_POINT ( 'NONE',  ( 0.2952141443259615472, -0.9179162928277918576, -0.1499999999999999944 ) ) ;
#4170 = VERTEX_POINT ( 'NONE', #6203 ) ;
#4171 = PRESENTATION_STYLE_ASSIGNMENT (( #1537 ) ) ;
#4172 = COLOUR_RGB ( '',0.2509803921568627416, 0.2509803921568627416, 0.2509803921568627416 ) ;
#4173 = CARTESIAN_POINT ( 'NONE',  ( -0.8250000000000000666, 1.649999999999999245, -0.1599999999999999756 ) ) ;
#4174 =( LENGTH_UNIT ( ) NAMED_UNIT ( * ) SI_UNIT ( .MILLI., .METRE. ) );
#4175 = DIRECTION ( 'NONE',  ( 0.000000000000000000, 0.000000000000000000, -1.000000000000000000 ) ) ;
#4176 = EDGE_CURVE ( 'NONE', #4835, #2916, #4836, .T. ) ;
#4177 = CARTESIAN_POINT ( 'NONE',  ( -0.1868361605520872659, -0.9179162928277918576, -0.1499999999999999944 ) ) ;
#4178 = CARTESIAN_POINT ( 'NONE',  ( 0.5249999999999995781, 1.239999999999999769, -0.1599999999999999756 ) ) ;
#4180 =( NAMED_UNIT ( * ) PLANE_ANGLE_UNIT ( ) SI_UNIT ( $, .RADIAN. ) );
#4179 = DIRECTION ( 'NONE',  ( -0.3635424856527061932, -0.9315776194850602376, 0.000000000000000000 ) ) ;
#4181 = CARTESIAN_POINT ( 'NONE',  ( 0.1750000000000000167, -1.650000000000008793, -0.1599999999999999756 ) ) ;
#4182 = CARTESIAN_POINT ( 'NONE',  ( 0.1044285138662457424, -0.7375125329524335749, -0.1499999999999999389 ) ) ;
#4183 = ORIENTED_EDGE ( 'NONE', *, *, #1787, .T. ) ;
#4184 =( NAMED_UNIT ( * ) PLANE_ANGLE_UNIT ( ) SI_UNIT ( $, .RADIAN. ) );
#4185 = ORIENTED_EDGE ( 'NONE', *, *, #4870, .F. ) ;
#4186 = DIRECTION ( 'NONE',  ( 1.000000000000000000, 0.000000000000000000, 0.000000000000000000 ) ) ;
#4187 = PLANE ( 'NONE',  #4892 ) ;
#4188 = FACE_OUTER_BOUND ( 'NONE', #733, .T. ) ;
#4189 = EDGE_CURVE ( 'NONE', #7769, #7280, #1170, .T. ) ;
#4190 = LINE ( 'NONE', #5441, #3469 ) ;
#4191 = SURFACE_STYLE_FILL_AREA ( #7492 ) ;
#4192 =( LENGTH_UNIT ( ) NAMED_UNIT ( * ) SI_UNIT ( .MILLI., .METRE. ) );
#4193 = ORIENTED_EDGE ( 'NONE', *, *, #4870, .T. ) ;
#4194 =( GEOMETRIC_REPRESENTATION_CONTEXT ( 3 ) GLOBAL_UNCERTAINTY_ASSIGNED_CONTEXT ( ( #7699 ) ) GLOBAL_UNIT_ASSIGNED_CONTEXT ( ( #1704, #6925, #6754 ) ) REPRESENTATION_CONTEXT ( 'NONE', 'WORKASPACE' ) );
#4195 = CARTESIAN_POINT ( 'NONE',  ( 0.1563018418334372883, -0.8992692715310645069, -0.1489999999999999380 ) ) ;
#4196 = B_SPLINE_CURVE_WITH_KNOTS ( 'NONE', 3,
 ( #5804, #8414, #2067, #2556, #584, #7257, #128, #2596, #4560, #5935, #6524, #5165, #5849, #1447, #7729, #3291, #1314, #3245, #3879 ),
 .UNSPECIFIED., .F., .F.,
 ( 4, 1, 1, 1, 1, 1, 1, 1, 1, 1, 1, 1, 1, 1, 1, 1, 4 ),
 ( 0.000000000000000000, 0.07064371857535445276, 0.1382567155089046429, 0.2033641242175803221, 0.2663240938030570493, 0.3279047615429896978, 0.3887377151730926350, 0.4494235281093025280, 0.5108610114593156171, 0.5720793960475145656, 0.6317344287314452522, 0.6911172105788379039, 0.7503600294901705547, 0.8100329005312622010, 0.8713624508287364234, 0.9344271412311534464, 1.000000000000000000 ),
 .UNSPECIFIED. ) ;
#4197 = ORIENTED_EDGE ( 'NONE', *, *, #8056, .T. ) ;
#4198 = CARTESIAN_POINT ( 'NONE',  ( -0.2083003241160728825, -0.9382668219574491486, -0.1489999999999999936 ) ) ;
#4199 = DIRECTION ( 'NONE',  ( 1.000000000000000000, 0.000000000000000000, 0.000000000000000000 ) ) ;
#4200 = UNCERTAINTY_MEASURE_WITH_UNIT (LENGTH_MEASURE( 1.000000000000000082E-05 ), #7227, 'distance_accuracy_value', 'NONE');
#4201 = EDGE_CURVE ( 'NONE', #7879, #8321, #1034, .T. ) ;
#4202 = CARTESIAN_POINT ( 'NONE',  ( 0.1598144772606404362, -0.7874471127961297778, -0.1499999999999998279 ) ) ;
#4203 = VECTOR ( 'NONE', #6215, 1000.000000000000000 ) ;
#4204 = CARTESIAN_POINT ( 'NONE',  ( -1.366487659678485178, -1.316487659678485356, 0.4999999999999998890 ) ) ;
#4205 = ORIENTED_EDGE ( 'NONE', *, *, #7247, .T. ) ;
#4206 = PRODUCT_RELATED_PRODUCT_CATEGORY ( 'part', '', ( #5950 ) ) ;
#4207 = SURFACE_SIDE_STYLE ('',( #5623 ) ) ;
#4208 = VERTEX_POINT ( 'NONE', #2374 ) ;
#4209 = CARTESIAN_POINT ( 'NONE',  ( 0.4749999999999997558, -1.524574886876659763, 0.002000000000000021726 ) ) ;
#4210 = MECHANICAL_DESIGN_GEOMETRIC_PRESENTATION_REPRESENTATION (  '', ( #2318 ), #2729 ) ;
#4211 = CARTESIAN_POINT ( 'NONE',  ( 1.225000000000000089, -0.5000000000000002220, -0.1599999999999999756 ) ) ;
#4212 = CARTESIAN_POINT ( 'NONE',  ( -0.2286679779773230781, -0.9330256756535770801, -0.1500000000000000222 ) ) ;
#4213 = FILL_AREA_STYLE ('',( #8116 ) ) ;
#4214 = ORIENTED_EDGE ( 'NONE', *, *, #4471, .T. ) ;
#4215 = MECHANICAL_DESIGN_GEOMETRIC_PRESENTATION_REPRESENTATION (  '', ( #1269 ), #5331 ) ;
#4216 = DIRECTION ( 'NONE',  ( -0.000000000000000000, 0.000000000000000000, -1.000000000000000000 ) ) ;
#4217 = ADVANCED_FACE ( 'NONE', ( #2915 ), #6800, .T. ) ;
#4218 = PRESENTATION_LAYER_ASSIGNMENT (  '', '', ( #6881 ) ) ;
#4219 = CARTESIAN_POINT ( 'NONE',  ( -0.1750000000000001277, 1.649999999999994804, 0.002000000000000021726 ) ) ;
#4220 = FACE_OUTER_BOUND ( 'NONE', #4088, .T. ) ;
#4221 = AXIS2_PLACEMENT_3D ( 'NONE', #2286, #3670, #5474 ) ;
#4222 =( LENGTH_UNIT ( ) NAMED_UNIT ( * ) SI_UNIT ( .MILLI., .METRE. ) );
#4223 = VERTEX_POINT ( 'NONE', #6892 ) ;
#4224 = LINE ( 'NONE', #6827, #7307 ) ;
#4225 = MECHANICAL_DESIGN_GEOMETRIC_PRESENTATION_REPRESENTATION (  '', ( #5639 ), #3149 ) ;
#4226 = CARTESIAN_POINT ( 'NONE',  ( 1.225000000000000089, -0.5000000000000002220, 0.002000000000000021726 ) ) ;
#4227 = ORIENTED_EDGE ( 'NONE', *, *, #3806, .F. ) ;
#4228 = SURFACE_STYLE_FILL_AREA ( #1665 ) ;
#4229 = CARTESIAN_POINT ( 'NONE',  ( 1.574999999999999956, 1.525000000000000133, -0.1499999999999999944 ) ) ;
#4230 = VECTOR ( 'NONE', #1083, 1000.000000000000000 ) ;
#4231 = CARTESIAN_POINT ( 'NONE',  ( -1.125000000000000000, -1.649999999999999689, -0.1599999999999999756 ) ) ;
#4232 = EDGE_CURVE ( 'NONE', #6999, #3077, #4290, .T. ) ;
#4233 = CARTESIAN_POINT ( 'NONE',  ( -0.3921715264057458739, -0.7782821464863283190, -0.1489999999999999936 ) ) ;
#4234 = CARTESIAN_POINT ( 'NONE',  ( -0.08771268494233119828, -0.7618187318521819629, -0.1489999999999999936 ) ) ;
#4235 = ORIENTED_EDGE ( 'NONE', *, *, #2037, .F. ) ;
#4236 = CARTESIAN_POINT ( 'NONE',  ( 0.1457725805745978820, -0.9085610940175981032, -0.1489999999999999936 ) ) ;
#4237 = CARTESIAN_POINT ( 'NONE',  ( 0.1755378701113397277, -0.8506368737793521539, -0.1499999999999999944 ) ) ;
#4238 = SURFACE_STYLE_FILL_AREA ( #3101 ) ;
#4239 = EDGE_CURVE ( 'NONE', #1237, #533, #1771, .T. ) ;
#4240 = PRESENTATION_STYLE_ASSIGNMENT (( #1721 ) ) ;
#4241 = CARTESIAN_POINT ( 'NONE',  ( -0.1898496743064018721, -0.9178511510444339327, -0.1489999999999999658 ) ) ;
#4242 =( BOUNDED_CURVE ( )  B_SPLINE_CURVE ( 3, ( #7234, #6453, #3223, #5828 ),
 .UNSPECIFIED., .F., .F. ) 
 B_SPLINE_CURVE_WITH_KNOTS ( ( 4, 4 ),
 ( 3.141592653589793116, 3.163213026041171716 ),
 .UNSPECIFIED. ) 
 CURVE ( )  GEOMETRIC_REPRESENTATION_ITEM ( )  RATIONAL_B_SPLINE_CURVE ( ( 1.000000000000000000, 0.9999610470039286270, 0.9999610470039286270, 1.000000000000000000 ) ) 
 REPRESENTATION_ITEM ( '' )  );
#4243 = CARTESIAN_POINT ( 'NONE',  ( -0.2909010059449873009, -0.8163002680547698509, -0.1499999999999999389 ) ) ;
#4244 = SURFACE_STYLE_USAGE ( .BOTH. , #6898 ) ;
#4245 = PRESENTATION_STYLE_ASSIGNMENT (( #6774 ) ) ;
#4246 = VERTEX_POINT ( 'NONE', #6293 ) ;
#4247 = CARTESIAN_POINT ( 'NONE',  ( -0.2629160751075592106, -0.8122115654094353987, -0.1500000000000000500 ) ) ;
#4248 = FILL_AREA_STYLE_COLOUR ( '', #8091 ) ;
#4249 = VERTEX_POINT ( 'NONE', #491 ) ;
#4250 = FACE_OUTER_BOUND ( 'NONE', #5491, .T. ) ;
#4251 = COLOUR_RGB ( '',1.000000000000000000, 1.000000000000000000, 1.000000000000000000 ) ;
#4252 = EDGE_CURVE ( 'NONE', #998, #3954, #2998, .T. ) ;
#4253 = UNCERTAINTY_MEASURE_WITH_UNIT (LENGTH_MEASURE( 1.000000000000000082E-05 ), #8387, 'distance_accuracy_value', 'NONE');
#4254 = SURFACE_STYLE_USAGE ( .BOTH. , #2847 ) ;
#4255 = VECTOR ( 'NONE', #574, 1000.000000000000000 ) ;
#4256 = LINE ( 'NONE', #1739, #4946 ) ;
#4257 = COLOUR_RGB ( '',0.000000000000000000, 0.000000000000000000, 0.000000000000000000 ) ;
#4258 = CARTESIAN_POINT ( 'NONE',  ( 0.1008162784723029837, -0.7374284879497429168, -0.1499999999999999944 ) ) ;
#4259 = CARTESIAN_POINT ( 'NONE',  ( -0.3828346361618434335, -0.7398675123399868214, -0.1499999999999999944 ) ) ;
#4260 = ORIENTED_EDGE ( 'NONE', *, *, #1533, .T. ) ;
#4261 = STYLED_ITEM ( 'NONE', ( #4135 ), #6746 ) ;
#4262 =( NAMED_UNIT ( * ) SI_UNIT ( $, .STERADIAN. ) SOLID_ANGLE_UNIT ( ) );
#4263 = LINE ( 'NONE', #6870, #2897 ) ;
#4264 = FILL_AREA_STYLE_COLOUR ( '', #1746 ) ;
#4265 = VECTOR ( 'NONE', #2878, 1000.000000000000000 ) ;
#4266 = MECHANICAL_DESIGN_GEOMETRIC_PRESENTATION_REPRESENTATION (  '', ( #4814 ), #3464 ) ;
#4267 = CARTESIAN_POINT ( 'NONE',  ( 0.1501397141590173345, -0.7486786780588613466, -0.1499999999999999944 ) ) ;
#4268 = ORIENTED_EDGE ( 'NONE', *, *, #992, .F. ) ;
#4269 = EDGE_CURVE ( 'NONE', #2483, #5593, #2582, .T. ) ;
#4270 = VECTOR ( 'NONE', #7958, 1000.000000000000000 ) ;
#4271 = CARTESIAN_POINT ( 'NONE',  ( -1.574999999999999512, -1.424999999999999378, -0.1499999999999999944 ) ) ;
#4272 = EDGE_LOOP ( 'NONE', ( #960, #2124, #7114, #5554 ) ) ;
#4273 = COLOUR_RGB ( '',0.000000000000000000, 0.000000000000000000, 0.000000000000000000 ) ;
#4274 = MECHANICAL_DESIGN_GEOMETRIC_PRESENTATION_REPRESENTATION (  '', ( #7974 ), #4697 ) ;
#4275 = MECHANICAL_DESIGN_GEOMETRIC_PRESENTATION_REPRESENTATION (  '', ( #365 ), #1996 ) ;
#4276 = UNCERTAINTY_MEASURE_WITH_UNIT (LENGTH_MEASURE( 1.000000000000000082E-05 ), #5423, 'distance_accuracy_value', 'NONE');
#4277 = DIRECTION ( 'NONE',  ( -9.035018104046109571E-16, -1.000000000000000000, 0.000000000000000000 ) ) ;
#4278 = FACE_OUTER_BOUND ( 'NONE', #6334, .T. ) ;
#4279 = COLOUR_RGB ( '',1.000000000000000000, 1.000000000000000000, 1.000000000000000000 ) ;
#4280 = FILL_AREA_STYLE_COLOUR ( '', #7546 ) ;
#4281 = FILL_AREA_STYLE_COLOUR ( '', #7112 ) ;
#4282 = LINE ( 'NONE', #5829, #1143 ) ;
#4283 = AXIS2_PLACEMENT_3D ( 'NONE', #6934, #1891, #3178 ) ;
#4284 = CARTESIAN_POINT ( 'NONE',  ( 0.8249999999999997335, -1.524999999999999689, -0.1499999999999999944 ) ) ;
#4285 = CARTESIAN_POINT ( 'NONE',  ( 0.1749999999999998224, -1.524999999999999467, 5.384116158777405928E-16 ) ) ;
#4286 = SURFACE_STYLE_USAGE ( .BOTH. , #5612 ) ;
#4287 = CARTESIAN_POINT ( 'NONE',  ( -1.258894788126833086, -0.9529646039254657808, 0.5989999999999999769 ) ) ;
#4288 = VERTEX_POINT ( 'NONE', #1214 ) ;
#4289 = DIRECTION ( 'NONE',  ( -0.000000000000000000, 0.000000000000000000, -1.000000000000000000 ) ) ;
#4290 = LINE ( 'NONE', #6246, #2852 ) ;
#4291 = VECTOR ( 'NONE', #6923, 1000.000000000000000 ) ;
#4292 = ADVANCED_FACE ( 'NONE', ( #5195 ), #7071, .F. ) ;
#4293 = LINE ( 'NONE', #4841, #7169 ) ;
#4294 = UNCERTAINTY_MEASURE_WITH_UNIT (LENGTH_MEASURE( 1.000000000000000082E-05 ), #5726, 'distance_accuracy_value', 'NONE');
#4295 = DIRECTION ( 'NONE',  ( 1.000000000000000000, 0.000000000000000000, 0.000000000000000000 ) ) ;
#4296 = CARTESIAN_POINT ( 'NONE',  ( 0.1729078788055688487, -0.8158096817682091162, -0.1489999999999999380 ) ) ;
#4297 = FACE_OUTER_BOUND ( 'NONE', #4148, .T. ) ;
#4298 = VERTEX_POINT ( 'NONE', #571 ) ;
#4299 = COLOUR_RGB ( '',0.000000000000000000, 0.000000000000000000, 0.000000000000000000 ) ;
#4300 = CARTESIAN_POINT ( 'NONE',  ( -0.2194821513638393062, -0.7664545638740836164, -0.1499999999999999944 ) ) ;
#4301 = VERTEX_POINT ( 'NONE', #1974 ) ;
#4302 = MECHANICAL_DESIGN_GEOMETRIC_PRESENTATION_REPRESENTATION (  '', ( #7314 ), #3745 ) ;
#4303 = CARTESIAN_POINT ( 'NONE',  ( -0.08771268494233119828, -0.7398675123399868214, -0.1489999999999999936 ) ) ;
#4304 = FACE_OUTER_BOUND ( 'NONE', #6688, .T. ) ;
#4305 = STYLED_ITEM ( 'NONE', ( #2989 ), #4750 ) ;
#4306 = DIRECTION ( 'NONE',  ( 0.000000000000000000, -0.000000000000000000, -1.000000000000000000 ) ) ;
#4307 = AXIS2_PLACEMENT_3D ( 'NONE', #289, #4701, #2849 ) ;
#4308 = DIRECTION ( 'NONE',  ( 1.000000000000000000, 1.445602896647336944E-15, 0.000000000000000000 ) ) ;
#4309 = LINE ( 'NONE', #5631, #5236 ) ;
#4310 = ORIENTED_EDGE ( 'NONE', *, *, #7050, .T. ) ;
#4311 = ADVANCED_FACE ( 'NONE', ( #2622 ), #4590, .F. ) ;
#4312 = VECTOR ( 'NONE', #8353, 1000.000000000000000 ) ;
#4313 = CARTESIAN_POINT ( 'NONE',  ( -1.574999999999999956, 1.525000000000000133, -0.1499999999999999944 ) ) ;
#4314 =( LENGTH_UNIT ( ) NAMED_UNIT ( * ) SI_UNIT ( .MILLI., .METRE. ) );
#4315 = STYLED_ITEM ( 'NONE', ( #650 ), #5233 ) ;
#4316 = ORIENTED_EDGE ( 'NONE', *, *, #6064, .F. ) ;
#4317 =( NAMED_UNIT ( * ) PLANE_ANGLE_UNIT ( ) SI_UNIT ( $, .RADIAN. ) );
#4318 = EDGE_CURVE ( 'NONE', #2641, #3681, #5836, .T. ) ;
#4319 = ORIENTED_EDGE ( 'NONE', *, *, #2456, .T. ) ;
#4320 = CARTESIAN_POINT ( 'NONE',  ( -0.09259073372281902137, -0.9398675123399868880, -0.1489999999999999936 ) ) ;
#4321 = DIRECTION ( 'NONE',  ( 1.000000000000000000, 0.000000000000000000, 0.000000000000000000 ) ) ;
#4322 = VERTEX_POINT ( 'NONE', #72 ) ;
#4323 = DIRECTION ( 'NONE',  ( 0.000000000000000000, -0.000000000000000000, 1.000000000000000000 ) ) ;
#4324 = FILL_AREA_STYLE ('',( #3555 ) ) ;
#4325 = DIRECTION ( 'NONE',  ( -1.000000000000000000, 0.000000000000000000, 0.000000000000000000 ) ) ;
#4326 = CARTESIAN_POINT ( 'NONE',  ( -1.574999999999999512, -1.524999999999999689, -0.1499999999999999944 ) ) ;
#4327 = DIRECTION ( 'NONE',  ( -0.3635424856527061932, -0.9315776194850602376, 0.000000000000000000 ) ) ;
#4328 =( NAMED_UNIT ( * ) PLANE_ANGLE_UNIT ( ) SI_UNIT ( $, .RADIAN. ) );
#4329 = CYLINDRICAL_SURFACE ( 'NONE', #419, 0.1000000000000000472 ) ;
#4330 = VERTEX_POINT ( 'NONE', #6553 ) ;
#4331 = CARTESIAN_POINT ( 'NONE',  ( -1.125000000000000888, 1.525000000000000133, 0.000000000000000000 ) ) ;
#4332 = CARTESIAN_POINT ( 'NONE',  ( -1.649999999999999911, -0.1000000000000002137, 0.002000000000000021726 ) ) ;
#4333 = PRESENTATION_STYLE_ASSIGNMENT (( #4879 ) ) ;
#4334 = PRESENTATION_LAYER_ASSIGNMENT (  '', '', ( #6103 ) ) ;
#4335 = ADVANCED_FACE ( 'NONE', ( #5918 ), #2018, .T. ) ;
#4336 = PLANE ( 'NONE',  #2361 ) ;
#4337 = LINE ( 'NONE', #4925, #7006 ) ;
#4338 = CARTESIAN_POINT ( 'NONE',  ( 0.1757019492040102771, -0.8420016586814502713, -0.1489999999999999936 ) ) ;
#4339 = DIRECTION ( 'NONE',  ( 0.000000000000000000, 0.000000000000000000, 1.000000000000000000 ) ) ;
#4340 = PRESENTATION_LAYER_ASSIGNMENT (  '', '', ( #3649 ) ) ;
#4341 = CARTESIAN_POINT ( 'NONE',  ( -1.579053062334340840, 1.431238302260960271, -0.01906815909373249865 ) ) ;
#4342 = SURFACE_SIDE_STYLE ('',( #7595 ) ) ;
#4343 = VERTEX_POINT ( 'NONE', #4672 ) ;
#4344 = DIRECTION ( 'NONE',  ( -9.035018104045888690E-16, 1.000000000000000000, -0.000000000000000000 ) ) ;
#4345 = SURFACE_STYLE_USAGE ( .BOTH. , #3109 ) ;
#4346 = STYLED_ITEM ( 'NONE', ( #659 ), #802 ) ;
#4347 = CARTESIAN_POINT ( 'NONE',  ( 0.09303340364834035425, -0.9415782454184301598, -0.1489999999999999936 ) ) ;
#4348 = VECTOR ( 'NONE', #2346, 1000.000000000000000 ) ;
#4349 = DIRECTION ( 'NONE',  ( 1.000000000000000000, -0.000000000000000000, 0.000000000000000000 ) ) ;
#4350 = ORIENTED_EDGE ( 'NONE', *, *, #5637, .F. ) ;
#4351 =( GEOMETRIC_REPRESENTATION_CONTEXT ( 3 ) GLOBAL_UNCERTAINTY_ASSIGNED_CONTEXT ( ( #7895 ) ) GLOBAL_UNIT_ASSIGNED_CONTEXT ( ( #4506, #620, #5801 ) ) REPRESENTATION_CONTEXT ( 'NONE', 'WORKASPACE' ) );
#4352 = UNCERTAINTY_MEASURE_WITH_UNIT (LENGTH_MEASURE( 1.000000000000000082E-05 ), #1140, 'distance_accuracy_value', 'NONE');
#4354 = LINE ( 'NONE', #7003, #4921 ) ;
#4353 = CARTESIAN_POINT ( 'NONE',  ( -0.2853515818477607713, -0.8792468307691340135, -0.1489999999999999936 ) ) ;
#4355 = EDGE_CURVE ( 'NONE', #7448, #4977, #7287, .T. ) ;
#4356 = DIRECTION ( 'NONE',  ( -1.421904488505579654E-16, 1.000000000000000000, 0.000000000000000000 ) ) ;
#4357 = VERTEX_POINT ( 'NONE', #823 ) ;
#4358 =( GEOMETRIC_REPRESENTATION_CONTEXT ( 3 ) GLOBAL_UNCERTAINTY_ASSIGNED_CONTEXT ( ( #6771 ) ) GLOBAL_UNIT_ASSIGNED_CONTEXT ( ( #6327, #602, #7146 ) ) REPRESENTATION_CONTEXT ( 'NONE', 'WORKASPACE' ) );
#4359 = ORIENTED_EDGE ( 'NONE', *, *, #8322, .T. ) ;
#4360 = DIRECTION ( 'NONE',  ( -1.000000000000000000, -1.445602896647335761E-15, 0.000000000000000000 ) ) ;
#4361 = FILL_AREA_STYLE_COLOUR ( '', #7898 ) ;
#4362 = ORIENTED_EDGE ( 'NONE', *, *, #6191, .T. ) ;
#4363 = UNCERTAINTY_MEASURE_WITH_UNIT (LENGTH_MEASURE( 1.000000000000000082E-05 ), #1296, 'distance_accuracy_value', 'NONE');
#4364 = DIRECTION ( 'NONE',  ( 0.000000000000000000, 1.000000000000000000, 0.000000000000000000 ) ) ;
#4365 = CARTESIAN_POINT ( 'NONE',  ( -1.573753234685351776, 1.483738302695271738, 0.005865569638748215943 ) ) ;
#4366 = COLOUR_RGB ( '',0.5019607843137254832, 0.2509803921568627416, 0.2509803921568627416 ) ;
#4367 = B_SPLINE_SURFACE_WITH_KNOTS ( 'NONE', 3, 1, ( 
 ( #4949, #641 ),
 ( #4522, #6442 ),
 ( #3083, #8377 ),
 ( #5684, #7776 ),
 ( #595, #3838 ),
 ( #7140, #4995 ),
 ( #5770, #3706 ) ),
 .UNSPECIFIED., .F., .F., .F.,
 ( 4, 1, 1, 1, 4 ),
 ( 2, 2 ),
 ( 0.000000000000000000, 0.1744817153170500623, 0.3982857591281112053, 0.6738978473986628748, 1.000000000000000000 ),
 ( 0.000000000000000000, 1.000000000000000000 ),
 .UNSPECIFIED. ) ;
#4368 = EDGE_CURVE ( 'NONE', #6275, #2224, #264, .T. ) ;
#4369 = VECTOR ( 'NONE', #1181, 1000.000000000000000 ) ;
#4370 =( NAMED_UNIT ( * ) PLANE_ANGLE_UNIT ( ) SI_UNIT ( $, .RADIAN. ) );
#4371 = LINE ( 'NONE', #5478, #7655 ) ;
#4372 = CARTESIAN_POINT ( 'NONE',  ( 1.475720693118509397, 1.525000000000000133, 1.013068130620967322E-16 ) ) ;
#4373 = PLANE ( 'NONE',  #7848 ) ;
#4374 = PRESENTATION_STYLE_ASSIGNMENT (( #4286 ) ) ;
#4375 = DIRECTION ( 'NONE',  ( 1.000000000000000000, -7.589415207398545238E-15, 0.000000000000000000 ) ) ;
#4376 = EDGE_LOOP ( 'NONE', ( #2113, #7585, #6818, #3347 ) ) ;
#4377 = CARTESIAN_POINT ( 'NONE',  ( 0.1336742004118508520, -0.9151947395600343871, -0.1490000000000000491 ) ) ;
#4378 = VERTEX_POINT ( 'NONE', #7243 ) ;
#4379 = UNCERTAINTY_MEASURE_WITH_UNIT (LENGTH_MEASURE( 1.000000000000000082E-05 ), #4484, 'distance_accuracy_value', 'NONE');
#4380 =( NAMED_UNIT ( * ) SI_UNIT ( $, .STERADIAN. ) SOLID_ANGLE_UNIT ( ) );
#4381 = EDGE_CURVE ( 'NONE', #4977, #5956, #2952, .T. ) ;
#4382 = DIRECTION ( 'NONE',  ( -0.2035585949527793648, 0.2035585949527793093, -0.9576678948579724349 ) ) ;
#4383 = CARTESIAN_POINT ( 'NONE',  ( -0.01210292884477019541, -0.8496236099009625287, -0.1489999999999999936 ) ) ;
#4384 = ORIENTED_EDGE ( 'NONE', *, *, #5400, .F. ) ;
#4385 = CARTESIAN_POINT ( 'NONE',  ( -0.4584443922594044207, -0.9398675123399868880, -0.1489999999999999936 ) ) ;
#4386 = FILL_AREA_STYLE ('',( #373 ) ) ;
#4387 = CARTESIAN_POINT ( 'NONE',  ( -1.125000000000000000, -1.649999999999999689, -0.1599999999999999756 ) ) ;
#4388 = SURFACE_SIDE_STYLE ('',( #2228 ) ) ;
#4389 = DIRECTION ( 'NONE',  ( 1.000000000000000000, 2.216847787945573612E-15, -0.000000000000000000 ) ) ;
#4390 = ORIENTED_EDGE ( 'NONE', *, *, #4847, .F. ) ;
#4391 = PRESENTATION_LAYER_ASSIGNMENT (  '', '', ( #5480 ) ) ;
#4392 = DIRECTION ( 'NONE',  ( -1.000000000000000000, -4.553649124439122567E-15, -0.000000000000000000 ) ) ;
#4393 = EDGE_CURVE ( 'NONE', #707, #4713, #2904, .T. ) ;
#4394 = CARTESIAN_POINT ( 'NONE',  ( -0.1316151239667214534, -0.9398675123399868880, -0.1499999999999999944 ) ) ;
#4395 = DIRECTION ( 'NONE',  ( -0.2035585949527792538, -0.2035585949527793370, -0.9576678948579724349 ) ) ;
#4396 = ORIENTED_EDGE ( 'NONE', *, *, #4907, .F. ) ;
#4397 = CARTESIAN_POINT ( 'NONE',  ( -0.8726886045441106798, -0.9529646039254657808, 0.5999999999999999778 ) ) ;
#4398 = EDGE_LOOP ( 'NONE', ( #1610, #675, #1588, #179 ) ) ;
#4399 = VECTOR ( 'NONE', #745, 1000.000000000000000 ) ;
#4400 = CARTESIAN_POINT ( 'NONE',  ( 0.05940798256130083721, -0.9326242319344882903, -0.1490000000000000213 ) ) ;
#4401 = MECHANICAL_DESIGN_GEOMETRIC_PRESENTATION_REPRESENTATION (  '', ( #1172 ), #347 ) ;
#4402 = VERTEX_POINT ( 'NONE', #7450 ) ;
#4403 = LINE ( 'NONE', #3844, #5595 ) ;
#4404 = DIRECTION ( 'NONE',  ( -1.000000000000000000, 0.000000000000000000, 0.000000000000000000 ) ) ;
#4405 = PLANE ( 'NONE',  #6313 ) ;
#4406 = COLOUR_RGB ( '',0.2509803921568627416, 0.2509803921568627416, 0.2509803921568627416 ) ;
#4407 =( GEOMETRIC_REPRESENTATION_CONTEXT ( 3 ) GLOBAL_UNCERTAINTY_ASSIGNED_CONTEXT ( ( #1147 ) ) GLOBAL_UNIT_ASSIGNED_CONTEXT ( ( #7472, #3692, #501 ) ) REPRESENTATION_CONTEXT ( 'NONE', 'WORKASPACE' ) );
#4408 = VECTOR ( 'NONE', #624, 1000.000000000000000 ) ;
#4409 = VECTOR ( 'NONE', #2030, 1000.000000000000000 ) ;
#4410 = AXIS2_PLACEMENT_3D ( 'NONE', #146, #4665, #3308 ) ;
#4411 = EDGE_CURVE ( 'NONE', #6010, #918, #1159, .T. ) ;
#4412 = CARTESIAN_POINT ( 'NONE',  ( 1.452672952517934712, -1.304858192444552589, 0.5755035107877257694 ) ) ;
#4413 = CARTESIAN_POINT ( 'NONE',  ( 0.4749999999999995892, 1.289999999999999591, -0.1499999999999999944 ) ) ;
#4414 = ORIENTED_EDGE ( 'NONE', *, *, #3486, .F. ) ;
#4415 = CARTESIAN_POINT ( 'NONE',  ( 0.1087812174966932277, -0.9423065367302307926, -0.1489999999999999936 ) ) ;
#4416 =( NAMED_UNIT ( * ) SI_UNIT ( $, .STERADIAN. ) SOLID_ANGLE_UNIT ( ) );
#4417 =( GEOMETRIC_REPRESENTATION_CONTEXT ( 3 ) GLOBAL_UNCERTAINTY_ASSIGNED_CONTEXT ( ( #285 ) ) GLOBAL_UNIT_ASSIGNED_CONTEXT ( ( #8418, #7683, #3786 ) ) REPRESENTATION_CONTEXT ( 'NONE', 'WORKASPACE' ) );
#4418 = DIRECTION ( 'NONE',  ( 0.000000000000000000, -0.2079116908177597867, -0.9781476007338055778 ) ) ;
#4419 = DIRECTION ( 'NONE',  ( 0.000000000000000000, -0.000000000000000000, 1.000000000000000000 ) ) ;
#4420 = AXIS2_PLACEMENT_3D ( 'NONE', #5368, #6597, #3445 ) ;
#4421 = VECTOR ( 'NONE', #66, 1000.000000000000000 ) ;
#4422 = CARTESIAN_POINT ( 'NONE',  ( -0.2538278406007424826, -0.7915784423723070118, -0.1489999999999999658 ) ) ;
#4423 = LINE ( 'NONE', #3731, #4255 ) ;
#4424 = PLANE ( 'NONE',  #5256 ) ;
#4425 = EDGE_CURVE ( 'NONE', #2332, #6666, #5563, .T. ) ;
#4426 = LINE ( 'NONE', #6474, #7312 ) ;
#4427 = PRESENTATION_STYLE_ASSIGNMENT (( #5752 ) ) ;
#4428 = ORIENTED_EDGE ( 'NONE', *, *, #4507, .T. ) ;
#4429 = VECTOR ( 'NONE', #8044, 1000.000000000000000 ) ;
#4430 =( LENGTH_UNIT ( ) NAMED_UNIT ( * ) SI_UNIT ( .MILLI., .METRE. ) );
#4431 = PLANE ( 'NONE',  #1906 ) ;
#4432 = CARTESIAN_POINT ( 'NONE',  ( 0.01472633944791271188, -0.7398675123399868214, -0.1489999999999999936 ) ) ;
#4433 = ORIENTED_EDGE ( 'NONE', *, *, #4582, .F. ) ;
#4434 = STYLED_ITEM ( 'NONE', ( #2605 ), #1744 ) ;
#4435 = ORIENTED_EDGE ( 'NONE', *, *, #483, .T. ) ;
#4436 = VECTOR ( 'NONE', #180, 1000.000000000000000 ) ;
#4438 =( LENGTH_UNIT ( ) NAMED_UNIT ( * ) SI_UNIT ( .MILLI., .METRE. ) );
#4437 = LINE ( 'NONE', #552, #2273 ) ;
#4439 = VECTOR ( 'NONE', #4777, 1000.000000000000000 ) ;
#4440 = EDGE_CURVE ( 'NONE', #5807, #1637, #2247, .T. ) ;
#4441 = LINE ( 'NONE', #5128, #6858 ) ;
#4442 = FILL_AREA_STYLE_COLOUR ( '', #8247 ) ;
#4443 =( GEOMETRIC_REPRESENTATION_CONTEXT ( 3 ) GLOBAL_UNCERTAINTY_ASSIGNED_CONTEXT ( ( #677 ) ) GLOBAL_UNIT_ASSIGNED_CONTEXT ( ( #7750, #3313, #4455 ) ) REPRESENTATION_CONTEXT ( 'NONE', 'WORKASPACE' ) );
#4444 = ORIENTED_EDGE ( 'NONE', *, *, #7976, .T. ) ;
#4445 = FILL_AREA_STYLE ('',( #5133 ) ) ;
#4446 = ORIENTED_EDGE ( 'NONE', *, *, #4626, .F. ) ;
#4447 = CARTESIAN_POINT ( 'NONE',  ( 1.464302419751866813, -1.316487659678485134, 0.5207911690817759176 ) ) ;
#4448 = SURFACE_STYLE_FILL_AREA ( #5825 ) ;
#4449 = VECTOR ( 'NONE', #3756, 1000.000000000000000 ) ;
#4450 = CARTESIAN_POINT ( 'NONE',  ( -0.3951395294234497646, -0.7656819347000701770, -0.1499999999999999944 ) ) ;
#4451 = DIRECTION ( 'NONE',  ( 0.000000000000000000, -1.000000000000000000, 0.000000000000000000 ) ) ;
#4452 = VECTOR ( 'NONE', #2306, 1000.000000000000114 ) ;
#4453 = FACE_OUTER_BOUND ( 'NONE', #4997, .T. ) ;
#4454 = EDGE_LOOP ( 'NONE', ( #2362, #2141, #1111, #4575, #782, #7326 ) ) ;
#4455 =( NAMED_UNIT ( * ) SI_UNIT ( $, .STERADIAN. ) SOLID_ANGLE_UNIT ( ) );
#4456 = SURFACE_STYLE_FILL_AREA ( #2015 ) ;
#4457 = EDGE_CURVE ( 'NONE', #7697, #6734, #6149, .T. ) ;
#4458 = CARTESIAN_POINT ( 'NONE',  ( 0.07489361909048308785, -0.7393618447937765348, -0.1490000000000000213 ) ) ;
#4459 = DIRECTION ( 'NONE',  ( -1.000000000000000000, 0.000000000000000000, 0.000000000000000000 ) ) ;
#4460 = FACE_OUTER_BOUND ( 'NONE', #5119, .T. ) ;
#4461 = CARTESIAN_POINT ( 'NONE',  ( -1.225000000000000089, 2.330083616306567074E-16, -0.1499999999999999944 ) ) ;
#4462 = DIRECTION ( 'NONE',  ( -0.000000000000000000, 0.000000000000000000, 1.000000000000000000 ) ) ;
#4463 = VERTEX_POINT ( 'NONE', #7575 ) ;
#4464 = STYLED_ITEM ( 'NONE', ( #1812 ), #3505 ) ;
#4465 = FILL_AREA_STYLE_COLOUR ( '', #2437 ) ;
#4466 = CARTESIAN_POINT ( 'NONE',  ( 0.1706359789566945784, -0.8079822169943822185, -0.1490000000000000768 ) ) ;
#4467 = MECHANICAL_DESIGN_GEOMETRIC_PRESENTATION_REPRESENTATION (  '', ( #153 ), #4060 ) ;
#4468 = FILL_AREA_STYLE ('',( #164 ) ) ;
#4469 = EDGE_CURVE ( 'NONE', #3823, #6786, #8300, .T. ) ;
#4470 = DIRECTION ( 'NONE',  ( 0.000000000000000000, 0.000000000000000000, 1.000000000000000000 ) ) ;
#4471 = EDGE_CURVE ( 'NONE', #4463, #3578, #5653, .T. ) ;
#4472 = DIRECTION ( 'NONE',  ( 2.168404344971007685E-15, -1.000000000000000000, 0.000000000000000000 ) ) ;
#4473 = EDGE_LOOP ( 'NONE', ( #2302, #368, #3921, #7133, #8261, #589, #2975 ) ) ;
#4474 = EDGE_LOOP ( 'NONE', ( #5168, #2405, #5447, #2896 ) ) ;
#4475 = COLOUR_RGB ( '',0.2509803921568627416, 0.2509803921568627416, 0.2509803921568627416 ) ;
#4476 = VECTOR ( 'NONE', #1309, 1000.000000000000000 ) ;
#4478 = SURFACE_STYLE_FILL_AREA ( #1149 ) ;
#4477 = CARTESIAN_POINT ( 'NONE',  ( -0.2925907337228190741, -0.8373522684375478420, -0.1489999999999999936 ) ) ;
#4479 = SURFACE_SIDE_STYLE ('',( #3793 ) ) ;
#4480 = FACE_OUTER_BOUND ( 'NONE', #1986, .T. ) ;
#4481 = SURFACE_SIDE_STYLE ('',( #7054 ) ) ;
#4482 = PLANE ( 'NONE',  #6311 ) ;
#4483 = COLOUR_RGB ( '',0.000000000000000000, 0.000000000000000000, 0.000000000000000000 ) ;
#4484 =( LENGTH_UNIT ( ) NAMED_UNIT ( * ) SI_UNIT ( .MILLI., .METRE. ) );
#4485 = STYLED_ITEM ( 'NONE', ( #2105 ), #4115 ) ;
#4486 = EDGE_CURVE ( 'NONE', #165, #7161, #6195, .T. ) ;
#4487 = CARTESIAN_POINT ( 'NONE',  ( -0.1316151239667214534, -0.7398675123399868214, -0.1489999999999999936 ) ) ;
#4488 = ORIENTED_EDGE ( 'NONE', *, *, #7799, .F. ) ;
#4489 = DIRECTION ( 'NONE',  ( 0.000000000000000000, 0.000000000000000000, 1.000000000000000000 ) ) ;
#4490 = DIRECTION ( 'NONE',  ( 0.000000000000000000, -1.000000000000000000, 0.000000000000000000 ) ) ;
#4491 = DIRECTION ( 'NONE',  ( 0.000000000000000000, -0.000000000000000000, 1.000000000000000000 ) ) ;
#4492 =( GEOMETRIC_REPRESENTATION_CONTEXT ( 3 ) GLOBAL_UNCERTAINTY_ASSIGNED_CONTEXT ( ( #243 ) ) GLOBAL_UNIT_ASSIGNED_CONTEXT ( ( #3944, #609, #1939 ) ) REPRESENTATION_CONTEXT ( 'NONE', 'WORKASPACE' ) );
#4493 = SURFACE_STYLE_FILL_AREA ( #3225 ) ;
#4494 = CARTESIAN_POINT ( 'NONE',  ( -0.2577458567578621573, -0.8787049600158820528, -0.1499999999999999667 ) ) ;
#4495 =( NAMED_UNIT ( * ) PLANE_ANGLE_UNIT ( ) SI_UNIT ( $, .RADIAN. ) );
#4496 = ORIENTED_EDGE ( 'NONE', *, *, #8043, .F. ) ;
#4497 = CARTESIAN_POINT ( 'NONE',  ( 0.1633127276646057779, -0.9272474495678025841, -0.1489999999999999936 ) ) ;
#4498 = LINE ( 'NONE', #7119, #6720 ) ;
#4499 =( LENGTH_UNIT ( ) NAMED_UNIT ( * ) SI_UNIT ( .MILLI., .METRE. ) );
#4500 =( NAMED_UNIT ( * ) PLANE_ANGLE_UNIT ( ) SI_UNIT ( $, .RADIAN. ) );
#4501 = AXIS2_PLACEMENT_3D ( 'NONE', #5606, #4364, #4323 ) ;
#4502 = VECTOR ( 'NONE', #443, 1000.000000000000000 ) ;
#4503 = CARTESIAN_POINT ( 'NONE',  ( 0.06462429391466235906, -0.7665291102173069637, -0.1489999999999999658 ) ) ;
#4504 = SURFACE_STYLE_FILL_AREA ( #7759 ) ;
#4505 = CARTESIAN_POINT ( 'NONE',  ( 0.1585845901406489900, -0.7537188278367914496, -0.1499999999999999944 ) ) ;
#4506 =( LENGTH_UNIT ( ) NAMED_UNIT ( * ) SI_UNIT ( .MILLI., .METRE. ) );
#4507 = EDGE_CURVE ( 'NONE', #3885, #4540, #2324, .T. ) ;
#4508 = MECHANICAL_DESIGN_GEOMETRIC_PRESENTATION_REPRESENTATION (  '', ( #7111 ), #2298 ) ;
#4509 = ORIENTED_EDGE ( 'NONE', *, *, #3515, .T. ) ;
#4510 = COLOUR_RGB ( '',0.2509803921568627416, 0.2509803921568627416, 0.2509803921568627416 ) ;
#4511 = LINE ( 'NONE', #7128, #6726 ) ;
#4512 = CARTESIAN_POINT ( 'NONE',  ( -1.366487659678485844, 1.316487659678485800, 0.4999999999999998890 ) ) ;
#4513 = ORIENTED_EDGE ( 'NONE', *, *, #7763, .F. ) ;
#4514 = FACE_OUTER_BOUND ( 'NONE', #6155, .T. ) ;
#4515 = ADVANCED_FACE ( 'NONE', ( #4278 ), #4187, .T. ) ;
#4516 = EDGE_LOOP ( 'NONE', ( #4435, #680, #471, #7012 ) ) ;
#4517 = UNCERTAINTY_MEASURE_WITH_UNIT (LENGTH_MEASURE( 1.000000000000000082E-05 ), #1848, 'distance_accuracy_value', 'NONE');
#4519 = DIRECTION ( 'NONE',  ( 1.000000000000000000, 0.000000000000000000, -0.000000000000000000 ) ) ;
#4518 = DIRECTION ( 'NONE',  ( -0.2035585949527793093, 0.2035585949527793370, 0.9576678948579724349 ) ) ;
#4520 = VERTEX_POINT ( 'NONE', #3596 ) ;
#4521 = CARTESIAN_POINT ( 'NONE',  ( 0.07753099904797089437, -0.9172325071931370921, -0.1500000000000000777 ) ) ;
#4522 = CARTESIAN_POINT ( 'NONE',  ( -0.3988579209908238443, -0.7774841795957062596, -0.1490000000000000213 ) ) ;
#4523 = SURFACE_SIDE_STYLE ('',( #3970 ) ) ;
#4524 = ADVANCED_FACE ( 'NONE', ( #4911 ), #1706, .T. ) ;
#4525 = CARTESIAN_POINT ( 'NONE',  ( -0.09259073372281902137, -0.9179162928277918576, -0.1489999999999999936 ) ) ;
#4526 = VERTEX_POINT ( 'NONE', #1204 ) ;
#4527 = CARTESIAN_POINT ( 'NONE',  ( -0.8250000000000000666, -1.524574886876659763, 0.002000000000000021726 ) ) ;
#4528 = VECTOR ( 'NONE', #4992, 1000.000000000000000 ) ;
#4529 =( LENGTH_UNIT ( ) NAMED_UNIT ( * ) SI_UNIT ( .MILLI., .METRE. ) );
#4530 = LINE ( 'NONE', #3898, #7130 ) ;
#4531 = ADVANCED_FACE ( 'NONE', ( #7654 ), #7701, .T. ) ;
#4532 = FILL_AREA_STYLE ('',( #1207 ) ) ;
#4533 = CARTESIAN_POINT ( 'NONE',  ( 0.08094186935859801202, -0.7384625204465908865, -0.1489999999999999936 ) ) ;
#4534 = ORIENTED_EDGE ( 'NONE', *, *, #5513, .T. ) ;
#4535 = STYLED_ITEM ( 'NONE', ( #2919 ), #5502 ) ;
#4536 = DIRECTION ( 'NONE',  ( 0.000000000000000000, -1.000000000000000000, 0.000000000000000000 ) ) ;
#4537 = CARTESIAN_POINT ( 'NONE',  ( 0.000000000000000000, 0.000000000000000000, 0.000000000000000000 ) ) ;
#4538 = CARTESIAN_POINT ( 'NONE',  ( 0.7750000000000006883, 1.289999999999999591, -0.1499999999999999944 ) ) ;
#4539 = DIRECTION ( 'NONE',  ( 1.000000000000000000, -0.000000000000000000, -0.000000000000000000 ) ) ;
#4540 = VERTEX_POINT ( 'NONE', #7059 ) ;
#4541 = MECHANICAL_DESIGN_GEOMETRIC_PRESENTATION_REPRESENTATION (  '', ( #5633 ), #7823 ) ;
#4542 = SURFACE_SIDE_STYLE ('',( #3943 ) ) ;
#4543 = FILL_AREA_STYLE ('',( #5101 ) ) ;
#4544 = LINE ( 'NONE', #8001, #3171 ) ;
#4545 = UNCERTAINTY_MEASURE_WITH_UNIT (LENGTH_MEASURE( 1.000000000000000082E-05 ), #427, 'distance_accuracy_value', 'NONE');
#4546 = SURFACE_SIDE_STYLE ('',( #2585 ) ) ;
#4547 = PRESENTATION_LAYER_ASSIGNMENT (  '', '', ( #6585 ) ) ;
#4548 = FILL_AREA_STYLE_COLOUR ( '', #2233 ) ;
#4549 = EDGE_CURVE ( 'NONE', #832, #3089, #1242, .T. ) ;
#4551 = STYLED_ITEM ( 'NONE', ( #5417 ), #2165 ) ;
#4550 = CARTESIAN_POINT ( 'NONE',  ( -0.2657614654301360679, -0.8379239147790112918, -0.1489999999999999936 ) ) ;
#4552 = AXIS2_PLACEMENT_3D ( 'NONE', #5167, #3113, #626 ) ;
#4554 = MECHANICAL_DESIGN_GEOMETRIC_PRESENTATION_REPRESENTATION (  '', ( #3465 ), #5646 ) ;
#4553 =( NAMED_UNIT ( * ) PLANE_ANGLE_UNIT ( ) SI_UNIT ( $, .RADIAN. ) );
#4555 = CARTESIAN_POINT ( 'NONE',  ( 0.1806571274186169473, -0.7740579789026226232, -0.1500000000000000222 ) ) ;
#4556 = ORIENTED_EDGE ( 'NONE', *, *, #287, .F. ) ;
#4557 = PRESENTATION_LAYER_ASSIGNMENT (  '', '', ( #6603 ) ) ;
#4558 = DIRECTION ( 'NONE',  ( 0.000000000000000000, 1.000000000000000000, 0.000000000000000000 ) ) ;
#4559 = UNCERTAINTY_MEASURE_WITH_UNIT (LENGTH_MEASURE( 1.000000000000000082E-05 ), #3987, 'distance_accuracy_value', 'NONE');
#4560 = CARTESIAN_POINT ( 'NONE',  ( 0.1806571274186169473, -0.7740579789026226232, -0.1490000000000000213 ) ) ;
#4561 = FILL_AREA_STYLE_COLOUR ( '', #6048 ) ;
#4562 = VERTEX_POINT ( 'NONE', #6405 ) ;
#4563 = VECTOR ( 'NONE', #6146, 1000.000000000000000 ) ;
#4564 = SURFACE_STYLE_USAGE ( .BOTH. , #5211 ) ;
#4565 = VERTEX_POINT ( 'NONE', #5181 ) ;
#4566 = ADVANCED_FACE ( 'NONE', ( #8 ), #3845, .T. ) ;
#4567 = CARTESIAN_POINT ( 'NONE',  ( -1.574999999999999956, 1.525000000000000133, -0.1499999999999999944 ) ) ;
#4568 = VERTEX_POINT ( 'NONE', #5275 ) ;
#4569 = VECTOR ( 'NONE', #4887, 1000.000000000000000 ) ;
#4570 = CARTESIAN_POINT ( 'NONE',  ( 0.09088519497505752331, -0.9196194940005318896, -0.1499999999999999944 ) ) ;
#4571 = DIRECTION ( 'NONE',  ( 1.000000000000000000, 0.000000000000000000, 0.000000000000000000 ) ) ;
#4572 = EDGE_CURVE ( 'NONE', #4048, #1683, #4746, .T. ) ;
#4573 = DIRECTION ( 'NONE',  ( 0.000000000000000000, 0.000000000000000000, 1.000000000000000000 ) ) ;
#4574 =( NAMED_UNIT ( * ) PLANE_ANGLE_UNIT ( ) SI_UNIT ( $, .RADIAN. ) );
#4575 = ORIENTED_EDGE ( 'NONE', *, *, #6655, .T. ) ;
#4576 = LINE ( 'NONE', #6538, #53 ) ;
#4577 = AXIS2_PLACEMENT_3D ( 'NONE', #6704, #6024, #2822 ) ;
#4578 = DIRECTION ( 'NONE',  ( 1.000000000000000000, -1.505836350674315242E-15, 0.000000000000000000 ) ) ;
#4579 = FACE_OUTER_BOUND ( 'NONE', #4598, .T. ) ;
#4580 = PRESENTATION_STYLE_ASSIGNMENT (( #5227 ) ) ;
#4581 = STYLED_ITEM ( 'NONE', ( #5679 ), #4893 ) ;
#4582 = EDGE_CURVE ( 'NONE', #401, #5398, #7873, .T. ) ;
#4583 =( NAMED_UNIT ( * ) PLANE_ANGLE_UNIT ( ) SI_UNIT ( $, .RADIAN. ) );
#4584 = ORIENTED_EDGE ( 'NONE', *, *, #5477, .T. ) ;
#4585 = DIRECTION ( 'NONE',  ( 1.000000000000000000, -1.084202172485504434E-16, 0.000000000000000000 ) ) ;
#4586 = FILL_AREA_STYLE_COLOUR ( '', #2205 ) ;
#4587 = ORIENTED_EDGE ( 'NONE', *, *, #6567, .T. ) ;
#4588 = AXIS2_PLACEMENT_3D ( 'NONE', #5286, #5837, #7714 ) ;
#4589 = DIRECTION ( 'NONE',  ( 0.000000000000000000, 0.000000000000000000, 1.000000000000000000 ) ) ;
#4590 = PLANE ( 'NONE',  #7916 ) ;
#4591 = CARTESIAN_POINT ( 'NONE',  ( 0.1704969253989207789, -0.9216525404917368380, -0.1489999999999999936 ) ) ;
#4592 =( LENGTH_UNIT ( ) NAMED_UNIT ( * ) SI_UNIT ( .MILLI., .METRE. ) );
#4593 = SURFACE_STYLE_USAGE ( .BOTH. , #3187 ) ;
#4594 = STYLED_ITEM ( 'NONE', ( #2467 ), #5326 ) ;
#4595 = CARTESIAN_POINT ( 'NONE',  ( -0.2605543129727971863, -0.8047518160476395677, -0.1489999999999999658 ) ) ;
#4596 = CARTESIAN_POINT ( 'NONE',  ( -0.1989344586847273388, -0.7401099904728092316, -0.1499999999999999667 ) ) ;
#4597 = DIRECTION ( 'NONE',  ( 0.000000000000000000, 0.000000000000000000, 1.000000000000000000 ) ) ;
#4598 = EDGE_LOOP ( 'NONE', ( #7733, #899, #8367, #645 ) ) ;
#4599 = EDGE_CURVE ( 'NONE', #569, #3828, #255, .T. ) ;
#4600 = VERTEX_POINT ( 'NONE', #2781 ) ;
#4601 = FACE_OUTER_BOUND ( 'NONE', #7400, .T. ) ;
#4602 = LINE ( 'NONE', #3919, #3719 ) ;
#4603 = VERTEX_POINT ( 'NONE', #5983 ) ;
#4604 = CARTESIAN_POINT ( 'NONE',  ( -1.474999999999999423, -1.524999999999999689, -0.1499999999999999944 ) ) ;
#4605 = ORIENTED_EDGE ( 'NONE', *, *, #402, .T. ) ;
#4606 = DIRECTION ( 'NONE',  ( 0.000000000000000000, 0.000000000000000000, 1.000000000000000000 ) ) ;
#4607 = ORIENTED_EDGE ( 'NONE', *, *, #5027, .F. ) ;
#4608 = SURFACE_STYLE_USAGE ( .BOTH. , #2875 ) ;
#4609 = COLOUR_RGB ( '',0.2509803921568627416, 0.2509803921568627416, 0.2509803921568627416 ) ;
#4610 = CARTESIAN_POINT ( 'NONE',  ( 1.475000000000000089, 0.09999999999999963085, 0.002000000000000021726 ) ) ;
#4611 =( NAMED_UNIT ( * ) PLANE_ANGLE_UNIT ( ) SI_UNIT ( $, .RADIAN. ) );
#4612 = CARTESIAN_POINT ( 'NONE',  ( -0.2923516291628825425, -0.8485344281971798353, -0.1500000000000000222 ) ) ;
#4613 = FACE_OUTER_BOUND ( 'NONE', #3134, .T. ) ;
#4614 = STYLED_ITEM ( 'NONE', ( #6111 ), #3024 ) ;
#4615 = VERTEX_POINT ( 'NONE', #7358 ) ;
#4616 = DIRECTION ( 'NONE',  ( 1.000000000000000000, 0.000000000000000000, 0.000000000000000000 ) ) ;
#4617 = DIRECTION ( 'NONE',  ( 0.2035585949527793370, 0.2035585949527793370, 0.9576678948579724349 ) ) ;
#4618 = CARTESIAN_POINT ( 'NONE',  ( 0.07610843685583704166, -0.7625224824165525161, -0.1500000000000000222 ) ) ;
#4619 = CARTESIAN_POINT ( 'NONE',  ( -1.225000000000000089, -0.1000000000000000472, -0.1599999999999999756 ) ) ;
#4620 = SURFACE_STYLE_FILL_AREA ( #2614 ) ;
#4621 = COLOUR_RGB ( '',1.000000000000000000, 1.000000000000000000, 1.000000000000000000 ) ;
#4622 =( NAMED_UNIT ( * ) SI_UNIT ( $, .STERADIAN. ) SOLID_ANGLE_UNIT ( ) );
#4623 = VERTEX_POINT ( 'NONE', #2743 ) ;
#4624 = DIRECTION ( 'NONE',  ( 1.000000000000000000, 0.000000000000000000, -0.000000000000000000 ) ) ;
#4625 = EDGE_LOOP ( 'NONE', ( #5816, #2131, #8146, #2559, #6914 ) ) ;
#4626 = EDGE_CURVE ( 'NONE', #3353, #2885, #2818, .T. ) ;
#4627 = DIRECTION ( 'NONE',  ( -0.000000000000000000, -1.000000000000000000, -0.000000000000000000 ) ) ;
#4628 = PRESENTATION_LAYER_ASSIGNMENT (  '', '', ( #439 ) ) ;
#4629 = SURFACE_STYLE_USAGE ( .BOTH. , #7118 ) ;
#4630 = PLANE ( 'NONE',  #8232 ) ;
#4631 = SURFACE_SIDE_STYLE ('',( #2058 ) ) ;
#4632 = CARTESIAN_POINT ( 'NONE',  ( -0.2925099602822900380, -0.8411297853388178813, -0.1490000000000000213 ) ) ;
#4633 =( LENGTH_UNIT ( ) NAMED_UNIT ( * ) SI_UNIT ( .MILLI., .METRE. ) );
#4634 = SURFACE_STYLE_FILL_AREA ( #2174 ) ;
#4635 = PLANE ( 'NONE',  #826 ) ;
#4636 = ORIENTED_EDGE ( 'NONE', *, *, #5947, .F. ) ;
#4637 = CARTESIAN_POINT ( 'NONE',  ( 0.1044285138662457424, -0.7375125329524335749, -0.1499999999999999944 ) ) ;
#4638 =( NAMED_UNIT ( * ) SI_UNIT ( $, .STERADIAN. ) SOLID_ANGLE_UNIT ( ) );
#4639 = ORIENTED_EDGE ( 'NONE', *, *, #6030, .F. ) ;
#4640 = DIRECTION ( 'NONE',  ( 0.000000000000000000, 0.000000000000000000, -1.000000000000000000 ) ) ;
#4641 = UNCERTAINTY_MEASURE_WITH_UNIT (LENGTH_MEASURE( 1.000000000000000082E-05 ), #4592, 'distance_accuracy_value', 'NONE');
#4642 =( GEOMETRIC_REPRESENTATION_CONTEXT ( 3 ) GLOBAL_UNCERTAINTY_ASSIGNED_CONTEXT ( ( #7983 ) ) GLOBAL_UNIT_ASSIGNED_CONTEXT ( ( #2304, #5712, #6348 ) ) REPRESENTATION_CONTEXT ( 'NONE', 'WORKASPACE' ) );
#4643 = CARTESIAN_POINT ( 'NONE',  ( -1.574976628885157881, -1.427161868811777534, 0.0001099524505766141802 ) ) ;
#4644 = ADVANCED_FACE ( 'NONE', ( #2125 ), #5313, .T. ) ;
#4645 = ORIENTED_EDGE ( 'NONE', *, *, #3441, .T. ) ;
#4646 = CARTESIAN_POINT ( 'NONE',  ( -0.1750000000000005718, 1.239999999999999547, 0.002000000000000021726 ) ) ;
#4647 = ORIENTED_EDGE ( 'NONE', *, *, #2208, .T. ) ;
#4648 = CARTESIAN_POINT ( 'NONE',  ( 0.1007924574345701180, -0.9422128420207124266, -0.1489999999999999658 ) ) ;
#4649 = SURFACE_STYLE_FILL_AREA ( #2770 ) ;
#4650 = EDGE_LOOP ( 'NONE', ( #3551, #1957, #5453, #4106 ) ) ;
#4651 = STYLED_ITEM ( 'NONE', ( #6503 ), #1038 ) ;
#4652 = UNCERTAINTY_MEASURE_WITH_UNIT (LENGTH_MEASURE( 1.000000000000000082E-05 ), #6153, 'distance_accuracy_value', 'NONE');
#4653 = CARTESIAN_POINT ( 'NONE',  ( 0.05375072969181514393, -0.9075504391692551520, -0.1489999999999999936 ) ) ;
#4654 = CARTESIAN_POINT ( 'NONE',  ( 0.1756326863081213718, -0.8389124404928866019, -0.1499999999999999944 ) ) ;
#4655 =( NAMED_UNIT ( * ) PLANE_ANGLE_UNIT ( ) SI_UNIT ( $, .RADIAN. ) );
#4656 =( NAMED_UNIT ( * ) PLANE_ANGLE_UNIT ( ) SI_UNIT ( $, .RADIAN. ) );
#4657 = ORIENTED_EDGE ( 'NONE', *, *, #7301, .F. ) ;
#4658 = B_SPLINE_CURVE_WITH_KNOTS ( 'NONE', 3,
 ( #6457, #5004, #7619, #5782, #3805, #1162, #7744, #6411, #3176, #8390, #2532, #1932, #4494, #3852, #3226, #863, #8006, #3395, #3937 ),
 .UNSPECIFIED., .F., .F.,
 ( 4, 1, 1, 1, 1, 1, 1, 1, 1, 1, 1, 1, 1, 1, 1, 1, 4 ),
 ( 0.000000000000000000, 0.07082657255516344730, 0.1381690332798000131, 0.2024753315338422843, 0.2639737544135199454, 0.3233803205980372297, 0.3817976227131856803, 0.4393900745193891622, 0.4969027245459974318, 0.5546621696093702036, 0.6127418784921979666, 0.6715388363911728442, 0.7316557220901981351, 0.7942978116139536304, 0.8594822049793586771, 0.9276813254527900288, 1.000000000000000000 ),
 .UNSPECIFIED. ) ;
#4659 = PRESENTATION_LAYER_ASSIGNMENT (  '', '', ( #3835 ) ) ;
#4660 =( NAMED_UNIT ( * ) PLANE_ANGLE_UNIT ( ) SI_UNIT ( $, .RADIAN. ) );
#4661 = EDGE_CURVE ( 'NONE', #5266, #359, #2705, .T. ) ;
#4662 = CARTESIAN_POINT ( 'NONE',  ( 0.07181570204280365854, -0.9374199516789852860, -0.1499999999999999944 ) ) ;
#4663 = CARTESIAN_POINT ( 'NONE',  ( 0.2025312174966932277, -0.8436403781936454571, -0.1499999999999999944 ) ) ;
#4664 = CARTESIAN_POINT ( 'NONE',  ( -0.2334904474204487212, -0.9062040499144103922, -0.1490000000000000213 ) ) ;
#4665 = DIRECTION ( 'NONE',  ( -1.000000000000000000, 0.000000000000000000, 0.000000000000000000 ) ) ;
#4666 = ORIENTED_EDGE ( 'NONE', *, *, #1805, .F. ) ;
#4667 =( LENGTH_UNIT ( ) NAMED_UNIT ( * ) SI_UNIT ( .MILLI., .METRE. ) );
#4668 = AXIS2_PLACEMENT_3D ( 'NONE', #3295, #2518, #2598 ) ;
#4669 = VERTEX_POINT ( 'NONE', #5354 ) ;
#4670 = MECHANICAL_DESIGN_GEOMETRIC_PRESENTATION_REPRESENTATION (  '', ( #7952 ), #1012 ) ;
#4671 = LINE ( 'NONE', #3985, #6924 ) ;
#4672 = CARTESIAN_POINT ( 'NONE',  ( 0.8250000000000008438, 1.289999999999999813, -0.1499999999999999944 ) ) ;
#4673 = PRESENTATION_LAYER_ASSIGNMENT (  '', '', ( #2629 ) ) ;
#4674 = COLOUR_RGB ( '',0.000000000000000000, 0.000000000000000000, 0.000000000000000000 ) ;
#4675 =( NAMED_UNIT ( * ) PLANE_ANGLE_UNIT ( ) SI_UNIT ( $, .RADIAN. ) );
#4676 = EDGE_CURVE ( 'NONE', #1810, #3243, #1544, .T. ) ;
#4677 = CARTESIAN_POINT ( 'NONE',  ( 1.649999999999999911, 0.09999999999999981126, 0.002000000000000021726 ) ) ;
#4678 = PRESENTATION_LAYER_ASSIGNMENT (  '', '', ( #7278 ) ) ;
#4679 = FILL_AREA_STYLE_COLOUR ( '', #4299 ) ;
#4680 = ORIENTED_EDGE ( 'NONE', *, *, #2506, .F. ) ;
#4681 = MECHANICAL_DESIGN_GEOMETRIC_PRESENTATION_REPRESENTATION (  '', ( #5635 ), #625 ) ;
#4682 =( LENGTH_UNIT ( ) NAMED_UNIT ( * ) SI_UNIT ( .MILLI., .METRE. ) );
#4683 = SURFACE_STYLE_USAGE ( .BOTH. , #161 ) ;
#4684 = PRESENTATION_LAYER_ASSIGNMENT (  '', '', ( #1172 ) ) ;
#4685 = ORIENTED_EDGE ( 'NONE', *, *, #6950, .T. ) ;
#4686 = CARTESIAN_POINT ( 'NONE',  ( 0.8249999999999992895, -1.220000000000013518, 0.002000000000000021726 ) ) ;
#4687 = VERTEX_POINT ( 'NONE', #858 ) ;
#4688 = AXIS2_PLACEMENT_3D ( 'NONE', #922, #1531, #4771 ) ;
#4689 = LINE ( 'NONE', #277, #4136 ) ;
#4690 = EDGE_CURVE ( 'NONE', #5284, #988, #4708, .T. ) ;
#4691 = ORIENTED_EDGE ( 'NONE', *, *, #2888, .T. ) ;
#4692 =( NAMED_UNIT ( * ) PLANE_ANGLE_UNIT ( ) SI_UNIT ( $, .RADIAN. ) );
#4693 = ORIENTED_EDGE ( 'NONE', *, *, #2045, .T. ) ;
#4694 = CARTESIAN_POINT ( 'NONE',  ( -0.09259073372281902137, -0.9398675123399868880, -0.1489999999999999936 ) ) ;
#4695 = VERTEX_POINT ( 'NONE', #3429 ) ;
#4696 = AXIS2_PLACEMENT_3D ( 'NONE', #4164, #842, #2148 ) ;
#4697 =( GEOMETRIC_REPRESENTATION_CONTEXT ( 3 ) GLOBAL_UNCERTAINTY_ASSIGNED_CONTEXT ( ( #6944 ) ) GLOBAL_UNIT_ASSIGNED_CONTEXT ( ( #4633, #829, #787 ) ) REPRESENTATION_CONTEXT ( 'NONE', 'WORKASPACE' ) );
#4698 = VECTOR ( 'NONE', #2607, 1000.000000000000000 ) ;
#4699 = CARTESIAN_POINT ( 'NONE',  ( -0.2469204351218125815, -0.9242913729985359206, -0.1499999999999999944 ) ) ;
#4700 = FACE_OUTER_BOUND ( 'NONE', #5971, .T. ) ;
#4701 = DIRECTION ( 'NONE',  ( 0.000000000000000000, -0.000000000000000000, -1.000000000000000000 ) ) ;
#4702 =( GEOMETRIC_REPRESENTATION_CONTEXT ( 3 ) GLOBAL_UNCERTAINTY_ASSIGNED_CONTEXT ( ( #6250 ) ) GLOBAL_UNIT_ASSIGNED_CONTEXT ( ( #4961, #7581, #910 ) ) REPRESENTATION_CONTEXT ( 'NONE', 'WORKASPACE' ) );
#4703 = VECTOR ( 'NONE', #2887, 1000.000000000000000 ) ;
#4704 = LINE ( 'NONE', #214, #2656 ) ;
#4705 = CARTESIAN_POINT ( 'NONE',  ( -0.2628757092051898780, -0.7662140898597208372, -0.1490000000000000213 ) ) ;
#4706 = VERTEX_POINT ( 'NONE', #8000 ) ;
#4707 = AXIS2_PLACEMENT_3D ( 'NONE', #3121, #6445, #6322 ) ;
#4708 = LINE ( 'NONE', #1507, #3085 ) ;
#4709 = EDGE_CURVE ( 'NONE', #2900, #1649, #6021, .T. ) ;
#4710 = CARTESIAN_POINT ( 'NONE',  ( 0.1883464073888672929, -0.9006876839094487552, -0.1500000000000000222 ) ) ;
#4711 = DIRECTION ( 'NONE',  ( 0.000000000000000000, 0.000000000000000000, -1.000000000000000000 ) ) ;
#4712 = LINE ( 'NONE', #1469, #640 ) ;
#4713 = VERTEX_POINT ( 'NONE', #889 ) ;
#4714 =( GEOMETRIC_REPRESENTATION_CONTEXT ( 3 ) GLOBAL_UNCERTAINTY_ASSIGNED_CONTEXT ( ( #5044 ) ) GLOBAL_UNIT_ASSIGNED_CONTEXT ( ( #3774, #4553, #3914 ) ) REPRESENTATION_CONTEXT ( 'NONE', 'WORKASPACE' ) );
#4715 = CARTESIAN_POINT ( 'NONE',  ( -1.447466062997986080, 1.316487659678485800, 0.5999999999999999778 ) ) ;
#4716 = PRESENTATION_LAYER_ASSIGNMENT (  '', '', ( #7860 ) ) ;
#4717 = FILL_AREA_STYLE_COLOUR ( '', #2083 ) ;
#4718 = VERTEX_POINT ( 'NONE', #3663 ) ;
#4719 = CARTESIAN_POINT ( 'NONE',  ( -1.574999999999999956, 1.525000000000000133, -0.1499999999999999944 ) ) ;
#4720 = CARTESIAN_POINT ( 'NONE',  ( 0.1555262619683412673, -0.9319142356467057242, -0.1499999999999999112 ) ) ;
#4721 = VECTOR ( 'NONE', #851, 1000.000000000000000 ) ;
#4722 = SURFACE_SIDE_STYLE ('',( #2756 ) ) ;
#4723 = COLOUR_RGB ( '',1.000000000000000000, 1.000000000000000000, 1.000000000000000000 ) ;
#4724 = CARTESIAN_POINT ( 'NONE',  ( -0.2469204351218125815, -0.9242913729985359206, -0.1489999999999999936 ) ) ;
#4725 = FILL_AREA_STYLE_COLOUR ( '', #7694 ) ;
#4726 = MECHANICAL_DESIGN_GEOMETRIC_PRESENTATION_REPRESENTATION (  '', ( #6897 ), #3092 ) ;
#4727 = FILL_AREA_STYLE ('',( #7250 ) ) ;
#4728 = ORIENTED_EDGE ( 'NONE', *, *, #3990, .T. ) ;
#4729 =( NAMED_UNIT ( * ) PLANE_ANGLE_UNIT ( ) SI_UNIT ( $, .RADIAN. ) );
#4730 = FACE_OUTER_BOUND ( 'NONE', #4785, .T. ) ;
#4731 = ORIENTED_EDGE ( 'NONE', *, *, #4582, .T. ) ;
#4732 = EDGE_CURVE ( 'NONE', #4208, #3578, #7561, .T. ) ;
#4733 = SURFACE_STYLE_FILL_AREA ( #993 ) ;
#4734 = PRESENTATION_LAYER_ASSIGNMENT (  '', '', ( #1628 ) ) ;
#4735 = UNCERTAINTY_MEASURE_WITH_UNIT (LENGTH_MEASURE( 1.000000000000000082E-05 ), #582, 'distance_accuracy_value', 'NONE');
#4736 = FILL_AREA_STYLE_COLOUR ( '', #7693 ) ;
#4737 = ORIENTED_EDGE ( 'NONE', *, *, #6866, .F. ) ;
#4738 =( NAMED_UNIT ( * ) SI_UNIT ( $, .STERADIAN. ) SOLID_ANGLE_UNIT ( ) );
#4739 = ORIENTED_EDGE ( 'NONE', *, *, #6476, .F. ) ;
#4740 = DIRECTION ( 'NONE',  ( -1.000000000000000000, 1.626303258728258032E-15, 0.000000000000000000 ) ) ;
#4741 = EDGE_CURVE ( 'NONE', #4669, #237, #6745, .T. ) ;
#4742 = CARTESIAN_POINT ( 'NONE',  ( 0.1126978213220321268, -0.9201591004895708359, -0.1490000000000000213 ) ) ;
#4743 = SURFACE_STYLE_USAGE ( .BOTH. , #5218 ) ;
#4744 = SURFACE_SIDE_STYLE ('',( #8035 ) ) ;
#4745 = PRESENTATION_LAYER_ASSIGNMENT (  '', '', ( #5159 ) ) ;
#4747 = CARTESIAN_POINT ( 'NONE',  ( -1.125000000000000888, 1.239999999999999769, 0.002000000000000021726 ) ) ;
#4746 = LINE ( 'NONE', #3466, #4032 ) ;
#4748 = CARTESIAN_POINT ( 'NONE',  ( -0.1750000000000001277, -1.650000000000003908, 0.002000000000000021726 ) ) ;
#4749 = ORIENTED_EDGE ( 'NONE', *, *, #949, .T. ) ;
#4750 = ADVANCED_FACE ( 'NONE', ( #383 ), #5552, .T. ) ;
#4751 = SURFACE_STYLE_FILL_AREA ( #2241 ) ;
#4752 = FACE_OUTER_BOUND ( 'NONE', #3227, .T. ) ;
#4753 = ORIENTED_EDGE ( 'NONE', *, *, #4796, .T. ) ;
#4754 = CARTESIAN_POINT ( 'NONE',  ( 0.1991276480879718980, -0.8745182683280223745, -0.1490000000000000213 ) ) ;
#4755 = PRESENTATION_LAYER_ASSIGNMENT (  '', '', ( #4346 ) ) ;
#4756 = COLOUR_RGB ( '',1.000000000000000000, 1.000000000000000000, 1.000000000000000000 ) ;
#4757 = DIRECTION ( 'NONE',  ( 0.000000000000000000, 1.000000000000000000, 0.000000000000000000 ) ) ;
#4758 = DIRECTION ( 'NONE',  ( -0.000000000000000000, 0.000000000000000000, 1.000000000000000000 ) ) ;
#4759 = PRESENTATION_STYLE_ASSIGNMENT (( #1799 ) ) ;
#4760 =( LENGTH_UNIT ( ) NAMED_UNIT ( * ) SI_UNIT ( .MILLI., .METRE. ) );
#4761 = CARTESIAN_POINT ( 'NONE',  ( -0.2909010059449873009, -0.8163002680547698509, -0.1499999999999999389 ) ) ;
#4762 = PRESENTATION_STYLE_ASSIGNMENT (( #7211 ) ) ;
#4763 = ORIENTED_EDGE ( 'NONE', *, *, #3341, .T. ) ;
#4764 = VECTOR ( 'NONE', #3561, 1000.000000000000000 ) ;
#4765 = SURFACE_STYLE_USAGE ( .BOTH. , #7416 ) ;
#4766 = FILL_AREA_STYLE ('',( #2835 ) ) ;
#4767 = ORIENTED_EDGE ( 'NONE', *, *, #637, .T. ) ;
#4768 = ADVANCED_FACE ( 'NONE', ( #1580 ), #3583, .T. ) ;
#4769 = DIRECTION ( 'NONE',  ( -1.445602896647337339E-15, 1.000000000000000000, 0.000000000000000000 ) ) ;
#4770 = EDGE_LOOP ( 'NONE', ( #849, #3923, #879, #8137 ) ) ;
#4771 = DIRECTION ( 'NONE',  ( 0.000000000000000000, -0.000000000000000000, 1.000000000000000000 ) ) ;
#4772 = ORIENTED_EDGE ( 'NONE', *, *, #6919, .F. ) ;
#4773 = EDGE_CURVE ( 'NONE', #3925, #794, #6862, .T. ) ;
#4774 = DIRECTION ( 'NONE',  ( 0.000000000000000000, 1.000000000000000000, 0.000000000000000000 ) ) ;
#4775 = ORIENTED_EDGE ( 'NONE', *, *, #3116, .F. ) ;
#4776 = DIRECTION ( 'NONE',  ( 1.000000000000000000, 0.000000000000000000, 0.000000000000000000 ) ) ;
#4777 = DIRECTION ( 'NONE',  ( 0.000000000000000000, 1.000000000000000000, 0.000000000000000000 ) ) ;
#4778 = LINE ( 'NONE', #1578, #3600 ) ;
#4779 = SURFACE_SIDE_STYLE ('',( #1620 ) ) ;
#4780 = EDGE_CURVE ( 'NONE', #4343, #6851, #6181, .T. ) ;
#4781 = MECHANICAL_DESIGN_GEOMETRIC_PRESENTATION_REPRESENTATION (  '', ( #5464 ), #1141 ) ;
#4783 = SURFACE_SIDE_STYLE ('',( #5509 ) ) ;
#4782 = DIRECTION ( 'NONE',  ( -1.000000000000000000, 0.000000000000000000, 0.000000000000000000 ) ) ;
#4784 = EDGE_CURVE ( 'NONE', #6578, #1348, #5123, .T. ) ;
#4785 = EDGE_LOOP ( 'NONE', ( #4772, #1828, #3553, #4163 ) ) ;
#4786 = DIRECTION ( 'NONE',  ( -3.145371723763950567E-16, 0.2079116908177597867, 0.9781476007338055778 ) ) ;
#4787 = SURFACE_SIDE_STYLE ('',( #149 ) ) ;
#4788 = ORIENTED_EDGE ( 'NONE', *, *, #7195, .T. ) ;
#4789 = SURFACE_SIDE_STYLE ('',( #3440 ) ) ;
#4790 = FACE_BOUND ( 'NONE', #2270, .T. ) ;
#4791 = CARTESIAN_POINT ( 'NONE',  ( 0.01472633944791271188, -0.9398675123399868880, -0.1499999999999999944 ) ) ;
#4792 = ORIENTED_EDGE ( 'NONE', *, *, #329, .F. ) ;
#4793 = DIRECTION ( 'NONE',  ( 0.2035585949527792538, 0.2035585949527793370, -0.9576678948579724349 ) ) ;
#4794 = EDGE_LOOP ( 'NONE', ( #4792, #3114, #7445, #6709 ) ) ;
#4795 = VECTOR ( 'NONE', #3199, 1000.000000000000000 ) ;
#4796 = EDGE_CURVE ( 'NONE', #3766, #5263, #5173, .T. ) ;
#4797 =( LENGTH_UNIT ( ) NAMED_UNIT ( * ) SI_UNIT ( .MILLI., .METRE. ) );
#4798 = CARTESIAN_POINT ( 'NONE',  ( -0.2195784561239205734, -0.7434465154831607636, -0.1499999999999999667 ) ) ;
#4799 = COLOUR_RGB ( '',1.000000000000000000, 1.000000000000000000, 1.000000000000000000 ) ;
#4800 = PLANE ( 'NONE',  #7698 ) ;
#4801 = ORIENTED_EDGE ( 'NONE', *, *, #7247, .F. ) ;
#4802 = VECTOR ( 'NONE', #2625, 1000.000000000000000 ) ;
#4803 = STYLED_ITEM ( 'NONE', ( #7902 ), #420 ) ;
#4804 = SURFACE_STYLE_FILL_AREA ( #800 ) ;
#4805 = DIRECTION ( 'NONE',  ( 0.000000000000000000, 1.000000000000000000, 0.000000000000000000 ) ) ;
#4806 = ORIENTED_EDGE ( 'NONE', *, *, #7671, .T. ) ;
#4807 = DIRECTION ( 'NONE',  ( 0.000000000000000000, 1.000000000000000000, 0.000000000000000000 ) ) ;
#4808 = STYLED_ITEM ( 'NONE', ( #3699 ), #6780 ) ;
#4809 =( NAMED_UNIT ( * ) PLANE_ANGLE_UNIT ( ) SI_UNIT ( $, .RADIAN. ) );
#4810 = LINE ( 'NONE', #3574, #254 ) ;
#4811 = CARTESIAN_POINT ( 'NONE',  ( -0.1584443922594044318, -0.7618187318521819629, -0.1489999999999999936 ) ) ;
#4812 = CARTESIAN_POINT ( 'NONE',  ( -0.1917300455604792064, -0.7399494107305031321, -0.1489999999999999658 ) ) ;
#4813 = VECTOR ( 'NONE', #7811, 1000.000000000000000 ) ;
#4814 = STYLED_ITEM ( 'NONE', ( #5759 ), #6978 ) ;
#4815 = VECTOR ( 'NONE', #2893, 1000.000000000000000 ) ;
#4816 =( NAMED_UNIT ( * ) SI_UNIT ( $, .STERADIAN. ) SOLID_ANGLE_UNIT ( ) );
#4817 = PRESENTATION_LAYER_ASSIGNMENT (  '', '', ( #111 ) ) ;
#4818 = STYLED_ITEM ( 'NONE', ( #6962 ), #1227 ) ;
#4819 = EDGE_CURVE ( 'NONE', #5448, #3353, #163, .T. ) ;
#4820 = CARTESIAN_POINT ( 'NONE',  ( -0.4096639044545263286, -0.7398675123399868214, -0.1489999999999999936 ) ) ;
#4821 = CARTESIAN_POINT ( 'NONE',  ( 0.2025312174966932277, -0.8436403781936454571, -0.1499999999999999389 ) ) ;
#4822 = ORIENTED_EDGE ( 'NONE', *, *, #4847, .T. ) ;
#4823 = DIRECTION ( 'NONE',  ( 1.000000000000000000, -0.000000000000000000, 0.000000000000000000 ) ) ;
#4824 = ORIENTED_EDGE ( 'NONE', *, *, #4158, .T. ) ;
#4825 = LINE ( 'NONE', #7449, #3644 ) ;
#4826 =( NAMED_UNIT ( * ) SI_UNIT ( $, .STERADIAN. ) SOLID_ANGLE_UNIT ( ) );
#4827 = EDGE_CURVE ( 'NONE', #4623, #1606, #1875, .T. ) ;
#4828 = DIRECTION ( 'NONE',  ( -0.3536223923290756077, 0.9353882635801357148, 0.000000000000000000 ) ) ;
#4829 = AXIS2_PLACEMENT_3D ( 'NONE', #4694, #4774, #7387 ) ;
#4830 = FILL_AREA_STYLE ('',( #2250 ) ) ;
#4831 = DIRECTION ( 'NONE',  ( 0.000000000000000000, 1.000000000000000000, 0.000000000000000000 ) ) ;
#4832 = LINE ( 'NONE', #6763, #5875 ) ;
#4833 = PLANE ( 'NONE',  #6271 ) ;
#4834 = PRESENTATION_STYLE_ASSIGNMENT (( #2292 ) ) ;
#4835 = VERTEX_POINT ( 'NONE', #3118 ) ;
#4836 = LINE ( 'NONE', #404, #3662 ) ;
#4837 = VERTEX_POINT ( 'NONE', #1323 ) ;
#4838 =( LENGTH_UNIT ( ) NAMED_UNIT ( * ) SI_UNIT ( .MILLI., .METRE. ) );
#4839 = COLOUR_RGB ( '',1.000000000000000000, 1.000000000000000000, 1.000000000000000000 ) ;
#4840 = FILL_AREA_STYLE ('',( #7380 ) ) ;
#4841 = CARTESIAN_POINT ( 'NONE',  ( 0.8249999999999997335, -1.524999999999999689, -0.1499999999999999944 ) ) ;
#4842 = AXIS2_PLACEMENT_3D ( 'NONE', #5596, #4140, #3545 ) ;
#4843 = CARTESIAN_POINT ( 'NONE',  ( 0.1307988809010351139, -0.7648095465836284301, -0.1499999999999998002 ) ) ;
#4844 = EDGE_CURVE ( 'NONE', #474, #6571, #7184, .T. ) ;
#4845 = LINE ( 'NONE', #1728, #2647 ) ;
#4846 = ORIENTED_EDGE ( 'NONE', *, *, #1550, .T. ) ;
#4847 = EDGE_CURVE ( 'NONE', #794, #7663, #8330, .T. ) ;
#4848 = CARTESIAN_POINT ( 'NONE',  ( -1.574999999999999956, 1.525000000000000133, 0.000000000000000000 ) ) ;
#4849 = FILL_AREA_STYLE ('',( #3026 ) ) ;
#4850 = ORIENTED_EDGE ( 'NONE', *, *, #2276, .T. ) ;
#4851 = PRESENTATION_LAYER_ASSIGNMENT (  '', '', ( #3908 ) ) ;
#4852 = UNCERTAINTY_MEASURE_WITH_UNIT (LENGTH_MEASURE( 1.000000000000000082E-05 ), #6492, 'distance_accuracy_value', 'NONE');
#4853 = CARTESIAN_POINT ( 'NONE',  ( 0.09429811313628456981, -0.7594748002719292623, -0.1499999999999999944 ) ) ;
#4854 = CARTESIAN_POINT ( 'NONE',  ( 0.2952141443259615472, -0.7398675123399868214, -0.1489999999999999936 ) ) ;
#4855 = CARTESIAN_POINT ( 'NONE',  ( -0.4292142093325751473, -0.8618187318521820517, -0.1489999999999999936 ) ) ;
#4856 = CARTESIAN_POINT ( 'NONE',  ( -0.01210292884477019541, -0.9179162928277918576, -0.1489999999999999936 ) ) ;
#4857 = AXIS2_PLACEMENT_3D ( 'NONE', #7677, #3658, #2392 ) ;
#4858 = CARTESIAN_POINT ( 'NONE',  ( 1.366487659678486066, -1.316487659678485356, 0.5999999999999999778 ) ) ;
#4859 = FILL_AREA_STYLE_COLOUR ( '', #4839 ) ;
#4860 = CARTESIAN_POINT ( 'NONE',  ( 0.1665428215759673924, -0.7596829123983105392, -0.1490000000000000213 ) ) ;
#4861 = ORIENTED_EDGE ( 'NONE', *, *, #2198, .T. ) ;
#4862 = PRESENTATION_LAYER_ASSIGNMENT (  '', '', ( #8153 ) ) ;
#4863 = EDGE_CURVE ( 'NONE', #3828, #6214, #8370, .T. ) ;
#4864 = MECHANICAL_DESIGN_GEOMETRIC_PRESENTATION_REPRESENTATION (  '', ( #2706 ), #7477 ) ;
#4865 = ORIENTED_EDGE ( 'NONE', *, *, #7095, .F. ) ;
#4866 = DIRECTION ( 'NONE',  ( -0.000000000000000000, -0.000000000000000000, -1.000000000000000000 ) ) ;
#4867 = COLOUR_RGB ( '',0.000000000000000000, 0.000000000000000000, 0.000000000000000000 ) ;
#4868 = CARTESIAN_POINT ( 'NONE',  ( -1.125000000000000888, 1.524574886876660207, 0.002000000000000021726 ) ) ;
#4869 = DIRECTION ( 'NONE',  ( 0.9417224702971435102, 0.3363908276654488660, -0.000000000000000000 ) ) ;
#4870 = EDGE_CURVE ( 'NONE', #3843, #3243, #4437, .T. ) ;
#4871 = VECTOR ( 'NONE', #3111, 1000.000000000000000 ) ;
#4872 = FACE_OUTER_BOUND ( 'NONE', #4770, .T. ) ;
#4873 = DIRECTION ( 'NONE',  ( -0.000000000000000000, 0.000000000000000000, 1.000000000000000000 ) ) ;
#4874 = ORIENTED_EDGE ( 'NONE', *, *, #596, .T. ) ;
#4875 = AXIS2_PLACEMENT_3D ( 'NONE', #2303, #4979, #7636 ) ;
#4876 = FILL_AREA_STYLE_COLOUR ( '', #8170 ) ;
#4877 = CARTESIAN_POINT ( 'NONE',  ( -1.574999999999999956, 1.525000000000000133, -0.1499999999999999944 ) ) ;
#4878 = ORIENTED_EDGE ( 'NONE', *, *, #1463, .F. ) ;
#4879 = SURFACE_STYLE_USAGE ( .BOTH. , #534 ) ;
#4880 = FILL_AREA_STYLE ('',( #6943 ) ) ;
#4881 = UNCERTAINTY_MEASURE_WITH_UNIT (LENGTH_MEASURE( 1.000000000000000082E-05 ), #1671, 'distance_accuracy_value', 'NONE');
#4882 = SURFACE_SIDE_STYLE ('',( #495 ) ) ;
#4883 = DIRECTION ( 'NONE',  ( 1.445602896647340297E-15, -1.000000000000000000, 0.000000000000000000 ) ) ;
#4884 = VECTOR ( 'NONE', #2803, 1000.000000000000000 ) ;
#4885 = DIRECTION ( 'NONE',  ( 1.421904488505579654E-16, -1.000000000000000000, 0.000000000000000000 ) ) ;
#4886 = ORIENTED_EDGE ( 'NONE', *, *, #5369, .F. ) ;
#4887 = DIRECTION ( 'NONE',  ( 0.000000000000000000, -1.000000000000000000, 0.000000000000000000 ) ) ;
#4888 = DIRECTION ( 'NONE',  ( 1.000000000000000000, 0.000000000000000000, 0.000000000000000000 ) ) ;
#4889 = EDGE_LOOP ( 'NONE', ( #6193, #2166, #3299, #7736, #134, #556, #7136 ) ) ;
#4890 = CARTESIAN_POINT ( 'NONE',  ( 0.4749999999999998113, 1.649999999999990141, 0.002000000000000021726 ) ) ;
#4891 = CARTESIAN_POINT ( 'NONE',  ( 0.1005876199357175760, -0.7593797074619381693, -0.1499999999999999944 ) ) ;
#4892 = AXIS2_PLACEMENT_3D ( 'NONE', #2407, #6790, #1666 ) ;
#4893 = ADVANCED_FACE ( 'NONE', ( #1191 ), #3895, .T. ) ;
#4894 = LINE ( 'NONE', #6995, #7553 ) ;
#4895 = SURFACE_STYLE_FILL_AREA ( #8071 ) ;
#4896 = LINE ( 'NONE', #7514, #8095 ) ;
#4897 = ORIENTED_EDGE ( 'NONE', *, *, #7436, .F. ) ;
#4898 = COLOUR_RGB ( '',0.2509803921568627416, 0.2509803921568627416, 0.2509803921568627416 ) ;
#4900 =( NAMED_UNIT ( * ) PLANE_ANGLE_UNIT ( ) SI_UNIT ( $, .RADIAN. ) );
#4899 = CARTESIAN_POINT ( 'NONE',  ( 1.477161868811778023, -1.524976628885157837, 0.0001099524505762889195 ) ) ;
#4901 = EDGE_CURVE ( 'NONE', #5587, #6225, #2036, .T. ) ;
#4902 = DIRECTION ( 'NONE',  ( -0.000000000000000000, -1.000000000000000000, -0.000000000000000000 ) ) ;
#4903 = VECTOR ( 'NONE', #1347, 1000.000000000000000 ) ;
#4904 = ORIENTED_EDGE ( 'NONE', *, *, #6387, .T. ) ;
#4905 = ORIENTED_EDGE ( 'NONE', *, *, #7610, .F. ) ;
#4906 = DIRECTION ( 'NONE',  ( 1.902109074535972765E-16, 1.000000000000000000, 0.000000000000000000 ) ) ;
#4907 = EDGE_CURVE ( 'NONE', #2641, #757, #6617, .T. ) ;
#4908 = DIRECTION ( 'NONE',  ( 1.000000000000000000, 1.445602896647340692E-15, 0.000000000000000000 ) ) ;
#4909 = VERTEX_POINT ( 'NONE', #6158 ) ;
#4910 = CARTESIAN_POINT ( 'NONE',  ( 0.4749999999999998113, 1.649999999999990141, -0.1599999999999999756 ) ) ;
#4911 = FACE_OUTER_BOUND ( 'NONE', #2319, .T. ) ;
#4912 = AXIS2_PLACEMENT_3D ( 'NONE', #3674, #2409, #6238 ) ;
#4913 = CARTESIAN_POINT ( 'NONE',  ( 1.225000000000000311, 1.239999999999999547, -0.1499999999999999944 ) ) ;
#4914 = SURFACE_SIDE_STYLE ('',( #3048 ) ) ;
#4915 = DIRECTION ( 'NONE',  ( -0.000000000000000000, -0.000000000000000000, -1.000000000000000000 ) ) ;
#4916 = ADVANCED_FACE ( 'NONE', ( #1640 ), #6015, .T. ) ;
#4917 = FACE_OUTER_BOUND ( 'NONE', #8110, .T. ) ;
#4918 = VERTEX_POINT ( 'NONE', #5900 ) ;
#4919 =( LENGTH_UNIT ( ) NAMED_UNIT ( * ) SI_UNIT ( .MILLI., .METRE. ) );
#4920 = PRESENTATION_STYLE_ASSIGNMENT (( #7028 ) ) ;
#4921 = VECTOR ( 'NONE', #3159, 1000.000000000000000 ) ;
#4922 = FACE_OUTER_BOUND ( 'NONE', #3396, .T. ) ;
#4923 = FILL_AREA_STYLE ('',( #6408 ) ) ;
#4924 = ADVANCED_FACE ( 'NONE', ( #91 ), #136, .T. ) ;
#4925 = CARTESIAN_POINT ( 'NONE',  ( -1.574999999999999512, -1.524999999999999689, -0.1499999999999999944 ) ) ;
#4926 = CARTESIAN_POINT ( 'NONE',  ( 0.1598144772606404362, -0.7874471127961297778, -0.1489999999999999658 ) ) ;
#4927 = ORIENTED_EDGE ( 'NONE', *, *, #2700, .T. ) ;
#4928 = LINE ( 'NONE', #2420, #4569 ) ;
#4929 = LINE ( 'NONE', #6131, #2236 ) ;
#4930 = VERTEX_POINT ( 'NONE', #5701 ) ;
#4931 = PRESENTATION_STYLE_ASSIGNMENT (( #1052 ) ) ;
#4932 = CARTESIAN_POINT ( 'NONE',  ( 0.4749999999999995892, 1.289999999999999591, 0.002000000000000021726 ) ) ;
#4933 = ADVANCED_FACE ( 'NONE', ( #1037 ), #6845, .T. ) ;
#4934 = VECTOR ( 'NONE', #3816, 1000.000000000000000 ) ;
#4935 =( NAMED_UNIT ( * ) SI_UNIT ( $, .STERADIAN. ) SOLID_ANGLE_UNIT ( ) );
#4936 = ADVANCED_FACE ( 'NONE', ( #6338 ), #2455, .T. ) ;
#4937 = MECHANICAL_DESIGN_GEOMETRIC_PRESENTATION_REPRESENTATION (  '', ( #3702 ), #6439 ) ;
#4938 = CARTESIAN_POINT ( 'NONE',  ( -0.09259073372281902137, -0.9398675123399868880, -0.1499999999999999944 ) ) ;
#4939 = FACE_OUTER_BOUND ( 'NONE', #4473, .T. ) ;
#4940 = ORIENTED_EDGE ( 'NONE', *, *, #5117, .T. ) ;
#4941 = COLOUR_RGB ( '',0.2509803921568627416, 0.2509803921568627416, 0.2509803921568627416 ) ;
#4942 =( GEOMETRIC_REPRESENTATION_CONTEXT ( 3 ) GLOBAL_UNCERTAINTY_ASSIGNED_CONTEXT ( ( #2690 ) ) GLOBAL_UNIT_ASSIGNED_CONTEXT ( ( #1941, #5881, #7847 ) ) REPRESENTATION_CONTEXT ( 'NONE', 'WORKASPACE' ) );
#4943 =( LENGTH_UNIT ( ) NAMED_UNIT ( * ) SI_UNIT ( .MILLI., .METRE. ) );
#4944 = CARTESIAN_POINT ( 'NONE',  ( -0.3921715264057458739, -0.7782821464863283190, -0.1499999999999999944 ) ) ;
#4945 = CARTESIAN_POINT ( 'NONE',  ( 1.225000000000000089, -0.1000000000000003386, 0.002000000000000021726 ) ) ;
#4946 = VECTOR ( 'NONE', #6910, 1000.000000000000000 ) ;
#4947 = AXIS2_PLACEMENT_3D ( 'NONE', #714, #3741, #1407 ) ;
#4948 = ORIENTED_EDGE ( 'NONE', *, *, #1155, .T. ) ;
#4949 = CARTESIAN_POINT ( 'NONE',  ( -0.3991075020155019915, -0.7782821464863283190, -0.1489999999999999936 ) ) ;
#4950 = LINE ( 'NONE', #7567, #5765 ) ;
#4951 = ORIENTED_EDGE ( 'NONE', *, *, #2535, .F. ) ;
#4952 = ADVANCED_FACE ( 'NONE', ( #3685 ), #6295, .T. ) ;
#4953 = ORIENTED_EDGE ( 'NONE', *, *, #4773, .F. ) ;
#4954 = AXIS2_PLACEMENT_3D ( 'NONE', #154, #869, #197 ) ;
#4955 =( GEOMETRIC_REPRESENTATION_CONTEXT ( 3 ) GLOBAL_UNCERTAINTY_ASSIGNED_CONTEXT ( ( #4881 ) ) GLOBAL_UNIT_ASSIGNED_CONTEXT ( ( #1671, #5525, #441 ) ) REPRESENTATION_CONTEXT ( 'NONE', 'WORKASPACE' ) );
#4956 = FACE_OUTER_BOUND ( 'NONE', #6719, .T. ) ;
#4957 = DIRECTION ( 'NONE',  ( -3.145371723763950567E-16, 0.2079116908177597867, 0.9781476007338055778 ) ) ;
#4958 = DIRECTION ( 'NONE',  ( 0.000000000000000000, -0.000000000000000000, -1.000000000000000000 ) ) ;
#4959 = VECTOR ( 'NONE', #6586, 1000.000000000000000 ) ;
#4960 = MECHANICAL_DESIGN_GEOMETRIC_PRESENTATION_REPRESENTATION (  '', ( #8250 ), #6184 ) ;
#4961 =( LENGTH_UNIT ( ) NAMED_UNIT ( * ) SI_UNIT ( .MILLI., .METRE. ) );
#4962 = DIRECTION ( 'NONE',  ( 0.000000000000000000, 0.000000000000000000, -1.000000000000000000 ) ) ;
#4963 = ORIENTED_EDGE ( 'NONE', *, *, #7912, .F. ) ;
#4964 = CARTESIAN_POINT ( 'NONE',  ( -0.3921715264057458739, -0.7782821464863283190, -0.1489999999999999936 ) ) ;
#4965 = CARTESIAN_POINT ( 'NONE',  ( -0.09259073372281902137, -0.9398675123399868880, -0.1489999999999999936 ) ) ;
#4966 = FACE_OUTER_BOUND ( 'NONE', #2960, .T. ) ;
#4967 = STYLED_ITEM ( 'NONE', ( #1154 ), #7922 ) ;
#4968 = DIRECTION ( 'NONE',  ( 0.000000000000000000, -0.000000000000000000, -1.000000000000000000 ) ) ;
#4969 = FILL_AREA_STYLE ('',( #5535 ) ) ;
#4970 = UNCERTAINTY_MEASURE_WITH_UNIT (LENGTH_MEASURE( 1.000000000000000082E-05 ), #5190, 'distance_accuracy_value', 'NONE');
#4971 = CARTESIAN_POINT ( 'NONE',  ( -1.574999999999999956, 1.425000000000000044, -0.1499999999999999944 ) ) ;
#4972 = B_SPLINE_SURFACE_WITH_KNOTS ( 'NONE', 3, 1, ( 
 ( #6849, #318 ),
 ( #2880, #6092 ),
 ( #5490, #2968 ),
 ( #5538, #5581 ),
 ( #8106, #4973 ),
 ( #1044, #4843 ),
 ( #1569, #278 ),
 ( #8144, #2265 ),
 ( #7468, #2840 ),
 ( #1644, #2219 ),
 ( #4926, #4202 ),
 ( #6807, #6165 ),
 ( #367, #6211 ),
 ( #8182, #1727 ),
 ( #4296, #539 ),
 ( #614, #2504 ),
 ( #29, #6297 ),
 ( #2459, #7754 ),
 ( #4338, #1943 ) ),
 .UNSPECIFIED., .F., .F., .F.,
 ( 4, 1, 1, 1, 1, 1, 1, 1, 1, 1, 1, 1, 1, 1, 1, 1, 4 ),
 ( 2, 2 ),
 ( 0.000000000000000000, 0.06460397028839230671, 0.1267024139629474022, 0.1867568140356183903, 0.2455056873654374305, 0.3036520244499755217, 0.3615030739706257545, 0.4202402229284675772, 0.4800333407766962934, 0.5406781347755161837, 0.6011918063807819568, 0.6623335024774421598, 0.7247395102972318259, 0.7894677361728866805, 0.8565048600438307513, 0.9263120958391899418, 1.000000000000000000 ),
 ( 0.000000000000000000, 1.000000000000000000 ),
 .UNSPECIFIED. ) ;
#4973 = CARTESIAN_POINT ( 'NONE',  ( 0.1237819146373109053, -0.7623528031278501427, -0.1499999999999998834 ) ) ;
#4974 = PLANE ( 'NONE',  #6318 ) ;
#4975 = CARTESIAN_POINT ( 'NONE',  ( -0.2044785019881174559, -0.7628825329733665006, -0.1500000000000000222 ) ) ;
#4976 = LINE ( 'NONE', #6811, #5921 ) ;
#4977 = VERTEX_POINT ( 'NONE', #1301 ) ;
#4978 = COLOUR_RGB ( '',1.000000000000000000, 1.000000000000000000, 1.000000000000000000 ) ;
#4979 = DIRECTION ( 'NONE',  ( -1.000000000000000000, 1.902109074535973011E-16, 0.000000000000000000 ) ) ;
#4980 = CARTESIAN_POINT ( 'NONE',  ( -0.08771268494233119828, -0.7618187318521819629, -0.1489999999999999936 ) ) ;
#4981 = EDGE_CURVE ( 'NONE', #3748, #2473, #2539, .T. ) ;
#4982 = CARTESIAN_POINT ( 'NONE',  ( -1.125000000000000000, -1.649999999999999689, 0.002000000000000021726 ) ) ;
#4983 = CARTESIAN_POINT ( 'NONE',  ( 0.1007924574345701180, -0.9422128420207124266, -0.1499999999999999667 ) ) ;
#4984 = VECTOR ( 'NONE', #4617, 1000.000000000000227 ) ;
#4985 = FILL_AREA_STYLE ('',( #5068 ) ) ;
#4986 = CARTESIAN_POINT ( 'NONE',  ( -0.3953727459179409709, -0.7642577562424258675, -0.1489999999999999936 ) ) ;
#4987 = ORIENTED_EDGE ( 'NONE', *, *, #6856, .T. ) ;
#4988 = STYLED_ITEM ( 'NONE', ( #7311 ), #4924 ) ;
#4989 = EDGE_CURVE ( 'NONE', #2073, #3828, #1896, .T. ) ;
#4991 = DIRECTION ( 'NONE',  ( 1.000000000000000000, 0.000000000000000000, -0.000000000000000000 ) ) ;
#4990 =( NAMED_UNIT ( * ) PLANE_ANGLE_UNIT ( ) SI_UNIT ( $, .RADIAN. ) );
#4992 = DIRECTION ( 'NONE',  ( 0.000000000000000000, 0.000000000000000000, -1.000000000000000000 ) ) ;
#4993 =( GEOMETRIC_REPRESENTATION_CONTEXT ( 3 ) GLOBAL_UNCERTAINTY_ASSIGNED_CONTEXT ( ( #3290 ) ) GLOBAL_UNIT_ASSIGNED_CONTEXT ( ( #6350, #3738, #7600 ) ) REPRESENTATION_CONTEXT ( 'NONE', 'WORKASPACE' ) );
#4994 = ORIENTED_EDGE ( 'NONE', *, *, #8191, .F. ) ;
#4995 = CARTESIAN_POINT ( 'NONE',  ( -0.3962979509720781501, -0.7657952310366246129, -0.1499999999999999944 ) ) ;
#4996 = SURFACE_STYLE_FILL_AREA ( #8203 ) ;
#4997 = EDGE_LOOP ( 'NONE', ( #6359, #1473, #3999, #1983, #724, #1676, #1586, #8340, #2134, #6425, #7484, #7176, #3708, #2836, #6659, #7343, #7260, #6479, #2731, #2833, #5029, #3603, #7103, #6988, #4359, #1678, #284, #6664, #4509, #3195, #5303, #3785 ) ) ;
#4998 = LINE ( 'NONE', #5518, #965 ) ;
#4999 = ORIENTED_EDGE ( 'NONE', *, *, #2626, .T. ) ;
#5000 =( NAMED_UNIT ( * ) SI_UNIT ( $, .STERADIAN. ) SOLID_ANGLE_UNIT ( ) );
#5001 = DIRECTION ( 'NONE',  ( 1.421904488505579654E-16, -1.000000000000000000, 0.000000000000000000 ) ) ;
#5002 = EDGE_CURVE ( 'NONE', #4145, #2201, #664, .T. ) ;
#5003 = DIRECTION ( 'NONE',  ( 1.000000000000000000, -1.327594496921025717E-16, 0.000000000000000000 ) ) ;
#5004 = CARTESIAN_POINT ( 'NONE',  ( -0.1898496743064018721, -0.9178511510444339327, -0.1499999999999999667 ) ) ;
#5005 = FACE_OUTER_BOUND ( 'NONE', #201, .T. ) ;
#5006 = SURFACE_STYLE_USAGE ( .BOTH. , #6936 ) ;
#5007 = CARTESIAN_POINT ( 'NONE',  ( -1.474999999999999867, 1.525000000000000133, -0.1499999999999999944 ) ) ;
#5008 = EDGE_LOOP ( 'NONE', ( #4897, #7696, #4657, #3592, #7921, #270, #5220 ) ) ;
#5009 = CARTESIAN_POINT ( 'NONE',  ( 0.1399004845471144287, -0.9121875593837528440, -0.1489999999999999658 ) ) ;
#5010 = CARTESIAN_POINT ( 'NONE',  ( -0.3951395294234497646, -0.7656819347000701770, -0.1500000000000000222 ) ) ;
#5011 = CARTESIAN_POINT ( 'NONE',  ( 0.1563018418334372883, -0.8992692715310645069, -0.1499999999999999389 ) ) ;
#5012 = SURFACE_SIDE_STYLE ('',( #5664 ) ) ;
#5013 =( GEOMETRIC_REPRESENTATION_CONTEXT ( 3 ) GLOBAL_UNCERTAINTY_ASSIGNED_CONTEXT ( ( #814 ) ) GLOBAL_UNIT_ASSIGNED_CONTEXT ( ( #2793, #5363, #2716 ) ) REPRESENTATION_CONTEXT ( 'NONE', 'WORKASPACE' ) );
#5014 =( NAMED_UNIT ( * ) SI_UNIT ( $, .STERADIAN. ) SOLID_ANGLE_UNIT ( ) );
#5015 = PRESENTATION_STYLE_ASSIGNMENT (( #7502 ) ) ;
#5016 = CARTESIAN_POINT ( 'NONE',  ( -0.2577458567578621573, -0.8787049600158820528, -0.1489999999999999658 ) ) ;
#5017 = MECHANICAL_DESIGN_GEOMETRIC_PRESENTATION_REPRESENTATION (  '', ( #1920 ), #8158 ) ;
#5018 = LINE ( 'NONE', #4848, #6475 ) ;
#5019 = CARTESIAN_POINT ( 'NONE',  ( -1.574999999999999956, 1.525000000000000133, -0.1499999999999999944 ) ) ;
#5020 = EDGE_LOOP ( 'NONE', ( #1223, #6645, #7306, #2029 ) ) ;
#5021 = FILL_AREA_STYLE ('',( #6259 ) ) ;
#5022 = PLANE ( 'NONE',  #7923 ) ;
#5023 = ADVANCED_FACE ( 'NONE', ( #741 ), #7073, .T. ) ;
#5024 = LINE ( 'NONE', #1738, #546 ) ;
#5025 = PRESENTATION_LAYER_ASSIGNMENT (  '', '', ( #8166 ) ) ;
#5026 = LINE ( 'NONE', #508, #1589 ) ;
#5027 = EDGE_CURVE ( 'NONE', #4695, #5339, #6467, .T. ) ;
#5028 = LINE ( 'NONE', #4986, #1851 ) ;
#5029 = ORIENTED_EDGE ( 'NONE', *, *, #7415, .T. ) ;
#5030 = VECTOR ( 'NONE', #4040, 1000.000000000000000 ) ;
#5031 = LINE ( 'NONE', #7735, #3161 ) ;
#5032 = DIRECTION ( 'NONE',  ( 0.000000000000000000, 0.000000000000000000, 1.000000000000000000 ) ) ;
#5033 = EDGE_CURVE ( 'NONE', #7769, #8030, #1256, .T. ) ;
#5034 = ORIENTED_EDGE ( 'NONE', *, *, #2367, .F. ) ;
#5035 = SURFACE_STYLE_USAGE ( .BOTH. , #6273 ) ;
#5036 = CARTESIAN_POINT ( 'NONE',  ( -0.1963464338210475224, -0.7619916790178420385, -0.1489999999999999380 ) ) ;
#5037 = VECTOR ( 'NONE', #6929, 1000.000000000000000 ) ;
#5038 = ORIENTED_EDGE ( 'NONE', *, *, #4780, .T. ) ;
#5039 = CARTESIAN_POINT ( 'NONE',  ( 0.05562740784681299844, -0.9305375086154289432, -0.1489999999999999936 ) ) ;
#5040 =( LENGTH_UNIT ( ) NAMED_UNIT ( * ) SI_UNIT ( .MILLI., .METRE. ) );
#5041 = ORIENTED_EDGE ( 'NONE', *, *, #1165, .T. ) ;
#5042 = CARTESIAN_POINT ( 'NONE',  ( -0.08771268494233119828, -0.7398675123399868214, -0.1489999999999999936 ) ) ;
#5043 = STYLED_ITEM ( 'NONE', ( #6194 ), #3862 ) ;
#5044 = UNCERTAINTY_MEASURE_WITH_UNIT (LENGTH_MEASURE( 1.000000000000000082E-05 ), #3774, 'distance_accuracy_value', 'NONE');
#5045 = LINE ( 'NONE', #7533, #6446 ) ;
#5046 = ADVANCED_FACE ( 'NONE', ( #7165, #6514 ), #8399, .T. ) ;
#5047 = PRESENTATION_STYLE_ASSIGNMENT (( #3130 ) ) ;
#5048 = DIRECTION ( 'NONE',  ( -0.000000000000000000, -1.000000000000000000, -0.000000000000000000 ) ) ;
#5049 = CARTESIAN_POINT ( 'NONE',  ( -0.4096639044545263286, -0.7398675123399868214, -0.1489999999999999936 ) ) ;
#5050 =( LENGTH_UNIT ( ) NAMED_UNIT ( * ) SI_UNIT ( .MILLI., .METRE. ) );
#5051 = FILL_AREA_STYLE ('',( #8309 ) ) ;
#5052 = ORIENTED_EDGE ( 'NONE', *, *, #5620, .T. ) ;
#5053 = VECTOR ( 'NONE', #7063, 1000.000000000000000 ) ;
#5054 = ORIENTED_EDGE ( 'NONE', *, *, #5477, .F. ) ;
#5055 =( NAMED_UNIT ( * ) SI_UNIT ( $, .STERADIAN. ) SOLID_ANGLE_UNIT ( ) );
#5056 = DIRECTION ( 'NONE',  ( 1.000000000000000000, 0.000000000000000000, -0.000000000000000000 ) ) ;
#5057 = UNCERTAINTY_MEASURE_WITH_UNIT (LENGTH_MEASURE( 1.000000000000000082E-05 ), #8404, 'distance_accuracy_value', 'NONE');
#5058 = FILL_AREA_STYLE_COLOUR ( '', #2513 ) ;
#5059 = CARTESIAN_POINT ( 'NONE',  ( -0.1898496743064018721, -0.9178511510444339327, -0.1489999999999999658 ) ) ;
#5060 = CARTESIAN_POINT ( 'NONE',  ( 0.1750000000000000167, -1.650000000000008793, -0.1599999999999999756 ) ) ;
#5061 = DIRECTION ( 'NONE',  ( 0.000000000000000000, -1.000000000000000000, 0.000000000000000000 ) ) ;
#5062 =( LENGTH_UNIT ( ) NAMED_UNIT ( * ) SI_UNIT ( .MILLI., .METRE. ) );
#5063 = VERTEX_POINT ( 'NONE', #10 ) ;
#5064 = STYLED_ITEM ( 'NONE', ( #1192 ), #181 ) ;
#5065 = SURFACE_STYLE_USAGE ( .BOTH. , #3654 ) ;
#5066 = FILL_AREA_STYLE ('',( #503 ) ) ;
#5067 = CARTESIAN_POINT ( 'NONE',  ( 0.09303340364834035425, -0.9415782454184301598, -0.1499999999999999944 ) ) ;
#5068 = FILL_AREA_STYLE_COLOUR ( '', #5506 ) ;
#5069 = CARTESIAN_POINT ( 'NONE',  ( 0.4749999999999995892, 1.289999999999999591, -0.1599999999999999756 ) ) ;
#5070 = EDGE_LOOP ( 'NONE', ( #7723, #923, #1639, #5541 ) ) ;
#5071 = ORIENTED_EDGE ( 'NONE', *, *, #5027, .T. ) ;
#5072 = CLOSED_SHELL ( 'NONE', ( #5674, #5832, #152, #8160, #5919, #3328, #7181, #1227, #4152, #5023, #1500, #4051, #464, #2648, #2725, #900, #1663, #1274, #4916, #4933, #3087, #6689, #669, #1673, #4924, #5046, #2876, #7824, #5388, #132, #5746, #6978, #6393, #7328, #8023, #4936, #2953, #958, #884, #3862, #7131, #105, #6188, #6882, #5634, #5692, #4115, #3233, #4515, #3174, #7265, #5415, #861, #7238, #4077, #1652, #5099, #6287, #1795, #6454, #2936, #251, #4566, #5611, #1744, #1926, #3541, #635, #7939, #4750, #141, #802, #2765, #2294, #2644, #6780, #1703, #7357, #4292, #3887, #4096, #3292, #2709, #7196, #3413, #5502, #535, #1038, #9, #3024, #6646, #6746, #420, #4952, #3780, #2147, #2521, #720, #5233, #2489, #6670, #7355, #5959, #7441, #1194, #1386, #2587, #4524, #3064, #8305, #4893, #2475, #7022, #6559, #1512, #1217, #3471, #6605, #8002, #1118, #1949, #4768, #4056, #2679, #5594, #181, #2942, #587, #3744, #566, #4034, #5314, #4335, #1177, #2435, #7503, #325, #6428, #3442, #6288, #8206, #4217, #5778, #854, #7490, #1104, #1567, #7334, #6712, #4311, #7922, #1824, #5326, #8400, #3505, #4531, #5465, #4644, #704, #4142, #6105, #611, #387, #3219, #3730, #2165 ) ) ;
#5073 = COLOUR_RGB ( '',1.000000000000000000, 1.000000000000000000, 1.000000000000000000 ) ;
#5074 = SURFACE_SIDE_STYLE ('',( #1831 ) ) ;
#5075 = EDGE_LOOP ( 'NONE', ( #4260, #3562, #942, #5728 ) ) ;
#5076 =( GEOMETRIC_REPRESENTATION_CONTEXT ( 3 ) GLOBAL_UNCERTAINTY_ASSIGNED_CONTEXT ( ( #753 ) ) GLOBAL_UNIT_ASSIGNED_CONTEXT ( ( #7500, #451, #5014 ) ) REPRESENTATION_CONTEXT ( 'NONE', 'WORKASPACE' ) );
#5077 = LINE ( 'NONE', #4394, #2508 ) ;
#5078 = LINE ( 'NONE', #4945, #8118 ) ;
#5079 = DIRECTION ( 'NONE',  ( 0.000000000000000000, -1.000000000000000000, 0.000000000000000000 ) ) ;
#5080 = ORIENTED_EDGE ( 'NONE', *, *, #3263, .F. ) ;
#5081 = STYLED_ITEM ( 'NONE', ( #723 ), #6670 ) ;
#5082 = CARTESIAN_POINT ( 'NONE',  ( 0.08560912180127079607, -0.9406142047410765983, -0.1490000000000000213 ) ) ;
#5083 = DIRECTION ( 'NONE',  ( 1.000000000000000000, 0.000000000000000000, 0.000000000000000000 ) ) ;
#5084 = ORIENTED_EDGE ( 'NONE', *, *, #1448, .T. ) ;
#5085 = CARTESIAN_POINT ( 'NONE',  ( -0.3921715264057458739, -0.7782821464863283190, -0.1499999999999999944 ) ) ;
#5086 = EDGE_CURVE ( 'NONE', #1797, #237, #7743, .T. ) ;
#5087 = CARTESIAN_POINT ( 'NONE',  ( -0.8250000000000000666, 1.649999999999999245, 0.002000000000000021726 ) ) ;
#5088 = PRESENTATION_LAYER_ASSIGNMENT (  '', '', ( #4814 ) ) ;
#5089 = CARTESIAN_POINT ( 'NONE',  ( -0.08771268494233119828, -0.7618187318521819629, -0.1489999999999999936 ) ) ;
#5090 = STYLED_ITEM ( 'NONE', ( #6316 ), #6188 ) ;
#5091 = CARTESIAN_POINT ( 'NONE',  ( -0.01210292884477019541, -0.7618187318521819629, -0.1489999999999999936 ) ) ;
#5092 = DIRECTION ( 'NONE',  ( 1.000000000000000000, -0.000000000000000000, 0.000000000000000000 ) ) ;
#5093 = DIRECTION ( 'NONE',  ( -3.145371723763950567E-16, 0.2079116908177597867, 0.9781476007338055778 ) ) ;
#5094 = PRESENTATION_LAYER_ASSIGNMENT (  '', '', ( #2468 ) ) ;
#5095 = SURFACE_SIDE_STYLE ('',( #4155 ) ) ;
#5096 = DIRECTION ( 'NONE',  ( 0.000000000000000000, 0.000000000000000000, -1.000000000000000000 ) ) ;
#5097 = DIRECTION ( 'NONE',  ( -1.000000000000000000, 0.000000000000000000, 0.000000000000000000 ) ) ;
#5098 = ORIENTED_EDGE ( 'NONE', *, *, #1016, .T. ) ;
#5099 = ADVANCED_FACE ( 'NONE', ( #7018 ), #3091, .T. ) ;
#5100 = CARTESIAN_POINT ( 'NONE',  ( 0.1757019492040102771, -0.8420016586814502713, -0.1489999999999999936 ) ) ;
#5101 = FILL_AREA_STYLE_COLOUR ( '', #5869 ) ;
#5102 = CARTESIAN_POINT ( 'NONE',  ( 0.1831315913242555771, -0.9083090208729605042, -0.1489999999999999936 ) ) ;
#5103 = FACE_OUTER_BOUND ( 'NONE', #4272, .T. ) ;
#5104 = VECTOR ( 'NONE', #6198, 1000.000000000000000 ) ;
#5105 = CARTESIAN_POINT ( 'NONE',  ( 0.1008162784723029837, -0.7374284879497429168, -0.1499999999999999944 ) ) ;
#5106 = CARTESIAN_POINT ( 'NONE',  ( -0.2607073548009081199, -0.8715579021468821130, -0.1489999999999999936 ) ) ;
#5107 = CARTESIAN_POINT ( 'NONE',  ( 0.09847719399383310368, -0.7594116155812058455, -0.1489999999999999936 ) ) ;
#5108 = DIRECTION ( 'NONE',  ( 1.000000000000000000, 0.000000000000000000, 0.000000000000000000 ) ) ;
#5109 = ORIENTED_EDGE ( 'NONE', *, *, #3432, .T. ) ;
#5110 = VECTOR ( 'NONE', #7308, 1000.000000000000000 ) ;
#5111 = CARTESIAN_POINT ( 'NONE',  ( 0.01472633944791271188, -0.9398675123399868880, -0.1499999999999999944 ) ) ;
#5112 = PLANE ( 'NONE',  #5444 ) ;
#5113 = CARTESIAN_POINT ( 'NONE',  ( 0.05906280759190245255, -0.7690978681025264496, -0.1489999999999999936 ) ) ;
#5114 = CYLINDRICAL_SURFACE ( 'NONE', #4857, 0.1000000000000000749 ) ;
#5115 = CARTESIAN_POINT ( 'NONE',  ( -1.474999999999999867, 1.525000000000000133, 0.000000000000000000 ) ) ;
#5116 = MECHANICAL_DESIGN_GEOMETRIC_PRESENTATION_REPRESENTATION (  '', ( #2670 ), #8117 ) ;
#5117 = EDGE_CURVE ( 'NONE', #1445, #166, #1378, .T. ) ;
#5118 = PLANE ( 'NONE',  #4947 ) ;
#5119 = EDGE_LOOP ( 'NONE', ( #5528, #7603, #324, #3633, #1614, #2843, #789 ) ) ;
#5120 = AXIS2_PLACEMENT_3D ( 'NONE', #7774, #721, #3968 ) ;
#5121 = LINE ( 'NONE', #7732, #7949 ) ;
#5122 = ORIENTED_EDGE ( 'NONE', *, *, #7948, .F. ) ;
#5123 = CIRCLE ( 'NONE', #7863, 0.1931030917913612033 ) ;
#5125 = DIRECTION ( 'NONE',  ( -0.000000000000000000, 0.000000000000000000, -1.000000000000000000 ) ) ;
#5124 = CARTESIAN_POINT ( 'NONE',  ( -0.2811531646257120487, -0.8883335658390242306, -0.1490000000000000213 ) ) ;
#5126 = ORIENTED_EDGE ( 'NONE', *, *, #6905, .T. ) ;
#5127 = STYLED_ITEM ( 'NONE', ( #2699 ), #1795 ) ;
#5128 = CARTESIAN_POINT ( 'NONE',  ( 0.05375072969181514393, -0.9075504391692551520, -0.1499999999999999944 ) ) ;
#5129 = FILL_AREA_STYLE_COLOUR ( '', #7588 ) ;
#5130 = SURFACE_SIDE_STYLE ('',( #3211 ) ) ;
#5131 = SURFACE_SIDE_STYLE ('',( #642 ) ) ;
#5132 = COLOUR_RGB ( '',0.2509803921568627416, 0.2509803921568627416, 0.2509803921568627416 ) ;
#5133 = FILL_AREA_STYLE_COLOUR ( '', #8391 ) ;
#5134 = ORIENTED_EDGE ( 'NONE', *, *, #7984, .T. ) ;
#5135 = UNCERTAINTY_MEASURE_WITH_UNIT (LENGTH_MEASURE( 1.000000000000000082E-05 ), #1202, 'distance_accuracy_value', 'NONE');
#5136 = SURFACE_STYLE_USAGE ( .BOTH. , #7 ) ;
#5137 = CARTESIAN_POINT ( 'NONE',  ( 1.475000000000000533, -1.424999999999999600, -0.1499999999999999944 ) ) ;
#5138 = DIRECTION ( 'NONE',  ( -0.000000000000000000, -0.000000000000000000, -1.000000000000000000 ) ) ;
#5139 = DIRECTION ( 'NONE',  ( 0.000000000000000000, 0.000000000000000000, -1.000000000000000000 ) ) ;
#5140 = CARTESIAN_POINT ( 'NONE',  ( 0.05375072969181514393, -0.7453553172180356068, -0.1499999999999999944 ) ) ;
#5141 = PLANE ( 'NONE',  #594 ) ;
#5142 = CARTESIAN_POINT ( 'NONE',  ( 1.477161868811778245, 1.524976628885158281, 0.0001099524505766141802 ) ) ;
#5143 = EDGE_CURVE ( 'NONE', #1348, #6578, #810, .T. ) ;
#5144 = LINE ( 'NONE', #1163, #1049 ) ;
#5145 =( NAMED_UNIT ( * ) PLANE_ANGLE_UNIT ( ) SI_UNIT ( $, .RADIAN. ) );
#5146 = DIRECTION ( 'NONE',  ( 0.000000000000000000, -1.000000000000000000, 0.000000000000000000 ) ) ;
#5147 = DIRECTION ( 'NONE',  ( -1.421904488505579654E-16, 1.000000000000000000, 0.000000000000000000 ) ) ;
#5148 = ORIENTED_EDGE ( 'NONE', *, *, #6145, .T. ) ;
#5149 = LINE ( 'NONE', #7202, #2964 ) ;
#5150 = SURFACE_STYLE_USAGE ( .BOTH. , #6512 ) ;
#5151 =( NAMED_UNIT ( * ) SI_UNIT ( $, .STERADIAN. ) SOLID_ANGLE_UNIT ( ) );
#5152 = FILL_AREA_STYLE ('',( #2542 ) ) ;
#5153 = CARTESIAN_POINT ( 'NONE',  ( 0.06914688519431541613, -0.7404323966721525485, -0.1500000000000000222 ) ) ;
#5154 = EDGE_CURVE ( 'NONE', #4909, #4145, #3896, .T. ) ;
#5155 = SURFACE_STYLE_FILL_AREA ( #1305 ) ;
#5156 =( NAMED_UNIT ( * ) PLANE_ANGLE_UNIT ( ) SI_UNIT ( $, .RADIAN. ) );
#5157 = FILL_AREA_STYLE ('',( #7079 ) ) ;
#5158 = SURFACE_STYLE_FILL_AREA ( #7174 ) ;
#5159 = STYLED_ITEM ( 'NONE', ( #3359 ), #3730 ) ;
#5160 =( LENGTH_UNIT ( ) NAMED_UNIT ( * ) SI_UNIT ( .MILLI., .METRE. ) );
#5161 = CARTESIAN_POINT ( 'NONE',  ( 0.1005876199357175760, -0.7593797074619381693, -0.1489999999999999936 ) ) ;
#5162 = COLOUR_RGB ( '',0.000000000000000000, 0.000000000000000000, 0.000000000000000000 ) ;
#5163 = ORIENTED_EDGE ( 'NONE', *, *, #4471, .F. ) ;
#5164 = UNCERTAINTY_MEASURE_WITH_UNIT (LENGTH_MEASURE( 1.000000000000000082E-05 ), #4069, 'distance_accuracy_value', 'NONE');
#5165 = CARTESIAN_POINT ( 'NONE',  ( 0.1585845901406489900, -0.7537188278367914496, -0.1489999999999999936 ) ) ;
#5166 = MECHANICAL_DESIGN_GEOMETRIC_PRESENTATION_REPRESENTATION (  '', ( #3649 ), #7350 ) ;
#5167 = CARTESIAN_POINT ( 'NONE',  ( 0.5249999999999995781, 1.289999999999999591, -0.1599999999999999756 ) ) ;
#5168 = ORIENTED_EDGE ( 'NONE', *, *, #813, .F. ) ;
#5169 = CARTESIAN_POINT ( 'NONE',  ( 1.575000000000000178, 0.1000000000000000472, -0.1499999999999999944 ) ) ;
#5170 = ORIENTED_EDGE ( 'NONE', *, *, #5893, .T. ) ;
#5171 = VECTOR ( 'NONE', #8269, 1000.000000000000000 ) ;
#5172 = STYLED_ITEM ( 'NONE', ( #4039 ), #3413 ) ;
#5173 = LINE ( 'NONE', #7048, #3619 ) ;
#5174 = EDGE_CURVE ( 'NONE', #6177, #7769, #5826, .T. ) ;
#5175 = CARTESIAN_POINT ( 'NONE',  ( 0.09088519497505752331, -0.9196194940005318896, -0.1489999999999999936 ) ) ;
#5176 = CARTESIAN_POINT ( 'NONE',  ( 0.1640390433277302829, -0.7938324549301783994, -0.1499999999999999944 ) ) ;
#5177 = DIRECTION ( 'NONE',  ( 1.000000000000000000, 0.000000000000000000, -0.000000000000000000 ) ) ;
#5178 = VECTOR ( 'NONE', #357, 1000.000000000000000 ) ;
#5179 = CARTESIAN_POINT ( 'NONE',  ( 1.649999999999999911, 0.09999999999999981126, 0.002000000000000021726 ) ) ;
#5180 = ORIENTED_EDGE ( 'NONE', *, *, #4232, .T. ) ;
#5181 = CARTESIAN_POINT ( 'NONE',  ( -0.5250000000000007994, 1.239999999999999769, -0.1499999999999999944 ) ) ;
#5182 = EDGE_CURVE ( 'NONE', #1287, #7448, #5735, .T. ) ;
#5183 = SURFACE_STYLE_USAGE ( .BOTH. , #8304 ) ;
#5184 = CARTESIAN_POINT ( 'NONE',  ( -0.3924738111917073224, -0.7773705708849758533, -0.1499999999999999667 ) ) ;
#5185 = CARTESIAN_POINT ( 'NONE',  ( -0.2541695547261460519, -0.8853488191141095642, -0.1490000000000000491 ) ) ;
#5186 = MECHANICAL_DESIGN_GEOMETRIC_PRESENTATION_REPRESENTATION (  '', ( #7094 ), #4492 ) ;
#5187 = DIRECTION ( 'NONE',  ( -1.000000000000000000, -1.512840240677448800E-15, 0.000000000000000000 ) ) ;
#5188 = CARTESIAN_POINT ( 'NONE',  ( 0.06372319580208062051, -0.7418279123772318906, -0.1489999999999999658 ) ) ;
#5189 = ORIENTED_EDGE ( 'NONE', *, *, #260, .F. ) ;
#5190 =( LENGTH_UNIT ( ) NAMED_UNIT ( * ) SI_UNIT ( .MILLI., .METRE. ) );
#5191 = CARTESIAN_POINT ( 'NONE',  ( -1.125000000000000888, 1.649999999999999689, 0.002000000000000021726 ) ) ;
#5192 = ORIENTED_EDGE ( 'NONE', *, *, #4827, .T. ) ;
#5193 = PRESENTATION_LAYER_ASSIGNMENT (  '', '', ( #3143 ) ) ;
#5194 = DIRECTION ( 'NONE',  ( 0.000000000000000000, 1.000000000000000000, 0.000000000000000000 ) ) ;
#5195 = FACE_OUTER_BOUND ( 'NONE', #7607, .T. ) ;
#5196 =( NAMED_UNIT ( * ) PLANE_ANGLE_UNIT ( ) SI_UNIT ( $, .RADIAN. ) );
#5197 = CARTESIAN_POINT ( 'NONE',  ( 1.225000000000000311, 1.239999999999999547, -0.1599999999999999756 ) ) ;
#5198 = CARTESIAN_POINT ( 'NONE',  ( -0.2657614654301360679, -0.8379239147790112918, -0.1489999999999999936 ) ) ;
#5199 = AXIS2_PLACEMENT_3D ( 'NONE', #954, #3527, #7295 ) ;
#5200 = VECTOR ( 'NONE', #4962, 1000.000000000000000 ) ;
#5201 = SURFACE_STYLE_FILL_AREA ( #2505 ) ;
#5202 = B_SPLINE_CURVE_WITH_KNOTS ( 'NONE', 3,
 ( #375, #5951, #7874, #2082, #2226, #4618, #286, #143, #4853, #8151, #4891 ),
 .UNSPECIFIED., .F., .F.,
 ( 4, 1, 1, 1, 1, 1, 1, 1, 4 ),
 ( 0.000000000000000000, 0.1252796967356254731, 0.2494199707420511336, 0.3733567994928199685, 0.4966812787822861286, 0.6202029157439824525, 0.7450863201614567055, 0.8712691950190979417, 1.000000000000000000 ),
 .UNSPECIFIED. ) ;
#5203 = CARTESIAN_POINT ( 'NONE',  ( -0.8250000000000000666, -1.219999999999999529, 0.002000000000000021726 ) ) ;
#5204 = SURFACE_SIDE_STYLE ('',( #3822 ) ) ;
#5205 = ORIENTED_EDGE ( 'NONE', *, *, #3653, .F. ) ;
#5206 = VECTOR ( 'NONE', #5003, 1000.000000000000000 ) ;
#5207 = SPHERICAL_SURFACE ( 'NONE', #7813, 0.1000000000000000056 ) ;
#5208 = CARTESIAN_POINT ( 'NONE',  ( -0.4750000000000005884, -1.220000000000004414, -0.1599999999999999756 ) ) ;
#5209 = SURFACE_SIDE_STYLE ('',( #6998 ) ) ;
#5210 = ORIENTED_EDGE ( 'NONE', *, *, #7086, .F. ) ;
#5211 = SURFACE_SIDE_STYLE ('',( #3249 ) ) ;
#5212 = ORIENTED_EDGE ( 'NONE', *, *, #6546, .F. ) ;
#5213 = EDGE_CURVE ( 'NONE', #6392, #6734, #7060, .T. ) ;
#5214 = PRESENTATION_LAYER_ASSIGNMENT (  '', '', ( #475 ) ) ;
#5215 = ORIENTED_EDGE ( 'NONE', *, *, #4732, .F. ) ;
#5216 = EDGE_CURVE ( 'NONE', #5771, #6029, #7830, .T. ) ;
#5217 = CARTESIAN_POINT ( 'NONE',  ( 0.1086121404586557621, -0.7595522493443070955, -0.1500000000000000222 ) ) ;
#5218 = SURFACE_SIDE_STYLE ('',( #6620 ) ) ;
#5219 = CARTESIAN_POINT ( 'NONE',  ( 1.475000000000000533, -1.524999999999999689, -0.1499999999999999944 ) ) ;
#5220 = ORIENTED_EDGE ( 'NONE', *, *, #2287, .F. ) ;
#5221 = UNCERTAINTY_MEASURE_WITH_UNIT (LENGTH_MEASURE( 1.000000000000000082E-05 ), #8168, 'distance_accuracy_value', 'NONE');
#5222 = SURFACE_STYLE_FILL_AREA ( #1839 ) ;
#5223 =( GEOMETRIC_REPRESENTATION_CONTEXT ( 3 ) GLOBAL_UNCERTAINTY_ASSIGNED_CONTEXT ( ( #83 ) ) GLOBAL_UNIT_ASSIGNED_CONTEXT ( ( #3877, #5934, #7255 ) ) REPRESENTATION_CONTEXT ( 'NONE', 'WORKASPACE' ) );
#5224 = FILL_AREA_STYLE_COLOUR ( '', #4898 ) ;
#5225 = SURFACE_SIDE_STYLE ('',( #1243 ) ) ;
#5226 = SURFACE_STYLE_USAGE ( .BOTH. , #3222 ) ;
#5227 = SURFACE_STYLE_USAGE ( .BOTH. , #1426 ) ;
#5228 =( GEOMETRIC_REPRESENTATION_CONTEXT ( 3 ) GLOBAL_UNCERTAINTY_ASSIGNED_CONTEXT ( ( #3103 ) ) GLOBAL_UNIT_ASSIGNED_CONTEXT ( ( #8294, #4317, #3749 ) ) REPRESENTATION_CONTEXT ( 'NONE', 'WORKASPACE' ) );
#5229 =( NAMED_UNIT ( * ) PLANE_ANGLE_UNIT ( ) SI_UNIT ( $, .RADIAN. ) );
#5230 = FILL_AREA_STYLE_COLOUR ( '', #6139 ) ;
#5231 = EDGE_LOOP ( 'NONE', ( #7882, #423, #4126, #6045 ) ) ;
#5232 = MECHANICAL_DESIGN_GEOMETRIC_PRESENTATION_REPRESENTATION (  '', ( #7680 ), #1709 ) ;
#5233 = ADVANCED_FACE ( 'NONE', ( #603 ), #1886, .T. ) ;
#5234 = DIRECTION ( 'NONE',  ( -0.000000000000000000, 0.000000000000000000, -1.000000000000000000 ) ) ;
#5235 = ORIENTED_EDGE ( 'NONE', *, *, #2071, .T. ) ;
#5236 = VECTOR ( 'NONE', #1742, 1000.000000000000000 ) ;
#5237 = DIRECTION ( 'NONE',  ( 0.000000000000000000, 0.000000000000000000, -1.000000000000000000 ) ) ;
#5238 = PLANE ( 'NONE',  #3198 ) ;
#5239 = SURFACE_STYLE_USAGE ( .BOTH. , #4546 ) ;
#5240 = COLOUR_RGB ( '',0.000000000000000000, 0.000000000000000000, 0.000000000000000000 ) ;
#5241 = DIRECTION ( 'NONE',  ( -1.000000000000000000, 0.000000000000000000, 0.000000000000000000 ) ) ;
#5242 = CARTESIAN_POINT ( 'NONE',  ( 0.08094186935859801202, -0.7384625204465908865, -0.1489999999999999936 ) ) ;
#5243 = COLOUR_RGB ( '',1.000000000000000000, 1.000000000000000000, 1.000000000000000000 ) ;
#5245 = AXIS2_PLACEMENT_3D ( 'NONE', #3021, #1043, #1131 ) ;
#5244 = CARTESIAN_POINT ( 'NONE',  ( -0.2538278406007424826, -0.7915784423723070118, -0.1499999999999999667 ) ) ;
#5246 = B_SPLINE_CURVE_WITH_KNOTS ( 'NONE', 3,
 ( #247, #3499, #6096, #6055, #6732, #3381, #1612, #4168, #924, #2567, #2115 ),
 .UNSPECIFIED., .F., .F.,
 ( 4, 1, 1, 1, 1, 1, 1, 1, 4 ),
 ( 0.000000000000000000, 0.1124483899088006972, 0.2265276752126776649, 0.3444019493260284670, 0.4658649724874589504, 0.5916594493521170062, 0.7221684870248874510, 0.8586063875549265756, 1.000000000000000000 ),
 .UNSPECIFIED. ) ;
#5248 = VECTOR ( 'NONE', #332, 1000.000000000000000 ) ;
#5247 = LINE ( 'NONE', #2630, #6481 ) ;
#5249 = LINE ( 'NONE', #7123, #3050 ) ;
#5250 = PRESENTATION_LAYER_ASSIGNMENT (  '', '', ( #509 ) ) ;
#5251 = ORIENTED_EDGE ( 'NONE', *, *, #6255, .T. ) ;
#5252 = DIRECTION ( 'NONE',  ( -1.421904488505579654E-16, 1.000000000000000000, 0.000000000000000000 ) ) ;
#5253 = PRESENTATION_STYLE_ASSIGNMENT (( #2687 ) ) ;
#5254 = ORIENTED_EDGE ( 'NONE', *, *, #346, .T. ) ;
#5255 = VECTOR ( 'NONE', #1942, 1000.000000000000000 ) ;
#5256 = AXIS2_PLACEMENT_3D ( 'NONE', #232, #2798, #6674 ) ;
#5257 = VECTOR ( 'NONE', #327, 1000.000000000000000 ) ;
#5258 = CARTESIAN_POINT ( 'NONE',  ( 0.1749999999999975187, 2.647470421185497633E-16, -0.1499999999999999944 ) ) ;
#5259 = UNCERTAINTY_MEASURE_WITH_UNIT (LENGTH_MEASURE( 1.000000000000000082E-05 ), #4797, 'distance_accuracy_value', 'NONE');
#5260 = LINE ( 'NONE', #3153, #5640 ) ;
#5261 = ORIENTED_EDGE ( 'NONE', *, *, #1266, .T. ) ;
#5262 =( NAMED_UNIT ( * ) SI_UNIT ( $, .STERADIAN. ) SOLID_ANGLE_UNIT ( ) );
#5263 = VERTEX_POINT ( 'NONE', #1004 ) ;
#5264 = MECHANICAL_DESIGN_GEOMETRIC_PRESENTATION_REPRESENTATION (  '', ( #7297 ), #371 ) ;
#5265 = EDGE_CURVE ( 'NONE', #798, #7536, #7474, .T. ) ;
#5266 = VERTEX_POINT ( 'NONE', #3573 ) ;
#5267 = MECHANICAL_DESIGN_GEOMETRIC_PRESENTATION_REPRESENTATION (  '', ( #4967 ), #2008 ) ;
#5268 = CARTESIAN_POINT ( 'NONE',  ( -0.1750000000000001277, 1.649999999999994804, 0.002000000000000021726 ) ) ;
#5269 = CARTESIAN_POINT ( 'NONE',  ( -0.7750000000000004663, 1.289999999999999813, -0.1599999999999999756 ) ) ;
#5270 = DIRECTION ( 'NONE',  ( 0.000000000000000000, 1.000000000000000000, 0.000000000000000000 ) ) ;
#5271 = FACE_OUTER_BOUND ( 'NONE', #6568, .T. ) ;
#5272 = EDGE_CURVE ( 'NONE', #2186, #1969, #6779, .T. ) ;
#5273 = ORIENTED_EDGE ( 'NONE', *, *, #7552, .F. ) ;
#5274 = SURFACE_SIDE_STYLE ('',( #2662 ) ) ;
#5275 = CARTESIAN_POINT ( 'NONE',  ( -0.5250000000000007994, 1.239999999999999769, -0.1599999999999999756 ) ) ;
#5276 = B_SPLINE_SURFACE_WITH_KNOTS ( 'NONE', 3, 1, ( 
 ( #1897, #5105 ),
 ( #7718, #7120 ),
 ( #744, #8401 ),
 ( #2627, #3316 ),
 ( #5242, #7170 ),
 ( #4458, #7076 ),
 ( #7753, #5153 ),
 ( #119, #1304 ),
 ( #2544, #668 ),
 ( #7030, #3236 ),
 ( #701, #3279 ) ),
 .UNSPECIFIED., .F., .F., .F.,
 ( 4, 1, 1, 1, 1, 1, 1, 1, 4 ),
 ( 2, 2 ),
 ( 0.000000000000000000, 0.1451868664724696723, 0.2834426109197301091, 0.4165243659288289102, 0.5431811235350826328, 0.6651530826377130001, 0.7813602063127158548, 0.8927566556418087274, 1.000000000000000000 ),
 ( 0.000000000000000000, 1.000000000000000000 ),
 .UNSPECIFIED. ) ;
#5277 = DIRECTION ( 'NONE',  ( -1.505836350674315045E-15, -1.000000000000000000, 0.000000000000000000 ) ) ;
#5278 =( NAMED_UNIT ( * ) PLANE_ANGLE_UNIT ( ) SI_UNIT ( $, .RADIAN. ) );
#5279 = VECTOR ( 'NONE', #4782, 1000.000000000000000 ) ;
#5280 = CARTESIAN_POINT ( 'NONE',  ( 0.2952141443259615472, -0.7398675123399868214, -0.1489999999999999936 ) ) ;
#5281 = VERTEX_POINT ( 'NONE', #4209 ) ;
#5282 = MECHANICAL_DESIGN_GEOMETRIC_PRESENTATION_REPRESENTATION (  '', ( #396 ), #3564 ) ;
#5283 = FACE_OUTER_BOUND ( 'NONE', #5864, .T. ) ;
#5284 = VERTEX_POINT ( 'NONE', #6814 ) ;
#5285 = CARTESIAN_POINT ( 'NONE',  ( 0.1963379214042038357, -0.8837856914465193059, -0.1490000000000000213 ) ) ;
#5286 = CARTESIAN_POINT ( 'NONE',  ( -0.4584443922594044207, -0.9398675123399868880, -0.1489999999999999936 ) ) ;
#5287 = EDGE_CURVE ( 'NONE', #7296, #2073, #728, .T. ) ;
#5288 = SURFACE_STYLE_USAGE ( .BOTH. , #5747 ) ;
#5289 = SURFACE_STYLE_USAGE ( .BOTH. , #948 ) ;
#5290 = VECTOR ( 'NONE', #3697, 1000.000000000000000 ) ;
#5291 = CARTESIAN_POINT ( 'NONE',  ( -0.2083003241160728825, -0.9382668219574491486, -0.1489999999999999936 ) ) ;
#5292 = CARTESIAN_POINT ( 'NONE',  ( -0.1989344586847273388, -0.7401099904728092316, -0.1489999999999999658 ) ) ;
#5293 = CARTESIAN_POINT ( 'NONE',  ( 0.2952141443259615472, -0.7398675123399868214, -0.1499999999999999944 ) ) ;
#5294 = ORIENTED_EDGE ( 'NONE', *, *, #276, .T. ) ;
#5295 = CARTESIAN_POINT ( 'NONE',  ( 0.1665428215759673924, -0.7596829123983105392, -0.1500000000000000222 ) ) ;
#5296 = ORIENTED_EDGE ( 'NONE', *, *, #1933, .F. ) ;
#5297 = DIRECTION ( 'NONE',  ( 1.000000000000000000, 0.000000000000000000, 0.000000000000000000 ) ) ;
#5298 = ORIENTED_EDGE ( 'NONE', *, *, #651, .F. ) ;
#5299 = SURFACE_SIDE_STYLE ('',( #6569 ) ) ;
#5300 = ORIENTED_EDGE ( 'NONE', *, *, #6124, .T. ) ;
#5301 = MECHANICAL_DESIGN_GEOMETRIC_PRESENTATION_REPRESENTATION (  '', ( #6103 ), #3253 ) ;
#5302 = EDGE_CURVE ( 'NONE', #5063, #7126, #5202, .T. ) ;
#5303 = ORIENTED_EDGE ( 'NONE', *, *, #3116, .T. ) ;
#5304 = CARTESIAN_POINT ( 'NONE',  ( -0.2083003241160728825, -0.9382668219574491486, -0.1499999999999999944 ) ) ;
#5305 = STYLED_ITEM ( 'NONE', ( #7405 ), #3744 ) ;
#5306 = CARTESIAN_POINT ( 'NONE',  ( 0.07753099904797089437, -0.9172325071931370921, -0.1490000000000000768 ) ) ;
#5307 = CARTESIAN_POINT ( 'NONE',  ( 0.1436376317941394920, -0.7718771141150896353, -0.1499999999999999667 ) ) ;
#5308 = CARTESIAN_POINT ( 'NONE',  ( -0.2925907337228190741, -0.8373522684375478420, -0.1489999999999999936 ) ) ;
#5309 =( GEOMETRIC_REPRESENTATION_CONTEXT ( 3 ) GLOBAL_UNCERTAINTY_ASSIGNED_CONTEXT ( ( #4352 ) ) GLOBAL_UNIT_ASSIGNED_CONTEXT ( ( #1140, #1096, #1905 ) ) REPRESENTATION_CONTEXT ( 'NONE', 'WORKASPACE' ) );
#5310 =( GEOMETRIC_REPRESENTATION_CONTEXT ( 3 ) GLOBAL_UNCERTAINTY_ASSIGNED_CONTEXT ( ( #5135 ) ) GLOBAL_UNIT_ASSIGNED_CONTEXT ( ( #1202, #6495, #1156 ) ) REPRESENTATION_CONTEXT ( 'NONE', 'WORKASPACE' ) );
#5311 = VERTEX_POINT ( 'NONE', #8112 ) ;
#5312 = UNCERTAINTY_MEASURE_WITH_UNIT (LENGTH_MEASURE( 1.000000000000000082E-05 ), #3490, 'distance_accuracy_value', 'NONE');
#5313 = SPHERICAL_SURFACE ( 'NONE', #7451, 0.1000000000000000056 ) ;
#5314 = ADVANCED_FACE ( 'NONE', ( #2932 ), #6265, .T. ) ;
#5315 = CARTESIAN_POINT ( 'NONE',  ( -1.125000000000000222, -1.524999999999999689, 0.000000000000000000 ) ) ;
#5316 = CARTESIAN_POINT ( 'NONE',  ( -0.2629703585663503151, -0.8638761501264015097, -0.1500000000000000222 ) ) ;
#5317 =( GEOMETRIC_REPRESENTATION_CONTEXT ( 3 ) GLOBAL_UNCERTAINTY_ASSIGNED_CONTEXT ( ( #478 ) ) GLOBAL_UNIT_ASSIGNED_CONTEXT ( ( #5160, #3871, #7804 ) ) REPRESENTATION_CONTEXT ( 'NONE', 'WORKASPACE' ) );
#5318 = FACE_OUTER_BOUND ( 'NONE', #220, .T. ) ;
#5319 = ORIENTED_EDGE ( 'NONE', *, *, #6352, .F. ) ;
#5320 = DIRECTION ( 'NONE',  ( 0.3222024856061124765, -0.9466707760722535836, 0.000000000000000000 ) ) ;
#5321 = CARTESIAN_POINT ( 'NONE',  ( -0.08283463616184341682, -0.8496236099009625287, -0.1489999999999999936 ) ) ;
#5322 = ORIENTED_EDGE ( 'NONE', *, *, #5302, .F. ) ;
#5323 = DIRECTION ( 'NONE',  ( 0.000000000000000000, 1.000000000000000000, 0.000000000000000000 ) ) ;
#5324 = CARTESIAN_POINT ( 'NONE',  ( 0.1883464073888672929, -0.9006876839094487552, -0.1490000000000000213 ) ) ;
#5325 = STYLED_ITEM ( 'NONE', ( #3125 ), #4524 ) ;
#5326 = ADVANCED_FACE ( 'NONE', ( #4304 ), #5114, .T. ) ;
#5327 = DIRECTION ( 'NONE',  ( -0.000000000000000000, 0.000000000000000000, 1.000000000000000000 ) ) ;
#5328 = FACE_BOUND ( 'NONE', #8368, .T. ) ;
#5329 =( LENGTH_UNIT ( ) NAMED_UNIT ( * ) SI_UNIT ( .MILLI., .METRE. ) );
#5330 = CARTESIAN_POINT ( 'NONE',  ( -0.2656959093136538885, -0.8348597377515046825, -0.1490000000000000213 ) ) ;
#5331 =( GEOMETRIC_REPRESENTATION_CONTEXT ( 3 ) GLOBAL_UNCERTAINTY_ASSIGNED_CONTEXT ( ( #5848 ) ) GLOBAL_UNIT_ASSIGNED_CONTEXT ( ( #6498, #2486, #3170 ) ) REPRESENTATION_CONTEXT ( 'NONE', 'WORKASPACE' ) );
#5332 = CARTESIAN_POINT ( 'NONE',  ( -0.1917300455604792064, -0.7399494107305031321, -0.1499999999999999667 ) ) ;
#5333 = PLANE ( 'NONE',  #8154 ) ;
#5334 = VERTEX_POINT ( 'NONE', #8285 ) ;
#5335 = CARTESIAN_POINT ( 'NONE',  ( 0.1682052145606946492, -0.8812261611840751518, -0.1499999999999999944 ) ) ;
#5336 = DIRECTION ( 'NONE',  ( 2.216847787945573612E-15, -1.000000000000000000, -0.000000000000000000 ) ) ;
#5337 = ORIENTED_EDGE ( 'NONE', *, *, #4796, .F. ) ;
#5338 =( LENGTH_UNIT ( ) NAMED_UNIT ( * ) SI_UNIT ( .MILLI., .METRE. ) );
#5339 = VERTEX_POINT ( 'NONE', #7555 ) ;
#5340 = CARTESIAN_POINT ( 'NONE',  ( -0.2094992875219536255, -0.7413297815213987230, -0.1499999999999999944 ) ) ;
#5341 = VERTEX_POINT ( 'NONE', #2515 ) ;
#5342 = CARTESIAN_POINT ( 'NONE',  ( -1.125000000000000888, 1.649999999999999689, 0.002000000000000021726 ) ) ;
#5343 = ORIENTED_EDGE ( 'NONE', *, *, #2138, .F. ) ;
#5344 = DIRECTION ( 'NONE',  ( -0.000000000000000000, -0.000000000000000000, -1.000000000000000000 ) ) ;
#5345 = VERTEX_POINT ( 'NONE', #1784 ) ;
#5346 = CIRCLE ( 'NONE', #3297, 0.05000000000000012768 ) ;
#5347 = FILL_AREA_STYLE_COLOUR ( '', #6081 ) ;
#5348 = CARTESIAN_POINT ( 'NONE',  ( 0.1050845711552298029, -0.9203553172180356512, -0.1489999999999999936 ) ) ;
#5349 = DIRECTION ( 'NONE',  ( 1.000000000000000000, 0.000000000000000000, 0.000000000000000000 ) ) ;
#5350 = CARTESIAN_POINT ( 'NONE',  ( -1.574999999999999956, 1.525000000000000133, -0.1499999999999999944 ) ) ;
#5351 = CARTESIAN_POINT ( 'NONE',  ( -0.2759397884987124794, -0.7805926554898914294, -0.1490000000000000213 ) ) ;
#5352 = ORIENTED_EDGE ( 'NONE', *, *, #4381, .T. ) ;
#5353 = AXIS2_PLACEMENT_3D ( 'NONE', #8248, #2397, #4991 ) ;
#5354 = CARTESIAN_POINT ( 'NONE',  ( -0.4096639044545263286, -0.7398675123399868214, -0.1499999999999999944 ) ) ;
#5355 = SURFACE_SIDE_STYLE ('',( #182 ) ) ;
#5356 = CARTESIAN_POINT ( 'NONE',  ( -0.2655583276491066957, -0.8469781897562262962, -0.1489999999999999936 ) ) ;
#5357 = EDGE_LOOP ( 'NONE', ( #5052, #312, #5873, #4874 ) ) ;
#5358 = LINE ( 'NONE', #5401, #2260 ) ;
#5359 =( BOUNDED_CURVE ( )  B_SPLINE_CURVE ( 3, ( #7572, #3591, #1626, #6878 ),
 .UNSPECIFIED., .F., .F. ) 
 B_SPLINE_CURVE_WITH_KNOTS ( ( 4, 4 ),
 ( 3.141592653589793116, 3.163213026041171272 ),
 .UNSPECIFIED. ) 
 CURVE ( )  GEOMETRIC_REPRESENTATION_ITEM ( )  RATIONAL_B_SPLINE_CURVE ( ( 1.000000000000000000, 0.9999610470039286270, 0.9999610470039286270, 1.000000000000000000 ) ) 
 REPRESENTATION_ITEM ( '' )  );
#5360 = EDGE_CURVE ( 'NONE', #660, #1264, #5024, .T. ) ;
#5361 = CARTESIAN_POINT ( 'NONE',  ( -1.464302419751865925, -1.316487659678485578, 0.5207911690817759176 ) ) ;
#5362 = ORIENTED_EDGE ( 'NONE', *, *, #913, .T. ) ;
#5363 =( NAMED_UNIT ( * ) PLANE_ANGLE_UNIT ( ) SI_UNIT ( $, .RADIAN. ) );
#5364 = CARTESIAN_POINT ( 'NONE',  ( 0.1190425487399973531, -0.9420776794801390963, -0.1499999999999998557 ) ) ;
#5365 = VECTOR ( 'NONE', #4459, 1000.000000000000000 ) ;
#5366 = CARTESIAN_POINT ( 'NONE',  ( 0.1749999999999998224, -1.524574886876659763, 0.002000000000000021726 ) ) ;
#5367 = CARTESIAN_POINT ( 'NONE',  ( 0.000000000000000000, 1.239999999999999547, -0.1499999999999999944 ) ) ;
#5368 = CARTESIAN_POINT ( 'NONE',  ( 0.000000000000000000, 0.000000000000000000, -0.1599999999999999756 ) ) ;
#5369 = EDGE_CURVE ( 'NONE', #5550, #975, #5714, .T. ) ;
#5370 =( GEOMETRIC_REPRESENTATION_CONTEXT ( 3 ) GLOBAL_UNCERTAINTY_ASSIGNED_CONTEXT ( ( #994 ) ) GLOBAL_UNIT_ASSIGNED_CONTEXT ( ( #6019, #7997, #3463 ) ) REPRESENTATION_CONTEXT ( 'NONE', 'WORKASPACE' ) );
#5371 = DIRECTION ( 'NONE',  ( 0.000000000000000000, -1.000000000000000000, 0.000000000000000000 ) ) ;
#5372 = EDGE_LOOP ( 'NONE', ( #6227, #2031, #2429, #3857 ) ) ;
#5373 = CARTESIAN_POINT ( 'NONE',  ( 0.1709728355984821146, -0.8742739599687688878, -0.1499999999999999667 ) ) ;
#5374 =( NAMED_UNIT ( * ) SI_UNIT ( $, .STERADIAN. ) SOLID_ANGLE_UNIT ( ) );
#5375 = ORIENTED_EDGE ( 'NONE', *, *, #7205, .F. ) ;
#5376 = DIRECTION ( 'NONE',  ( -0.000000000000000000, -0.000000000000000000, -1.000000000000000000 ) ) ;
#5377 = MECHANICAL_DESIGN_GEOMETRIC_PRESENTATION_REPRESENTATION (  '', ( #6178 ), #7831 ) ;
#5378 = PRESENTATION_LAYER_ASSIGNMENT (  '', '', ( #902 ) ) ;
#5379 = COLOUR_RGB ( '',1.000000000000000000, 1.000000000000000000, 1.000000000000000000 ) ;
#5380 = PRESENTATION_STYLE_ASSIGNMENT (( #3455 ) ) ;
#5381 = ORIENTED_EDGE ( 'NONE', *, *, #7289, .F. ) ;
#5382 = SURFACE_SIDE_STYLE ('',( #2769 ) ) ;
#5383 = CARTESIAN_POINT ( 'NONE',  ( 0.1749999999999991562, 1.239999999999999769, -0.1599999999999999756 ) ) ;
#5384 = EDGE_LOOP ( 'NONE', ( #6354, #4636, #3613, #3538 ) ) ;
#5385 = STYLED_ITEM ( 'NONE', ( #1161 ), #2521 ) ;
#5386 = PRESENTATION_LAYER_ASSIGNMENT (  '', '', ( #7156 ) ) ;
#5387 = MECHANICAL_DESIGN_GEOMETRIC_PRESENTATION_REPRESENTATION (  '', ( #4818 ), #3197 ) ;
#5388 = ADVANCED_FACE ( 'NONE', ( #7041 ), #4431, .T. ) ;
#5389 = CARTESIAN_POINT ( 'NONE',  ( 0.1512357321625661388, -0.9042164019530942731, -0.1489999999999999936 ) ) ;
#5390 = SURFACE_STYLE_FILL_AREA ( #253 ) ;
#5391 = MECHANICAL_DESIGN_GEOMETRIC_PRESENTATION_REPRESENTATION (  '', ( #111 ), #4702 ) ;
#5392 = COLOUR_RGB ( '',0.2509803921568627416, 0.2509803921568627416, 0.2509803921568627416 ) ;
#5393 = LINE ( 'NONE', #1503, #4698 ) ;
#5394 =( GEOMETRIC_REPRESENTATION_CONTEXT ( 3 ) GLOBAL_UNCERTAINTY_ASSIGNED_CONTEXT ( ( #7615 ) ) GLOBAL_UNIT_ASSIGNED_CONTEXT ( ( #1534, #2187, #5494 ) ) REPRESENTATION_CONTEXT ( 'NONE', 'WORKASPACE' ) );
#5395 = CARTESIAN_POINT ( 'NONE',  ( -1.452672952517933824, -1.304858192444553477, 0.5755035107877257694 ) ) ;
#5396 = CARTESIAN_POINT ( 'NONE',  ( 0.1383442964691071198, -0.9386774660490019295, -0.1500000000000000500 ) ) ;
#5397 = SURFACE_SIDE_STYLE ('',( #3978 ) ) ;
#5398 = VERTEX_POINT ( 'NONE', #5892 ) ;
#5399 = MECHANICAL_DESIGN_GEOMETRIC_PRESENTATION_REPRESENTATION (  '', ( #5665 ), #3890 ) ;
#5400 = EDGE_CURVE ( 'NONE', #2882, #3661, #1402, .T. ) ;
#5401 = CARTESIAN_POINT ( 'NONE',  ( 0.4749999999999998113, -1.650000000000008349, 0.002000000000000021726 ) ) ;
#5402 = EDGE_CURVE ( 'NONE', #3823, #2042, #5803, .T. ) ;
#5403 = CARTESIAN_POINT ( 'NONE',  ( -0.01210292884477019541, -0.8496236099009625287, -0.1489999999999999936 ) ) ;
#5404 = ORIENTED_EDGE ( 'NONE', *, *, #4019, .T. ) ;
#5405 = CARTESIAN_POINT ( 'NONE',  ( 0.1555262619683412673, -0.9319142356467057242, -0.1490000000000000213 ) ) ;
#5406 = CARTESIAN_POINT ( 'NONE',  ( -0.1879413434789165838, -0.7618187318521819629, -0.1489999999999999936 ) ) ;
#5407 = CARTESIAN_POINT ( 'NONE',  ( -0.09259073372281902137, -0.9179162928277918576, -0.1489999999999999936 ) ) ;
#5408 = DIRECTION ( 'NONE',  ( 0.000000000000000000, 0.000000000000000000, 1.000000000000000000 ) ) ;
#5409 =( NAMED_UNIT ( * ) PLANE_ANGLE_UNIT ( ) SI_UNIT ( $, .RADIAN. ) );
#5410 = ORIENTED_EDGE ( 'NONE', *, *, #3911, .F. ) ;
#5411 = SURFACE_STYLE_FILL_AREA ( #2143 ) ;
#5412 = EDGE_LOOP ( 'NONE', ( #1401, #5192, #2685, #6801, #4904, #1430, #7623 ) ) ;
#5413 = FACE_OUTER_BOUND ( 'NONE', #5982, .T. ) ;
#5414 = VECTOR ( 'NONE', #6174, 1000.000000000000000 ) ;
#5415 = ADVANCED_FACE ( 'NONE', ( #7855 ), #5847, .T. ) ;
#5416 = UNCERTAINTY_MEASURE_WITH_UNIT (LENGTH_MEASURE( 1.000000000000000082E-05 ), #5338, 'distance_accuracy_value', 'NONE');
#5417 = PRESENTATION_STYLE_ASSIGNMENT (( #317 ) ) ;
#5418 = CARTESIAN_POINT ( 'NONE',  ( -0.4292142093325751473, -0.8618187318521820517, -0.1489999999999999936 ) ) ;
#5419 = ORIENTED_EDGE ( 'NONE', *, *, #5795, .F. ) ;
#5420 = LINE ( 'NONE', #6012, #5110 ) ;
#5421 = FACE_OUTER_BOUND ( 'NONE', #2845, .T. ) ;
#5422 = VERTEX_POINT ( 'NONE', #127 ) ;
#5423 =( LENGTH_UNIT ( ) NAMED_UNIT ( * ) SI_UNIT ( .MILLI., .METRE. ) );
#5424 = EDGE_CURVE ( 'NONE', #4623, #3578, #2066, .T. ) ;
#5425 = CARTESIAN_POINT ( 'NONE',  ( 0.1756463852339849308, -0.8449258998206046201, -0.1489999999999999658 ) ) ;
#5426 = CARTESIAN_POINT ( 'NONE',  ( 0.3220434126186444979, -0.9398675123399868880, -0.1489999999999999936 ) ) ;
#5427 =( NAMED_UNIT ( * ) SI_UNIT ( $, .STERADIAN. ) SOLID_ANGLE_UNIT ( ) );
#5428 = CARTESIAN_POINT ( 'NONE',  ( -0.4750000000000001443, -1.524999999999999689, -0.1499999999999999944 ) ) ;
#5429 = COLOUR_RGB ( '',1.000000000000000000, 1.000000000000000000, 1.000000000000000000 ) ;
#5430 = FILL_AREA_STYLE_COLOUR ( '', #7998 ) ;
#5431 = FACE_OUTER_BOUND ( 'NONE', #2258, .T. ) ;
#5432 = CARTESIAN_POINT ( 'NONE',  ( -0.8250000000000002887, 1.524574886876660207, 0.002000000000000021726 ) ) ;
#5433 = ORIENTED_EDGE ( 'NONE', *, *, #7724, .F. ) ;
#5434 = PRESENTATION_LAYER_ASSIGNMENT (  '', '', ( #7218 ) ) ;
#5435 = DIRECTION ( 'NONE',  ( 1.000000000000000000, 0.000000000000000000, 0.000000000000000000 ) ) ;
#5436 = ORIENTED_EDGE ( 'NONE', *, *, #7000, .F. ) ;
#5437 = FILL_AREA_STYLE_COLOUR ( '', #558 ) ;
#5438 = CARTESIAN_POINT ( 'NONE',  ( 0.1771739209972653384, -0.9153550422851763901, -0.1490000000000000213 ) ) ;
#5439 = CARTESIAN_POINT ( 'NONE',  ( -0.3975416460164215571, -0.7725188653635549629, -0.1490000000000000213 ) ) ;
#5440 = CARTESIAN_POINT ( 'NONE',  ( 0.000000000000000000, 0.000000000000000000, -0.1489999999999999936 ) ) ;
#5441 = CARTESIAN_POINT ( 'NONE',  ( -1.464302419751866369, 1.397466062997986258, 0.5207911690817759176 ) ) ;
#5442 = CARTESIAN_POINT ( 'NONE',  ( -0.2923547954851483111, -0.8266378682721541304, -0.1499999999999999944 ) ) ;
#5443 = ORIENTED_EDGE ( 'NONE', *, *, #3522, .F. ) ;
#5444 = AXIS2_PLACEMENT_3D ( 'NONE', #8363, #7175, #7253 ) ;
#5445 = FACE_OUTER_BOUND ( 'NONE', #2824, .T. ) ;
#5446 = FACE_OUTER_BOUND ( 'NONE', #8122, .T. ) ;
#5447 = ORIENTED_EDGE ( 'NONE', *, *, #6080, .F. ) ;
#5448 = VERTEX_POINT ( 'NONE', #3289 ) ;
#5449 = DIRECTION ( 'NONE',  ( -1.000000000000000000, -1.421904488505578175E-16, 0.000000000000000000 ) ) ;
#5450 = VECTOR ( 'NONE', #4957, 1000.000000000000000 ) ;
#5451 = DIRECTION ( 'NONE',  ( 1.000000000000000000, 1.445602896647340297E-15, 0.000000000000000000 ) ) ;
#5452 = DIRECTION ( 'NONE',  ( 1.000000000000000000, 0.000000000000000000, 0.000000000000000000 ) ) ;
#5453 = ORIENTED_EDGE ( 'NONE', *, *, #7318, .T. ) ;
#5454 = LINE ( 'NONE', #4007, #6744 ) ;
#5455 = VERTEX_POINT ( 'NONE', #622 ) ;
#5456 = SURFACE_SIDE_STYLE ('',( #963 ) ) ;
#5457 = EDGE_CURVE ( 'NONE', #6872, #798, #2025, .T. ) ;
#5458 =( GEOMETRIC_REPRESENTATION_CONTEXT ( 3 ) GLOBAL_UNCERTAINTY_ASSIGNED_CONTEXT ( ( #7532 ) ) GLOBAL_UNIT_ASSIGNED_CONTEXT ( ( #8017, #5409, #7977 ) ) REPRESENTATION_CONTEXT ( 'NONE', 'WORKASPACE' ) );
#5459 = STYLED_ITEM ( 'NONE', ( #601 ), #3887 ) ;
#5460 = CARTESIAN_POINT ( 'NONE',  ( 0.05375072969181514393, -0.9295016586814502935, -0.1489999999999999936 ) ) ;
#5461 =( NAMED_UNIT ( * ) PLANE_ANGLE_UNIT ( ) SI_UNIT ( $, .RADIAN. ) );
#5462 = SURFACE_STYLE_USAGE ( .BOTH. , #3506 ) ;
#5463 = CARTESIAN_POINT ( 'NONE',  ( -0.1880556727472093015, -0.7398675123399868214, -0.1489999999999999936 ) ) ;
#5464 = STYLED_ITEM ( 'NONE', ( #2047 ), #2679 ) ;
#5465 = ADVANCED_FACE ( 'NONE', ( #4601 ), #5207, .T. ) ;
#5466 = AXIS2_PLACEMENT_3D ( 'NONE', #3901, #5092, #6372 ) ;
#5468 = DIRECTION ( 'NONE',  ( -1.000000000000000000, 1.445602896647335761E-15, 0.000000000000000000 ) ) ;
#5467 = SURFACE_STYLE_USAGE ( .BOTH. , #1621 ) ;
#5469 = LINE ( 'NONE', #8076, #3191 ) ;
#5470 = CARTESIAN_POINT ( 'NONE',  ( 0.1914613706162529572, -0.7910866084388642472, -0.1490000000000000213 ) ) ;
#5471 = EDGE_LOOP ( 'NONE', ( #748, #845, #627, #3907, #3918, #7573, #6345, #3167, #7429, #5940 ) ) ;
#5472 = FILL_AREA_STYLE_COLOUR ( '', #6612 ) ;
#5473 = ORIENTED_EDGE ( 'NONE', *, *, #1331, .T. ) ;
#5474 = DIRECTION ( 'NONE',  ( 1.000000000000000000, 0.000000000000000000, 0.000000000000000000 ) ) ;
#5475 = SURFACE_STYLE_FILL_AREA ( #4324 ) ;
#5476 = PRESENTATION_STYLE_ASSIGNMENT (( #2096 ) ) ;
#5477 = EDGE_CURVE ( 'NONE', #7936, #4713, #2114, .T. ) ;
#5478 = CARTESIAN_POINT ( 'NONE',  ( 0.01472633944791271188, -0.7398675123399868214, -0.1499999999999999944 ) ) ;
#5479 = CARTESIAN_POINT ( 'NONE',  ( 1.574976628885158103, 1.427161868811777756, 0.0001099524505765599701 ) ) ;
#5480 = STYLED_ITEM ( 'NONE', ( #5788 ), #105 ) ;
#5481 = SURFACE_SIDE_STYLE ('',( #4191 ) ) ;
#5482 = VERTEX_POINT ( 'NONE', #7419 ) ;
#5483 = VECTOR ( 'NONE', #6361, 1000.000000000000000 ) ;
#5484 = FILL_AREA_STYLE_COLOUR ( '', #7765 ) ;
#5485 = ORIENTED_EDGE ( 'NONE', *, *, #4149, .T. ) ;
#5486 =( GEOMETRIC_REPRESENTATION_CONTEXT ( 3 ) GLOBAL_UNCERTAINTY_ASSIGNED_CONTEXT ( ( #7043 ) ) GLOBAL_UNIT_ASSIGNED_CONTEXT ( ( #6006, #204, #1568 ) ) REPRESENTATION_CONTEXT ( 'NONE', 'WORKASPACE' ) );
#5487 = CARTESIAN_POINT ( 'NONE',  ( -0.1868361605520872659, -0.9179162928277918576, -0.1489999999999999936 ) ) ;
#5488 = UNCERTAINTY_MEASURE_WITH_UNIT (LENGTH_MEASURE( 1.000000000000000082E-05 ), #5783, 'distance_accuracy_value', 'NONE');
#5489 = FILL_AREA_STYLE ('',( #4736 ) ) ;
#5490 = CARTESIAN_POINT ( 'NONE',  ( 0.1086121404586557621, -0.7595522493443070955, -0.1490000000000000213 ) ) ;
#5491 = EDGE_LOOP ( 'NONE', ( #7871, #186, #5584, #79, #6545, #4886, #6053 ) ) ;
#5492 =( GEOMETRIC_REPRESENTATION_CONTEXT ( 3 ) GLOBAL_UNCERTAINTY_ASSIGNED_CONTEXT ( ( #1446 ) ) GLOBAL_UNIT_ASSIGNED_CONTEXT ( ( #1476, #6034, #4073 ) ) REPRESENTATION_CONTEXT ( 'NONE', 'WORKASPACE' ) );
#5493 = COLOUR_RGB ( '',0.000000000000000000, 0.000000000000000000, 0.000000000000000000 ) ;
#5494 =( NAMED_UNIT ( * ) SI_UNIT ( $, .STERADIAN. ) SOLID_ANGLE_UNIT ( ) );
#5495 = PRESENTATION_STYLE_ASSIGNMENT (( #458 ) ) ;
#5496 = VERTEX_POINT ( 'NONE', #314 ) ;
#5497 = EDGE_CURVE ( 'NONE', #836, #6734, #5534, .T. ) ;
#5498 = COLOUR_RGB ( '',1.000000000000000000, 1.000000000000000000, 1.000000000000000000 ) ;
#5499 = CARTESIAN_POINT ( 'NONE',  ( 0.06545391545822003276, -0.9351990499569270421, -0.1500000000000000500 ) ) ;
#5500 =( GEOMETRIC_REPRESENTATION_CONTEXT ( 3 ) GLOBAL_UNCERTAINTY_ASSIGNED_CONTEXT ( ( #1528 ) ) GLOBAL_UNIT_ASSIGNED_CONTEXT ( ( #5737, #5827, #6501 ) ) REPRESENTATION_CONTEXT ( 'NONE', 'WORKASPACE' ) );
#5501 = CARTESIAN_POINT ( 'NONE',  ( -1.649999999999999911, 0.09999999999999981126, -0.1599999999999999756 ) ) ;
#5502 = ADVANCED_FACE ( 'NONE', ( #6803 ), #2107, .T. ) ;
#5503 = AXIS2_PLACEMENT_3D ( 'NONE', #8279, #1822, #7672 ) ;
#5504 = CARTESIAN_POINT ( 'NONE',  ( -0.1316151239667214534, -0.9398675123399868880, -0.1499999999999999944 ) ) ;
#5505 = DIRECTION ( 'NONE',  ( 0.3635424856527061932, 0.9315776194850602376, 0.000000000000000000 ) ) ;
#5506 = COLOUR_RGB ( '',0.000000000000000000, 0.000000000000000000, 0.000000000000000000 ) ;
#5507 = PRESENTATION_LAYER_ASSIGNMENT (  '', '', ( #4818 ) ) ;
#5508 = VECTOR ( 'NONE', #6239, 1000.000000000000000 ) ;
#5509 = SURFACE_STYLE_FILL_AREA ( #6141 ) ;
#5510 = PRESENTATION_LAYER_ASSIGNMENT (  '', '', ( #3063 ) ) ;
#5511 = MECHANICAL_DESIGN_GEOMETRIC_PRESENTATION_REPRESENTATION (  '', ( #3881 ), #3206 ) ;
#5512 = DIRECTION ( 'NONE',  ( -1.421904488505579654E-16, 1.000000000000000000, -0.000000000000000000 ) ) ;
#5513 = EDGE_CURVE ( 'NONE', #6400, #6999, #4042, .T. ) ;
#5514 = CARTESIAN_POINT ( 'NONE',  ( 0.2022736403456820709, -0.8321340056579684674, -0.1489999999999999936 ) ) ;
#5515 = ORIENTED_EDGE ( 'NONE', *, *, #4599, .F. ) ;
#5516 = SURFACE_STYLE_USAGE ( .BOTH. , #2202 ) ;
#5517 = AXIS2_PLACEMENT_3D ( 'NONE', #268, #2867, #7410 ) ;
#5518 = CARTESIAN_POINT ( 'NONE',  ( -0.1750000000000001277, 0.000000000000000000, -0.1499999999999999944 ) ) ;
#5519 = ORIENTED_EDGE ( 'NONE', *, *, #7370, .T. ) ;
#5520 = DIRECTION ( 'NONE',  ( -1.000000000000000000, -0.000000000000000000, -0.000000000000000000 ) ) ;
#5521 = SURFACE_STYLE_USAGE ( .BOTH. , #6972 ) ;
#5522 = CIRCLE ( 'NONE', #1740, 0.1000000000000000472 ) ;
#5523 =( NAMED_UNIT ( * ) SI_UNIT ( $, .STERADIAN. ) SOLID_ANGLE_UNIT ( ) );
#5524 = MECHANICAL_DESIGN_GEOMETRIC_PRESENTATION_REPRESENTATION (  '', ( #4434 ), #2398 ) ;
#5525 =( NAMED_UNIT ( * ) PLANE_ANGLE_UNIT ( ) SI_UNIT ( $, .RADIAN. ) );
#5526 = CARTESIAN_POINT ( 'NONE',  ( -0.8250000000000006217, 1.290000000000000036, -0.1499999999999999944 ) ) ;
#5527 = DIRECTION ( 'NONE',  ( 0.000000000000000000, -0.2079116908177597867, 0.9781476007338055778 ) ) ;
#5528 = ORIENTED_EDGE ( 'NONE', *, *, #7166, .F. ) ;
#5529 = EDGE_CURVE ( 'NONE', #4249, #5877, #7299, .T. ) ;
#5530 = CARTESIAN_POINT ( 'NONE',  ( 0.1648620253435460203, -0.8877288293548090126, -0.1499999999999999667 ) ) ;
#5531 = FILL_AREA_STYLE_COLOUR ( '', #1120 ) ;
#5532 = VERTEX_POINT ( 'NONE', #2180 ) ;
#5533 = FILL_AREA_STYLE ('',( #6982 ) ) ;
#5534 = LINE ( 'NONE', #837, #758 ) ;
#5535 = FILL_AREA_STYLE_COLOUR ( '', #5392 ) ;
#5536 = LINE ( 'NONE', #8181, #7966 ) ;
#5537 = MECHANICAL_DESIGN_GEOMETRIC_PRESENTATION_REPRESENTATION (  '', ( #3908 ), #1219 ) ;
#5538 = CARTESIAN_POINT ( 'NONE',  ( 0.1163764360009560683, -0.7606742152813954494, -0.1489999999999999380 ) ) ;
#5539 = ORIENTED_EDGE ( 'NONE', *, *, #2820, .T. ) ;
#5540 = CARTESIAN_POINT ( 'NONE',  ( -0.2575398069007822088, -0.7978609480581262403, -0.1500000000000000222 ) ) ;
#5541 = ORIENTED_EDGE ( 'NONE', *, *, #743, .T. ) ;
#5542 = DIRECTION ( 'NONE',  ( 0.3393303772748784142, 0.9406672605435402179, 0.000000000000000000 ) ) ;
#5543 = SURFACE_STYLE_FILL_AREA ( #4386 ) ;
#5544 = VECTOR ( 'NONE', #2443, 1000.000000000000000 ) ;
#5545 = UNCERTAINTY_MEASURE_WITH_UNIT (LENGTH_MEASURE( 1.000000000000000082E-05 ), #1917, 'distance_accuracy_value', 'NONE');
#5546 =( LENGTH_UNIT ( ) NAMED_UNIT ( * ) SI_UNIT ( .MILLI., .METRE. ) );
#5547 = LINE ( 'NONE', #8152, #3593 ) ;
#5548 = CARTESIAN_POINT ( 'NONE',  ( 0.2196043882284005599, -0.9398675123399868880, -0.1489999999999999936 ) ) ;
#5549 = CARTESIAN_POINT ( 'NONE',  ( -1.575000000000000178, 1.425720693118509796, 1.088354453242286150E-16 ) ) ;
#5550 = VERTEX_POINT ( 'NONE', #4083 ) ;
#5551 = UNCERTAINTY_MEASURE_WITH_UNIT (LENGTH_MEASURE( 1.000000000000000082E-05 ), #1572, 'distance_accuracy_value', 'NONE');
#5552 = PLANE ( 'NONE',  #4842 ) ;
#5553 = PRESENTATION_STYLE_ASSIGNMENT (( #8161 ) ) ;
#5554 = ORIENTED_EDGE ( 'NONE', *, *, #2846, .F. ) ;
#5555 = CARTESIAN_POINT ( 'NONE',  ( -0.2263482377405463819, -0.7691567490812325492, -0.1490000000000000213 ) ) ;
#5556 = ORIENTED_EDGE ( 'NONE', *, *, #5818, .F. ) ;
#5557 = LINE ( 'NONE', #4271, #1193 ) ;
#5558 = AXIS2_PLACEMENT_3D ( 'NONE', #8351, #2540, #4589 ) ;
#5559 = COLOUR_RGB ( '',0.2509803921568627416, 0.2509803921568627416, 0.2509803921568627416 ) ;
#5560 = DIRECTION ( 'NONE',  ( 1.445602896647340692E-15, -1.000000000000000000, 0.000000000000000000 ) ) ;
#5561 = EDGE_LOOP ( 'NONE', ( #2179, #6397, #309, #4737, #3796, #2996, #2452 ) ) ;
#5562 =( LENGTH_UNIT ( ) NAMED_UNIT ( * ) SI_UNIT ( .MILLI., .METRE. ) );
#5563 = LINE ( 'NONE', #8128, #5995 ) ;
#5564 = EDGE_CURVE ( 'NONE', #1532, #597, #2261, .T. ) ;
#5565 = CARTESIAN_POINT ( 'NONE',  ( -1.474999999999999867, 1.425000000000000044, -0.1499999999999999944 ) ) ;
#5566 = VECTOR ( 'NONE', #4321, 1000.000000000000000 ) ;
#5567 = CARTESIAN_POINT ( 'NONE',  ( 1.225000000000000089, 0.09999999999999964473, 0.002000000000000021726 ) ) ;
#5568 = CARTESIAN_POINT ( 'NONE',  ( 0.1005876199357175760, -0.7593797074619381693, -0.1489999999999999936 ) ) ;
#5569 = MECHANICAL_DESIGN_GEOMETRIC_PRESENTATION_REPRESENTATION (  '', ( #4070 ), #840 ) ;
#5570 = VECTOR ( 'NONE', #5572, 1000.000000000000000 ) ;
#5571 = DIRECTION ( 'NONE',  ( 0.000000000000000000, 0.000000000000000000, 1.000000000000000000 ) ) ;
#5572 = DIRECTION ( 'NONE',  ( -0.000000000000000000, -0.000000000000000000, -1.000000000000000000 ) ) ;
#5573 = ORIENTED_EDGE ( 'NONE', *, *, #4000, .T. ) ;
#5574 = EDGE_CURVE ( 'NONE', #522, #6458, #877, .T. ) ;
#5575 =( GEOMETRIC_REPRESENTATION_CONTEXT ( 3 ) GLOBAL_UNCERTAINTY_ASSIGNED_CONTEXT ( ( #3349 ) ) GLOBAL_UNIT_ASSIGNED_CONTEXT ( ( #372, #3539, #2154 ) ) REPRESENTATION_CONTEXT ( 'NONE', 'WORKASPACE' ) );
#5576 = CARTESIAN_POINT ( 'NONE',  ( 0.1050845711552298029, -0.9203553172180356512, -0.1489999999999999936 ) ) ;
#5577 = DIRECTION ( 'NONE',  ( 0.000000000000000000, -0.9781476007338055778, 0.2079116908177597867 ) ) ;
#5578 = SURFACE_STYLE_FILL_AREA ( #3771 ) ;
#5579 = CARTESIAN_POINT ( 'NONE',  ( 0.06372319580208062051, -0.7418279123772318906, -0.1499999999999999667 ) ) ;
#5580 = UNCERTAINTY_MEASURE_WITH_UNIT (LENGTH_MEASURE( 1.000000000000000082E-05 ), #3293, 'distance_accuracy_value', 'NONE');
#5581 = CARTESIAN_POINT ( 'NONE',  ( 0.1163764360009560683, -0.7606742152813954494, -0.1499999999999998002 ) ) ;
#5582 = VECTOR ( 'NONE', #8020, 1000.000000000000000 ) ;
#5583 = DIRECTION ( 'NONE',  ( 0.000000000000000000, -1.000000000000000000, 0.000000000000000000 ) ) ;
#5584 = ORIENTED_EDGE ( 'NONE', *, *, #2888, .F. ) ;
#5585 = DIRECTION ( 'NONE',  ( 0.000000000000000000, 0.000000000000000000, 1.000000000000000000 ) ) ;
#5586 = CARTESIAN_POINT ( 'NONE',  ( -0.08283463616184341682, -0.8496236099009625287, -0.1499999999999999944 ) ) ;
#5587 = VERTEX_POINT ( 'NONE', #242 ) ;
#5588 =( LENGTH_UNIT ( ) NAMED_UNIT ( * ) SI_UNIT ( .MILLI., .METRE. ) );
#5589 = CARTESIAN_POINT ( 'NONE',  ( 0.08203417585467380480, -0.7610862491323034940, -0.1489999999999999936 ) ) ;
#5590 = SURFACE_STYLE_USAGE ( .BOTH. , #8324 ) ;
#5591 = PRESENTATION_LAYER_ASSIGNMENT (  '', '', ( #6543 ) ) ;
#5592 = LINE ( 'NONE', #5548, #5257 ) ;
#5593 = VERTEX_POINT ( 'NONE', #2806 ) ;
#5594 = ADVANCED_FACE ( 'NONE', ( #5413 ), #917, .T. ) ;
#5595 = VECTOR ( 'NONE', #649, 1000.000000000000000 ) ;
#5596 = CARTESIAN_POINT ( 'NONE',  ( 0.1749999999999991562, 1.649999999999990585, 0.002000000000000021726 ) ) ;
#5597 = CARTESIAN_POINT ( 'NONE',  ( -0.2657614654301360679, -0.8379239147790112918, -0.1499999999999999944 ) ) ;
#5598 = VECTOR ( 'NONE', #978, 1000.000000000000000 ) ;
#5599 =( GEOMETRIC_REPRESENTATION_CONTEXT ( 3 ) GLOBAL_UNCERTAINTY_ASSIGNED_CONTEXT ( ( #7014 ) ) GLOBAL_UNIT_ASSIGNED_CONTEXT ( ( #4192, #2291, #5658 ) ) REPRESENTATION_CONTEXT ( 'NONE', 'WORKASPACE' ) );
#5600 =( NAMED_UNIT ( * ) SI_UNIT ( $, .STERADIAN. ) SOLID_ANGLE_UNIT ( ) );
#5601 = CARTESIAN_POINT ( 'NONE',  ( -0.2044785019881174559, -0.7628825329733665006, -0.1500000000000000222 ) ) ;
#5602 = VERTEX_POINT ( 'NONE', #536 ) ;
#5603 = CARTESIAN_POINT ( 'NONE',  ( -0.1750000000000001277, -1.220000000000003970, 0.002000000000000021726 ) ) ;
#5604 = FILL_AREA_STYLE ('',( #8085 ) ) ;
#5605 = VERTEX_POINT ( 'NONE', #7029 ) ;
#5606 = CARTESIAN_POINT ( 'NONE',  ( -0.4382081117715995178, -0.8837699513643770821, -0.1489999999999999936 ) ) ;
#5607 = SURFACE_STYLE_FILL_AREA ( #3003 ) ;
#5608 = VECTOR ( 'NONE', #5871, 1000.000000000000000 ) ;
#5609 = DIRECTION ( 'NONE',  ( 0.000000000000000000, 0.000000000000000000, -1.000000000000000000 ) ) ;
#5610 = DIRECTION ( 'NONE',  ( 0.000000000000000000, 0.000000000000000000, -1.000000000000000000 ) ) ;
#5611 = ADVANCED_FACE ( 'NONE', ( #4922 ), #4336, .T. ) ;
#5612 = SURFACE_SIDE_STYLE ('',( #353 ) ) ;
#5613 =( LENGTH_UNIT ( ) NAMED_UNIT ( * ) SI_UNIT ( .MILLI., .METRE. ) );
#5614 = ORIENTED_EDGE ( 'NONE', *, *, #3380, .T. ) ;
#5615 =( NAMED_UNIT ( * ) SI_UNIT ( $, .STERADIAN. ) SOLID_ANGLE_UNIT ( ) );
#5616 = SURFACE_STYLE_USAGE ( .BOTH. , #2963 ) ;
#5617 = CARTESIAN_POINT ( 'NONE',  ( 0.4749999999999998113, 1.649999999999990141, 0.002000000000000021726 ) ) ;
#5618 = PRESENTATION_STYLE_ASSIGNMENT (( #3018 ) ) ;
#5619 = FACE_OUTER_BOUND ( 'NONE', #559, .T. ) ;
#5620 = EDGE_CURVE ( 'NONE', #3288, #6189, #3140, .T. ) ;
#5621 = CARTESIAN_POINT ( 'NONE',  ( 0.3220434126186444979, -0.9398675123399868880, -0.1489999999999999936 ) ) ;
#5622 =( LENGTH_UNIT ( ) NAMED_UNIT ( * ) SI_UNIT ( .MILLI., .METRE. ) );
#5623 = SURFACE_STYLE_FILL_AREA ( #457 ) ;
#5624 =( LENGTH_UNIT ( ) NAMED_UNIT ( * ) SI_UNIT ( .MILLI., .METRE. ) );
#5625 = VERTEX_POINT ( 'NONE', #1216 ) ;
#5626 =( NAMED_UNIT ( * ) PLANE_ANGLE_UNIT ( ) SI_UNIT ( $, .RADIAN. ) );
#5627 = CARTESIAN_POINT ( 'NONE',  ( 0.05906280759190245255, -0.7690978681025264496, -0.1499999999999999944 ) ) ;
#5628 = SURFACE_STYLE_USAGE ( .BOTH. , #3029 ) ;
#5629 = STYLED_ITEM ( 'NONE', ( #6100 ), #6393 ) ;
#5630 = SURFACE_STYLE_USAGE ( .BOTH. , #4388 ) ;
#5631 = CARTESIAN_POINT ( 'NONE',  ( -0.1750000000000001277, 1.649999999999994804, -0.1599999999999999756 ) ) ;
#5632 = ORIENTED_EDGE ( 'NONE', *, *, #4676, .F. ) ;
#5633 = STYLED_ITEM ( 'NONE', ( #3154 ), #6882 ) ;
#5634 = ADVANCED_FACE ( 'NONE', ( #6380 ), #1039, .T. ) ;
#5635 = STYLED_ITEM ( 'NONE', ( #7658 ), #5870 ) ;
#5636 = LINE ( 'NONE', #1279, #6828 ) ;
#5637 = EDGE_CURVE ( 'NONE', #297, #5345, #3726, .T. ) ;
#5638 = LINE ( 'NONE', #1151, #8214 ) ;
#5639 = STYLED_ITEM ( 'NONE', ( #3145 ), #587 ) ;
#5640 = VECTOR ( 'NONE', #4470, 1000.000000000000000 ) ;
#5641 = VECTOR ( 'NONE', #6610, 1000.000000000000000 ) ;
#5642 = EDGE_LOOP ( 'NONE', ( #3027, #4167, #2761, #5948, #6750, #4775, #3119 ) ) ;
#5643 = SURFACE_STYLE_USAGE ( .BOTH. , #4481 ) ;
#5644 = FACE_OUTER_BOUND ( 'NONE', #7793, .T. ) ;
#5645 = ORIENTED_EDGE ( 'NONE', *, *, #1257, .T. ) ;
#5646 =( GEOMETRIC_REPRESENTATION_CONTEXT ( 3 ) GLOBAL_UNCERTAINTY_ASSIGNED_CONTEXT ( ( #7381 ) ) GLOBAL_UNIT_ASSIGNED_CONTEXT ( ( #1195, #1235, #2604 ) ) REPRESENTATION_CONTEXT ( 'NONE', 'WORKASPACE' ) );
#5647 = VECTOR ( 'NONE', #5610, 1000.000000000000000 ) ;
#5648 = DIRECTION ( 'NONE',  ( 0.000000000000000000, -1.000000000000000000, 0.000000000000000000 ) ) ;
#5649 = ORIENTED_EDGE ( 'NONE', *, *, #222, .F. ) ;
#5650 = VECTOR ( 'NONE', #6422, 1000.000000000000000 ) ;
#5651 = CIRCLE ( 'NONE', #3196, 0.1931030917913612033 ) ;
#5652 = STYLED_ITEM ( 'NONE', ( #1798 ), #1217 ) ;
#5653 = LINE ( 'NONE', #1759, #2995 ) ;
#5654 = CARTESIAN_POINT ( 'NONE',  ( -6.637972484605128584E-17, -0.5000000000000000000, -0.1499999999999999944 ) ) ;
#5655 = SURFACE_STYLE_USAGE ( .BOTH. , #2288 ) ;
#5656 = VECTOR ( 'NONE', #8008, 1000.000000000000000 ) ;
#5657 = EDGE_CURVE ( 'NONE', #1664, #8026, #8315, .T. ) ;
#5658 =( NAMED_UNIT ( * ) SI_UNIT ( $, .STERADIAN. ) SOLID_ANGLE_UNIT ( ) );
#5659 = CARTESIAN_POINT ( 'NONE',  ( -1.525000000000000133, 0.1000000000000003664, 0.002000000000000021726 ) ) ;
#5660 = ORIENTED_EDGE ( 'NONE', *, *, #7721, .T. ) ;
#5661 = FACE_OUTER_BOUND ( 'NONE', #4124, .T. ) ;
#5662 = PRESENTATION_STYLE_ASSIGNMENT (( #8272 ) ) ;
#5663 = PRESENTATION_STYLE_ASSIGNMENT (( #5616 ) ) ;
#5664 = SURFACE_STYLE_FILL_AREA ( #3060 ) ;
#5665 = STYLED_ITEM ( 'NONE', ( #8233 ), #8160 ) ;
#5666 = CARTESIAN_POINT ( 'NONE',  ( 1.225000000000000089, 0.09999999999999964473, 0.002000000000000021726 ) ) ;
#5667 = CARTESIAN_POINT ( 'NONE',  ( -0.2449861327746605533, -0.8969718739294738619, -0.1490000000000000213 ) ) ;
#5668 =( NAMED_UNIT ( * ) PLANE_ANGLE_UNIT ( ) SI_UNIT ( $, .RADIAN. ) );
#5669 = DIRECTION ( 'NONE',  ( 0.000000000000000000, 0.000000000000000000, 1.000000000000000000 ) ) ;
#5670 = ORIENTED_EDGE ( 'NONE', *, *, #6865, .F. ) ;
#5671 = PLANE ( 'NONE',  #3936 ) ;
#5672 = DIRECTION ( 'NONE',  ( -0.000000000000000000, 0.000000000000000000, -1.000000000000000000 ) ) ;
#5673 = SURFACE_STYLE_USAGE ( .BOTH. , #1826 ) ;
#5674 = ADVANCED_FACE ( 'NONE', ( #7075 ), #1258, .F. ) ;
#5675 = EDGE_CURVE ( 'NONE', #5422, #522, #7167, .T. ) ;
#5676 = SURFACE_STYLE_FILL_AREA ( #4213 ) ;
#5677 = ORIENTED_EDGE ( 'NONE', *, *, #2119, .T. ) ;
#5678 = EDGE_CURVE ( 'NONE', #3157, #6177, #6515, .T. ) ;
#5680 = DIRECTION ( 'NONE',  ( -1.000000000000000000, -0.000000000000000000, -0.000000000000000000 ) ) ;
#5679 = PRESENTATION_STYLE_ASSIGNMENT (( #7604 ) ) ;
#5681 = DIRECTION ( 'NONE',  ( -1.512840240677448800E-15, 1.000000000000000000, 0.000000000000000000 ) ) ;
#5682 = PRESENTATION_STYLE_ASSIGNMENT (( #6358 ) ) ;
#5683 = STYLED_ITEM ( 'NONE', ( #4023 ), #5314 ) ;
#5684 = CARTESIAN_POINT ( 'NONE',  ( -0.3975416460164215571, -0.7725188653635549629, -0.1490000000000000213 ) ) ;
#5685 =( LENGTH_UNIT ( ) NAMED_UNIT ( * ) SI_UNIT ( .MILLI., .METRE. ) );
#5686 = ORIENTED_EDGE ( 'NONE', *, *, #8103, .F. ) ;
#5687 = CARTESIAN_POINT ( 'NONE',  ( 0.4749999999999997558, 1.525000000000000133, 7.095408042866793219E-21 ) ) ;
#5688 = VERTEX_POINT ( 'NONE', #7716 ) ;
#5689 = FILL_AREA_STYLE_COLOUR ( '', #2545 ) ;
#5690 = SURFACE_STYLE_FILL_AREA ( #1160 ) ;
#5691 =( NAMED_UNIT ( * ) SI_UNIT ( $, .STERADIAN. ) SOLID_ANGLE_UNIT ( ) );
#5692 = ADVANCED_FACE ( 'NONE', ( #5103 ), #7752, .F. ) ;
#5693 = CARTESIAN_POINT ( 'NONE',  ( 0.8250000000000006217, 1.525000000000000133, -4.409847520522456574E-16 ) ) ;
#5694 = PRESENTATION_STYLE_ASSIGNMENT (( #7158 ) ) ;
#5695 = CARTESIAN_POINT ( 'NONE',  ( -0.7750000000000004663, 1.289999999999999813, -0.1599999999999999756 ) ) ;
#5696 = SURFACE_STYLE_FILL_AREA ( #3097 ) ;
#5697 = ORIENTED_EDGE ( 'NONE', *, *, #551, .T. ) ;
#5698 = SURFACE_SIDE_STYLE ('',( #6245 ) ) ;
#5699 = DIRECTION ( 'NONE',  ( 0.000000000000000000, -0.000000000000000000, 1.000000000000000000 ) ) ;
#5700 = CARTESIAN_POINT ( 'NONE',  ( 0.1757019492040102771, -0.8420016586814502713, -0.1499999999999999944 ) ) ;
#5701 = CARTESIAN_POINT ( 'NONE',  ( -1.125000000000000888, 1.649999999999999689, -0.1599999999999999756 ) ) ;
#5702 = AXIS2_PLACEMENT_3D ( 'NONE', #3136, #7070, #6511 ) ;
#5703 = DIRECTION ( 'NONE',  ( 0.000000000000000000, -0.000000000000000000, 1.000000000000000000 ) ) ;
#5704 = PLANE ( 'NONE',  #2244 ) ;
#5705 = FILL_AREA_STYLE_COLOUR ( '', #4799 ) ;
#5706 = SURFACE_SIDE_STYLE ('',( #5201 ) ) ;
#5707 = VECTOR ( 'NONE', #3891, 1000.000000000000000 ) ;
#5708 = FACE_OUTER_BOUND ( 'NONE', #6171, .T. ) ;
#5709 = FACE_OUTER_BOUND ( 'NONE', #2928, .T. ) ;
#5710 = ORIENTED_EDGE ( 'NONE', *, *, #6616, .F. ) ;
#5711 = SURFACE_STYLE_FILL_AREA ( #1095 ) ;
#5712 =( NAMED_UNIT ( * ) PLANE_ANGLE_UNIT ( ) SI_UNIT ( $, .RADIAN. ) );
#5713 = LINE ( 'NONE', #7551, #1928 ) ;
#5714 = LINE ( 'NONE', #1142, #5290 ) ;
#5715 = PRESENTATION_LAYER_ASSIGNMENT (  '', '', ( #3790 ) ) ;
#5716 = LINE ( 'NONE', #8326, #6595 ) ;
#5717 = ORIENTED_EDGE ( 'NONE', *, *, #1266, .F. ) ;
#5718 = EDGE_CURVE ( 'NONE', #7812, #2767, #3863, .T. ) ;
#5719 = SURFACE_SIDE_STYLE ('',( #6485 ) ) ;
#5720 = ORIENTED_EDGE ( 'NONE', *, *, #7142, .T. ) ;
#5721 = AXIS2_PLACEMENT_3D ( 'NONE', #4980, #3695, #6303 ) ;
#5723 = SURFACE_SIDE_STYLE ('',( #4478 ) ) ;
#5722 = DIRECTION ( 'NONE',  ( -1.000000000000000000, -1.445602896647340692E-15, -0.000000000000000000 ) ) ;
#5724 = VERTEX_POINT ( 'NONE', #75 ) ;
#5725 =( NAMED_UNIT ( * ) SI_UNIT ( $, .STERADIAN. ) SOLID_ANGLE_UNIT ( ) );
#5726 =( LENGTH_UNIT ( ) NAMED_UNIT ( * ) SI_UNIT ( .MILLI., .METRE. ) );
#5727 = EDGE_CURVE ( 'NONE', #4357, #4718, #4498, .T. ) ;
#5728 = ORIENTED_EDGE ( 'NONE', *, *, #1377, .T. ) ;
#5729 = CARTESIAN_POINT ( 'NONE',  ( 0.07181570204280365854, -0.9374199516789852860, -0.1489999999999999936 ) ) ;
#5730 = DIRECTION ( 'NONE',  ( 1.000000000000000000, -0.000000000000000000, -0.000000000000000000 ) ) ;
#5731 = ORIENTED_EDGE ( 'NONE', *, *, #4981, .T. ) ;
#5732 = UNCERTAINTY_MEASURE_WITH_UNIT (LENGTH_MEASURE( 1.000000000000000082E-05 ), #1241, 'distance_accuracy_value', 'NONE');
#5733 = CARTESIAN_POINT ( 'NONE',  ( -0.1316151239667214534, -0.9398675123399868880, -0.1489999999999999936 ) ) ;
#5734 = AXIS2_PLACEMENT_3D ( 'NONE', #2255, #6289, #307 ) ;
#5735 = LINE ( 'NONE', #7194, #5544 ) ;
#5736 = CIRCLE ( 'NONE', #2329, 0.1000000000000000888 ) ;
#5737 =( LENGTH_UNIT ( ) NAMED_UNIT ( * ) SI_UNIT ( .MILLI., .METRE. ) );
#5738 = FILL_AREA_STYLE ('',( #65 ) ) ;
#5739 = CARTESIAN_POINT ( 'NONE',  ( 0.1749999999999993783, -1.220000000000009077, -0.1599999999999999756 ) ) ;
#5740 = VECTOR ( 'NONE', #2091, 1000.000000000000000 ) ;
#5741 = PLANE ( 'NONE',  #729 ) ;
#5742 = VERTEX_POINT ( 'NONE', #1302 ) ;
#5743 = DIRECTION ( 'NONE',  ( -0.000000000000000000, -0.000000000000000000, -1.000000000000000000 ) ) ;
#5744 = CARTESIAN_POINT ( 'NONE',  ( 0.1050845711552298029, -0.9203553172180356512, -0.1499999999999999944 ) ) ;
#5745 = CARTESIAN_POINT ( 'NONE',  ( -0.1750000000000004607, 1.525000000000000133, 3.011603184747070571E-16 ) ) ;
#5746 = ADVANCED_FACE ( 'NONE', ( #6468 ), #4630, .T. ) ;
#5747 = SURFACE_SIDE_STYLE ('',( #4456 ) ) ;
#5748 = FACE_OUTER_BOUND ( 'NONE', #4161, .T. ) ;
#5749 = LINE ( 'NONE', #1899, #5365 ) ;
#5750 = SURFACE_SIDE_STYLE ('',( #2590 ) ) ;
#5751 = CARTESIAN_POINT ( 'NONE',  ( 0.05552680681736690133, -0.7711525509124227407, -0.1489999999999999936 ) ) ;
#5752 = SURFACE_STYLE_USAGE ( .BOTH. , #3819 ) ;
#5753 = VERTEX_POINT ( 'NONE', #5366 ) ;
#5754 = MECHANICAL_DESIGN_GEOMETRIC_PRESENTATION_REPRESENTATION (  '', ( #5064 ), #1691 ) ;
#5755 = CARTESIAN_POINT ( 'NONE',  ( -1.574976628885157881, -1.427161868811777534, 0.0001099524505766141802 ) ) ;
#5756 = CARTESIAN_POINT ( 'NONE',  ( 0.09847719399383310368, -0.7594116155812058455, -0.1499999999999999944 ) ) ;
#5757 = UNCERTAINTY_MEASURE_WITH_UNIT (LENGTH_MEASURE( 1.000000000000000082E-05 ), #4838, 'distance_accuracy_value', 'NONE');
#5758 = PRESENTATION_STYLE_ASSIGNMENT (( #2028 ) ) ;
#5759 = PRESENTATION_STYLE_ASSIGNMENT (( #1187 ) ) ;
#5760 = ORIENTED_EDGE ( 'NONE', *, *, #6762, .F. ) ;
#5761 = PRESENTATION_LAYER_ASSIGNMENT (  '', '', ( #1010 ) ) ;
#5762 = PRESENTATION_STYLE_ASSIGNMENT (( #7046 ) ) ;
#5763 = ORIENTED_EDGE ( 'NONE', *, *, #5287, .T. ) ;
#5764 = AXIS2_PLACEMENT_3D ( 'NONE', #6981, #3643, #6942 ) ;
#5765 = VECTOR ( 'NONE', #1750, 1000.000000000000000 ) ;
#5766 = CARTESIAN_POINT ( 'NONE',  ( -0.2853515818477607713, -0.8792468307691340135, -0.1499999999999999944 ) ) ;
#5767 = MECHANICAL_DESIGN_GEOMETRIC_PRESENTATION_REPRESENTATION (  '', ( #1018 ), #4942 ) ;
#5768 =( LENGTH_UNIT ( ) NAMED_UNIT ( * ) SI_UNIT ( .MILLI., .METRE. ) );
#5769 = SURFACE_STYLE_FILL_AREA ( #6224 ) ;
#5770 = CARTESIAN_POINT ( 'NONE',  ( -0.3960206117715995289, -0.7642577562424259785, -0.1490000000000000213 ) ) ;
#5771 = VERTEX_POINT ( 'NONE', #3362 ) ;
#5772 = AXIS2_PLACEMENT_3D ( 'NONE', #4018, #3425, #766 ) ;
#5773 = AXIS2_PLACEMENT_3D ( 'NONE', #5565, #4958, #1119 ) ;
#5774 = SURFACE_SIDE_STYLE ('',( #1921 ) ) ;
#5775 = ORIENTED_EDGE ( 'NONE', *, *, #1557, .F. ) ;
#5776 = CARTESIAN_POINT ( 'NONE',  ( 1.573753234685351110, 1.483738302695271738, 0.005865569638747249702 ) ) ;
#5777 = DIRECTION ( 'NONE',  ( 1.000000000000000000, 0.000000000000000000, 0.000000000000000000 ) ) ;
#5778 = ADVANCED_FACE ( 'NONE', ( #2249 ), #2169, .T. ) ;
#5779 =( NAMED_UNIT ( * ) SI_UNIT ( $, .STERADIAN. ) SOLID_ANGLE_UNIT ( ) );
#5780 = COLOUR_RGB ( '',1.000000000000000000, 1.000000000000000000, 1.000000000000000000 ) ;
#5781 =( LENGTH_UNIT ( ) NAMED_UNIT ( * ) SI_UNIT ( .MILLI., .METRE. ) );
#5782 = CARTESIAN_POINT ( 'NONE',  ( -0.2042957718841811598, -0.9167149116199225789, -0.1499999999999999944 ) ) ;
#5783 =( LENGTH_UNIT ( ) NAMED_UNIT ( * ) SI_UNIT ( .MILLI., .METRE. ) );
#5784 =( NAMED_UNIT ( * ) PLANE_ANGLE_UNIT ( ) SI_UNIT ( $, .RADIAN. ) );
#5785 =( NAMED_UNIT ( * ) PLANE_ANGLE_UNIT ( ) SI_UNIT ( $, .RADIAN. ) );
#5786 = ORIENTED_EDGE ( 'NONE', *, *, #82, .F. ) ;
#5787 = FILL_AREA_STYLE_COLOUR ( '', #5429 ) ;
#5788 = PRESENTATION_STYLE_ASSIGNMENT (( #610 ) ) ;
#5789 = DIRECTION ( 'NONE',  ( 0.000000000000000000, -0.000000000000000000, 1.000000000000000000 ) ) ;
#5790 = DIRECTION ( 'NONE',  ( 1.000000000000000000, 0.000000000000000000, 0.000000000000000000 ) ) ;
#5791 = VECTOR ( 'NONE', #4308, 1000.000000000000000 ) ;
#5792 = DIRECTION ( 'NONE',  ( 1.421904488505579654E-16, -1.000000000000000000, 0.000000000000000000 ) ) ;
#5793 = CARTESIAN_POINT ( 'NONE',  ( -0.2123591449125524500, -0.9150943927166298453, -0.1489999999999999936 ) ) ;
#5794 = DIRECTION ( 'NONE',  ( 1.445602896647340297E-15, -1.000000000000000000, 0.000000000000000000 ) ) ;
#5795 = EDGE_CURVE ( 'NONE', #7081, #1536, #1558, .T. ) ;
#5796 = CARTESIAN_POINT ( 'NONE',  ( 0.2952141443259615472, -0.7398675123399868214, -0.1489999999999999936 ) ) ;
#5797 = DIRECTION ( 'NONE',  ( 1.000000000000000000, 0.000000000000000000, -0.000000000000000000 ) ) ;
#5798 = ORIENTED_EDGE ( 'NONE', *, *, #1059, .F. ) ;
#5799 =( GEOMETRIC_REPRESENTATION_CONTEXT ( 3 ) GLOBAL_UNCERTAINTY_ASSIGNED_CONTEXT ( ( #1667 ) ) GLOBAL_UNIT_ASSIGNED_CONTEXT ( ( #6776, #1571, #2732 ) ) REPRESENTATION_CONTEXT ( 'NONE', 'WORKASPACE' ) );
#5800 = CARTESIAN_POINT ( 'NONE',  ( 0.8250000000000005107, 1.649999999999999023, 0.002000000000000021726 ) ) ;
#5801 =( NAMED_UNIT ( * ) SI_UNIT ( $, .STERADIAN. ) SOLID_ANGLE_UNIT ( ) );
#5802 = ORIENTED_EDGE ( 'NONE', *, *, #6222, .T. ) ;
#5803 = LINE ( 'NONE', #8412, #6635 ) ;
#5804 = CARTESIAN_POINT ( 'NONE',  ( 0.2025312174966932277, -0.8436403781936454571, -0.1489999999999999936 ) ) ;
#5805 = VECTOR ( 'NONE', #3240, 1000.000000000000000 ) ;
#5806 = SURFACE_STYLE_USAGE ( .BOTH. , #465 ) ;
#5807 = VERTEX_POINT ( 'NONE', #3482 ) ;
#5808 = VECTOR ( 'NONE', #7564, 1000.000000000000000 ) ;
#5809 = EDGE_CURVE ( 'NONE', #4603, #5455, #6792, .T. ) ;
#5810 = LINE ( 'NONE', #5169, #3059 ) ;
#5811 = ORIENTED_EDGE ( 'NONE', *, *, #233, .T. ) ;
#5812 = COLOUR_RGB ( '',0.000000000000000000, 0.000000000000000000, 0.000000000000000000 ) ;
#5813 = UNCERTAINTY_MEASURE_WITH_UNIT (LENGTH_MEASURE( 1.000000000000000082E-05 ), #4113, 'distance_accuracy_value', 'NONE');
#5815 = FACE_OUTER_BOUND ( 'NONE', #7488, .T. ) ;
#5814 =( NAMED_UNIT ( * ) SI_UNIT ( $, .STERADIAN. ) SOLID_ANGLE_UNIT ( ) );
#5816 = ORIENTED_EDGE ( 'NONE', *, *, #7817, .T. ) ;
#5817 = CIRCLE ( 'NONE', #4307, 0.1000000000000000472 ) ;
#5818 = EDGE_CURVE ( 'NONE', #7652, #6765, #2748, .T. ) ;
#5819 = SURFACE_STYLE_FILL_AREA ( #6575 ) ;
#5820 = FILL_AREA_STYLE_COLOUR ( '', #7143 ) ;
#5821 = MECHANICAL_DESIGN_GEOMETRIC_PRESENTATION_REPRESENTATION (  '', ( #2689 ), #7191 ) ;
#5822 = CARTESIAN_POINT ( 'NONE',  ( -1.475000000000000089, -0.1000000000000000194, -0.1599999999999999756 ) ) ;
#5823 = EDGE_LOOP ( 'NONE', ( #6083, #8086, #2312, #7271 ) ) ;
#5824 = FACE_OUTER_BOUND ( 'NONE', #550, .T. ) ;
#5825 = FILL_AREA_STYLE ('',( #5224 ) ) ;
#5826 = LINE ( 'NONE', #6406, #5961 ) ;
#5827 =( NAMED_UNIT ( * ) PLANE_ANGLE_UNIT ( ) SI_UNIT ( $, .RADIAN. ) );
#5828 = CARTESIAN_POINT ( 'NONE',  ( -1.477161868811777579, 1.524976628885158281, 0.0001099524505765091481 ) ) ;
#5829 = CARTESIAN_POINT ( 'NONE',  ( 1.649999999999999911, -0.1000000000000002137, 0.002000000000000021726 ) ) ;
#5830 = ORIENTED_EDGE ( 'NONE', *, *, #1164, .T. ) ;
#5831 = DIRECTION ( 'NONE',  ( -1.000000000000000000, 1.626303258728258032E-15, -0.000000000000000000 ) ) ;
#5832 = ADVANCED_FACE ( 'NONE', ( #6115, #4790, #7407, #5328, #2863, #8131 ), #2444, .F. ) ;
#5833 = LINE ( 'NONE', #1167, #841 ) ;
#5834 = ORIENTED_EDGE ( 'NONE', *, *, #1498, .T. ) ;
#5835 = DIRECTION ( 'NONE',  ( 1.000000000000000000, 0.000000000000000000, 0.000000000000000000 ) ) ;
#5836 = LINE ( 'NONE', #7666, #856 ) ;
#5837 = DIRECTION ( 'NONE',  ( -0.9406672605435403289, 0.3393303772748784697, 0.000000000000000000 ) ) ;
#5838 = DIRECTION ( 'NONE',  ( 0.000000000000000000, 0.000000000000000000, -1.000000000000000000 ) ) ;
#5839 = CARTESIAN_POINT ( 'NONE',  ( 0.4749999999999997558, 1.525000000000000133, 3.766744757113021205E-16 ) ) ;
#5840 =( LENGTH_UNIT ( ) NAMED_UNIT ( * ) SI_UNIT ( .MILLI., .METRE. ) );
#5841 = EDGE_CURVE ( 'NONE', #4006, #6010, #7616, .T. ) ;
#5842 = CARTESIAN_POINT ( 'NONE',  ( 0.05906280759190245255, -0.7690978681025264496, -0.1489999999999999936 ) ) ;
#5843 = VECTOR ( 'NONE', #6465, 1000.000000000000000 ) ;
#5844 = CARTESIAN_POINT ( 'NONE',  ( 0.1026694870420785111, -0.9203236091085515991, -0.1500000000000000222 ) ) ;
#5845 = CARTESIAN_POINT ( 'NONE',  ( -0.1750000000000001277, 1.649999999999994804, 0.002000000000000021726 ) ) ;
#5846 = ORIENTED_EDGE ( 'NONE', *, *, #7166, .T. ) ;
#5847 = PLANE ( 'NONE',  #6219 ) ;
#5848 = UNCERTAINTY_MEASURE_WITH_UNIT (LENGTH_MEASURE( 1.000000000000000082E-05 ), #6498, 'distance_accuracy_value', 'NONE');
#5849 = CARTESIAN_POINT ( 'NONE',  ( 0.1501397141590173345, -0.7486786780588613466, -0.1490000000000000491 ) ) ;
#5850 = AXIS2_PLACEMENT_3D ( 'NONE', #6447, #1286, #599 ) ;
#5851 = FACE_OUTER_BOUND ( 'NONE', #7418, .T. ) ;
#5852 = ORIENTED_EDGE ( 'NONE', *, *, #3789, .F. ) ;
#5853 = ORIENTED_EDGE ( 'NONE', *, *, #1898, .F. ) ;
#5854 = VECTOR ( 'NONE', #5097, 1000.000000000000000 ) ;
#5856 = LINE ( 'NONE', #7084, #2980 ) ;
#5855 =( LENGTH_UNIT ( ) NAMED_UNIT ( * ) SI_UNIT ( .MILLI., .METRE. ) );
#5857 = EDGE_CURVE ( 'NONE', #2332, #874, #7408, .T. ) ;
#5858 = CARTESIAN_POINT ( 'NONE',  ( 0.1026694870420785111, -0.9203236091085515991, -0.1490000000000000213 ) ) ;
#5859 = CARTESIAN_POINT ( 'NONE',  ( 0.1307988809010351139, -0.7648095465836284301, -0.1499999999999999389 ) ) ;
#5860 = PLANE ( 'NONE',  #5933 ) ;
#5861 =( NAMED_UNIT ( * ) SI_UNIT ( $, .STERADIAN. ) SOLID_ANGLE_UNIT ( ) );
#5862 = STYLED_ITEM ( 'NONE', ( #5662 ), #4217 ) ;
#5863 = FILL_AREA_STYLE ('',( #3259 ) ) ;
#5864 = EDGE_LOOP ( 'NONE', ( #1914, #5337, #7953, #321 ) ) ;
#5865 = DIRECTION ( 'NONE',  ( -1.000000000000000000, -1.445602896647337142E-15, 0.000000000000000000 ) ) ;
#5866 =( NAMED_UNIT ( * ) PLANE_ANGLE_UNIT ( ) SI_UNIT ( $, .RADIAN. ) );
#5867 = LINE ( 'NONE', #62, #8372 ) ;
#5868 = CARTESIAN_POINT ( 'NONE',  ( -0.2449861327746605533, -0.8969718739294738619, -0.1490000000000000213 ) ) ;
#5869 = COLOUR_RGB ( '',0.2509803921568627416, 0.2509803921568627416, 0.2509803921568627416 ) ;
#5870 = MANIFOLD_SOLID_BREP ( 'Ô²½Ç1', #5072 ) ;
#5871 = DIRECTION ( 'NONE',  ( -0.000000000000000000, -0.2079116908177597867, -0.9781476007338055778 ) ) ;
#5872 = CARTESIAN_POINT ( 'NONE',  ( 0.06914688519431541613, -0.7404323966721525485, -0.1490000000000000213 ) ) ;
#5873 = ORIENTED_EDGE ( 'NONE', *, *, #2999, .F. ) ;
#5874 = CARTESIAN_POINT ( 'NONE',  ( -0.08283463616184341682, -0.8276723903887672762, -0.1489999999999999936 ) ) ;
#5875 = VECTOR ( 'NONE', #6119, 1000.000000000000000 ) ;
#5876 = DIRECTION ( 'NONE',  ( -1.000000000000000000, -1.445602896647340692E-15, -0.000000000000000000 ) ) ;
#5877 = VERTEX_POINT ( 'NONE', #4913 ) ;
#5878 =( NAMED_UNIT ( * ) PLANE_ANGLE_UNIT ( ) SI_UNIT ( $, .RADIAN. ) );
#5879 = DIRECTION ( 'NONE',  ( 1.000000000000000000, 0.000000000000000000, 0.000000000000000000 ) ) ;
#5880 = DIRECTION ( 'NONE',  ( 1.000000000000000000, 0.000000000000000000, 0.000000000000000000 ) ) ;
#5881 =( NAMED_UNIT ( * ) PLANE_ANGLE_UNIT ( ) SI_UNIT ( $, .RADIAN. ) );
#5882 = LINE ( 'NONE', #2588, #5650 ) ;
#5883 = CARTESIAN_POINT ( 'NONE',  ( -0.2575398069007822088, -0.7978609480581262403, -0.1490000000000000213 ) ) ;
#5884 = MECHANICAL_DESIGN_GEOMETRIC_PRESENTATION_REPRESENTATION (  '', ( #6819 ), #5599 ) ;
#5885 = LINE ( 'NONE', #2020, #3875 ) ;
#5886 = VECTOR ( 'NONE', #3131, 1000.000000000000000 ) ;
#5887 = DIRECTION ( 'NONE',  ( 0.000000000000000000, -0.000000000000000000, -1.000000000000000000 ) ) ;
#5888 = FACE_OUTER_BOUND ( 'NONE', #8055, .T. ) ;
#5889 = EDGE_LOOP ( 'NONE', ( #8176, #7903 ) ) ;
#5890 = EDGE_LOOP ( 'NONE', ( #8218, #5098, #2070, #240, #6611, #2741, #600, #6875, #2715, #4846, #6565, #7037, #1493, #656, #6615, #4647, #6518, #7462, #5148, #7347, #1789, #2345 ) ) ;
#5891 = STYLED_ITEM ( 'NONE', ( #2956 ), #2587 ) ;
#5892 = CARTESIAN_POINT ( 'NONE',  ( 0.2196043882284005599, -0.9179162928277918576, -0.1499999999999999944 ) ) ;
#5893 = EDGE_CURVE ( 'NONE', #3108, #4706, #5045, .T. ) ;
#5894 = CARTESIAN_POINT ( 'NONE',  ( -1.533738302695270450, -1.523753234685351066, 0.005865569638748678247 ) ) ;
#5895 =( NAMED_UNIT ( * ) PLANE_ANGLE_UNIT ( ) SI_UNIT ( $, .RADIAN. ) );
#5896 = ORIENTED_EDGE ( 'NONE', *, *, #4000, .F. ) ;
#5897 = CARTESIAN_POINT ( 'NONE',  ( -1.474999999999999867, 1.525000000000000133, -0.1499999999999999944 ) ) ;
#5898 = ORIENTED_EDGE ( 'NONE', *, *, #3515, .F. ) ;
#5899 = UNCERTAINTY_MEASURE_WITH_UNIT (LENGTH_MEASURE( 1.000000000000000082E-05 ), #6835, 'distance_accuracy_value', 'NONE');
#5900 = CARTESIAN_POINT ( 'NONE',  ( -1.649999999999999911, -0.1000000000000002137, -0.1599999999999999756 ) ) ;
#5901 = LINE ( 'NONE', #7266, #1992 ) ;
#5902 = SURFACE_STYLE_FILL_AREA ( #7225 ) ;
#5903 = EDGE_CURVE ( 'NONE', #693, #6392, #7576, .T. ) ;
#5904 = FILL_AREA_STYLE_COLOUR ( '', #6791 ) ;
#5905 = ORIENTED_EDGE ( 'NONE', *, *, #5457, .F. ) ;
#5906 = FILL_AREA_STYLE ('',( #7231 ) ) ;
#5907 = PRESENTATION_LAYER_ASSIGNMENT (  '', '', ( #3989 ) ) ;
#5908 = DIRECTION ( 'NONE',  ( 0.000000000000000000, -0.000000000000000000, 1.000000000000000000 ) ) ;
#5909 = STYLED_ITEM ( 'NONE', ( #8229 ), #6428 ) ;
#5910 = LINE ( 'NONE', #818, #1466 ) ;
#5911 = ORIENTED_EDGE ( 'NONE', *, *, #825, .T. ) ;
#5912 = PRESENTATION_LAYER_ASSIGNMENT (  '', '', ( #3995 ) ) ;
#5913 = AXIS2_PLACEMENT_3D ( 'NONE', #2383, #3537, #4888 ) ;
#5914 = CARTESIAN_POINT ( 'NONE',  ( 1.366487659678486288, -1.414302419751865880, 0.5207911690817759176 ) ) ;
#5915 = VERTEX_POINT ( 'NONE', #2906 ) ;
#5916 = PRESENTATION_LAYER_ASSIGNMENT (  '', '', ( #4808 ) ) ;
#5917 = CARTESIAN_POINT ( 'NONE',  ( 0.1749999999999998224, -1.524999999999999689, -0.1499999999999999944 ) ) ;
#5918 = FACE_OUTER_BOUND ( 'NONE', #2106, .T. ) ;
#5919 = ADVANCED_FACE ( 'NONE', ( #1708 ), #4405, .T. ) ;
#5920 = CARTESIAN_POINT ( 'NONE',  ( 0.4749999999999998113, 1.649999999999990141, 0.002000000000000021726 ) ) ;
#5921 = VECTOR ( 'NONE', #3615, 1000.000000000000000 ) ;
#5923 = PRESENTATION_LAYER_ASSIGNMENT (  '', '', ( #1041 ) ) ;
#5922 = CARTESIAN_POINT ( 'NONE',  ( -0.2656959093136538885, -0.8348597377515046825, -0.1500000000000000222 ) ) ;
#5924 = SURFACE_STYLE_USAGE ( .BOTH. , #1394 ) ;
#5925 = CARTESIAN_POINT ( 'NONE',  ( -0.2925907337228190741, -0.8373522684375478420, -0.1499999999999999944 ) ) ;
#5926 =( GEOMETRIC_REPRESENTATION_CONTEXT ( 3 ) GLOBAL_UNCERTAINTY_ASSIGNED_CONTEXT ( ( #1575 ) ) GLOBAL_UNIT_ASSIGNED_CONTEXT ( ( #482, #7409, #1596 ) ) REPRESENTATION_CONTEXT ( 'NONE', 'WORKASPACE' ) );
#5927 = ORIENTED_EDGE ( 'NONE', *, *, #7085, .T. ) ;
#5928 = CARTESIAN_POINT ( 'NONE',  ( 0.2024441128056606864, -0.8397492759716858046, -0.1499999999999999944 ) ) ;
#5929 = CARTESIAN_POINT ( 'NONE',  ( 0.1374193669943951646, -0.7679803526526680635, -0.1490000000000000491 ) ) ;
#5930 = EDGE_CURVE ( 'NONE', #4402, #4520, #652, .T. ) ;
#5931 = ORIENTED_EDGE ( 'NONE', *, *, #3990, .F. ) ;
#5932 = STYLED_ITEM ( 'NONE', ( #5997 ), #2489 ) ;
#5933 = AXIS2_PLACEMENT_3D ( 'NONE', #51, #3302, #765 ) ;
#5934 =( NAMED_UNIT ( * ) PLANE_ANGLE_UNIT ( ) SI_UNIT ( $, .RADIAN. ) );
#5935 = CARTESIAN_POINT ( 'NONE',  ( 0.1739184125204858156, -0.7665176136985576427, -0.1489999999999999658 ) ) ;
#5936 = ORIENTED_EDGE ( 'NONE', *, *, #637, .F. ) ;
#5937 = ORIENTED_EDGE ( 'NONE', *, *, #6829, .F. ) ;
#5938 = VECTOR ( 'NONE', #4536, 1000.000000000000000 ) ;
#5939 = CARTESIAN_POINT ( 'NONE',  ( -0.4877126849423312205, -0.9398675123399868880, -0.1489999999999999936 ) ) ;
#5940 = ORIENTED_EDGE ( 'NONE', *, *, #7349, .T. ) ;
#5941 = EDGE_CURVE ( 'NONE', #4170, #2186, #730, .T. ) ;
#5942 = CARTESIAN_POINT ( 'NONE',  ( 0.05375072969181514393, -0.9075504391692551520, -0.1489999999999999936 ) ) ;
#5943 = CARTESIAN_POINT ( 'NONE',  ( 0.1729078788055688487, -0.8158096817682091162, -0.1499999999999999389 ) ) ;
#5944 = CARTESIAN_POINT ( 'NONE',  ( -0.2885943342197784811, -0.8695802738013793665, -0.1500000000000000222 ) ) ;
#5945 = CARTESIAN_POINT ( 'NONE',  ( -0.4096639044545263286, -0.7398675123399868214, -0.1489999999999999936 ) ) ;
#5946 = VECTOR ( 'NONE', #4518, 1000.000000000000114 ) ;
#5947 = EDGE_CURVE ( 'NONE', #2727, #918, #604, .T. ) ;
#5948 = ORIENTED_EDGE ( 'NONE', *, *, #2032, .T. ) ;
#5949 = VECTOR ( 'NONE', #4395, 1000.000000000000114 ) ;
#5950 = PRODUCT ( 'POWERVDFN-8_L3.2-W3.1-P0.65-LS3.3-BL-1', 'POWERVDFN-8_L3.2-W3.1-P0.65-LS3.3-BL-1', '', ( #1249 ) ) ;
#5951 = CARTESIAN_POINT ( 'NONE',  ( 0.05552680681736690133, -0.7711525509124227407, -0.1499999999999999944 ) ) ;
#5952 = CARTESIAN_POINT ( 'NONE',  ( 0.1771739209972653384, -0.9153550422851763901, -0.1500000000000000222 ) ) ;
#5953 = CARTESIAN_POINT ( 'NONE',  ( -0.3828346361618434335, -0.7398675123399868214, -0.1489999999999999936 ) ) ;
#5954 = ORIENTED_EDGE ( 'NONE', *, *, #7569, .F. ) ;
#5955 = FILL_AREA_STYLE ('',( #2133 ) ) ;
#5956 = VERTEX_POINT ( 'NONE', #3172 ) ;
#5957 = CARTESIAN_POINT ( 'NONE',  ( 0.1471890557165661806, -0.9356896511866148458, -0.1489999999999999380 ) ) ;
#5958 = SURFACE_SIDE_STYLE ('',( #2829 ) ) ;
#5959 = ADVANCED_FACE ( 'NONE', ( #4579 ), #588, .T. ) ;
#5960 = FACE_BOUND ( 'NONE', #6433, .T. ) ;
#5961 = VECTOR ( 'NONE', #3126, 1000.000000000000000 ) ;
#5962 = CARTESIAN_POINT ( 'NONE',  ( -0.2698756426051533430, -0.9047325862632161764, -0.1490000000000000491 ) ) ;
#5963 = PRESENTATION_STYLE_ASSIGNMENT (( #5924 ) ) ;
#5964 = FACE_OUTER_BOUND ( 'NONE', #3160, .T. ) ;
#5965 = PRESENTATION_STYLE_ASSIGNMENT (( #7932 ) ) ;
#5966 = ORIENTED_EDGE ( 'NONE', *, *, #1898, .T. ) ;
#5967 = CARTESIAN_POINT ( 'NONE',  ( 0.1730953039380248026, -0.8668537537328506737, -0.1499999999999999944 ) ) ;
#5968 = ORIENTED_EDGE ( 'NONE', *, *, #992, .T. ) ;
#5969 = ORIENTED_EDGE ( 'NONE', *, *, #5529, .T. ) ;
#5970 = CARTESIAN_POINT ( 'NONE',  ( 1.225000000000000311, 1.239999999999999547, -0.1599999999999999756 ) ) ;
#5971 = EDGE_LOOP ( 'NONE', ( #4205, #4268, #2384, #8204 ) ) ;
#5972 = FACE_OUTER_BOUND ( 'NONE', #5823, .T. ) ;
#5973 = VERTEX_POINT ( 'NONE', #1966 ) ;
#5974 = FILL_AREA_STYLE_COLOUR ( '', #5493 ) ;
#5975 = ORIENTED_EDGE ( 'NONE', *, *, #2753, .F. ) ;
#5976 = CARTESIAN_POINT ( 'NONE',  ( -0.2469204351218125815, -0.9242913729985359206, -0.1489999999999999936 ) ) ;
#5977 = CARTESIAN_POINT ( 'NONE',  ( 0.1709728355984821146, -0.8742739599687688878, -0.1489999999999999658 ) ) ;
#5978 = CARTESIAN_POINT ( 'NONE',  ( 0.1677023833719218648, -0.8006376909477352921, -0.1499999999999999667 ) ) ;
#5979 = EDGE_CURVE ( 'NONE', #2900, #6458, #4530, .T. ) ;
#5980 = CARTESIAN_POINT ( 'NONE',  ( -0.2698756426051533430, -0.9047325862632161764, -0.1500000000000000500 ) ) ;
#5981 = PRESENTATION_STYLE_ASSIGNMENT (( #3346 ) ) ;
#5982 = EDGE_LOOP ( 'NONE', ( #3652, #4080, #6899, #4026 ) ) ;
#5983 = CARTESIAN_POINT ( 'NONE',  ( -0.4750000000000008105, 1.524574886876660207, 0.002000000000000021726 ) ) ;
#5984 = CYLINDRICAL_SURFACE ( 'NONE', #3450, 0.09999999999999999167 ) ;
#5985 = CARTESIAN_POINT ( 'NONE',  ( -0.1957284605752805107, -0.9177240719425094895, -0.1499999999999999944 ) ) ;
#5986 = EDGE_CURVE ( 'NONE', #3419, #6214, #5867, .T. ) ;
#5987 = CARTESIAN_POINT ( 'NONE',  ( -1.574999999999999956, 1.425000000000000044, -0.1499999999999999944 ) ) ;
#5988 = AXIS2_PLACEMENT_3D ( 'NONE', #4877, #3100, #5699 ) ;
#5989 = ORIENTED_EDGE ( 'NONE', *, *, #3380, .F. ) ;
#5990 = CARTESIAN_POINT ( 'NONE',  ( -0.3555861605520873048, -0.8837699513643770821, -0.1489999999999999936 ) ) ;
#5991 = PLANE ( 'NONE',  #6110 ) ;
#5992 = ORIENTED_EDGE ( 'NONE', *, *, #1238, .F. ) ;
#5993 = PLANE ( 'NONE',  #7344 ) ;
#5994 = CARTESIAN_POINT ( 'NONE',  ( 0.1122530298069935178, -0.9422291053132605398, -0.1499999999999998834 ) ) ;
#5995 = VECTOR ( 'NONE', #5001, 1000.000000000000000 ) ;
#5996 = PRESENTATION_STYLE_ASSIGNMENT (( #4110 ) ) ;
#5997 = PRESENTATION_STYLE_ASSIGNMENT (( #8049 ) ) ;
#5998 =( BOUNDED_CURVE ( )  B_SPLINE_CURVE ( 3, ( #7786, #2491, #7152, #7703 ),
 .UNSPECIFIED., .F., .F. ) 
 B_SPLINE_CURVE_WITH_KNOTS ( ( 4, 4 ),
 ( 5.519407516233513888, 7.046963098125660352 ),
 .UNSPECIFIED. ) 
 CURVE ( )  GEOMETRIC_REPRESENTATION_ITEM ( )  RATIONAL_B_SPLINE_CURVE ( ( 1.000000000000000000, 0.8148188289447313437, 0.8148188289447313437, 1.000000000000000000 ) ) 
 REPRESENTATION_ITEM ( '' )  );
#5999 =( LENGTH_UNIT ( ) NAMED_UNIT ( * ) SI_UNIT ( .MILLI., .METRE. ) );
#6000 = DIRECTION ( 'NONE',  ( 0.000000000000000000, -1.000000000000000000, 0.000000000000000000 ) ) ;
#6001 = PRESENTATION_LAYER_ASSIGNMENT (  '', '', ( #1269 ) ) ;
#6002 = CARTESIAN_POINT ( 'NONE',  ( -1.125000000000000888, 1.649999999999999689, 0.002000000000000021726 ) ) ;
#6003 = ORIENTED_EDGE ( 'NONE', *, *, #1070, .T. ) ;
#6004 = EDGE_CURVE ( 'NONE', #5532, #8360, #6796, .T. ) ;
#6005 = ORIENTED_EDGE ( 'NONE', *, *, #913, .F. ) ;
#6006 =( LENGTH_UNIT ( ) NAMED_UNIT ( * ) SI_UNIT ( .MILLI., .METRE. ) );
#6007 = MECHANICAL_DESIGN_GEOMETRIC_PRESENTATION_REPRESENTATION (  '', ( #8051 ), #1134 ) ;
#6008 = CARTESIAN_POINT ( 'NONE',  ( -0.08283463616184341682, -0.8276723903887672762, -0.1499999999999999944 ) ) ;
#6009 = CARTESIAN_POINT ( 'NONE',  ( 0.3220434126186444979, -0.9398675123399868880, -0.1499999999999999944 ) ) ;
#6010 = VERTEX_POINT ( 'NONE', #816 ) ;
#6011 = AXIS2_PLACEMENT_3D ( 'NONE', #8018, #6562, #4597 ) ;
#6012 = CARTESIAN_POINT ( 'NONE',  ( -0.1859977459179409376, -0.9398675123399868880, -0.1489999999999999936 ) ) ;
#6013 = ORIENTED_EDGE ( 'NONE', *, *, #4074, .F. ) ;
#6014 =( GEOMETRIC_REPRESENTATION_CONTEXT ( 3 ) GLOBAL_UNCERTAINTY_ASSIGNED_CONTEXT ( ( #1420 ) ) GLOBAL_UNIT_ASSIGNED_CONTEXT ( ( #3636, #3005, #2864 ) ) REPRESENTATION_CONTEXT ( 'NONE', 'WORKASPACE' ) );
#6015 = PLANE ( 'NONE',  #1760 ) ;
#6016 = FILL_AREA_STYLE ('',( #4053 ) ) ;
#6017 = DIRECTION ( 'NONE',  ( -0.000000000000000000, -1.000000000000000000, -0.000000000000000000 ) ) ;
#6018 = LINE ( 'NONE', #2739, #2128 ) ;
#6019 =( LENGTH_UNIT ( ) NAMED_UNIT ( * ) SI_UNIT ( .MILLI., .METRE. ) );
#6020 = ORIENTED_EDGE ( 'NONE', *, *, #3829, .F. ) ;
#6021 = LINE ( 'NONE', #218, #6351 ) ;
#6022 = EDGE_CURVE ( 'NONE', #4223, #4615, #4024, .T. ) ;
#6023 = FILL_AREA_STYLE_COLOUR ( '', #4406 ) ;
#6024 = DIRECTION ( 'NONE',  ( -0.2035585949527799476, 0.2035585949527790317, 0.9576678948579725459 ) ) ;
#6025 = CARTESIAN_POINT ( 'NONE',  ( 1.124999999999999778, -1.650000000000013012, 0.002000000000000021726 ) ) ;
#6026 = ORIENTED_EDGE ( 'NONE', *, *, #8080, .T. ) ;
#6027 =( GEOMETRIC_REPRESENTATION_CONTEXT ( 3 ) GLOBAL_UNCERTAINTY_ASSIGNED_CONTEXT ( ( #1322 ) ) GLOBAL_UNIT_ASSIGNED_CONTEXT ( ( #7861, #3156, #43 ) ) REPRESENTATION_CONTEXT ( 'NONE', 'WORKASPACE' ) );
#6028 = CARTESIAN_POINT ( 'NONE',  ( -0.8250000000000000666, 1.649999999999999245, 0.002000000000000021726 ) ) ;
#6029 = VERTEX_POINT ( 'NONE', #4619 ) ;
#6030 = EDGE_CURVE ( 'NONE', #3419, #5956, #4061, .T. ) ;
#6031 = DIRECTION ( 'NONE',  ( 0.000000000000000000, 0.000000000000000000, -1.000000000000000000 ) ) ;
#6032 = CARTESIAN_POINT ( 'NONE',  ( 0.1704969253989207789, -0.9216525404917368380, -0.1499999999999998834 ) ) ;
#6033 = MECHANICAL_DESIGN_GEOMETRIC_PRESENTATION_REPRESENTATION (  '', ( #489 ), #5228 ) ;
#6034 =( NAMED_UNIT ( * ) PLANE_ANGLE_UNIT ( ) SI_UNIT ( $, .RADIAN. ) );
#6035 = PRESENTATION_LAYER_ASSIGNMENT (  '', '', ( #1018 ) ) ;
#6036 = DIRECTION ( 'NONE',  ( 0.000000000000000000, 0.000000000000000000, 1.000000000000000000 ) ) ;
#6037 = PRESENTATION_STYLE_ASSIGNMENT (( #7245 ) ) ;
#6038 = PLANE ( 'NONE',  #2252 ) ;
#6039 = CARTESIAN_POINT ( 'NONE',  ( -0.2853410454246631534, -0.7973067439811418744, -0.1489999999999999936 ) ) ;
#6040 = ORIENTED_EDGE ( 'NONE', *, *, #276, .F. ) ;
#6041 = EDGE_CURVE ( 'NONE', #533, #1810, #4143, .T. ) ;
#6042 = PRESENTATION_LAYER_ASSIGNMENT (  '', '', ( #221 ) ) ;
#6043 = CARTESIAN_POINT ( 'NONE',  ( 0.1756463852339849308, -0.8449258998206046201, -0.1499999999999999667 ) ) ;
#6044 = PRESENTATION_STYLE_ASSIGNMENT (( #7338 ) ) ;
#6045 = ORIENTED_EDGE ( 'NONE', *, *, #946, .F. ) ;
#6046 = DIRECTION ( 'NONE',  ( -1.000000000000000000, -1.445602896647337339E-15, 0.000000000000000000 ) ) ;
#6047 = VERTEX_POINT ( 'NONE', #7276 ) ;
#6048 = COLOUR_RGB ( '',1.000000000000000000, 1.000000000000000000, 1.000000000000000000 ) ;
#6049 = CARTESIAN_POINT ( 'NONE',  ( 1.763635533909772746E-15, -1.220000000000014628, -0.1499999999999999944 ) ) ;
#6050 = EDGE_CURVE ( 'NONE', #88, #3449, #6747, .T. ) ;
#6051 = VECTOR ( 'NONE', #2160, 1000.000000000000000 ) ;
#6052 = LINE ( 'NONE', #1492, #3587 ) ;
#6053 = ORIENTED_EDGE ( 'NONE', *, *, #8289, .F. ) ;
#6054 = B_SPLINE_CURVE_WITH_KNOTS ( 'NONE', 3,
 ( #1982, #5928, #8362, #1947, #3996, #7725, #124, #35, #4555, #3916, #5295, #4505, #3147, #6520, #7891, #708, #2063, #4637, #7252 ),
 .UNSPECIFIED., .F., .F.,
 ( 4, 1, 1, 1, 1, 1, 1, 1, 1, 1, 1, 1, 1, 1, 1, 1, 4 ),
 ( 0.000000000000000000, 0.07064371857535445276, 0.1382567155089046429, 0.2033641242175803221, 0.2663240938030570493, 0.3279047615429896978, 0.3887377151730926350, 0.4494235281093025280, 0.5108610114593156171, 0.5720793960475145656, 0.6317344287314452522, 0.6911172105788379039, 0.7503600294901705547, 0.8100329005312622010, 0.8713624508287364234, 0.9344271412311534464, 1.000000000000000000 ),
 .UNSPECIFIED. ) ;
#6055 = CARTESIAN_POINT ( 'NONE',  ( 0.06545391545822003276, -0.9351990499569270421, -0.1500000000000000500 ) ) ;
#6056 =( NAMED_UNIT ( * ) PLANE_ANGLE_UNIT ( ) SI_UNIT ( $, .RADIAN. ) );
#6057 = VERTEX_POINT ( 'NONE', #5315 ) ;
#6058 = VECTOR ( 'NONE', #573, 1000.000000000000000 ) ;
#6059 = UNCERTAINTY_MEASURE_WITH_UNIT (LENGTH_MEASURE( 1.000000000000000082E-05 ), #3446, 'distance_accuracy_value', 'NONE');
#6060 = CARTESIAN_POINT ( 'NONE',  ( 0.06514484965554345752, -0.9132184944016632500, -0.1500000000000000222 ) ) ;
#6061 = CARTESIAN_POINT ( 'NONE',  ( -0.4749999999999999223, -1.650000000000004352, 0.002000000000000021726 ) ) ;
#6062 =( GEOMETRIC_REPRESENTATION_CONTEXT ( 3 ) GLOBAL_UNCERTAINTY_ASSIGNED_CONTEXT ( ( #4970 ) ) GLOBAL_UNIT_ASSIGNED_CONTEXT ( ( #5190, #4495, #484 ) ) REPRESENTATION_CONTEXT ( 'NONE', 'WORKASPACE' ) );
#6063 = AXIS2_PLACEMENT_3D ( 'NONE', #4855, #6102, #7437 ) ;
#6064 = EDGE_CURVE ( 'NONE', #6214, #166, #5469, .T. ) ;
#6065 = FILL_AREA_STYLE_COLOUR ( '', #2386 ) ;
#6066 = VECTOR ( 'NONE', #3691, 1000.000000000000000 ) ;
#6067 = SURFACE_STYLE_USAGE ( .BOTH. , #3467 ) ;
#6068 = DIRECTION ( 'NONE',  ( -1.512840240677448800E-15, 1.000000000000000000, 0.000000000000000000 ) ) ;
#6069 = CARTESIAN_POINT ( 'NONE',  ( -0.1750000000000005718, 1.239999999999999547, -0.1499999999999999944 ) ) ;
#6070 = CARTESIAN_POINT ( 'NONE',  ( 0.1806571274186169473, -0.7740579789026226232, -0.1490000000000000213 ) ) ;
#6071 = ORIENTED_EDGE ( 'NONE', *, *, #8289, .T. ) ;
#6072 = STYLED_ITEM ( 'NONE', ( #3106 ), #8206 ) ;
#6073 = CARTESIAN_POINT ( 'NONE',  ( -1.125000000000000000, -1.649999999999999689, 0.002000000000000021726 ) ) ;
#6074 = PRESENTATION_LAYER_ASSIGNMENT (  '', '', ( #4434 ) ) ;
#6075 = ORIENTED_EDGE ( 'NONE', *, *, #5369, .T. ) ;
#6076 = CARTESIAN_POINT ( 'NONE',  ( -1.574999999999999512, -1.524999999999999689, 0.000000000000000000 ) ) ;
#6077 = VECTOR ( 'NONE', #5722, 1000.000000000000000 ) ;
#6078 = CARTESIAN_POINT ( 'NONE',  ( -1.125000000000000000, -1.649999999999999689, 0.002000000000000021726 ) ) ;
#6079 = LINE ( 'NONE', #8255, #5483 ) ;
#6080 = EDGE_CURVE ( 'NONE', #1911, #7251, #7914, .T. ) ;
#6081 = COLOUR_RGB ( '',0.2509803921568627416, 0.2509803921568627416, 0.2509803921568627416 ) ;
#6082 = CARTESIAN_POINT ( 'NONE',  ( -0.2628757092051898780, -0.7662140898597208372, -0.1490000000000000213 ) ) ;
#6083 = ORIENTED_EDGE ( 'NONE', *, *, #7817, .F. ) ;
#6084 = CARTESIAN_POINT ( 'NONE',  ( 0.1755378701113397277, -0.8506368737793521539, -0.1489999999999999936 ) ) ;
#6085 = SURFACE_SIDE_STYLE ('',( #8021 ) ) ;
#6086 = EDGE_LOOP ( 'NONE', ( #2814, #5760, #1551, #5775, #838, #7495 ) ) ;
#6087 = SURFACE_STYLE_FILL_AREA ( #4840 ) ;
#6088 =( GEOMETRIC_REPRESENTATION_CONTEXT ( 3 ) GLOBAL_UNCERTAINTY_ASSIGNED_CONTEXT ( ( #4120 ) ) GLOBAL_UNIT_ASSIGNED_CONTEXT ( ( #4529, #1965, #2044 ) ) REPRESENTATION_CONTEXT ( 'NONE', 'WORKASPACE' ) );
#6089 = UNCERTAINTY_MEASURE_WITH_UNIT (LENGTH_MEASURE( 1.000000000000000082E-05 ), #4174, 'distance_accuracy_value', 'NONE');
#6090 = CARTESIAN_POINT ( 'NONE',  ( -0.1917300455604792064, -0.7399494107305031321, -0.1499999999999999667 ) ) ;
#6091 = EDGE_CURVE ( 'NONE', #5973, #2350, #776, .T. ) ;
#6092 = CARTESIAN_POINT ( 'NONE',  ( 0.1032974923086196345, -0.7594379746791335428, -0.1499999999999998557 ) ) ;
#6093 = DIRECTION ( 'NONE',  ( -0.000000000000000000, -0.000000000000000000, -1.000000000000000000 ) ) ;
#6094 = ORIENTED_EDGE ( 'NONE', *, *, #8174, .T. ) ;
#6095 = PRODUCT_DEFINITION ( 'Î´Öª', '', #6548, #1842 ) ;
#6096 = CARTESIAN_POINT ( 'NONE',  ( 0.05940798256130083721, -0.9326242319344882903, -0.1500000000000000222 ) ) ;
#6097 = ORIENTED_EDGE ( 'NONE', *, *, #3897, .F. ) ;
#6098 = SURFACE_STYLE_FILL_AREA ( #2271 ) ;
#6099 = FILL_AREA_STYLE_COLOUR ( '', #2411 ) ;
#6100 = PRESENTATION_STYLE_ASSIGNMENT (( #1539 ) ) ;
#6101 = CARTESIAN_POINT ( 'NONE',  ( -1.649999999999999911, 0.09999999999999981126, 0.002000000000000021726 ) ) ;
#6102 = DIRECTION ( 'NONE',  ( -0.9407669869669988971, 0.3390537954853692360, 0.000000000000000000 ) ) ;
#6103 = STYLED_ITEM ( 'NONE', ( #8312 ), #3471 ) ;
#6104 = FILL_AREA_STYLE_COLOUR ( '', #4279 ) ;
#6105 = ADVANCED_FACE ( 'NONE', ( #859 ), #5984, .T. ) ;
#6106 = CARTESIAN_POINT ( 'NONE',  ( 0.1991276480879718980, -0.8745182683280223745, -0.1500000000000000222 ) ) ;
#6107 = FILL_AREA_STYLE ('',( #219 ) ) ;
#6108 = CARTESIAN_POINT ( 'NONE',  ( 0.1955133086599648296, -0.8004736363556145262, -0.1499999999999999944 ) ) ;
#6109 = VERTEX_POINT ( 'NONE', #1658 ) ;
#6110 = AXIS2_PLACEMENT_3D ( 'NONE', #4226, #4823, #6192 ) ;
#6111 = PRESENTATION_STYLE_ASSIGNMENT (( #433 ) ) ;
#6112 = EDGE_LOOP ( 'NONE', ( #1486, #7376, #8046, #431 ) ) ;
#6113 = DIRECTION ( 'NONE',  ( -1.000000000000000000, 0.000000000000000000, 0.000000000000000000 ) ) ;
#6114 = CARTESIAN_POINT ( 'NONE',  ( -7.682346822183008341E-16, 1.239999999999999769, -0.1499999999999999944 ) ) ;
#6115 = FACE_BOUND ( 'NONE', #2640, .T. ) ;
#6116 = CARTESIAN_POINT ( 'NONE',  ( -0.2121847768079676289, -0.7643460531607838560, -0.1489999999999999936 ) ) ;
#6117 = CARTESIAN_POINT ( 'NONE',  ( -0.4750000000000008105, 0.000000000000000000, -0.1499999999999999944 ) ) ;
#6118 = PLANE ( 'NONE',  #5517 ) ;
#6119 = DIRECTION ( 'NONE',  ( 1.000000000000000000, -5.421010862427522170E-17, -0.000000000000000000 ) ) ;
#6120 = VERTEX_POINT ( 'NONE', #4219 ) ;
#6121 = STYLED_ITEM ( 'NONE', ( #5253 ), #4077 ) ;
#6122 = CARTESIAN_POINT ( 'NONE',  ( 0.1755378701113397277, -0.8506368737793521539, -0.1499999999999999944 ) ) ;
#6123 = ORIENTED_EDGE ( 'NONE', *, *, #6919, .T. ) ;
#6124 = EDGE_CURVE ( 'NONE', #6225, #6922, #5638, .T. ) ;
#6125 = FACE_OUTER_BOUND ( 'NONE', #6129, .T. ) ;
#6126 = CARTESIAN_POINT ( 'NONE',  ( 0.8249999999999992895, -1.220000000000013518, -0.1599999999999999756 ) ) ;
#6127 = AXIS2_PLACEMENT_3D ( 'NONE', #5733, #4404, #8342 ) ;
#6128 = FILL_AREA_STYLE_COLOUR ( '', #226 ) ;
#6129 = EDGE_LOOP ( 'NONE', ( #1527, #1455, #340, #5802 ) ) ;
#6130 = CARTESIAN_POINT ( 'NONE',  ( -0.2443984775046488256, -0.7808115845397212151, -0.1499999999999999389 ) ) ;
#6131 = CARTESIAN_POINT ( 'NONE',  ( -0.3072248800642824462, -0.9398675123399868880, -0.1489999999999999936 ) ) ;
#6132 = EDGE_LOOP ( 'NONE', ( #210, #6123, #55, #1553, #4084, #5080, #3274 ) ) ;
#6133 = EDGE_CURVE ( 'NONE', #3334, #977, #386, .T. ) ;
#6134 =( GEOMETRIC_REPRESENTATION_CONTEXT ( 3 ) GLOBAL_UNCERTAINTY_ASSIGNED_CONTEXT ( ( #6927 ) ) GLOBAL_UNIT_ASSIGNED_CONTEXT ( ( #5562, #6404, #688 ) ) REPRESENTATION_CONTEXT ( 'NONE', 'WORKASPACE' ) );
#6135 =( NAMED_UNIT ( * ) SI_UNIT ( $, .STERADIAN. ) SOLID_ANGLE_UNIT ( ) );
#6136 =( LENGTH_UNIT ( ) NAMED_UNIT ( * ) SI_UNIT ( .MILLI., .METRE. ) );
#6137 = DIRECTION ( 'NONE',  ( 1.000000000000000000, -8.673617379883994057E-16, 0.000000000000000000 ) ) ;
#6138 = AXIS2_PLACEMENT_3D ( 'NONE', #7283, #2672, #3478 ) ;
#6139 = COLOUR_RGB ( '',0.000000000000000000, 0.000000000000000000, 0.000000000000000000 ) ;
#6141 = FILL_AREA_STYLE ('',( #6104 ) ) ;
#6140 =( NAMED_UNIT ( * ) PLANE_ANGLE_UNIT ( ) SI_UNIT ( $, .RADIAN. ) );
#6142 = PRESENTATION_STYLE_ASSIGNMENT (( #6824 ) ) ;
#6143 = CARTESIAN_POINT ( 'NONE',  ( 0.2024441128056606864, -0.8397492759716858046, -0.1489999999999999936 ) ) ;
#6144 = ORIENTED_EDGE ( 'NONE', *, *, #8386, .F. ) ;
#6145 = EDGE_CURVE ( 'NONE', #5345, #2035, #6223, .T. ) ;
#6146 = DIRECTION ( 'NONE',  ( -1.000000000000000000, -4.553649124439122567E-15, -0.000000000000000000 ) ) ;
#6147 = VERTEX_POINT ( 'NONE', #5597 ) ;
#6148 = FACE_OUTER_BOUND ( 'NONE', #3098, .T. ) ;
#6149 = LINE ( 'NONE', #7614, #7639 ) ;
#6150 = CARTESIAN_POINT ( 'NONE',  ( -0.08771268494233119828, -0.7398675123399868214, -0.1489999999999999936 ) ) ;
#6151 = CARTESIAN_POINT ( 'NONE',  ( -1.574999999999999512, -1.524999999999999689, 0.000000000000000000 ) ) ;
#6152 = MECHANICAL_DESIGN_GEOMETRIC_PRESENTATION_REPRESENTATION (  '', ( #1010 ), #6836 ) ;
#6153 =( LENGTH_UNIT ( ) NAMED_UNIT ( * ) SI_UNIT ( .MILLI., .METRE. ) );
#6154 = FACE_OUTER_BOUND ( 'NONE', #1700, .T. ) ;
#6155 = EDGE_LOOP ( 'NONE', ( #2694, #2048, #3370, #1823, #2570, #1145, #5170 ) ) ;
#6156 = STYLED_ITEM ( 'NONE', ( #6037 ), #6559 ) ;
#6157 = EDGE_LOOP ( 'NONE', ( #355, #1211, #4666, #2069 ) ) ;
#6158 = CARTESIAN_POINT ( 'NONE',  ( 1.125000000000001110, 1.649999999999999467, -0.1599999999999999756 ) ) ;
#6159 = COLOUR_RGB ( '',1.000000000000000000, 1.000000000000000000, 1.000000000000000000 ) ;
#6160 = EDGE_CURVE ( 'NONE', #5724, #4706, #6959, .T. ) ;
#6161 = DIRECTION ( 'NONE',  ( 0.000000000000000000, -0.000000000000000000, -1.000000000000000000 ) ) ;
#6162 = DIRECTION ( 'NONE',  ( 0.000000000000000000, 1.000000000000000000, 0.000000000000000000 ) ) ;
#6163 = UNCERTAINTY_MEASURE_WITH_UNIT (LENGTH_MEASURE( 1.000000000000000082E-05 ), #5840, 'distance_accuracy_value', 'NONE');
#6164 = DIRECTION ( 'NONE',  ( -1.445602896647337142E-15, 1.000000000000000000, 0.000000000000000000 ) ) ;
#6165 = CARTESIAN_POINT ( 'NONE',  ( 0.1640390433277302829, -0.7938324549301783994, -0.1499999999999998557 ) ) ;
#6166 = EDGE_LOOP ( 'NONE', ( #4905, #3983, #2216, #2874 ) ) ;
#6167 = MECHANICAL_DESIGN_GEOMETRIC_PRESENTATION_REPRESENTATION (  '', ( #3995 ), #3710 ) ;
#6168 = VECTOR ( 'NONE', #2884, 1000.000000000000000 ) ;
#6169 = CARTESIAN_POINT ( 'NONE',  ( -1.225000000000000089, -0.4999999999999998890, 0.002000000000000021726 ) ) ;
#6170 = DIRECTION ( 'NONE',  ( -0.000000000000000000, -0.000000000000000000, -1.000000000000000000 ) ) ;
#6171 = EDGE_LOOP ( 'NONE', ( #7944, #7091, #7110, #6013, #8352, #5896, #6367, #3873, #1772, #5122 ) ) ;
#6172 = DIRECTION ( 'NONE',  ( 0.000000000000000000, 2.168404344971008868E-15, -1.000000000000000000 ) ) ;
#6173 = AXIS2_PLACEMENT_3D ( 'NONE', #4512, #2557, #8416 ) ;
#6174 = DIRECTION ( 'NONE',  ( 0.000000000000000000, 0.000000000000000000, -1.000000000000000000 ) ) ;
#6175 = LINE ( 'NONE', #4211, #1889 ) ;
#6176 =( LENGTH_UNIT ( ) NAMED_UNIT ( * ) SI_UNIT ( .MILLI., .METRE. ) );
#6177 = VERTEX_POINT ( 'NONE', #7563 ) ;
#6178 = STYLED_ITEM ( 'NONE', ( #1186 ), #1949 ) ;
#6179 = PRESENTATION_LAYER_ASSIGNMENT (  '', '', ( #7974 ) ) ;
#6180 = EDGE_CURVE ( 'NONE', #3954, #8295, #6185, .T. ) ;
#6182 = CARTESIAN_POINT ( 'NONE',  ( 0.1749999999999991562, 1.239999999999999769, -0.1599999999999999756 ) ) ;
#6181 = LINE ( 'NONE', #425, #7317 ) ;
#6183 = PRESENTATION_LAYER_ASSIGNMENT (  '', '', ( #3735 ) ) ;
#6184 =( GEOMETRIC_REPRESENTATION_CONTEXT ( 3 ) GLOBAL_UNCERTAINTY_ASSIGNED_CONTEXT ( ( #2584 ) ) GLOBAL_UNIT_ASSIGNED_CONTEXT ( ( #2530, #1040, #8104 ) ) REPRESENTATION_CONTEXT ( 'NONE', 'WORKASPACE' ) );
#6185 = LINE ( 'NONE', #4944, #1718 ) ;
#6186 = FILL_AREA_STYLE ('',( #4859 ) ) ;
#6187 = CARTESIAN_POINT ( 'NONE',  ( 0.1115148162912248664, -0.7376774082281075673, -0.1499999999999999944 ) ) ;
#6188 = ADVANCED_FACE ( 'NONE', ( #469 ), #516, .T. ) ;
#6189 = VERTEX_POINT ( 'NONE', #2237 ) ;
#6190 = LINE ( 'NONE', #391, #1882 ) ;
#6191 = EDGE_CURVE ( 'NONE', #6902, #1606, #1622, .T. ) ;
#6192 = DIRECTION ( 'NONE',  ( 0.000000000000000000, 0.000000000000000000, -1.000000000000000000 ) ) ;
#6193 = ORIENTED_EDGE ( 'NONE', *, *, #3686, .F. ) ;
#6194 = PRESENTATION_STYLE_ASSIGNMENT (( #1021 ) ) ;
#6195 = LINE ( 'NONE', #436, #4086 ) ;
#6196 = FILL_AREA_STYLE ('',( #4281 ) ) ;
#6197 = STYLED_ITEM ( 'NONE', ( #4580 ), #1567 ) ;
#6198 = DIRECTION ( 'NONE',  ( 1.000000000000000000, 0.000000000000000000, 0.000000000000000000 ) ) ;
#6199 = CARTESIAN_POINT ( 'NONE',  ( -0.1868361605520872659, -0.9179162928277918576, -0.1489999999999999936 ) ) ;
#6200 = VERTEX_POINT ( 'NONE', #2315 ) ;
#6201 = MECHANICAL_DESIGN_GEOMETRIC_PRESENTATION_REPRESENTATION (  '', ( #531 ), #6487 ) ;
#6202 = CARTESIAN_POINT ( 'NONE',  ( 0.1270655966013796989, -0.9175197045986550615, -0.1499999999999999389 ) ) ;
#6203 = CARTESIAN_POINT ( 'NONE',  ( -0.8250000000000000666, 1.649999999999999245, 0.002000000000000021726 ) ) ;
#6204 = CARTESIAN_POINT ( 'NONE',  ( 0.1126978213220321268, -0.9201591004895708359, -0.1500000000000000222 ) ) ;
#6205 =( NAMED_UNIT ( * ) SI_UNIT ( $, .STERADIAN. ) SOLID_ANGLE_UNIT ( ) );
#6206 = AXIS2_PLACEMENT_3D ( 'NONE', #8113, #2775, #5349 ) ;
#6207 = EDGE_CURVE ( 'NONE', #4562, #4669, #7520, .T. ) ;
#6208 = DIRECTION ( 'NONE',  ( 0.000000000000000000, -1.000000000000000000, 0.000000000000000000 ) ) ;
#6209 = FACE_OUTER_BOUND ( 'NONE', #2462, .T. ) ;
#6210 = PRESENTATION_LAYER_ASSIGNMENT (  '', '', ( #1497 ) ) ;
#6211 = CARTESIAN_POINT ( 'NONE',  ( 0.1677023833719218648, -0.8006376909477352921, -0.1499999999999998279 ) ) ;
#6212 = LINE ( 'NONE', #6947, #3867 ) ;
#6213 = ORIENTED_EDGE ( 'NONE', *, *, #4486, .T. ) ;
#6214 = VERTEX_POINT ( 'NONE', #1695 ) ;
#6215 = DIRECTION ( 'NONE',  ( -0.000000000000000000, -1.000000000000000000, -0.000000000000000000 ) ) ;
#6216 = CARTESIAN_POINT ( 'NONE',  ( 0.05552680681736690133, -0.7711525509124227407, -0.1489999999999999936 ) ) ;
#6217 =( NAMED_UNIT ( * ) PLANE_ANGLE_UNIT ( ) SI_UNIT ( $, .RADIAN. ) );
#6218 = FACE_OUTER_BOUND ( 'NONE', #1884, .T. ) ;
#6219 = AXIS2_PLACEMENT_3D ( 'NONE', #711, #2636, #1313 ) ;
#6220 = ORIENTED_EDGE ( 'NONE', *, *, #6556, .F. ) ;
#6221 = SURFACE_STYLE_FILL_AREA ( #6821 ) ;
#6222 = EDGE_CURVE ( 'NONE', #1506, #6147, #2279, .T. ) ;
#6223 = LINE ( 'NONE', #3703, #1035 ) ;
#6224 = FILL_AREA_STYLE ('',( #1196 ) ) ;
#6225 = VERTEX_POINT ( 'NONE', #4858 ) ;
#6226 = CARTESIAN_POINT ( 'NONE',  ( -0.2388056725363240096, -0.7763614311816827707, -0.1490000000000000491 ) ) ;
#6227 = ORIENTED_EDGE ( 'NONE', *, *, #7282, .F. ) ;
#6228 = DIRECTION ( 'NONE',  ( 0.000000000000000000, 0.000000000000000000, 1.000000000000000000 ) ) ;
#6229 = VECTOR ( 'NONE', #7367, 1000.000000000000000 ) ;
#6230 = VECTOR ( 'NONE', #5371, 1000.000000000000000 ) ;
#6231 = PLANE ( 'NONE',  #424 ) ;
#6232 = EDGE_LOOP ( 'NONE', ( #3216, #6213, #5898, #3231 ) ) ;
#6233 = DIRECTION ( 'NONE',  ( 0.000000000000000000, -1.000000000000000000, 0.000000000000000000 ) ) ;
#6234 = FILL_AREA_STYLE_COLOUR ( '', #7369 ) ;
#6235 = EDGE_CURVE ( 'NONE', #4930, #2186, #4263, .T. ) ;
#6236 =( LENGTH_UNIT ( ) NAMED_UNIT ( * ) SI_UNIT ( .MILLI., .METRE. ) );
#6237 = CIRCLE ( 'NONE', #6932, 0.05000000000000007910 ) ;
#6238 = DIRECTION ( 'NONE',  ( 0.000000000000000000, -0.000000000000000000, 1.000000000000000000 ) ) ;
#6239 = DIRECTION ( 'NONE',  ( 0.000000000000000000, -1.000000000000000000, 0.000000000000000000 ) ) ;
#6240 =( NAMED_UNIT ( * ) SI_UNIT ( $, .STERADIAN. ) SOLID_ANGLE_UNIT ( ) );
#6241 = COLOUR_RGB ( '',1.000000000000000000, 1.000000000000000000, 1.000000000000000000 ) ;
#6242 = CARTESIAN_POINT ( 'NONE',  ( -1.574999999999999956, 1.524574886876660207, 0.002000000000000021726 ) ) ;
#6243 = VERTEX_POINT ( 'NONE', #426 ) ;
#6244 = AXIS2_PLACEMENT_3D ( 'NONE', #4127, #3502, #6172 ) ;
#6245 = SURFACE_STYLE_FILL_AREA ( #8271 ) ;
#6246 = CARTESIAN_POINT ( 'NONE',  ( 0.3220434126186444979, -0.9398675123399868880, -0.1499999999999999944 ) ) ;
#6247 = FILL_AREA_STYLE ('',( #1127 ) ) ;
#6248 = FILL_AREA_STYLE_COLOUR ( '', #7042 ) ;
#6249 = DIRECTION ( 'NONE',  ( 0.000000000000000000, 0.000000000000000000, -1.000000000000000000 ) ) ;
#6250 = UNCERTAINTY_MEASURE_WITH_UNIT (LENGTH_MEASURE( 1.000000000000000082E-05 ), #4961, 'distance_accuracy_value', 'NONE');
#6251 = DIRECTION ( 'NONE',  ( 0.000000000000000000, 0.000000000000000000, -1.000000000000000000 ) ) ;
#6252 = SURFACE_STYLE_FILL_AREA ( #7425 ) ;
#6253 = SURFACE_SIDE_STYLE ('',( #7469 ) ) ;
#6254 = PRESENTATION_LAYER_ASSIGNMENT (  '', '', ( #4485 ) ) ;
#6255 = EDGE_CURVE ( 'NONE', #4565, #4568, #2353, .T. ) ;
#6256 = CARTESIAN_POINT ( 'NONE',  ( -0.2605543129727971863, -0.8047518160476395677, -0.1499999999999999667 ) ) ;
#6257 = CARTESIAN_POINT ( 'NONE',  ( -1.474999999999999423, -1.524999999999999689, -0.1499999999999999944 ) ) ;
#6258 = ORIENTED_EDGE ( 'NONE', *, *, #7984, .F. ) ;
#6259 = FILL_AREA_STYLE_COLOUR ( '', #4756 ) ;
#6260 = CARTESIAN_POINT ( 'NONE',  ( 0.08203417585467380480, -0.7610862491323034940, -0.1499999999999999944 ) ) ;
#6261 = FILL_AREA_STYLE_COLOUR ( '', #3626 ) ;
#6262 = DIRECTION ( 'NONE',  ( 0.000000000000000000, 1.000000000000000000, 0.000000000000000000 ) ) ;
#6263 = SURFACE_STYLE_USAGE ( .BOTH. , #968 ) ;
#6264 = ORIENTED_EDGE ( 'NONE', *, *, #8241, .F. ) ;
#6265 = B_SPLINE_SURFACE_WITH_KNOTS ( 'NONE', 3, 1, ( 
 ( #5460, #2664 ),
 ( #326, #6581 ),
 ( #3974, #773 ),
 ( #2272, #5499 ),
 ( #7913, #4662 ),
 ( #7275, #964 ),
 ( #7434, #506 ),
 ( #4347, #5067 ),
 ( #2982, #4983 ),
 ( #1097, #6909 ),
 ( #8190, #8364 ) ),
 .UNSPECIFIED., .F., .F., .F.,
 ( 4, 1, 1, 1, 1, 1, 1, 1, 4 ),
 ( 2, 2 ),
 ( 0.000000000000000000, 0.1124483899088006972, 0.2265276752126776649, 0.3444019493260284670, 0.4658649724874589504, 0.5916594493521170062, 0.7221684870248874510, 0.8586063875549265756, 1.000000000000000000 ),
 ( 0.000000000000000000, 1.000000000000000000 ),
 .UNSPECIFIED. ) ;
#6266 = STYLED_ITEM ( 'NONE', ( #4931 ), #4056 ) ;
#6268 = DIRECTION ( 'NONE',  ( 1.445602896647335761E-15, 1.000000000000000000, 0.000000000000000000 ) ) ;
#6267 = CARTESIAN_POINT ( 'NONE',  ( 0.1749999999999998224, -1.524999999999999689, -0.1499999999999999944 ) ) ;
#6269 = EDGE_CURVE ( 'NONE', #1362, #554, #5077, .T. ) ;
#6270 = CARTESIAN_POINT ( 'NONE',  ( 0.000000000000000000, -1.316487659678485356, 0.4999999999999998890 ) ) ;
#6271 = AXIS2_PLACEMENT_3D ( 'NONE', #8135, #4873, #7493 ) ;
#6272 = ORIENTED_EDGE ( 'NONE', *, *, #7948, .T. ) ;
#6273 = SURFACE_SIDE_STYLE ('',( #3666 ) ) ;
#6274 = FILL_AREA_STYLE_COLOUR ( '', #6577 ) ;
#6275 = VERTEX_POINT ( 'NONE', #7691 ) ;
#6276 =( NAMED_UNIT ( * ) SI_UNIT ( $, .STERADIAN. ) SOLID_ANGLE_UNIT ( ) );
#6277 = EDGE_CURVE ( 'NONE', #246, #4837, #4441, .T. ) ;
#6278 = CARTESIAN_POINT ( 'NONE',  ( 0.1749999999999991562, 1.649999999999990585, 0.002000000000000021726 ) ) ;
#6279 = EDGE_LOOP ( 'NONE', ( #2860, #1334, #8024, #6300 ) ) ;
#6280 = CARTESIAN_POINT ( 'NONE',  ( -1.477161868811777579, 1.524976628885158281, 0.0001099524505765091481 ) ) ;
#6281 = CARTESIAN_POINT ( 'NONE',  ( -0.08771268494233119828, -0.7398675123399868214, -0.1499999999999999944 ) ) ;
#6282 = PRESENTATION_LAYER_ASSIGNMENT (  '', '', ( #5385 ) ) ;
#6283 = PRESENTATION_STYLE_ASSIGNMENT (( #6930 ) ) ;
#6284 = FACE_OUTER_BOUND ( 'NONE', #3751, .T. ) ;
#6285 = FILL_AREA_STYLE_COLOUR ( '', #6730 ) ;
#6286 = SURFACE_STYLE_USAGE ( .BOTH. , #3676 ) ;
#6287 = ADVANCED_FACE ( 'NONE', ( #3162 ), #3836, .T. ) ;
#6288 = ADVANCED_FACE ( 'NONE', ( #48 ), #3365, .T. ) ;
#6289 = DIRECTION ( 'NONE',  ( 1.421904488505579654E-16, -1.000000000000000000, 0.000000000000000000 ) ) ;
#6290 = FILL_AREA_STYLE ('',( #6764 ) ) ;
#6291 = ORIENTED_EDGE ( 'NONE', *, *, #1998, .F. ) ;
#6292 =( NAMED_UNIT ( * ) PLANE_ANGLE_UNIT ( ) SI_UNIT ( $, .RADIAN. ) );
#6293 = CARTESIAN_POINT ( 'NONE',  ( 1.474999999999999645, 1.525000000000000133, 0.000000000000000000 ) ) ;
#6294 = CARTESIAN_POINT ( 'NONE',  ( 0.1512357321625661388, -0.9042164019530942731, -0.1499999999999999944 ) ) ;
#6295 = PLANE ( 'NONE',  #4588 ) ;
#6296 = CARTESIAN_POINT ( 'NONE',  ( -0.2923547954851483111, -0.8266378682721541304, -0.1499999999999999944 ) ) ;
#6297 = CARTESIAN_POINT ( 'NONE',  ( 0.1754978081479600105, -0.8328966933852514076, -0.1499999999999998279 ) ) ;
#6298 = EDGE_CURVE ( 'NONE', #6120, #8030, #7866, .T. ) ;
#6299 = CARTESIAN_POINT ( 'NONE',  ( -0.08283463616184341682, -0.8496236099009625287, -0.1489999999999999936 ) ) ;
#6300 = ORIENTED_EDGE ( 'NONE', *, *, #7976, .F. ) ;
#6301 = STYLED_ITEM ( 'NONE', ( #3102 ), #5634 ) ;
#6302 = FACE_OUTER_BOUND ( 'NONE', #6602, .T. ) ;
#6303 = DIRECTION ( 'NONE',  ( 0.000000000000000000, -0.000000000000000000, 1.000000000000000000 ) ) ;
#6304 = DIRECTION ( 'NONE',  ( -0.000000000000000000, 1.000000000000000000, -0.000000000000000000 ) ) ;
#6305 = UNCERTAINTY_MEASURE_WITH_UNIT (LENGTH_MEASURE( 1.000000000000000082E-05 ), #1283, 'distance_accuracy_value', 'NONE');
#6306 = PRESENTATION_STYLE_ASSIGNMENT (( #5628 ) ) ;
#6307 = AXIS2_PLACEMENT_3D ( 'NONE', #3212, #3795, #5177 ) ;
#6308 = CARTESIAN_POINT ( 'NONE',  ( -0.4750000000000008105, 1.649999999999995248, 0.002000000000000021726 ) ) ;
#6309 = CARTESIAN_POINT ( 'NONE',  ( -1.574999999999999956, 1.524574886876660207, 0.002000000000000021726 ) ) ;
#6310 = EDGE_LOOP ( 'NONE', ( #7304, #4067, #3960, #4953, #1152, #2316 ) ) ;
#6311 = AXIS2_PLACEMENT_3D ( 'NONE', #7100, #1284, #2566 ) ;
#6312 = UNCERTAINTY_MEASURE_WITH_UNIT (LENGTH_MEASURE( 1.000000000000000082E-05 ), #5062, 'distance_accuracy_value', 'NONE');
#6313 = AXIS2_PLACEMENT_3D ( 'NONE', #1379, #3934, #1339 ) ;
#6314 = CARTESIAN_POINT ( 'NONE',  ( -0.08283463616184341682, -0.8276723903887672762, -0.1489999999999999936 ) ) ;
#6315 = EDGE_CURVE ( 'NONE', #1862, #3681, #5901, .T. ) ;
#6316 = PRESENTATION_STYLE_ASSIGNMENT (( #3081 ) ) ;
#6317 = VECTOR ( 'NONE', #678, 1000.000000000000000 ) ;
#6318 = AXIS2_PLACEMENT_3D ( 'NONE', #408, #8231, #4885 ) ;
#6319 = ORIENTED_EDGE ( 'NONE', *, *, #437, .F. ) ;
#6320 = PLANE ( 'NONE',  #337 ) ;
#6321 = ORIENTED_EDGE ( 'NONE', *, *, #27, .T. ) ;
#6322 = DIRECTION ( 'NONE',  ( 1.000000000000000000, 0.000000000000000000, 0.000000000000000000 ) ) ;
#6323 = ORIENTED_EDGE ( 'NONE', *, *, #6829, .T. ) ;
#6324 = VECTOR ( 'NONE', #4831, 1000.000000000000000 ) ;
#6325 = MECHANICAL_DESIGN_GEOMETRIC_PRESENTATION_REPRESENTATION (  '', ( #2468 ), #909 ) ;
#6326 = SURFACE_STYLE_USAGE ( .BOTH. , #435 ) ;
#6327 =( LENGTH_UNIT ( ) NAMED_UNIT ( * ) SI_UNIT ( .MILLI., .METRE. ) );
#6328 = FILL_AREA_STYLE_COLOUR ( '', #3582 ) ;
#6329 =( NAMED_UNIT ( * ) PLANE_ANGLE_UNIT ( ) SI_UNIT ( $, .RADIAN. ) );
#6330 = COLOUR_RGB ( '',0.000000000000000000, 0.000000000000000000, 0.000000000000000000 ) ;
#6331 = CARTESIAN_POINT ( 'NONE',  ( 0.4749999999999997558, -1.524999999999999689, 0.000000000000000000 ) ) ;
#6332 = DIRECTION ( 'NONE',  ( 0.2035585949527793648, -0.2035585949527793093, -0.9576678948579724349 ) ) ;
#6333 = FILL_AREA_STYLE_COLOUR ( '', #2183 ) ;
#6334 = EDGE_LOOP ( 'NONE', ( #2479, #2939, #5433, #6853, #4753, #6724, #7942 ) ) ;
#6335 = DIRECTION ( 'NONE',  ( 1.000000000000000000, 0.000000000000000000, -0.000000000000000000 ) ) ;
#6336 = LINE ( 'NONE', #7498, #8171 ) ;
#6337 = SURFACE_STYLE_FILL_AREA ( #6247 ) ;
#6338 = FACE_OUTER_BOUND ( 'NONE', #6232, .T. ) ;
#6339 = MECHANICAL_DESIGN_GEOMETRIC_PRESENTATION_REPRESENTATION (  '', ( #3608 ), #1477 ) ;
#6340 = EDGE_CURVE ( 'NONE', #1115, #1433, #6696, .T. ) ;
#6341 = LINE ( 'NONE', #6805, #110 ) ;
#6342 = LINE ( 'NONE', #3142, #615 ) ;
#6343 = PLANE ( 'NONE',  #3214 ) ;
#6344 =( LENGTH_UNIT ( ) NAMED_UNIT ( * ) SI_UNIT ( .MILLI., .METRE. ) );
#6345 = ORIENTED_EDGE ( 'NONE', *, *, #3579, .T. ) ;
#6346 = COLOUR_RGB ( '',0.2509803921568627416, 0.2509803921568627416, 0.2509803921568627416 ) ;
#6347 = CARTESIAN_POINT ( 'NONE',  ( 0.1749999999999991562, 1.649999999999990585, -0.1599999999999999756 ) ) ;
#6348 =( NAMED_UNIT ( * ) SI_UNIT ( $, .STERADIAN. ) SOLID_ANGLE_UNIT ( ) );
#6349 = CARTESIAN_POINT ( 'NONE',  ( 0.3220434126186444979, -0.7398675123399868214, -0.1499999999999999944 ) ) ;
#6350 =( LENGTH_UNIT ( ) NAMED_UNIT ( * ) SI_UNIT ( .MILLI., .METRE. ) );
#6351 = VECTOR ( 'NONE', #6700, 1000.000000000000000 ) ;
#6352 = EDGE_CURVE ( 'NONE', #2022, #4568, #3461, .T. ) ;
#6353 = EDGE_CURVE ( 'NONE', #3192, #4048, #740, .T. ) ;
#6354 = ORIENTED_EDGE ( 'NONE', *, *, #3337, .F. ) ;
#6355 = COLOUR_RGB ( '',0.2509803921568627416, 0.2509803921568627416, 0.2509803921568627416 ) ;
#6356 = PRESENTATION_STYLE_ASSIGNMENT (( #7687 ) ) ;
#6357 = CARTESIAN_POINT ( 'NONE',  ( 0.1050845711552298029, -0.9203553172180356512, -0.1499999999999999944 ) ) ;
#6358 = SURFACE_STYLE_USAGE ( .BOTH. , #8200 ) ;
#6359 = ORIENTED_EDGE ( 'NONE', *, *, #4676, .T. ) ;
#6360 = SURFACE_STYLE_USAGE ( .BOTH. , #5130 ) ;
#6361 = DIRECTION ( 'NONE',  ( 1.000000000000000000, -1.445602896647335958E-15, 0.000000000000000000 ) ) ;
#6362 = EDGE_LOOP ( 'NONE', ( #1470, #4414, #2496, #8280 ) ) ;
#6363 = EDGE_CURVE ( 'NONE', #4526, #3117, #2038, .T. ) ;
#6364 = SURFACE_SIDE_STYLE ('',( #3752 ) ) ;
#6365 = EDGE_CURVE ( 'NONE', #4048, #2509, #2529, .T. ) ;
#6366 = DIRECTION ( 'NONE',  ( 0.000000000000000000, -0.000000000000000000, -1.000000000000000000 ) ) ;
#6367 = ORIENTED_EDGE ( 'NONE', *, *, #1060, .F. ) ;
#6368 =( NAMED_UNIT ( * ) SI_UNIT ( $, .STERADIAN. ) SOLID_ANGLE_UNIT ( ) );
#6369 = SURFACE_STYLE_FILL_AREA ( #1290 ) ;
#6370 = FILL_AREA_STYLE_COLOUR ( '', #5240 ) ;
#6371 = SURFACE_SIDE_STYLE ('',( #1845 ) ) ;
#6372 = DIRECTION ( 'NONE',  ( 0.000000000000000000, 0.000000000000000000, -1.000000000000000000 ) ) ;
#6373 = AXIS2_PLACEMENT_3D ( 'NONE', #8138, #6335, #4289 ) ;
#6374 = LINE ( 'NONE', #3906, #1277 ) ;
#6375 = LINE ( 'NONE', #3230, #5171 ) ;
#6376 = ORIENTED_EDGE ( 'NONE', *, *, #378, .F. ) ;
#6377 = CARTESIAN_POINT ( 'NONE',  ( 0.2025312174966932277, -0.8436403781936454571, -0.1489999999999999936 ) ) ;
#6378 = CARTESIAN_POINT ( 'NONE',  ( 0.1399004845471144287, -0.9121875593837528440, -0.1499999999999999667 ) ) ;
#6379 = DIRECTION ( 'NONE',  ( 1.000000000000000000, 0.000000000000000000, 0.000000000000000000 ) ) ;
#6380 = FACE_OUTER_BOUND ( 'NONE', #6464, .T. ) ;
#6381 = LINE ( 'NONE', #5920, #5255 ) ;
#6382 = CARTESIAN_POINT ( 'NONE',  ( -1.574999999999999734, -0.1000000000000004774, -5.486103339567992882E-16 ) ) ;
#6383 =( GEOMETRIC_REPRESENTATION_CONTEXT ( 3 ) GLOBAL_UNCERTAINTY_ASSIGNED_CONTEXT ( ( #5221 ) ) GLOBAL_UNIT_ASSIGNED_CONTEXT ( ( #8168, #4184, #339 ) ) REPRESENTATION_CONTEXT ( 'NONE', 'WORKASPACE' ) );
#6384 = EDGE_LOOP ( 'NONE', ( #1367, #3055, #1566, #2577, #5853, #5852 ) ) ;
#6385 =( NAMED_UNIT ( * ) SI_UNIT ( $, .STERADIAN. ) SOLID_ANGLE_UNIT ( ) );
#6386 = CARTESIAN_POINT ( 'NONE',  ( 0.1757019492040102771, -0.8420016586814502713, -0.1489999999999999936 ) ) ;
#6387 = EDGE_CURVE ( 'NONE', #7251, #5753, #4015, .T. ) ;
#6388 = FACE_OUTER_BOUND ( 'NONE', #7682, .T. ) ;
#6389 = COLOUR_RGB ( '',0.2509803921568627416, 0.2509803921568627416, 0.2509803921568627416 ) ;
#6390 = CARTESIAN_POINT ( 'NONE',  ( -1.366487659678485844, 1.414302419751866324, 0.5207911690817759176 ) ) ;
#6391 = DIRECTION ( 'NONE',  ( 0.000000000000000000, 0.000000000000000000, 1.000000000000000000 ) ) ;
#6392 = VERTEX_POINT ( 'NONE', #3385 ) ;
#6393 = ADVANCED_FACE ( 'NONE', ( #4700 ), #2340, .T. ) ;
#6394 = ORIENTED_EDGE ( 'NONE', *, *, #1311, .F. ) ;
#6395 = COLOUR_RGB ( '',0.000000000000000000, 0.000000000000000000, 0.000000000000000000 ) ;
#6396 = CARTESIAN_POINT ( 'NONE',  ( -0.2925099602822900380, -0.8411297853388178813, -0.1490000000000000213 ) ) ;
#6397 = ORIENTED_EDGE ( 'NONE', *, *, #6983, .T. ) ;
#6398 =( NAMED_UNIT ( * ) PLANE_ANGLE_UNIT ( ) SI_UNIT ( $, .RADIAN. ) );
#6399 = VECTOR ( 'NONE', #524, 1000.000000000000000 ) ;
#6400 = VERTEX_POINT ( 'NONE', #5621 ) ;
#6401 = CARTESIAN_POINT ( 'NONE',  ( 1.474999999999999645, 1.525000000000000133, -0.1499999999999999944 ) ) ;
#6402 = PLANE ( 'NONE',  #5850 ) ;
#6403 = ORIENTED_EDGE ( 'NONE', *, *, #4393, .T. ) ;
#6404 =( NAMED_UNIT ( * ) PLANE_ANGLE_UNIT ( ) SI_UNIT ( $, .RADIAN. ) );
#6405 = CARTESIAN_POINT ( 'NONE',  ( -0.4096639044545263286, -0.7398675123399868214, -0.1489999999999999936 ) ) ;
#6406 = CARTESIAN_POINT ( 'NONE',  ( -1.574999999999999956, 1.525000000000000133, 0.000000000000000000 ) ) ;
#6407 = PRESENTATION_STYLE_ASSIGNMENT (( #5226 ) ) ;
#6408 = FILL_AREA_STYLE_COLOUR ( '', #1472 ) ;
#6409 = EDGE_CURVE ( 'NONE', #5625, #5532, #2923, .T. ) ;
#6410 = PLANE ( 'NONE',  #2866 ) ;
#6411 = CARTESIAN_POINT ( 'NONE',  ( -0.2334904474204487212, -0.9062040499144103922, -0.1500000000000000222 ) ) ;
#6412 = COLOUR_RGB ( '',0.2509803921568627416, 0.2509803921568627416, 0.2509803921568627416 ) ;
#6413 = FILL_AREA_STYLE_COLOUR ( '', #6868 ) ;
#6414 = CARTESIAN_POINT ( 'NONE',  ( -0.4750000000000008105, 1.649999999999995248, -0.1599999999999999756 ) ) ;
#6415 =( LENGTH_UNIT ( ) NAMED_UNIT ( * ) SI_UNIT ( .MILLI., .METRE. ) );
#6416 = ORIENTED_EDGE ( 'NONE', *, *, #1890, .T. ) ;
#6417 = DIRECTION ( 'NONE',  ( -0.000000000000000000, -0.000000000000000000, -1.000000000000000000 ) ) ;
#6418 = FILL_AREA_STYLE ('',( #1349 ) ) ;
#6419 = FILL_AREA_STYLE_COLOUR ( '', #8078 ) ;
#6420 = SURFACE_STYLE_FILL_AREA ( #7244 ) ;
#6421 = EDGE_CURVE ( 'NONE', #991, #6977, #933, .T. ) ;
#6422 = DIRECTION ( 'NONE',  ( -1.000000000000000000, -0.000000000000000000, -0.000000000000000000 ) ) ;
#6423 =( NAMED_UNIT ( * ) PLANE_ANGLE_UNIT ( ) SI_UNIT ( $, .RADIAN. ) );
#6424 = DIRECTION ( 'NONE',  ( -1.902109074535973011E-16, -1.000000000000000000, 0.000000000000000000 ) ) ;
#6425 = ORIENTED_EDGE ( 'NONE', *, *, #299, .T. ) ;
#6426 = MECHANICAL_DESIGN_GEOMETRIC_PRESENTATION_REPRESENTATION (  '', ( #3835 ), #605 ) ;
#6427 = FILL_AREA_STYLE ('',( #4465 ) ) ;
#6428 = ADVANCED_FACE ( 'NONE', ( #959 ), #4972, .T. ) ;
#6429 = ORIENTED_EDGE ( 'NONE', *, *, #2753, .T. ) ;
#6430 = DIRECTION ( 'NONE',  ( 1.512840240677448800E-15, -1.000000000000000000, 0.000000000000000000 ) ) ;
#6431 = CARTESIAN_POINT ( 'NONE',  ( -0.09259073372281902137, -0.9179162928277918576, -0.1489999999999999936 ) ) ;
#6432 = CARTESIAN_POINT ( 'NONE',  ( -0.4750000000000001443, -1.524574886876659763, 0.002000000000000021726 ) ) ;
#6433 = EDGE_LOOP ( 'NONE', ( #4994, #1661, #3525, #5034, #5556, #8053 ) ) ;
#6434 = DIRECTION ( 'NONE',  ( 0.000000000000000000, 1.000000000000000000, 0.000000000000000000 ) ) ;
#6435 = ORIENTED_EDGE ( 'NONE', *, *, #6269, .F. ) ;
#6436 = AXIS2_PLACEMENT_3D ( 'NONE', #6472, #7032, #3066 ) ;
#6437 = CARTESIAN_POINT ( 'NONE',  ( -0.2923516291628825425, -0.8485344281971798353, -0.1500000000000000222 ) ) ;
#6438 = ORIENTED_EDGE ( 'NONE', *, *, #1229, .F. ) ;
#6439 =( GEOMETRIC_REPRESENTATION_CONTEXT ( 3 ) GLOBAL_UNCERTAINTY_ASSIGNED_CONTEXT ( ( #3958 ) ) GLOBAL_UNIT_ASSIGNED_CONTEXT ( ( #7628, #1816, #2966 ) ) REPRESENTATION_CONTEXT ( 'NONE', 'WORKASPACE' ) );
#6440 = CARTESIAN_POINT ( 'NONE',  ( -1.125000000000000888, 1.239999999999999769, 0.002000000000000021726 ) ) ;
#6441 = DIRECTION ( 'NONE',  ( 0.000000000000000000, 0.000000000000000000, 1.000000000000000000 ) ) ;
#6442 = CARTESIAN_POINT ( 'NONE',  ( -0.3988579209908238443, -0.7774841795957062596, -0.1500000000000000222 ) ) ;
#6443 = SURFACE_STYLE_USAGE ( .BOTH. , #5131 ) ;
#6444 = VECTOR ( 'NONE', #1997, 1000.000000000000000 ) ;
#6445 = DIRECTION ( 'NONE',  ( 0.000000000000000000, 0.000000000000000000, 1.000000000000000000 ) ) ;
#6446 = VECTOR ( 'NONE', #343, 1000.000000000000000 ) ;
#6447 = CARTESIAN_POINT ( 'NONE',  ( 0.000000000000000000, 0.000000000000000000, -0.1499999999999999944 ) ) ;
#6448 = ORIENTED_EDGE ( 'NONE', *, *, #7085, .F. ) ;
#6449 = CARTESIAN_POINT ( 'NONE',  ( 0.7750000000000006883, 1.289999999999999591, 0.002000000000000021726 ) ) ;
#6450 = PRESENTATION_LAYER_ASSIGNMENT (  '', '', ( #225 ) ) ;
#6451 = CIRCLE ( 'NONE', #2778, 0.1000000000000000472 ) ;
#6452 = CARTESIAN_POINT ( 'NONE',  ( -0.3939552664367055868, -0.7721421216887484062, -0.1489999999999999936 ) ) ;
#6453 = CARTESIAN_POINT ( 'NONE',  ( -1.475720693118509619, 1.525000000000000355, 1.080049891728722965E-16 ) ) ;
#6454 = ADVANCED_FACE ( 'NONE', ( #2547 ), #1175, .T. ) ;
#6455 = MECHANICAL_DESIGN_GEOMETRIC_PRESENTATION_REPRESENTATION (  '', ( #5090 ), #7835 ) ;
#6456 = FILL_AREA_STYLE_COLOUR ( '', #995 ) ;
#6457 = CARTESIAN_POINT ( 'NONE',  ( -0.1868361605520872659, -0.9179162928277918576, -0.1499999999999999944 ) ) ;
#6458 = VERTEX_POINT ( 'NONE', #3865 ) ;
#6459 = EDGE_CURVE ( 'NONE', #359, #2240, #3773, .T. ) ;
#6460 = SURFACE_SIDE_STYLE ('',( #7746 ) ) ;
#6461 = STYLED_ITEM ( 'NONE', ( #7290 ), #2475 ) ;
#6462 =( GEOMETRIC_REPRESENTATION_CONTEXT ( 3 ) GLOBAL_UNCERTAINTY_ASSIGNED_CONTEXT ( ( #2305 ) ) GLOBAL_UNIT_ASSIGNED_CONTEXT ( ( #4222, #2894, #5600 ) ) REPRESENTATION_CONTEXT ( 'NONE', 'WORKASPACE' ) );
#6463 = SURFACE_STYLE_FILL_AREA ( #2412 ) ;
#6464 = EDGE_LOOP ( 'NONE', ( #6831, #5251, #5319, #5410 ) ) ;
#6465 = DIRECTION ( 'NONE',  ( -1.000000000000000000, -0.000000000000000000, -0.000000000000000000 ) ) ;
#6466 = CARTESIAN_POINT ( 'NONE',  ( 0.1383442964691071198, -0.9386774660490019295, -0.1490000000000000491 ) ) ;
#6467 = LINE ( 'NONE', #2624, #1893 ) ;
#6468 = FACE_OUTER_BOUND ( 'NONE', #1157, .T. ) ;
#6469 = VECTOR ( 'NONE', #7155, 1000.000000000000000 ) ;
#6470 = VECTOR ( 'NONE', #3849, 1000.000000000000000 ) ;
#6471 = DIRECTION ( 'NONE',  ( -1.878485890581296545E-16, -0.2079116908177597867, 0.9781476007338055778 ) ) ;
#6472 = CARTESIAN_POINT ( 'NONE',  ( -1.525000000000000133, -0.1000000000000003941, 0.002000000000000021726 ) ) ;
#6473 = DIRECTION ( 'NONE',  ( 1.000000000000000000, 1.445602896647340297E-15, 0.000000000000000000 ) ) ;
#6474 = CARTESIAN_POINT ( 'NONE',  ( -0.3623315873813556243, -0.8618187318521820517, -0.1489999999999999936 ) ) ;
#6475 = VECTOR ( 'NONE', #3536, 1000.000000000000000 ) ;
#6476 = EDGE_CURVE ( 'NONE', #4020, #1506, #7228, .T. ) ;
#6477 = CARTESIAN_POINT ( 'NONE',  ( 0.06514484965554345752, -0.9132184944016632500, -0.1500000000000000222 ) ) ;
#6478 = CARTESIAN_POINT ( 'NONE',  ( 0.1163764360009560683, -0.7606742152813954494, -0.1489999999999999380 ) ) ;
#6479 = ORIENTED_EDGE ( 'NONE', *, *, #6865, .T. ) ;
#6480 = SURFACE_STYLE_FILL_AREA ( #4468 ) ;
#6481 = VECTOR ( 'NONE', #7802, 1000.000000000000000 ) ;
#6482 = CARTESIAN_POINT ( 'NONE',  ( 0.1750000000000000167, -1.650000000000008793, -0.1599999999999999756 ) ) ;
#6483 = ORIENTED_EDGE ( 'NONE', *, *, #496, .T. ) ;
#6484 = MECHANICAL_DESIGN_GEOMETRIC_PRESENTATION_REPRESENTATION (  '', ( #7038 ), #7580 ) ;
#6485 = SURFACE_STYLE_FILL_AREA ( #3882 ) ;
#6486 = ORIENTED_EDGE ( 'NONE', *, *, #5002, .F. ) ;
#6487 =( GEOMETRIC_REPRESENTATION_CONTEXT ( 3 ) GLOBAL_UNCERTAINTY_ASSIGNED_CONTEXT ( ( #8413 ) ) GLOBAL_UNIT_ASSIGNED_CONTEXT ( ( #1289, #5866, #8303 ) ) REPRESENTATION_CONTEXT ( 'NONE', 'WORKASPACE' ) );
#6488 = CARTESIAN_POINT ( 'NONE',  ( -0.3975416460164215571, -0.7725188653635549629, -0.1500000000000000222 ) ) ;
#6489 = ORIENTED_EDGE ( 'NONE', *, *, #949, .F. ) ;
#6490 = AXIS2_PLACEMENT_3D ( 'NONE', #2983, #8243, #1228 ) ;
#6491 = SURFACE_STYLE_USAGE ( .BOTH. , #7004 ) ;
#6492 =( LENGTH_UNIT ( ) NAMED_UNIT ( * ) SI_UNIT ( .MILLI., .METRE. ) );
#6493 = DIRECTION ( 'NONE',  ( 0.000000000000000000, 1.000000000000000000, 0.000000000000000000 ) ) ;
#6494 =( NAMED_UNIT ( * ) SI_UNIT ( $, .STERADIAN. ) SOLID_ANGLE_UNIT ( ) );
#6495 =( NAMED_UNIT ( * ) PLANE_ANGLE_UNIT ( ) SI_UNIT ( $, .RADIAN. ) );
#6496 = EDGE_LOOP ( 'NONE', ( #381, #2010, #4157, #3303 ) ) ;
#6497 = CARTESIAN_POINT ( 'NONE',  ( 1.574976628885158103, 1.427161868811777756, 0.0001099524505765599701 ) ) ;
#6498 =( LENGTH_UNIT ( ) NAMED_UNIT ( * ) SI_UNIT ( .MILLI., .METRE. ) );
#6499 = EDGE_CURVE ( 'NONE', #7536, #3880, #4423, .T. ) ;
#6500 = SURFACE_STYLE_USAGE ( .BOTH. , #5225 ) ;
#6501 =( NAMED_UNIT ( * ) SI_UNIT ( $, .STERADIAN. ) SOLID_ANGLE_UNIT ( ) );
#6502 = CARTESIAN_POINT ( 'NONE',  ( -0.2123591449125524500, -0.9150943927166298453, -0.1489999999999999936 ) ) ;
#6503 = PRESENTATION_STYLE_ASSIGNMENT (( #692 ) ) ;
#6504 = ORIENTED_EDGE ( 'NONE', *, *, #5174, .F. ) ;
#6505 = CARTESIAN_POINT ( 'NONE',  ( -0.1584443922594044318, -0.9179162928277918576, -0.1490000000000256120 ) ) ;
#6506 = APPLICATION_PROTOCOL_DEFINITION ( 'draft international standard', 'automotive_design', 1998, #235 ) ;
#6507 = CARTESIAN_POINT ( 'NONE',  ( -0.8250000000000006217, 1.290000000000000036, 0.002000000000000021726 ) ) ;
#6508 =( NAMED_UNIT ( * ) PLANE_ANGLE_UNIT ( ) SI_UNIT ( $, .RADIAN. ) );
#6509 = ORIENTED_EDGE ( 'NONE', *, *, #7370, .F. ) ;
#6510 = EDGE_CURVE ( 'NONE', #4615, #88, #6342, .T. ) ;
#6511 = DIRECTION ( 'NONE',  ( -0.9781476007338055778, 0.000000000000000000, 0.2079116908177596479 ) ) ;
#6512 = SURFACE_SIDE_STYLE ('',( #7795 ) ) ;
#6513 = CARTESIAN_POINT ( 'NONE',  ( 0.1555262619683412673, -0.9319142356467057242, -0.1490000000000000213 ) ) ;
#6514 = FACE_BOUND ( 'NONE', #5889, .T. ) ;
#6515 = LINE ( 'NONE', #3314, #4802 ) ;
#6516 =( LENGTH_UNIT ( ) NAMED_UNIT ( * ) SI_UNIT ( .MILLI., .METRE. ) );
#6517 = CARTESIAN_POINT ( 'NONE',  ( 1.574992209324916681, -1.426441344127283850, 3.665224457258895455E-05 ) ) ;
#6518 = ORIENTED_EDGE ( 'NONE', *, *, #7610, .T. ) ;
#6519 = VECTOR ( 'NONE', #6031, 1000.000000000000000 ) ;
#6520 = CARTESIAN_POINT ( 'NONE',  ( 0.1412201469392447839, -0.7445292267768455208, -0.1499999999999999944 ) ) ;
#6521 = EDGE_LOOP ( 'NONE', ( #4433, #4680, #8311, #7816 ) ) ;
#6522 = CARTESIAN_POINT ( 'NONE',  ( -1.125000000000000666, -1.219999999999999973, 0.002000000000000021726 ) ) ;
#6523 = UNCERTAINTY_MEASURE_WITH_UNIT (LENGTH_MEASURE( 1.000000000000000082E-05 ), #5855, 'distance_accuracy_value', 'NONE');
#6524 = CARTESIAN_POINT ( 'NONE',  ( 0.1665428215759673924, -0.7596829123983105392, -0.1490000000000000213 ) ) ;
#6525 = STYLED_ITEM ( 'NONE', ( #6966 ), #3087 ) ;
#6526 = EDGE_CURVE ( 'NONE', #554, #216, #5749, .T. ) ;
#6527 = ORIENTED_EDGE ( 'NONE', *, *, #2159, .T. ) ;
#6528 = PLANE ( 'NONE',  #778 ) ;
#6529 = ORIENTED_EDGE ( 'NONE', *, *, #7282, .T. ) ;
#6530 = MECHANICAL_DESIGN_GEOMETRIC_PRESENTATION_REPRESENTATION (  '', ( #3790 ), #8037 ) ;
#6531 = DIRECTION ( 'NONE',  ( 1.421904488505579654E-16, -1.000000000000000000, 0.000000000000000000 ) ) ;
#6532 = ORIENTED_EDGE ( 'NONE', *, *, #8241, .T. ) ;
#6533 =( NAMED_UNIT ( * ) SI_UNIT ( $, .STERADIAN. ) SOLID_ANGLE_UNIT ( ) );
#6534 = CARTESIAN_POINT ( 'NONE',  ( -1.649999999999999911, -0.1000000000000002137, 0.002000000000000021726 ) ) ;
#6535 = DIRECTION ( 'NONE',  ( 0.000000000000000000, -1.000000000000000000, 0.000000000000000000 ) ) ;
#6536 = FILL_AREA_STYLE_COLOUR ( '', #4621 ) ;
#6537 = ORIENTED_EDGE ( 'NONE', *, *, #5513, .F. ) ;
#6538 = CARTESIAN_POINT ( 'NONE',  ( 0.05375072969181514393, -0.7453553172180356068, -0.1489999999999999936 ) ) ;
#6539 = EDGE_CURVE ( 'NONE', #2350, #5063, #7335, .T. ) ;
#6540 = CARTESIAN_POINT ( 'NONE',  ( 1.125000000000001110, 1.239999999999999547, -0.1599999999999999756 ) ) ;
#6541 = DIRECTION ( 'NONE',  ( -0.000000000000000000, -0.000000000000000000, -1.000000000000000000 ) ) ;
#6542 = LINE ( 'NONE', #2130, #647 ) ;
#6543 = STYLED_ITEM ( 'NONE', ( #7968 ), #4335 ) ;
#6544 = SURFACE_STYLE_FILL_AREA ( #2668 ) ;
#6545 = ORIENTED_EDGE ( 'NONE', *, *, #7569, .T. ) ;
#6546 = EDGE_CURVE ( 'NONE', #5877, #4301, #2059, .T. ) ;
#6547 = LINE ( 'NONE', #5874, #5938 ) ;
#6548 = PRODUCT_DEFINITION_FORMATION_WITH_SPECIFIED_SOURCE ( 'ÈÎºÎ', '', #5950, .NOT_KNOWN. ) ;
#6549 = SURFACE_STYLE_FILL_AREA ( #1514 ) ;
#6550 = ORIENTED_EDGE ( 'NONE', *, *, #2918, .F. ) ;
#6551 = MECHANICAL_DESIGN_GEOMETRIC_PRESENTATION_REPRESENTATION (  '', ( #1952 ), #4642 ) ;
#6552 = SURFACE_STYLE_USAGE ( .BOTH. , #4542 ) ;
#6553 = CARTESIAN_POINT ( 'NONE',  ( 1.225000000000000089, -0.5000000000000002220, -0.1499999999999999944 ) ) ;
#6554 = CYLINDRICAL_SURFACE ( 'NONE', #7664, 0.04999999999999996808 ) ;
#6555 = SURFACE_STYLE_FILL_AREA ( #2057 ) ;
#6556 = EDGE_CURVE ( 'NONE', #5496, #4223, #2933, .T. ) ;
#6557 = CARTESIAN_POINT ( 'NONE',  ( -0.2494471871899096582, -0.7858734990192730585, -0.1500000000000000500 ) ) ;
#6558 = COLOUR_RGB ( '',0.000000000000000000, 0.000000000000000000, 0.000000000000000000 ) ;
#6559 = ADVANCED_FACE ( 'NONE', ( #155 ), #2081, .T. ) ;
#6560 = STYLED_ITEM ( 'NONE', ( #7362 ), #1104 ) ;
#6561 = CARTESIAN_POINT ( 'NONE',  ( -0.2759397884987124794, -0.7805926554898914294, -0.1500000000000000222 ) ) ;
#6562 = DIRECTION ( 'NONE',  ( -1.000000000000000000, 0.000000000000000000, -0.000000000000000000 ) ) ;
#6563 = ORIENTED_EDGE ( 'NONE', *, *, #1542, .T. ) ;
#6564 = CARTESIAN_POINT ( 'NONE',  ( 0.05928193796456653758, -0.9106658767243474006, -0.1499999999999999944 ) ) ;
#6565 = ORIENTED_EDGE ( 'NONE', *, *, #5174, .T. ) ;
#6566 = CARTESIAN_POINT ( 'NONE',  ( -1.477161868811776912, -1.524976628885157615, 0.0001099524505775662452 ) ) ;
#6567 = EDGE_CURVE ( 'NONE', #7812, #6120, #6079, .T. ) ;
#6568 = EDGE_LOOP ( 'NONE', ( #1489, #7549, #2000, #5811, #2243, #915, #1138, #3820, #1876, #801 ) ) ;
#6569 = SURFACE_STYLE_FILL_AREA ( #7858 ) ;
#6570 = ORIENTED_EDGE ( 'NONE', *, *, #6409, .F. ) ;
#6571 = VERTEX_POINT ( 'NONE', #6716 ) ;
#6572 = MECHANICAL_DESIGN_GEOMETRIC_PRESENTATION_REPRESENTATION (  '', ( #5480 ), #2218 ) ;
#6573 =( NAMED_UNIT ( * ) SI_UNIT ( $, .STERADIAN. ) SOLID_ANGLE_UNIT ( ) );
#6574 = CARTESIAN_POINT ( 'NONE',  ( 0.1026694870420785111, -0.9203236091085515991, -0.1490000000000000213 ) ) ;
#6575 = FILL_AREA_STYLE ('',( #3927 ) ) ;
#6576 = PLANE ( 'NONE',  #5772 ) ;
#6577 = COLOUR_RGB ( '',0.000000000000000000, 0.000000000000000000, 0.000000000000000000 ) ;
#6578 = VERTEX_POINT ( 'NONE', #4397 ) ;
#6579 = UNCERTAINTY_MEASURE_WITH_UNIT (LENGTH_MEASURE( 1.000000000000000082E-05 ), #2667, 'distance_accuracy_value', 'NONE');
#6580 = COLOUR_RGB ( '',1.000000000000000000, 1.000000000000000000, 1.000000000000000000 ) ;
#6581 = CARTESIAN_POINT ( 'NONE',  ( 0.05562740784681299844, -0.9305375086154289432, -0.1499999999999999944 ) ) ;
#6582 =( LENGTH_UNIT ( ) NAMED_UNIT ( * ) SI_UNIT ( .MILLI., .METRE. ) );
#6583 = CARTESIAN_POINT ( 'NONE',  ( 0.01472633944791271188, -0.7398675123399868214, -0.1499999999999999944 ) ) ;
#6584 = ORIENTED_EDGE ( 'NONE', *, *, #5564, .T. ) ;
#6585 = STYLED_ITEM ( 'NONE', ( #981 ), #5832 ) ;
#6586 = DIRECTION ( 'NONE',  ( -1.000000000000000000, 0.000000000000000000, 0.000000000000000000 ) ) ;
#6587 = SURFACE_STYLE_USAGE ( .BOTH. , #7881 ) ;
#6588 = ORIENTED_EDGE ( 'NONE', *, *, #4661, .F. ) ;
#6589 = CIRCLE ( 'NONE', #6173, 0.1000000000000000888 ) ;
#6590 =( NAMED_UNIT ( * ) SI_UNIT ( $, .STERADIAN. ) SOLID_ANGLE_UNIT ( ) );
#6591 =( GEOMETRIC_REPRESENTATION_CONTEXT ( 3 ) GLOBAL_UNCERTAINTY_ASSIGNED_CONTEXT ( ( #6684 ) ) GLOBAL_UNIT_ASSIGNED_CONTEXT ( ( #6582, #7360, #1583 ) ) REPRESENTATION_CONTEXT ( 'NONE', 'WORKASPACE' ) );
#6592 = SURFACE_STYLE_USAGE ( .BOTH. , #7886 ) ;
#6593 =( NAMED_UNIT ( * ) SI_UNIT ( $, .STERADIAN. ) SOLID_ANGLE_UNIT ( ) );
#6595 = VECTOR ( 'NONE', #1144, 1000.000000000000000 ) ;
#6594 = FILL_AREA_STYLE_COLOUR ( '', #3850 ) ;
#6596 =( GEOMETRIC_REPRESENTATION_CONTEXT ( 3 ) GLOBAL_UNCERTAINTY_ASSIGNED_CONTEXT ( ( #2263 ) ) GLOBAL_UNIT_ASSIGNED_CONTEXT ( ( #3023, #7544, #2881 ) ) REPRESENTATION_CONTEXT ( 'NONE', 'WORKASPACE' ) );
#6597 = DIRECTION ( 'NONE',  ( 0.000000000000000000, 0.000000000000000000, -1.000000000000000000 ) ) ;
#6598 = CARTESIAN_POINT ( 'NONE',  ( -0.3623315873813556243, -0.8618187318521820517, -0.1499999999999999944 ) ) ;
#6599 = DIRECTION ( 'NONE',  ( 0.000000000000000000, 0.000000000000000000, -1.000000000000000000 ) ) ;
#6600 = ORIENTED_EDGE ( 'NONE', *, *, #4741, .T. ) ;
#6601 = CARTESIAN_POINT ( 'NONE',  ( 1.354858192444553966, -1.304858192444553033, 0.5547123417059498518 ) ) ;
#6602 = EDGE_LOOP ( 'NONE', ( #7145, #1032, #5254, #1910 ) ) ;
#6603 = STYLED_ITEM ( 'NONE', ( #8356 ), #7265 ) ;
#6604 = STYLED_ITEM ( 'NONE', ( #8225 ), #1500 ) ;
#6605 = ADVANCED_FACE ( 'NONE', ( #2172 ), #6320, .T. ) ;
#6606 = DIRECTION ( 'NONE',  ( -1.000000000000000000, -1.445602896647337142E-15, 0.000000000000000000 ) ) ;
#6607 = UNCERTAINTY_MEASURE_WITH_UNIT (LENGTH_MEASURE( 1.000000000000000082E-05 ), #6671, 'distance_accuracy_value', 'NONE');
#6608 =( NAMED_UNIT ( * ) SI_UNIT ( $, .STERADIAN. ) SOLID_ANGLE_UNIT ( ) );
#6609 = ORIENTED_EDGE ( 'NONE', *, *, #1633, .F. ) ;
#6610 = DIRECTION ( 'NONE',  ( 0.000000000000000000, 0.000000000000000000, -1.000000000000000000 ) ) ;
#6611 = ORIENTED_EDGE ( 'NONE', *, *, #2210, .T. ) ;
#6612 = COLOUR_RGB ( '',0.000000000000000000, 0.000000000000000000, 0.000000000000000000 ) ;
#6613 = CARTESIAN_POINT ( 'NONE',  ( 0.09303340364834035425, -0.9415782454184301598, -0.1489999999999999936 ) ) ;
#6614 = FILL_AREA_STYLE_COLOUR ( '', #4475 ) ;
#6615 = ORIENTED_EDGE ( 'NONE', *, *, #8043, .T. ) ;
#6616 = EDGE_CURVE ( 'NONE', #2042, #1398, #2358, .T. ) ;
#6617 = LINE ( 'NONE', #3965, #6761 ) ;
#6618 = VECTOR ( 'NONE', #847, 1000.000000000000000 ) ;
#6619 = CARTESIAN_POINT ( 'NONE',  ( 0.1750000000000000167, -1.650000000000008793, 0.002000000000000021726 ) ) ;
#6620 = SURFACE_STYLE_FILL_AREA ( #4017 ) ;
#6621 =( GEOMETRIC_REPRESENTATION_CONTEXT ( 3 ) GLOBAL_UNCERTAINTY_ASSIGNED_CONTEXT ( ( #6523 ) ) GLOBAL_UNIT_ASSIGNED_CONTEXT ( ( #5855, #4990, #5814 ) ) REPRESENTATION_CONTEXT ( 'NONE', 'WORKASPACE' ) );
#6622 = ORIENTED_EDGE ( 'NONE', *, *, #1028, .T. ) ;
#6623 = SURFACE_SIDE_STYLE ('',( #8038 ) ) ;
#6624 = CARTESIAN_POINT ( 'NONE',  ( 0.2024687077983324812, -0.8472646713330165280, -0.1499999999999999944 ) ) ;
#6625 = CARTESIAN_POINT ( 'NONE',  ( -0.2395124538041272233, -0.9019068860718969516, -0.1499999999999999944 ) ) ;
#6626 = STYLED_ITEM ( 'NONE', ( #7222 ), #4916 ) ;
#6627 = FACE_OUTER_BOUND ( 'NONE', #6496, .T. ) ;
#6628 = ORIENTED_EDGE ( 'NONE', *, *, #6315, .F. ) ;
#6629 = EDGE_CURVE ( 'NONE', #1833, #4835, #4950, .T. ) ;
#6630 = CARTESIAN_POINT ( 'NONE',  ( -1.574999999999999956, 1.525000000000000133, -0.1499999999999999944 ) ) ;
#6631 = DIRECTION ( 'NONE',  ( 0.000000000000000000, 1.000000000000000000, 0.000000000000000000 ) ) ;
#6632 = ORIENTED_EDGE ( 'NONE', *, *, #8199, .F. ) ;
#6633 = LINE ( 'NONE', #2052, #6519 ) ;
#6634 = DIRECTION ( 'NONE',  ( 1.000000000000000000, 0.000000000000000000, 0.000000000000000000 ) ) ;
#6635 = VECTOR ( 'NONE', #793, 1000.000000000000114 ) ;
#6636 = CARTESIAN_POINT ( 'NONE',  ( -0.2443984775046488256, -0.7808115845397212151, -0.1489999999999999380 ) ) ;
#6637 = DIRECTION ( 'NONE',  ( 0.000000000000000000, 0.000000000000000000, -1.000000000000000000 ) ) ;
#6638 =( NAMED_UNIT ( * ) PLANE_ANGLE_UNIT ( ) SI_UNIT ( $, .RADIAN. ) );
#6639 = ORIENTED_EDGE ( 'NONE', *, *, #4019, .F. ) ;
#6640 = SURFACE_STYLE_USAGE ( .BOTH. , #1525 ) ;
#6641 = ORIENTED_EDGE ( 'NONE', *, *, #2309, .F. ) ;
#6642 = CARTESIAN_POINT ( 'NONE',  ( 1.125000000000000888, 1.525000000000000133, -0.1499999999999999944 ) ) ;
#6643 = ORIENTED_EDGE ( 'NONE', *, *, #4355, .T. ) ;
#6644 = DIRECTION ( 'NONE',  ( -0.000000000000000000, -0.000000000000000000, -1.000000000000000000 ) ) ;
#6645 = ORIENTED_EDGE ( 'NONE', *, *, #6207, .F. ) ;
#6646 = ADVANCED_FACE ( 'NONE', ( #5644 ), #6921, .F. ) ;
#6647 = COLOUR_RGB ( '',0.2509803921568627416, 0.2509803921568627416, 0.2509803921568627416 ) ;
#6648 = FACE_OUTER_BOUND ( 'NONE', #955, .T. ) ;
#6649 = CARTESIAN_POINT ( 'NONE',  ( 0.3220434126186444979, -0.7398675123399868214, -0.1489999999999999936 ) ) ;
#6650 = ORIENTED_EDGE ( 'NONE', *, *, #4709, .T. ) ;
#6651 = CARTESIAN_POINT ( 'NONE',  ( -0.1898258893137425574, -0.9397982512647558018, -0.1499999999999999944 ) ) ;
#6652 = CARTESIAN_POINT ( 'NONE',  ( 0.1682052145606946492, -0.8812261611840751518, -0.1489999999999999936 ) ) ;
#6653 = DIRECTION ( 'NONE',  ( -4.445228907190571335E-15, 1.000000000000000000, 0.000000000000000000 ) ) ;
#6654 = CARTESIAN_POINT ( 'NONE',  ( 1.366487659678486066, -1.316487659678485356, 0.4999999999999998890 ) ) ;
#6655 = EDGE_CURVE ( 'NONE', #3204, #2483, #2041, .T. ) ;
#6656 = VECTOR ( 'NONE', #7676, 1000.000000000000000 ) ;
#6657 = AXIS2_PLACEMENT_3D ( 'NONE', #5191, #1809, #7792 ) ;
#6658 = PRESENTATION_LAYER_ASSIGNMENT (  '', '', ( #32 ) ) ;
#6659 = ORIENTED_EDGE ( 'NONE', *, *, #548, .T. ) ;
#6660 = CARTESIAN_POINT ( 'NONE',  ( 0.2952141443259615472, -0.9179162928277918576, -0.1499999999999999944 ) ) ;
#6661 = FILL_AREA_STYLE ('',( #6023 ) ) ;
#6662 = DIRECTION ( 'NONE',  ( -0.000000000000000000, -0.2079116908177597867, -0.9781476007338055778 ) ) ;
#6663 = FILL_AREA_STYLE ('',( #5230 ) ) ;
#6664 = ORIENTED_EDGE ( 'NONE', *, *, #1805, .T. ) ;
#6665 = CARTESIAN_POINT ( 'NONE',  ( -0.1750000000000000167, -1.524574886876659763, 0.002000000000000021726 ) ) ;
#6666 = VERTEX_POINT ( 'NONE', #7190 ) ;
#6667 = SURFACE_STYLE_USAGE ( .BOTH. , #822 ) ;
#6668 = CARTESIAN_POINT ( 'NONE',  ( 0.1704969253989207789, -0.9216525404917368380, -0.1489999999999999936 ) ) ;
#6669 =( GEOMETRIC_REPRESENTATION_CONTEXT ( 3 ) GLOBAL_UNCERTAINTY_ASSIGNED_CONTEXT ( ( #7302 ) ) GLOBAL_UNIT_ASSIGNED_CONTEXT ( ( #1813, #3642, #2334 ) ) REPRESENTATION_CONTEXT ( 'NONE', 'WORKASPACE' ) );
#6670 = ADVANCED_FACE ( 'NONE', ( #4613 ), #3164, .T. ) ;
#6671 =( LENGTH_UNIT ( ) NAMED_UNIT ( * ) SI_UNIT ( .MILLI., .METRE. ) );
#6672 = CARTESIAN_POINT ( 'NONE',  ( 1.574999999999999956, 1.425000000000000044, -0.1499999999999999944 ) ) ;
#6673 = CARTESIAN_POINT ( 'NONE',  ( -0.2909044734364769624, -0.8593408672129252412, -0.1489999999999999380 ) ) ;
#6674 = DIRECTION ( 'NONE',  ( 0.000000000000000000, 0.000000000000000000, -1.000000000000000000 ) ) ;
#6675 = VECTOR ( 'NONE', #4186, 1000.000000000000000 ) ;
#6676 = CARTESIAN_POINT ( 'NONE',  ( -0.2759397884987124794, -0.7805926554898914294, -0.1490000000000000213 ) ) ;
#6677 = SURFACE_STYLE_FILL_AREA ( #2102 ) ;
#6678 = ORIENTED_EDGE ( 'NONE', *, *, #1869, .F. ) ;
#6679 =( NAMED_UNIT ( * ) SI_UNIT ( $, .STERADIAN. ) SOLID_ANGLE_UNIT ( ) );
#6680 =( NAMED_UNIT ( * ) PLANE_ANGLE_UNIT ( ) SI_UNIT ( $, .RADIAN. ) );
#6681 = ORIENTED_EDGE ( 'NONE', *, *, #4252, .T. ) ;
#6682 = DIRECTION ( 'NONE',  ( 0.000000000000000000, 0.000000000000000000, -1.000000000000000000 ) ) ;
#6683 = ORIENTED_EDGE ( 'NONE', *, *, #5903, .F. ) ;
#6684 = UNCERTAINTY_MEASURE_WITH_UNIT (LENGTH_MEASURE( 1.000000000000000082E-05 ), #6582, 'distance_accuracy_value', 'NONE');
#6685 = AXIS2_PLACEMENT_3D ( 'NONE', #6601, #2178, #1603 ) ;
#6686 = LINE ( 'NONE', #6126, #4265 ) ;
#6687 = CARTESIAN_POINT ( 'NONE',  ( 0.1005876199357175760, -0.7593797074619381693, -0.1499999999999999944 ) ) ;
#6688 = EDGE_LOOP ( 'NONE', ( #5235, #715, #2945, #4446 ) ) ;
#6689 = ADVANCED_FACE ( 'NONE', ( #5271 ), #4482, .T. ) ;
#6690 = PRESENTATION_LAYER_ASSIGNMENT (  '', '', ( #592 ) ) ;
#6691 = SURFACE_STYLE_USAGE ( .BOTH. , #1495 ) ;
#6692 = CARTESIAN_POINT ( 'NONE',  ( -0.1316151239667214534, -0.7398675123399868214, -0.1489999999999999936 ) ) ;
#6693 = ORIENTED_EDGE ( 'NONE', *, *, #2548, .T. ) ;
#6694 = PLANE ( 'NONE',  #3267 ) ;
#6695 = AXIS2_PLACEMENT_3D ( 'NONE', #7453, #6793, #2907 ) ;
#6696 = LINE ( 'NONE', #2652, #507 ) ;
#6697 = FACE_OUTER_BOUND ( 'NONE', #6086, .T. ) ;
#6698 = CARTESIAN_POINT ( 'NONE',  ( -0.08283463616184341682, -0.8276723903887672762, -0.1489999999999999936 ) ) ;
#6699 = CARTESIAN_POINT ( 'NONE',  ( -0.2885960431145301319, -0.8065269164653386946, -0.1490000000000000491 ) ) ;
#6701 = CARTESIAN_POINT ( 'NONE',  ( 0.1883464073888672929, -0.9006876839094487552, -0.1490000000000000213 ) ) ;
#6700 = DIRECTION ( 'NONE',  ( 0.000000000000000000, -1.000000000000000000, 0.000000000000000000 ) ) ;
#6702 = EDGE_CURVE ( 'NONE', #1491, #3925, #3257, .T. ) ;
#6703 = CARTESIAN_POINT ( 'NONE',  ( 0.1750000000000000167, -1.650000000000008793, 0.002000000000000021726 ) ) ;
#6704 = CARTESIAN_POINT ( 'NONE',  ( 1.366487659678486288, -1.316487659678485356, 0.4999999999999998890 ) ) ;
#6705 = PRESENTATION_STYLE_ASSIGNMENT (( #3435 ) ) ;
#6706 = ORIENTED_EDGE ( 'NONE', *, *, #8073, .F. ) ;
#6707 = DIRECTION ( 'NONE',  ( -1.000000000000000000, -1.445602896647340100E-15, -0.000000000000000000 ) ) ;
#6708 = PRESENTATION_STYLE_ASSIGNMENT (( #7365 ) ) ;
#6709 = ORIENTED_EDGE ( 'NONE', *, *, #8259, .T. ) ;
#6710 = CARTESIAN_POINT ( 'NONE',  ( -0.01210292884477019541, -0.8276723903887672762, -0.1499999999999999944 ) ) ;
#6711 = CARTESIAN_POINT ( 'NONE',  ( 0.2025312174966932277, -0.8436403781936454571, -0.1489999999999999936 ) ) ;
#6712 = ADVANCED_FACE ( 'NONE', ( #2196 ), #6576, .F. ) ;
#6713 = CARTESIAN_POINT ( 'NONE',  ( -0.3072248800642824462, -0.9398675123399868880, -0.1489999999999999936 ) ) ;
#6714 = AXIS2_PLACEMENT_3D ( 'NONE', #3046, #8265, #3673 ) ;
#6715 = CARTESIAN_POINT ( 'NONE',  ( -0.1963464338210475224, -0.7619916790178420385, -0.1489999999999999380 ) ) ;
#6716 = CARTESIAN_POINT ( 'NONE',  ( -1.574999999999999512, -1.424999999999999378, -0.1499999999999999944 ) ) ;
#6717 = DIRECTION ( 'NONE',  ( -1.421904488505579654E-16, 1.000000000000000000, -8.971866689102887834E-34 ) ) ;
#6718 = CARTESIAN_POINT ( 'NONE',  ( -0.2195784561239205734, -0.7434465154831607636, -0.1489999999999999658 ) ) ;
#6719 = EDGE_LOOP ( 'NONE', ( #6448, #37, #3753, #8098 ) ) ;
#6720 = VECTOR ( 'NONE', #1976, 1000.000000000000000 ) ;
#6721 = CARTESIAN_POINT ( 'NONE',  ( 0.1757019492040102771, -0.8420016586814502713, -0.1499999999999999944 ) ) ;
#6722 = ORIENTED_EDGE ( 'NONE', *, *, #6994, .F. ) ;
#6723 = CARTESIAN_POINT ( 'NONE',  ( 0.3220434126186444979, -0.9398675123399868880, -0.1489999999999999936 ) ) ;
#6724 = ORIENTED_EDGE ( 'NONE', *, *, #7707, .F. ) ;
#6725 = STYLED_ITEM ( 'NONE', ( #1000 ), #535 ) ;
#6726 = VECTOR ( 'NONE', #5297, 1000.000000000000000 ) ;
#6727 = VECTOR ( 'NONE', #6093, 1000.000000000000000 ) ;
#6728 = DIRECTION ( 'NONE',  ( -0.000000000000000000, -0.000000000000000000, -1.000000000000000000 ) ) ;
#6729 = DIRECTION ( 'NONE',  ( -1.000000000000000000, -1.445602896647340100E-15, -0.000000000000000000 ) ) ;
#6730 = COLOUR_RGB ( '',1.000000000000000000, 1.000000000000000000, 1.000000000000000000 ) ;
#6731 = EDGE_LOOP ( 'NONE', ( #2562, #97, #444, #3517 ) ) ;
#6732 = CARTESIAN_POINT ( 'NONE',  ( 0.07181570204280365854, -0.9374199516789852860, -0.1499999999999999944 ) ) ;
#6733 = SURFACE_STYLE_USAGE ( .BOTH. , #7943 ) ;
#6734 = VERTEX_POINT ( 'NONE', #5428 ) ;
#6735 =( GEOMETRIC_REPRESENTATION_CONTEXT ( 3 ) GLOBAL_UNCERTAINTY_ASSIGNED_CONTEXT ( ( #5057 ) ) GLOBAL_UNIT_ASSIGNED_CONTEXT ( ( #8404, #5668, #1221 ) ) REPRESENTATION_CONTEXT ( 'NONE', 'WORKASPACE' ) );
#6736 = VECTOR ( 'NONE', #1381, 1000.000000000000000 ) ;
#6737 = CARTESIAN_POINT ( 'NONE',  ( 1.649999999999999911, 0.09999999999999981126, 0.002000000000000021726 ) ) ;
#6738 = EDGE_CURVE ( 'NONE', #3449, #5496, #1748, .T. ) ;
#6739 = CARTESIAN_POINT ( 'NONE',  ( 0.05558919571758243194, -0.9085859500048627524, -0.1499999999999999944 ) ) ;
#6740 = FILL_AREA_STYLE_COLOUR ( '', #4723 ) ;
#6741 = VECTOR ( 'NONE', #3475, 1000.000000000000000 ) ;
#6742 = CARTESIAN_POINT ( 'NONE',  ( -0.4749999999999999223, -1.650000000000004352, -0.1599999999999999756 ) ) ;
#6743 = FILL_AREA_STYLE_COLOUR ( '', #4941 ) ;
#6744 = VECTOR ( 'NONE', #2072, 1000.000000000000227 ) ;
#6745 = LINE ( 'NONE', #1745, #6757 ) ;
#6746 = ADVANCED_FACE ( 'NONE', ( #886 ), #3507, .T. ) ;
#6747 = LINE ( 'NONE', #4103, #4270 ) ;
#6748 = DIRECTION ( 'NONE',  ( -1.000000000000000000, 0.000000000000000000, -0.000000000000000000 ) ) ;
#6749 = CARTESIAN_POINT ( 'NONE',  ( 0.2025312174966932277, -0.8436403781936454571, -0.1489999999999999936 ) ) ;
#6750 = ORIENTED_EDGE ( 'NONE', *, *, #875, .T. ) ;
#6751 = PRESENTATION_STYLE_ASSIGNMENT (( #5516 ) ) ;
#6752 = PRESENTATION_LAYER_ASSIGNMENT (  '', '', ( #6197 ) ) ;
#6753 = EDGE_CURVE ( 'NONE', #2181, #2321, #4309, .T. ) ;
#6754 =( NAMED_UNIT ( * ) SI_UNIT ( $, .STERADIAN. ) SOLID_ANGLE_UNIT ( ) );
#6755 = EDGE_LOOP ( 'NONE', ( #15, #5937, #1994, #1369 ) ) ;
#6756 = CARTESIAN_POINT ( 'NONE',  ( 0.1927581171042819785, -0.8925147363839798231, -0.1489999999999999658 ) ) ;
#6757 = VECTOR ( 'NONE', #4179, 1000.000000000000114 ) ;
#6758 = DIRECTION ( 'NONE',  ( -1.000000000000000000, -1.512840240677448800E-15, 0.000000000000000000 ) ) ;
#6759 = DIRECTION ( 'NONE',  ( 0.000000000000000000, -1.000000000000000000, 0.000000000000000000 ) ) ;
#6760 = SURFACE_SIDE_STYLE ('',( #305 ) ) ;
#6761 = VECTOR ( 'NONE', #7185, 1000.000000000000000 ) ;
#6762 = EDGE_CURVE ( 'NONE', #6786, #832, #8249, .T. ) ;
#6763 = CARTESIAN_POINT ( 'NONE',  ( 1.475000000000000089, 0.09999999999999963085, -0.1599999999999999756 ) ) ;
#6764 = FILL_AREA_STYLE_COLOUR ( '', #5559 ) ;
#6765 = VERTEX_POINT ( 'NONE', #6782 ) ;
#6766 = FILL_AREA_STYLE ('',( #5484 ) ) ;
#6767 = ORIENTED_EDGE ( 'NONE', *, *, #3148, .T. ) ;
#6768 =( NAMED_UNIT ( * ) PLANE_ANGLE_UNIT ( ) SI_UNIT ( $, .RADIAN. ) );
#6769 = ORIENTED_EDGE ( 'NONE', *, *, #1257, .F. ) ;
#6770 = PRESENTATION_LAYER_ASSIGNMENT (  '', '', ( #4594 ) ) ;
#6771 = UNCERTAINTY_MEASURE_WITH_UNIT (LENGTH_MEASURE( 1.000000000000000082E-05 ), #6327, 'distance_accuracy_value', 'NONE');
#6772 =( NAMED_UNIT ( * ) PLANE_ANGLE_UNIT ( ) SI_UNIT ( $, .RADIAN. ) );
#6773 = CARTESIAN_POINT ( 'NONE',  ( -0.3924738111917073224, -0.7773705708849758533, -0.1489999999999999936 ) ) ;
#6774 = SURFACE_STYLE_USAGE ( .BOTH. , #6253 ) ;
#6775 = ORIENTED_EDGE ( 'NONE', *, *, #6298, .F. ) ;
#6776 =( LENGTH_UNIT ( ) NAMED_UNIT ( * ) SI_UNIT ( .MILLI., .METRE. ) );
#6777 = VERTEX_POINT ( 'NONE', #4259 ) ;
#6778 = SPHERICAL_SURFACE ( 'NONE', #7356, 0.1000000000000000056 ) ;
#6779 = LINE ( 'NONE', #4173, #3763 ) ;
#6780 = ADVANCED_FACE ( 'NONE', ( #4939 ), #380, .T. ) ;
#6781 = LINE ( 'NONE', #7478, #2132 ) ;
#6782 = CARTESIAN_POINT ( 'NONE',  ( -0.3960206117715995289, -0.7642577562424259785, -0.1490000000000000213 ) ) ;
#6783 = SURFACE_SIDE_STYLE ('',( #7440 ) ) ;
#6784 = DIRECTION ( 'NONE',  ( -0.000000000000000000, -0.000000000000000000, -1.000000000000000000 ) ) ;
#6785 = CARTESIAN_POINT ( 'NONE',  ( 0.1665428215759673924, -0.7596829123983105392, -0.1499999999999999667 ) ) ;
#6786 = VERTEX_POINT ( 'NONE', #7602 ) ;
#6787 = LINE ( 'NONE', #1114, #5566 ) ;
#6788 = VERTEX_POINT ( 'NONE', #3032 ) ;
#6789 = DIRECTION ( 'NONE',  ( -0.2035585949527790317, -0.2035585949527799476, 0.9576678948579725459 ) ) ;
#6790 = DIRECTION ( 'NONE',  ( -1.084202172485504434E-16, -1.000000000000000000, 0.000000000000000000 ) ) ;
#6791 = COLOUR_RGB ( '',0.2509803921568627416, 0.2509803921568627416, 0.2509803921568627416 ) ;
#6792 = LINE ( 'NONE', #3520, #6852 ) ;
#6793 = DIRECTION ( 'NONE',  ( 0.000000000000000000, 1.000000000000000000, 0.000000000000000000 ) ) ;
#6794 = FILL_AREA_STYLE ('',( #6285 ) ) ;
#6795 = CARTESIAN_POINT ( 'NONE',  ( -0.01210292884477019541, -0.7618187318521819629, -0.1489999999999999936 ) ) ;
#6796 = B_SPLINE_CURVE_WITH_KNOTS ( 'NONE', 3,
 ( #2746, #936, #2821, #294, #5396, #8040, #1547, #3510, #1467, #5952, #7322, #4710, #2129, #144, #6106, #1509, #2085, #6624, #4663 ),
 .UNSPECIFIED., .F., .F.,
 ( 4, 1, 1, 1, 1, 1, 1, 1, 1, 1, 1, 1, 1, 1, 1, 1, 4 ),
 ( 0.000000000000000000, 0.06783324845577359818, 0.1326555365079041815, 0.1950508840508280162, 0.2555829330687772183, 0.3147998341472900141, 0.3736004728263745411, 0.4325455953267435816, 0.4924306292835651799, 0.5526712559629693988, 0.6125130441881166954, 0.6726102503570062785, 0.7338383693139460817, 0.7965942385677740045, 0.8614497992905736368, 0.9291989423509054991, 1.000000000000000000 ),
 .UNSPECIFIED. ) ;
#6797 = EDGE_LOOP ( 'NONE', ( #5189, #8270, #1526, #3979 ) ) ;
#6798 = COLOUR_RGB ( '',1.000000000000000000, 1.000000000000000000, 1.000000000000000000 ) ;
#6799 = CARTESIAN_POINT ( 'NONE',  ( 0.1270655966013796989, -0.9175197045986550615, -0.1489999999999999380 ) ) ;
#6800 = PLANE ( 'NONE',  #445 ) ;
#6801 = ORIENTED_EDGE ( 'NONE', *, *, #7868, .F. ) ;
#6802 = SURFACE_STYLE_FILL_AREA ( #805 ) ;
#6803 = FACE_OUTER_BOUND ( 'NONE', #2088, .T. ) ;
#6804 = EDGE_CURVE ( 'NONE', #3748, #6578, #1057, .T. ) ;
#6805 = CARTESIAN_POINT ( 'NONE',  ( -0.3960206117715994734, -0.7642577562424258675, -0.1489999999999999936 ) ) ;
#6806 = VECTOR ( 'NONE', #7531, 1000.000000000000000 ) ;
#6807 = CARTESIAN_POINT ( 'NONE',  ( 0.1640390433277302829, -0.7938324549301783994, -0.1489999999999999936 ) ) ;
#6808 = FACE_OUTER_BOUND ( 'NONE', #6279, .T. ) ;
#6809 = ORIENTED_EDGE ( 'NONE', *, *, #1405, .T. ) ;
#6810 = SURFACE_STYLE_USAGE ( .BOTH. , #4207 ) ;
#6811 = CARTESIAN_POINT ( 'NONE',  ( -0.1879413434789165838, -0.7618187318521819629, -0.1489999999999999936 ) ) ;
#6812 = ORIENTED_EDGE ( 'NONE', *, *, #3640, .F. ) ;
#6813 = FACE_OUTER_BOUND ( 'NONE', #5008, .T. ) ;
#6814 = CARTESIAN_POINT ( 'NONE',  ( 1.575000000000000178, -0.1000000000000004774, 6.702118801465207307E-21 ) ) ;
#6815 = EDGE_CURVE ( 'NONE', #71, #660, #3577, .T. ) ;
#6816 = PRESENTATION_STYLE_ASSIGNMENT (( #1502 ) ) ;
#6817 = CARTESIAN_POINT ( 'NONE',  ( -1.574976628885158103, 1.427161868811777756, 0.0001099524505764888193 ) ) ;
#6818 = ORIENTED_EDGE ( 'NONE', *, *, #1003, .T. ) ;
#6819 = STYLED_ITEM ( 'NONE', ( #4374 ), #2709 ) ;
#6820 = UNCERTAINTY_MEASURE_WITH_UNIT (LENGTH_MEASURE( 1.000000000000000082E-05 ), #4438, 'distance_accuracy_value', 'NONE');
#6822 = CARTESIAN_POINT ( 'NONE',  ( -1.574999999999999512, -1.524999999999999689, -0.1499999999999999944 ) ) ;
#6821 = FILL_AREA_STYLE ('',( #2891 ) ) ;
#6823 = DIRECTION ( 'NONE',  ( 0.000000000000000000, 0.000000000000000000, -1.000000000000000000 ) ) ;
#6824 = SURFACE_STYLE_USAGE ( .BOTH. , #3548 ) ;
#6825 = CARTESIAN_POINT ( 'NONE',  ( 0.1739184125204858156, -0.7665176136985576427, -0.1499999999999999112 ) ) ;
#6826 = ORIENTED_EDGE ( 'NONE', *, *, #7031, .T. ) ;
#6827 = CARTESIAN_POINT ( 'NONE',  ( 0.1750000000000000167, -1.650000000000008793, 0.002000000000000021726 ) ) ;
#6828 = VECTOR ( 'NONE', #3833, 1000.000000000000000 ) ;
#6829 = EDGE_CURVE ( 'NONE', #1649, #7310, #8287, .T. ) ;
#6830 = SURFACE_STYLE_FILL_AREA ( #5604 ) ;
#6831 = ORIENTED_EDGE ( 'NONE', *, *, #7195, .F. ) ;
#6832 = SURFACE_SIDE_STYLE ('',( #4228 ) ) ;
#6833 = DIRECTION ( 'NONE',  ( 0.000000000000000000, -1.000000000000000000, 0.000000000000000000 ) ) ;
#6834 =( NAMED_UNIT ( * ) SI_UNIT ( $, .STERADIAN. ) SOLID_ANGLE_UNIT ( ) );
#6835 =( LENGTH_UNIT ( ) NAMED_UNIT ( * ) SI_UNIT ( .MILLI., .METRE. ) );
#6836 =( GEOMETRIC_REPRESENTATION_CONTEXT ( 3 ) GLOBAL_UNCERTAINTY_ASSIGNED_CONTEXT ( ( #804 ) ) GLOBAL_UNIT_ASSIGNED_CONTEXT ( ( #6415, #5785, #2619 ) ) REPRESENTATION_CONTEXT ( 'NONE', 'WORKASPACE' ) );
#6837 = FILL_AREA_STYLE_COLOUR ( '', #3728 ) ;
#6838 = VECTOR ( 'NONE', #7117, 1000.000000000000000 ) ;
#6839 = PRESENTATION_STYLE_ASSIGNMENT (( #3558 ) ) ;
#6840 = DIRECTION ( 'NONE',  ( 1.000000000000000000, 0.000000000000000000, -0.000000000000000000 ) ) ;
#6841 = ORIENTED_EDGE ( 'NONE', *, *, #7644, .T. ) ;
#6842 = PRESENTATION_LAYER_ASSIGNMENT (  '', '', ( #2490 ) ) ;
#6843 = CARTESIAN_POINT ( 'NONE',  ( 0.1608648217929178614, -0.8937525996816865215, -0.1499999999999999944 ) ) ;
#6844 = ORIENTED_EDGE ( 'NONE', *, *, #7721, .F. ) ;
#6845 = PLANE ( 'NONE',  #8275 ) ;
#6846 = MECHANICAL_DESIGN_GEOMETRIC_PRESENTATION_REPRESENTATION (  '', ( #4535 ), #5486 ) ;
#6847 = CARTESIAN_POINT ( 'NONE',  ( -0.1898496743064018721, -0.9178511510444339327, -0.1499999999999999667 ) ) ;
#6848 = CARTESIAN_POINT ( 'NONE',  ( -0.2925907337228190741, -0.8373522684375478420, -0.1499999999999999944 ) ) ;
#6849 = CARTESIAN_POINT ( 'NONE',  ( 0.1005876199357175760, -0.7593797074619381693, -0.1489999999999999936 ) ) ;
#6850 = COLOUR_RGB ( '',1.000000000000000000, 1.000000000000000000, 1.000000000000000000 ) ;
#6851 = VERTEX_POINT ( 'NONE', #7479 ) ;
#6852 = VECTOR ( 'NONE', #265, 1000.000000000000000 ) ;
#6853 = ORIENTED_EDGE ( 'NONE', *, *, #3432, .F. ) ;
#6854 = SURFACE_STYLE_FILL_AREA ( #5021 ) ;
#6855 = PLANE ( 'NONE',  #5721 ) ;
#6856 = EDGE_CURVE ( 'NONE', #991, #998, #5028, .T. ) ;
#6857 = PRESENTATION_LAYER_ASSIGNMENT (  '', '', ( #4551 ) ) ;
#6858 = VECTOR ( 'NONE', #7738, 1000.000000000000000 ) ;
#6859 = DIRECTION ( 'NONE',  ( -0.000000000000000000, 1.000000000000000000, -0.000000000000000000 ) ) ;
#6860 = DIRECTION ( 'NONE',  ( 0.000000000000000000, 0.000000000000000000, -1.000000000000000000 ) ) ;
#6861 = VERTEX_POINT ( 'NONE', #8156 ) ;
#6862 =( BOUNDED_CURVE ( )  B_SPLINE_CURVE ( 3, ( #8197, #8074, #8159, #4899 ),
 .UNSPECIFIED., .F., .F. ) 
 B_SPLINE_CURVE_WITH_KNOTS ( ( 4, 4 ),
 ( 3.141592653589793116, 3.163213026041169496 ),
 .UNSPECIFIED. ) 
 CURVE ( )  GEOMETRIC_REPRESENTATION_ITEM ( )  RATIONAL_B_SPLINE_CURVE ( ( 1.000000000000000000, 0.9999610470039286270, 0.9999610470039286270, 1.000000000000000000 ) ) 
 REPRESENTATION_ITEM ( '' )  );
#6863 = COLOUR_RGB ( '',0.000000000000000000, 0.000000000000000000, 0.000000000000000000 ) ;
#6864 = PRESENTATION_LAYER_ASSIGNMENT (  '', '', ( #2514 ) ) ;
#6865 = EDGE_CURVE ( 'NONE', #5593, #7240, #2311, .T. ) ;
#6866 = EDGE_CURVE ( 'NONE', #6120, #2181, #4896, .T. ) ;
#6867 = CARTESIAN_POINT ( 'NONE',  ( -1.065791696335471883, -0.9529646039254657808, 0.5999999999999999778 ) ) ;
#6868 = COLOUR_RGB ( '',0.000000000000000000, 0.000000000000000000, 0.000000000000000000 ) ;
#6869 = PRESENTATION_LAYER_ASSIGNMENT (  '', '', ( #6604 ) ) ;
#6870 = CARTESIAN_POINT ( 'NONE',  ( -1.125000000000000888, 1.649999999999999689, -0.1599999999999999756 ) ) ;
#6871 = CARTESIAN_POINT ( 'NONE',  ( 1.649999999999999911, 0.09999999999999981126, -0.1599999999999999756 ) ) ;
#6872 = VERTEX_POINT ( 'NONE', #3620 ) ;
#6873 = CARTESIAN_POINT ( 'NONE',  ( 0.1585845901406489900, -0.7537188278367914496, -0.1489999999999999936 ) ) ;
#6874 = CARTESIAN_POINT ( 'NONE',  ( -0.1907891987202045003, -0.7618773306860007200, -0.1499999999999999944 ) ) ;
#6875 = ORIENTED_EDGE ( 'NONE', *, *, #2430, .T. ) ;
#6876 = CARTESIAN_POINT ( 'NONE',  ( -0.1750000000000004607, 1.525000000000000133, -1.408281028121603674E-21 ) ) ;
#6877 = COLOUR_RGB ( '',1.000000000000000000, 1.000000000000000000, 1.000000000000000000 ) ;
#6878 = CARTESIAN_POINT ( 'NONE',  ( 1.574976628885158103, 1.427161868811777756, 0.0001099524505765599701 ) ) ;
#6879 = EDGE_LOOP ( 'NONE', ( #634, #876, #2597, #2296 ) ) ;
#6880 = CARTESIAN_POINT ( 'NONE',  ( 1.649999999999999911, -0.1000000000000002137, 0.002000000000000021726 ) ) ;
#6881 = STYLED_ITEM ( 'NONE', ( #746 ), #8305 ) ;
#6882 = ADVANCED_FACE ( 'NONE', ( #6218 ), #422, .F. ) ;
#6883 = CARTESIAN_POINT ( 'NONE',  ( -0.8250000000000000666, -1.649999999999999245, 0.002000000000000021726 ) ) ;
#6884 = MECHANICAL_DESIGN_GEOMETRIC_PRESENTATION_REPRESENTATION (  '', ( #7860 ), #1618 ) ;
#6885 = CARTESIAN_POINT ( 'NONE',  ( 0.4749999999999998113, 0.000000000000000000, -0.1499999999999999944 ) ) ;
#6886 = LINE ( 'NONE', #7456, #2076 ) ;
#6887 =( NAMED_UNIT ( * ) SI_UNIT ( $, .STERADIAN. ) SOLID_ANGLE_UNIT ( ) );
#6888 = SURFACE_STYLE_USAGE ( .BOTH. , #3054 ) ;
#6889 = ORIENTED_EDGE ( 'NONE', *, *, #2054, .T. ) ;
#6890 = PRESENTATION_LAYER_ASSIGNMENT (  '', '', ( #531 ) ) ;
#6891 = LINE ( 'NONE', #4331, #2427 ) ;
#6892 = CARTESIAN_POINT ( 'NONE',  ( -0.1859977459179409376, -0.9398675123399868880, -0.1489999999999999936 ) ) ;
#6893 = VERTEX_POINT ( 'NONE', #6432 ) ;
#6894 = SURFACE_SIDE_STYLE ('',( #8224 ) ) ;
#6895 = CARTESIAN_POINT ( 'NONE',  ( 1.475000000000000533, -1.524999999999999689, -0.1499999999999999944 ) ) ;
#6896 = CARTESIAN_POINT ( 'NONE',  ( -0.1750000000000005718, 1.239999999999999547, -0.1599999999999999756 ) ) ;
#6897 = STYLED_ITEM ( 'NONE', ( #4333 ), #4933 ) ;
#6898 = SURFACE_SIDE_STYLE ('',( #6252 ) ) ;
#6899 = ORIENTED_EDGE ( 'NONE', *, *, #4907, .T. ) ;
#6900 = CARTESIAN_POINT ( 'NONE',  ( -1.366487659678485178, -1.316487659678485356, 0.4999999999999998890 ) ) ;
#6901 = DIRECTION ( 'NONE',  ( -0.000000000000000000, -0.000000000000000000, -1.000000000000000000 ) ) ;
#6902 = VERTEX_POINT ( 'NONE', #6482 ) ;
#6903 = FILL_AREA_STYLE_COLOUR ( '', #6389 ) ;
#6904 =( NAMED_UNIT ( * ) PLANE_ANGLE_UNIT ( ) SI_UNIT ( $, .RADIAN. ) );
#6905 = EDGE_CURVE ( 'NONE', #3843, #6666, #3920, .T. ) ;
#6906 = CARTESIAN_POINT ( 'NONE',  ( 0.05552680681736690133, -0.7711525509124227407, -0.1499999999999999944 ) ) ;
#6907 = PRESENTATION_LAYER_ASSIGNMENT (  '', '', ( #8141 ) ) ;
#6908 = UNCERTAINTY_MEASURE_WITH_UNIT (LENGTH_MEASURE( 1.000000000000000082E-05 ), #6136, 'distance_accuracy_value', 'NONE');
#6909 = CARTESIAN_POINT ( 'NONE',  ( 0.1060868187699747917, -0.9422749359681519277, -0.1499999999999999944 ) ) ;
#6910 = DIRECTION ( 'NONE',  ( -1.000000000000000000, 0.000000000000000000, 0.000000000000000000 ) ) ;
#6911 = EDGE_CURVE ( 'NONE', #2042, #1837, #6589, .T. ) ;
#6912 = CARTESIAN_POINT ( 'NONE',  ( -0.8250000000000000666, -1.219999999999999751, -0.1499999999999999944 ) ) ;
#6913 = FILL_AREA_STYLE ('',( #2985 ) ) ;
#6914 = ORIENTED_EDGE ( 'NONE', *, *, #8064, .T. ) ;
#6916 =( LENGTH_UNIT ( ) NAMED_UNIT ( * ) SI_UNIT ( .MILLI., .METRE. ) );
#6915 = SURFACE_STYLE_USAGE ( .BOTH. , #6783 ) ;
#6917 = CARTESIAN_POINT ( 'NONE',  ( -0.5250000000000007994, 1.239999999999999769, 0.002000000000000021726 ) ) ;
#6918 = DIRECTION ( 'NONE',  ( 1.000000000000000000, 0.000000000000000000, -0.000000000000000000 ) ) ;
#6919 = EDGE_CURVE ( 'NONE', #5724, #6047, #3784, .T. ) ;
#6920 = CARTESIAN_POINT ( 'NONE',  ( 0.1219026759160977691, -0.7390869939063677840, -0.1489999999999999380 ) ) ;
#6921 = PLANE ( 'NONE',  #6307 ) ;
#6922 = VERTEX_POINT ( 'NONE', #679 ) ;
#6923 = DIRECTION ( 'NONE',  ( 0.000000000000000000, 0.000000000000000000, -1.000000000000000000 ) ) ;
#6924 = VECTOR ( 'NONE', #4068, 1000.000000000000000 ) ;
#6925 =( NAMED_UNIT ( * ) PLANE_ANGLE_UNIT ( ) SI_UNIT ( $, .RADIAN. ) );
#6926 = ORIENTED_EDGE ( 'NONE', *, *, #7877, .T. ) ;
#6927 = UNCERTAINTY_MEASURE_WITH_UNIT (LENGTH_MEASURE( 1.000000000000000082E-05 ), #5562, 'distance_accuracy_value', 'NONE');
#6928 = FILL_AREA_STYLE ('',( #1076 ) ) ;
#6929 = DIRECTION ( 'NONE',  ( -1.421904488505579654E-16, 1.000000000000000000, -0.000000000000000000 ) ) ;
#6930 = SURFACE_STYLE_USAGE ( .BOTH. , #3635 ) ;
#6931 = EDGE_CURVE ( 'NONE', #2212, #685, #585, .T. ) ;
#6932 = AXIS2_PLACEMENT_3D ( 'NONE', #3799, #3842, #5083 ) ;
#6933 = DIRECTION ( 'NONE',  ( 0.000000000000000000, -0.000000000000000000, -1.000000000000000000 ) ) ;
#6934 = CARTESIAN_POINT ( 'NONE',  ( 0.3220434126186444979, -0.7398675123399868214, -0.1489999999999999936 ) ) ;
#6935 = LINE ( 'NONE', #1082, #1273 ) ;
#6936 = SURFACE_SIDE_STYLE ('',( #2911 ) ) ;
#6937 =( NAMED_UNIT ( * ) SI_UNIT ( $, .STERADIAN. ) SOLID_ANGLE_UNIT ( ) );
#6938 = EDGE_LOOP ( 'NONE', ( #1441, #7256, #2760, #7319 ) ) ;
#6939 =( GEOMETRIC_REPRESENTATION_CONTEXT ( 3 ) GLOBAL_UNCERTAINTY_ASSIGNED_CONTEXT ( ( #8301 ) ) GLOBAL_UNIT_ASSIGNED_CONTEXT ( ( #4682, #4729, #7460 ) ) REPRESENTATION_CONTEXT ( 'NONE', 'WORKASPACE' ) );
#6940 = CYLINDRICAL_SURFACE ( 'NONE', #5702, 0.1000000000000000749 ) ;
#6941 = DIRECTION ( 'NONE',  ( 0.000000000000000000, 1.000000000000000000, 0.000000000000000000 ) ) ;
#6942 = DIRECTION ( 'NONE',  ( 1.000000000000000000, 0.000000000000000000, -0.000000000000000000 ) ) ;
#6943 = FILL_AREA_STYLE_COLOUR ( '', #6580 ) ;
#6944 = UNCERTAINTY_MEASURE_WITH_UNIT (LENGTH_MEASURE( 1.000000000000000082E-05 ), #4633, 'distance_accuracy_value', 'NONE');
#6945 = CARTESIAN_POINT ( 'NONE',  ( 0.05375072969181514393, -0.7721845855107185574, -0.1489999999999999936 ) ) ;
#6946 = CARTESIAN_POINT ( 'NONE',  ( -0.2395124538041272233, -0.9019068860718969516, -0.1489999999999999936 ) ) ;
#6947 = CARTESIAN_POINT ( 'NONE',  ( 0.1749999999999991562, 0.000000000000000000, -0.1499999999999999944 ) ) ;
#6948 = SURFACE_STYLE_USAGE ( .BOTH. , #4342 ) ;
#6949 = VERTEX_POINT ( 'NONE', #3247 ) ;
#6950 = EDGE_CURVE ( 'NONE', #2042, #1107, #101, .T. ) ;
#6951 = PRESENTATION_STYLE_ASSIGNMENT (( #4345 ) ) ;
#6952 = CARTESIAN_POINT ( 'NONE',  ( 0.09847719399383310368, -0.7594116155812058455, -0.1489999999999999936 ) ) ;
#6953 = PRESENTATION_LAYER_ASSIGNMENT (  '', '', ( #2197 ) ) ;
#6954 = DIRECTION ( 'NONE',  ( 0.000000000000000000, 0.000000000000000000, -1.000000000000000000 ) ) ;
#6955 = VERTEX_POINT ( 'NONE', #5069 ) ;
#6956 = VECTOR ( 'NONE', #1288, 1000.000000000000000 ) ;
#6958 = CARTESIAN_POINT ( 'NONE',  ( 0.8249999999999992895, -1.220000000000013518, -0.1599999999999999756 ) ) ;
#6957 = CARTESIAN_POINT ( 'NONE',  ( -0.2759477526929795532, -0.8968072812436830299, -0.1489999999999999936 ) ) ;
#6959 = LINE ( 'NONE', #4313, #4815 ) ;
#6960 = PRESENTATION_STYLE_ASSIGNMENT (( #553 ) ) ;
#6961 = VECTOR ( 'NONE', #6332, 1000.000000000000114 ) ;
#6962 = PRESENTATION_STYLE_ASSIGNMENT (( #5643 ) ) ;
#6963 = VERTEX_POINT ( 'NONE', #7178 ) ;
#6964 = VECTOR ( 'NONE', #8173, 1000.000000000000000 ) ;
#6965 = CARTESIAN_POINT ( 'NONE',  ( -0.3364931727472093015, -0.9398675123399868880, -0.1489999999999999936 ) ) ;
#6966 = PRESENTATION_STYLE_ASSIGNMENT (( #2482 ) ) ;
#6967 = ORIENTED_EDGE ( 'NONE', *, *, #6004, .F. ) ;
#6968 = CARTESIAN_POINT ( 'NONE',  ( 0.2196043882284005599, -0.9398675123399868880, -0.1489999999999999936 ) ) ;
#6969 = CARTESIAN_POINT ( 'NONE',  ( -1.574976628885158103, 1.427161868811777756, 0.0001099524505764888193 ) ) ;
#6970 = PRESENTATION_LAYER_ASSIGNMENT (  '', '', ( #5891 ) ) ;
#6971 = EDGE_CURVE ( 'NONE', #6955, #5593, #8239, .T. ) ;
#6972 = SURFACE_SIDE_STYLE ('',( #3597 ) ) ;
#6973 = CARTESIAN_POINT ( 'NONE',  ( 0.2952141443259615472, -0.9179162928277918576, -0.1489999999999999936 ) ) ;
#6974 = CARTESIAN_POINT ( 'NONE',  ( 0.08729132478420521812, -0.7378857787029592386, -0.1489999999999999658 ) ) ;
#6975 = DIRECTION ( 'NONE',  ( -0.000000000000000000, 0.000000000000000000, -1.000000000000000000 ) ) ;
#6976 = FACE_OUTER_BOUND ( 'NONE', #3409, .T. ) ;
#6977 = VERTEX_POINT ( 'NONE', #3203 ) ;
#6978 = ADVANCED_FACE ( 'NONE', ( #5851 ), #5118, .F. ) ;
#6979 = CARTESIAN_POINT ( 'NONE',  ( 0.1648620253435460203, -0.8877288293548090126, -0.1489999999999999658 ) ) ;
#6980 =( NAMED_UNIT ( * ) PLANE_ANGLE_UNIT ( ) SI_UNIT ( $, .RADIAN. ) );
#6981 = CARTESIAN_POINT ( 'NONE',  ( 0.000000000000000000, 0.000000000000000000, 0.002000000000000021726 ) ) ;
#6982 = FILL_AREA_STYLE_COLOUR ( '', #6355 ) ;
#6983 = EDGE_CURVE ( 'NONE', #1637, #2321, #2112, .T. ) ;
#6984 = CARTESIAN_POINT ( 'NONE',  ( -0.7750000000000004663, 1.289999999999999813, 0.002000000000000021726 ) ) ;
#6985 = DIRECTION ( 'NONE',  ( -1.000000000000000000, -1.445602896647337142E-15, 0.000000000000000000 ) ) ;
#6986 = CARTESIAN_POINT ( 'NONE',  ( -0.2646108140379617724, -0.8556904774821134652, -0.1489999999999999658 ) ) ;
#6987 = DIRECTION ( 'NONE',  ( 1.000000000000000000, -1.445602896647335958E-15, 0.000000000000000000 ) ) ;
#6988 = ORIENTED_EDGE ( 'NONE', *, *, #126, .T. ) ;
#6989 = STYLED_ITEM ( 'NONE', ( #2837 ), #5594 ) ;
#6990 = PRESENTATION_STYLE_ASSIGNMENT (( #2463 ) ) ;
#6991 = FILL_AREA_STYLE ('',( #7675 ) ) ;
#6992 = SURFACE_STYLE_FILL_AREA ( #8240 ) ;
#6993 = VECTOR ( 'NONE', #4076, 1000.000000000000000 ) ;
#6994 = EDGE_CURVE ( 'NONE', #4687, #2212, #167, .T. ) ;
#6995 = CARTESIAN_POINT ( 'NONE',  ( -0.4292142093325751473, -0.8618187318521820517, -0.1489999999999999936 ) ) ;
#6996 = STYLED_ITEM ( 'NONE', ( #5996 ), #5746 ) ;
#6997 = MECHANICAL_DESIGN_GEOMETRIC_PRESENTATION_REPRESENTATION (  '', ( #4803 ), #3326 ) ;
#6998 = SURFACE_STYLE_FILL_AREA ( #7730 ) ;
#6999 = VERTEX_POINT ( 'NONE', #6009 ) ;
#7000 = EDGE_CURVE ( 'NONE', #5334, #1862, #3497, .T. ) ;
#7001 = MECHANICAL_DESIGN_GEOMETRIC_PRESENTATION_REPRESENTATION (  '', ( #5081 ), #7411 ) ;
#7003 = CARTESIAN_POINT ( 'NONE',  ( 1.225000000000000089, 0.000000000000000000, -0.1499999999999999944 ) ) ;
#7002 = DIRECTION ( 'NONE',  ( 0.000000000000000000, -0.000000000000000000, -1.000000000000000000 ) ) ;
#7004 = SURFACE_SIDE_STYLE ('',( #3300 ) ) ;
#7005 = PRESENTATION_LAYER_ASSIGNMENT (  '', '', ( #6725 ) ) ;
#7006 = VECTOR ( 'NONE', #4295, 1000.000000000000000 ) ;
#7007 = STYLED_ITEM ( 'NONE', ( #4245 ), #7196 ) ;
#7008 = ORIENTED_EDGE ( 'NONE', *, *, #4773, .T. ) ;
#7009 = ORIENTED_EDGE ( 'NONE', *, *, #194, .F. ) ;
#7010 =( NAMED_UNIT ( * ) PLANE_ANGLE_UNIT ( ) SI_UNIT ( $, .RADIAN. ) );
#7011 = VECTOR ( 'NONE', #1027, 1000.000000000000000 ) ;
#7012 = ORIENTED_EDGE ( 'NONE', *, *, #7086, .T. ) ;
#7013 = MECHANICAL_DESIGN_GEOMETRIC_PRESENTATION_REPRESENTATION (  '', ( #5652 ), #1866 ) ;
#7014 = UNCERTAINTY_MEASURE_WITH_UNIT (LENGTH_MEASURE( 1.000000000000000082E-05 ), #4192, 'distance_accuracy_value', 'NONE');
#7015 = DIRECTION ( 'NONE',  ( 0.000000000000000000, 0.000000000000000000, -1.000000000000000000 ) ) ;
#7016 = DIRECTION ( 'NONE',  ( 0.000000000000000000, 0.000000000000000000, 1.000000000000000000 ) ) ;
#7017 = EDGE_CURVE ( 'NONE', #7901, #8244, #7900, .T. ) ;
#7018 = FACE_OUTER_BOUND ( 'NONE', #4889, .T. ) ;
#7019 = CARTESIAN_POINT ( 'NONE',  ( -0.3953727459179410264, -0.7642577562424259785, -0.1490000000000000213 ) ) ;
#7020 = CARTESIAN_POINT ( 'NONE',  ( 0.09395117377793948954, -0.7374776988498008556, -0.1489999999999999936 ) ) ;
#7021 = VECTOR ( 'NONE', #5320, 1000.000000000000114 ) ;
#7022 = ADVANCED_FACE ( 'NONE', ( #5972 ), #130, .T. ) ;
#7023 = DIRECTION ( 'NONE',  ( 0.000000000000000000, -0.000000000000000000, 1.000000000000000000 ) ) ;
#7024 = EDGE_LOOP ( 'NONE', ( #6769, #4767, #7635, #1085, #7807, #5205, #6584 ) ) ;
#7025 = FACE_OUTER_BOUND ( 'NONE', #1523, .T. ) ;
#7026 = CARTESIAN_POINT ( 'NONE',  ( 0.000000000000000000, 0.000000000000000000, -0.1599999999999999756 ) ) ;
#7027 = PLANE ( 'NONE',  #5764 ) ;
#7028 = SURFACE_STYLE_USAGE ( .BOTH. , #360 ) ;
#7029 = CARTESIAN_POINT ( 'NONE',  ( 0.4749999999999998113, -1.220000000000008633, -0.1499999999999999944 ) ) ;
#7030 = CARTESIAN_POINT ( 'NONE',  ( 0.05534275439394591156, -0.7447090792918606983, -0.1489999999999999658 ) ) ;
#7031 = EDGE_CURVE ( 'NONE', #3412, #8373, #4001, .T. ) ;
#7032 = DIRECTION ( 'NONE',  ( -1.517883041479707588E-15, -1.000000000000000000, 0.000000000000000000 ) ) ;
#7033 = FILL_AREA_STYLE_COLOUR ( '', #8246 ) ;
#7034 = AXIS2_PLACEMENT_3D ( 'NONE', #771, #5908, #2043 ) ;
#7035 =( NAMED_UNIT ( * ) PLANE_ANGLE_UNIT ( ) SI_UNIT ( $, .RADIAN. ) );
#7036 = CARTESIAN_POINT ( 'NONE',  ( -1.366487659678485178, -1.316487659678485578, 0.4999999999999998890 ) ) ;
#7037 = ORIENTED_EDGE ( 'NONE', *, *, #5033, .T. ) ;
#7038 = STYLED_ITEM ( 'NONE', ( #5682 ), #1703 ) ;
#7039 =( NAMED_UNIT ( * ) PLANE_ANGLE_UNIT ( ) SI_UNIT ( $, .RADIAN. ) );
#7040 = DIRECTION ( 'NONE',  ( -1.000000000000000000, 0.000000000000000000, 0.000000000000000000 ) ) ;
#7041 = FACE_OUTER_BOUND ( 'NONE', #2924, .T. ) ;
#7042 = COLOUR_RGB ( '',1.000000000000000000, 1.000000000000000000, 1.000000000000000000 ) ;
#7043 = UNCERTAINTY_MEASURE_WITH_UNIT (LENGTH_MEASURE( 1.000000000000000082E-05 ), #6006, 'distance_accuracy_value', 'NONE');
#7044 = SURFACE_STYLE_USAGE ( .BOTH. , #8192 ) ;
#7045 = ORIENTED_EDGE ( 'NONE', *, *, #7815, .F. ) ;
#7046 = SURFACE_STYLE_USAGE ( .BOTH. , #5719 ) ;
#7047 = ORIENTED_EDGE ( 'NONE', *, *, #3271, .F. ) ;
#7049 = CARTESIAN_POINT ( 'NONE',  ( 0.05375072969181514393, -0.9075504391692551520, -0.1499999999999999667 ) ) ;
#7048 = CARTESIAN_POINT ( 'NONE',  ( 1.525000000000000133, -0.1000000000000007827, 0.002000000000000021726 ) ) ;
#7050 = EDGE_CURVE ( 'NONE', #8299, #4930, #4005, .T. ) ;
#7051 = FILL_AREA_STYLE_COLOUR ( '', #7151 ) ;
#7052 = SURFACE_SIDE_STYLE ('',( #5769 ) ) ;
#7053 =( GEOMETRIC_REPRESENTATION_CONTEXT ( 3 ) GLOBAL_UNCERTAINTY_ASSIGNED_CONTEXT ( ( #3529 ) ) GLOBAL_UNIT_ASSIGNED_CONTEXT ( ( #3221, #7656, #2572 ) ) REPRESENTATION_CONTEXT ( 'NONE', 'WORKASPACE' ) );
#7054 = SURFACE_STYLE_FILL_AREA ( #3038 ) ;
#7055 = ORIENTED_EDGE ( 'NONE', *, *, #7340, .T. ) ;
#7056 = LINE ( 'NONE', #1113, #521 ) ;
#7057 = FACE_OUTER_BOUND ( 'NONE', #7058, .T. ) ;
#7058 = EDGE_LOOP ( 'NONE', ( #3853, #1444, #21, #4057, #7609, #6532, #5126 ) ) ;
#7059 = CARTESIAN_POINT ( 'NONE',  ( -1.125000000000000222, -1.524574886876659763, 0.002000000000000021726 ) ) ;
#7060 = LINE ( 'NONE', #1927, #7331 ) ;
#7061 = CARTESIAN_POINT ( 'NONE',  ( -0.3946989640782668229, -0.7683723261973042229, -0.1499999999999999389 ) ) ;
#7062 =( NAMED_UNIT ( * ) PLANE_ANGLE_UNIT ( ) SI_UNIT ( $, .RADIAN. ) );
#7063 = DIRECTION ( 'NONE',  ( -0.000000000000000000, -0.000000000000000000, -1.000000000000000000 ) ) ;
#7064 = PRESENTATION_LAYER_ASSIGNMENT (  '', '', ( #153 ) ) ;
#7065 = EDGE_CURVE ( 'NONE', #3086, #1716, #7342, .T. ) ;
#7066 = DIRECTION ( 'NONE',  ( 0.000000000000000000, -0.000000000000000000, 1.000000000000000000 ) ) ;
#7067 = DIRECTION ( 'NONE',  ( 0.000000000000000000, -0.000000000000000000, 1.000000000000000000 ) ) ;
#7068 = LINE ( 'NONE', #1936, #3265 ) ;
#7069 = ORIENTED_EDGE ( 'NONE', *, *, #3571, .T. ) ;
#7070 = DIRECTION ( 'NONE',  ( -0.2035585949527793648, 0.2035585949527793370, -0.9576678948579725459 ) ) ;
#7071 = PLANE ( 'NONE',  #1811 ) ;
#7072 =( LENGTH_UNIT ( ) NAMED_UNIT ( * ) SI_UNIT ( .MILLI., .METRE. ) );
#7073 = PLANE ( 'NONE',  #803 ) ;
#7074 = AXIS2_PLACEMENT_3D ( 'NONE', #7239, #8045, #2203 ) ;
#7075 = FACE_OUTER_BOUND ( 'NONE', #5372, .T. ) ;
#7076 = CARTESIAN_POINT ( 'NONE',  ( 0.07489361909048308785, -0.7393618447937765348, -0.1500000000000000222 ) ) ;
#7077 = DIRECTION ( 'NONE',  ( 0.000000000000000000, 1.000000000000000000, 0.000000000000000000 ) ) ;
#7078 = COLOUR_RGB ( '',0.000000000000000000, 0.000000000000000000, 0.000000000000000000 ) ;
#7079 = FILL_AREA_STYLE_COLOUR ( '', #2802 ) ;
#7080 = PLANE ( 'NONE',  #2336 ) ;
#7081 = VERTEX_POINT ( 'NONE', #7305 ) ;
#7082 = CARTESIAN_POINT ( 'NONE',  ( 1.125000000000001110, 1.524574886876660207, 0.002000000000000021726 ) ) ;
#7083 = CARTESIAN_POINT ( 'NONE',  ( 0.1754978081479600105, -0.8328966933852514076, -0.1489999999999999658 ) ) ;
#7084 = CARTESIAN_POINT ( 'NONE',  ( -1.649999999999999911, -0.1000000000000002137, -0.1599999999999999756 ) ) ;
#7085 = EDGE_CURVE ( 'NONE', #6200, #798, #6052, .T. ) ;
#7086 = EDGE_CURVE ( 'NONE', #3086, #5688, #3418, .T. ) ;
#7087 =( NAMED_UNIT ( * ) SI_UNIT ( $, .STERADIAN. ) SOLID_ANGLE_UNIT ( ) );
#7088 =( GEOMETRIC_REPRESENTATION_CONTEXT ( 3 ) GLOBAL_UNCERTAINTY_ASSIGNED_CONTEXT ( ( #5312 ) ) GLOBAL_UNIT_ASSIGNED_CONTEXT ( ( #3490, #7337, #6679 ) ) REPRESENTATION_CONTEXT ( 'NONE', 'WORKASPACE' ) );
#7089 = LINE ( 'NONE', #3330, #1712 ) ;
#7090 =( GEOMETRIC_REPRESENTATION_CONTEXT ( 3 ) GLOBAL_UNCERTAINTY_ASSIGNED_CONTEXT ( ( #3878 ) ) GLOBAL_UNIT_ASSIGNED_CONTEXT ( ( #4430, #6904, #7598 ) ) REPRESENTATION_CONTEXT ( 'NONE', 'WORKASPACE' ) );
#7091 = ORIENTED_EDGE ( 'NONE', *, *, #6365, .F. ) ;
#7092 = FILL_AREA_STYLE ('',( #628 ) ) ;
#7093 = ORIENTED_EDGE ( 'NONE', *, *, #7540, .F. ) ;
#7094 = STYLED_ITEM ( 'NONE', ( #1894 ), #4311 ) ;
#7095 = EDGE_CURVE ( 'NONE', #3155, #474, #2766, .T. ) ;
#7097 =( NAMED_UNIT ( * ) PLANE_ANGLE_UNIT ( ) SI_UNIT ( $, .RADIAN. ) );
#7096 = CARTESIAN_POINT ( 'NONE',  ( 1.350714582286638876, -1.398529342360018912, 0.5949976638985933208 ) ) ;
#7098 = ORIENTED_EDGE ( 'NONE', *, *, #3163, .T. ) ;
#7099 =( NAMED_UNIT ( * ) PLANE_ANGLE_UNIT ( ) SI_UNIT ( $, .RADIAN. ) );
#7100 = CARTESIAN_POINT ( 'NONE',  ( 1.574999999999999956, 1.525000000000000133, 0.000000000000000000 ) ) ;
#7101 = CARTESIAN_POINT ( 'NONE',  ( 0.05375072969181514393, -0.9295016586814502935, -0.1489999999999999936 ) ) ;
#7102 =( NAMED_UNIT ( * ) SI_UNIT ( $, .STERADIAN. ) SOLID_ANGLE_UNIT ( ) );
#7103 = ORIENTED_EDGE ( 'NONE', *, *, #5002, .T. ) ;
#7104 = UNCERTAINTY_MEASURE_WITH_UNIT (LENGTH_MEASURE( 1.000000000000000082E-05 ), #5781, 'distance_accuracy_value', 'NONE');
#7105 = LINE ( 'NONE', #2485, #6956 ) ;
#7106 = VECTOR ( 'NONE', #2910, 1000.000000000000000 ) ;
#7107 = PRESENTATION_LAYER_ASSIGNMENT (  '', '', ( #8058 ) ) ;
#7108 = SURFACE_SIDE_STYLE ('',( #1722 ) ) ;
#7109 = SURFACE_SIDE_STYLE ('',( #4493 ) ) ;
#7110 = ORIENTED_EDGE ( 'NONE', *, *, #6353, .F. ) ;
#7111 = STYLED_ITEM ( 'NONE', ( #4762 ), #635 ) ;
#7112 = COLOUR_RGB ( '',0.000000000000000000, 0.000000000000000000, 0.000000000000000000 ) ;
#7113 = CARTESIAN_POINT ( 'NONE',  ( -0.8250000000000000666, -1.649999999999999245, 0.002000000000000021726 ) ) ;
#7114 = ORIENTED_EDGE ( 'NONE', *, *, #1762, .F. ) ;
#7115 = PRESENTATION_STYLE_ASSIGNMENT (( #6552 ) ) ;
#7116 = CARTESIAN_POINT ( 'NONE',  ( -0.3924738111917073224, -0.7773705708849758533, -0.1499999999999999944 ) ) ;
#7117 = DIRECTION ( 'NONE',  ( -0.000000000000000000, -0.000000000000000000, -1.000000000000000000 ) ) ;
#7118 = SURFACE_SIDE_STYLE ('',( #6420 ) ) ;
#7119 = CARTESIAN_POINT ( 'NONE',  ( -0.1584443922594044318, -0.7618187318521819629, -0.1489999999999999936 ) ) ;
#7120 = CARTESIAN_POINT ( 'NONE',  ( 0.09849090634753875084, -0.7374451568368645127, -0.1499999999999999667 ) ) ;
#7121 = CARTESIAN_POINT ( 'NONE',  ( 0.1749999999999991562, 1.649999999999990585, 0.002000000000000021726 ) ) ;
#7122 = DIRECTION ( 'NONE',  ( -0.000000000000000000, -0.000000000000000000, -1.000000000000000000 ) ) ;
#7123 = CARTESIAN_POINT ( 'NONE',  ( 0.1749999999999991562, 1.649999999999990585, -0.1599999999999999756 ) ) ;
#7124 = CARTESIAN_POINT ( 'NONE',  ( -0.08771268494233119828, -0.7618187318521819629, -0.1499999999999999944 ) ) ;
#7125 = SURFACE_SIDE_STYLE ('',( #1361 ) ) ;
#7126 = VERTEX_POINT ( 'NONE', #6687 ) ;
#7127 = UNCERTAINTY_MEASURE_WITH_UNIT (LENGTH_MEASURE( 1.000000000000000082E-05 ), #1679, 'distance_accuracy_value', 'NONE');
#7128 = CARTESIAN_POINT ( 'NONE',  ( -0.4877126849423312205, -0.9398675123399868880, -0.1489999999999999936 ) ) ;
#7129 = ORIENTED_EDGE ( 'NONE', *, *, #5795, .T. ) ;
#7130 = VECTOR ( 'NONE', #3264, 1000.000000000000000 ) ;
#7131 = ADVANCED_FACE ( 'NONE', ( #245 ), #279, .T. ) ;
#7132 = FILL_AREA_STYLE_COLOUR ( '', #904 ) ;
#7133 = ORIENTED_EDGE ( 'NONE', *, *, #1611, .T. ) ;
#7135 = CARTESIAN_POINT ( 'NONE',  ( 1.464302419751866813, -1.397466062997985814, 0.5207911690817759176 ) ) ;
#7134 = DIRECTION ( 'NONE',  ( 0.000000000000000000, 0.000000000000000000, -1.000000000000000000 ) ) ;
#7136 = ORIENTED_EDGE ( 'NONE', *, *, #194, .T. ) ;
#7137 = PRESENTATION_LAYER_ASSIGNMENT (  '', '', ( #3702 ) ) ;
#7138 = SURFACE_STYLE_USAGE ( .BOTH. , #4479 ) ;
#7139 = DIRECTION ( 'NONE',  ( 0.000000000000000000, -0.000000000000000000, 1.000000000000000000 ) ) ;
#7140 = CARTESIAN_POINT ( 'NONE',  ( -0.3962979509720781501, -0.7657952310366246129, -0.1489999999999999936 ) ) ;
#7141 =( NAMED_UNIT ( * ) SI_UNIT ( $, .STERADIAN. ) SOLID_ANGLE_UNIT ( ) );
#7142 = EDGE_CURVE ( 'NONE', #5587, #2404, #6451, .T. ) ;
#7143 = COLOUR_RGB ( '',0.000000000000000000, 0.000000000000000000, 0.000000000000000000 ) ;
#7144 = DIRECTION ( 'NONE',  ( -1.000000000000000000, 1.084202172485504434E-16, -0.000000000000000000 ) ) ;
#7145 = ORIENTED_EDGE ( 'NONE', *, *, #1689, .F. ) ;
#7146 =( NAMED_UNIT ( * ) SI_UNIT ( $, .STERADIAN. ) SOLID_ANGLE_UNIT ( ) );
#7147 = VECTOR ( 'NONE', #6251, 1000.000000000000000 ) ;
#7148 = COLOUR_RGB ( '',1.000000000000000000, 1.000000000000000000, 1.000000000000000000 ) ;
#7149 = CARTESIAN_POINT ( 'NONE',  ( -0.3921715264057458739, -0.7782821464863283190, -0.1499999999999999667 ) ) ;
#7150 = CARTESIAN_POINT ( 'NONE',  ( 0.1749999999999991562, 1.525000000000000133, 0.000000000000000000 ) ) ;
#7151 = COLOUR_RGB ( '',0.000000000000000000, 0.000000000000000000, 0.000000000000000000 ) ;
#7152 = CARTESIAN_POINT ( 'NONE',  ( 1.573753234685352220, -1.483738302695271072, 0.005865569638747411899 ) ) ;
#7153 = FILL_AREA_STYLE ('',( #14 ) ) ;
#7154 = ORIENTED_EDGE ( 'NONE', *, *, #4440, .F. ) ;
#7155 = DIRECTION ( 'NONE',  ( -1.000000000000000000, -0.000000000000000000, 0.000000000000000000 ) ) ;
#7156 = STYLED_ITEM ( 'NONE', ( #7455 ), #7355 ) ;
#7157 = PRESENTATION_LAYER_ASSIGNMENT (  '', '', ( #365 ) ) ;
#7158 = SURFACE_STYLE_USAGE ( .BOTH. , #5095 ) ;
#7159 = CARTESIAN_POINT ( 'NONE',  ( -1.574999999999999956, 1.525000000000000133, 0.000000000000000000 ) ) ;
#7160 = CARTESIAN_POINT ( 'NONE',  ( -0.3555861605520873048, -0.8837699513643770821, -0.1499999999999999944 ) ) ;
#7161 = VERTEX_POINT ( 'NONE', #2969 ) ;
#7162 =( NAMED_UNIT ( * ) SI_UNIT ( $, .STERADIAN. ) SOLID_ANGLE_UNIT ( ) );
#7163 = SURFACE_SIDE_STYLE ('',( #8398 ) ) ;
#7164 = EDGE_CURVE ( 'NONE', #2727, #5334, #3612, .T. ) ;
#7165 = FACE_OUTER_BOUND ( 'NONE', #2558, .T. ) ;
#7166 = EDGE_CURVE ( 'NONE', #3157, #5807, #6212, .T. ) ;
#7167 = LINE ( 'NONE', #1352, #2118 ) ;
#7168 = COLOUR_RGB ( '',0.000000000000000000, 0.000000000000000000, 0.000000000000000000 ) ;
#7169 = VECTOR ( 'NONE', #6249, 1000.000000000000000 ) ;
#7170 = CARTESIAN_POINT ( 'NONE',  ( 0.08094186935859801202, -0.7384625204465908865, -0.1499999999999999944 ) ) ;
#7171 = CARTESIAN_POINT ( 'NONE',  ( -0.2655685149570597425, -0.8289051620100365003, -0.1500000000000000222 ) ) ;
#7172 = B_SPLINE_CURVE_WITH_KNOTS ( 'NONE', 3,
 ( #577, #5751, #5842, #4503, #2507, #1307, #2549, #670, #8358, #5107, #7722 ),
 .UNSPECIFIED., .F., .F.,
 ( 4, 1, 1, 1, 1, 1, 1, 1, 4 ),
 ( 0.000000000000000000, 0.1252796967356254731, 0.2494199707420511336, 0.3733567994928199685, 0.4966812787822861286, 0.6202029157439824525, 0.7450863201614567055, 0.8712691950190979417, 1.000000000000000000 ),
 .UNSPECIFIED. ) ;
#7173 = LINE ( 'NONE', #5060, #781 ) ;
#7174 = FILL_AREA_STYLE ('',( #34 ) ) ;
#7175 = DIRECTION ( 'NONE',  ( -1.000000000000000000, -1.512840240677448800E-15, 0.000000000000000000 ) ) ;
#7176 = ORIENTED_EDGE ( 'NONE', *, *, #6753, .T. ) ;
#7177 = PLANE ( 'NONE',  #4696 ) ;
#7178 = CARTESIAN_POINT ( 'NONE',  ( 0.1005876199357175760, -0.7593797074619381693, -0.1489999999999999936 ) ) ;
#7179 = ORIENTED_EDGE ( 'NONE', *, *, #3682, .F. ) ;
#7180 = CIRCLE ( 'NONE', #3492, 0.05000000000000012768 ) ;
#7181 = ADVANCED_FACE ( 'NONE', ( #6808 ), #4974, .T. ) ;
#7182 = CARTESIAN_POINT ( 'NONE',  ( 0.3220434126186444979, -0.9398675123399868880, -0.1489999999999999936 ) ) ;
#7183 = ORIENTED_EDGE ( 'NONE', *, *, #6277, .F. ) ;
#7184 = CIRCLE ( 'NONE', #3224, 0.1000000000000000472 ) ;
#7185 = DIRECTION ( 'NONE',  ( -1.000000000000000000, 0.000000000000000000, 0.000000000000000000 ) ) ;
#7186 = ORIENTED_EDGE ( 'NONE', *, *, #344, .F. ) ;
#7187 = EDGE_CURVE ( 'NONE', #7366, #8327, #4845, .T. ) ;
#7188 = CARTESIAN_POINT ( 'NONE',  ( 0.08408314921869419756, -0.9186538501375259846, -0.1499999999999999389 ) ) ;
#7189 = CARTESIAN_POINT ( 'NONE',  ( 0.1757019492040102771, -0.8420016586814502713, -0.1499999999999999944 ) ) ;
#7190 = CARTESIAN_POINT ( 'NONE',  ( -1.574999999999999734, 0.1000000000000002554, -0.1499999999999999944 ) ) ;
#7191 =( GEOMETRIC_REPRESENTATION_CONTEXT ( 3 ) GLOBAL_UNCERTAINTY_ASSIGNED_CONTEXT ( ( #7810 ) ) GLOBAL_UNIT_ASSIGNED_CONTEXT ( ( #2500, #116, #3184 ) ) REPRESENTATION_CONTEXT ( 'NONE', 'WORKASPACE' ) );
#7192 = EDGE_LOOP ( 'NONE', ( #6003, #6075, #3068, #4362 ) ) ;
#7193 = CARTESIAN_POINT ( 'NONE',  ( -0.3072248800642824462, -0.9398675123399868880, -0.1499999999999999944 ) ) ;
#7194 = CARTESIAN_POINT ( 'NONE',  ( 0.4749999999999997558, -1.524999999999999689, -0.1499999999999999944 ) ) ;
#7195 = EDGE_CURVE ( 'NONE', #4565, #3412, #997, .T. ) ;
#7196 = ADVANCED_FACE ( 'NONE', ( #4297 ), #4800, .T. ) ;
#7197 = DIRECTION ( 'NONE',  ( 1.512840240677448800E-15, -1.000000000000000000, 0.000000000000000000 ) ) ;
#7198 = ORIENTED_EDGE ( 'NONE', *, *, #5574, .T. ) ;
#7199 = PRESENTATION_STYLE_ASSIGNMENT (( #148 ) ) ;
#7200 = SURFACE_STYLE_FILL_AREA ( #3096 ) ;
#7201 = VERTEX_POINT ( 'NONE', #1260 ) ;
#7202 = CARTESIAN_POINT ( 'NONE',  ( -0.08283463616184341682, -0.8276723903887672762, -0.1499999999999999944 ) ) ;
#7203 = CARTESIAN_POINT ( 'NONE',  ( 0.000000000000000000, 0.000000000000000000, -0.1499999999999999944 ) ) ;
#7204 = LINE ( 'NONE', #3812, #3977 ) ;
#7205 = EDGE_CURVE ( 'NONE', #975, #6902, #7173, .T. ) ;
#7206 = DIRECTION ( 'NONE',  ( -0.000000000000000000, -1.000000000000000000, -0.000000000000000000 ) ) ;
#7207 = CARTESIAN_POINT ( 'NONE',  ( -0.2656959093136538885, -0.8348597377515046825, -0.1490000000000000213 ) ) ;
#7208 = SURFACE_SIDE_STYLE ('',( #2019 ) ) ;
#7209 = PLANE ( 'NONE',  #4420 ) ;
#7210 = CARTESIAN_POINT ( 'NONE',  ( -0.1880556727472093015, -0.7398675123399868214, -0.1499999999999999944 ) ) ;
#7211 = SURFACE_STYLE_USAGE ( .BOTH. , #2175 ) ;
#7212 = ORIENTED_EDGE ( 'NONE', *, *, #1487, .F. ) ;
#7213 = DIRECTION ( 'NONE',  ( 1.000000000000000000, 1.421904488505579654E-16, -0.000000000000000000 ) ) ;
#7214 = PRESENTATION_STYLE_ASSIGNMENT (( #3917 ) ) ;
#7215 = ORIENTED_EDGE ( 'NONE', *, *, #7476, .F. ) ;
#7216 = SURFACE_SIDE_STYLE ('',( #3244 ) ) ;
#7217 = UNCERTAINTY_MEASURE_WITH_UNIT (LENGTH_MEASURE( 1.000000000000000082E-05 ), #8314, 'distance_accuracy_value', 'NONE');
#7218 = STYLED_ITEM ( 'NONE', ( #3043 ), #2953 ) ;
#7219 = ORIENTED_EDGE ( 'NONE', *, *, #2548, .F. ) ;
#7220 = ORIENTED_EDGE ( 'NONE', *, *, #5930, .T. ) ;
#7221 = ORIENTED_EDGE ( 'NONE', *, *, #1059, .T. ) ;
#7222 = PRESENTATION_STYLE_ASSIGNMENT (( #4608 ) ) ;
#7223 = UNCERTAINTY_MEASURE_WITH_UNIT (LENGTH_MEASURE( 1.000000000000000082E-05 ), #7741, 'distance_accuracy_value', 'NONE');
#7224 = DIRECTION ( 'NONE',  ( 1.000000000000000000, -5.421010862427522170E-17, -0.000000000000000000 ) ) ;
#7225 = FILL_AREA_STYLE ('',( #5129 ) ) ;
#7226 = CARTESIAN_POINT ( 'NONE',  ( -0.2909044734364769624, -0.8593408672129252412, -0.1499999999999999389 ) ) ;
#7227 =( LENGTH_UNIT ( ) NAMED_UNIT ( * ) SI_UNIT ( .MILLI., .METRE. ) );
#7228 = B_SPLINE_CURVE_WITH_KNOTS ( 'NONE', 3,
 ( #2418, #5059, #3238, #1819, #5793, #1220, #1259, #2589, #6946, #5667, #1133, #8276, #5016, #5106, #7631, #6986, #7670, #8355, #1856 ),
 .UNSPECIFIED., .F., .F.,
 ( 4, 1, 1, 1, 1, 1, 1, 1, 1, 1, 1, 1, 1, 1, 1, 1, 4 ),
 ( 0.000000000000000000, 0.07082657255516344730, 0.1381690332798000131, 0.2024753315338422843, 0.2639737544135199454, 0.3233803205980372297, 0.3817976227131856803, 0.4393900745193891622, 0.4969027245459974318, 0.5546621696093702036, 0.6127418784921979666, 0.6715388363911728442, 0.7316557220901981351, 0.7942978116139536304, 0.8594822049793586771, 0.9276813254527900288, 1.000000000000000000 ),
 .UNSPECIFIED. ) ;
#7229 =( GEOMETRIC_REPRESENTATION_CONTEXT ( 3 ) GLOBAL_UNCERTAINTY_ASSIGNED_CONTEXT ( ( #2838 ) ) GLOBAL_UNIT_ASSIGNED_CONTEXT ( ( #3372, #6680, #5374 ) ) REPRESENTATION_CONTEXT ( 'NONE', 'WORKASPACE' ) );
#7230 = ORIENTED_EDGE ( 'NONE', *, *, #6567, .F. ) ;
#7231 = FILL_AREA_STYLE_COLOUR ( '', #2460 ) ;
#7232 = FILL_AREA_STYLE ('',( #6099 ) ) ;
#7233 = DIRECTION ( 'NONE',  ( -1.512840240677448800E-15, 1.000000000000000000, 0.000000000000000000 ) ) ;
#7234 = CARTESIAN_POINT ( 'NONE',  ( -1.474999999999999867, 1.525000000000000133, 0.000000000000000000 ) ) ;
#7235 = COLOUR_RGB ( '',1.000000000000000000, 1.000000000000000000, 1.000000000000000000 ) ;
#7236 = ORIENTED_EDGE ( 'NONE', *, *, #3477, .F. ) ;
#7237 = DIRECTION ( 'NONE',  ( 0.000000000000000000, 0.000000000000000000, -1.000000000000000000 ) ) ;
#7238 = ADVANCED_FACE ( 'NONE', ( #4460 ), #3817, .T. ) ;
#7239 = CARTESIAN_POINT ( 'NONE',  ( -0.7750000000000004663, 1.289999999999999813, 0.002000000000000021726 ) ) ;
#7240 = VERTEX_POINT ( 'NONE', #2461 ) ;
#7241 = COLOUR_RGB ( '',0.000000000000000000, 0.000000000000000000, 0.000000000000000000 ) ;
#7242 = DIRECTION ( 'NONE',  ( 1.000000000000000000, 0.000000000000000000, 0.000000000000000000 ) ) ;
#7243 = CARTESIAN_POINT ( 'NONE',  ( -0.1879413434789165838, -0.7618187318521819629, -0.1499999999999999944 ) ) ;
#7244 = FILL_AREA_STYLE ('',( #2055 ) ) ;
#7245 = SURFACE_STYLE_USAGE ( .BOTH. , #7208 ) ;
#7246 = CARTESIAN_POINT ( 'NONE',  ( 1.124999999999999778, -1.220000000000013074, -0.1499999999999999944 ) ) ;
#7247 = EDGE_CURVE ( 'NONE', #1319, #273, #7719, .T. ) ;
#7248 = AXIS2_PLACEMENT_3D ( 'NONE', #5280, #2087, #894 ) ;
#7249 = CARTESIAN_POINT ( 'NONE',  ( -0.2383741083397509508, -0.7500232201381157315, -0.1500000000000000222 ) ) ;
#7250 = FILL_AREA_STYLE_COLOUR ( '', #196 ) ;
#7251 = VERTEX_POINT ( 'NONE', #3732 ) ;
#7252 = CARTESIAN_POINT ( 'NONE',  ( 0.1008162784723029837, -0.7374284879497429168, -0.1499999999999999944 ) ) ;
#7253 = DIRECTION ( 'NONE',  ( 1.512840240677448800E-15, -1.000000000000000000, 0.000000000000000000 ) ) ;
#7254 = VERTEX_POINT ( 'NONE', #1176 ) ;
#7255 =( NAMED_UNIT ( * ) SI_UNIT ( $, .STERADIAN. ) SOLID_ANGLE_UNIT ( ) );
#7256 = ORIENTED_EDGE ( 'NONE', *, *, #7763, .T. ) ;
#7257 = CARTESIAN_POINT ( 'NONE',  ( 0.1955133086599648296, -0.8004736363556145262, -0.1490000000000000491 ) ) ;
#7258 = EDGE_LOOP ( 'NONE', ( #8022, #502, #2645, #3628 ) ) ;
#7259 = DIRECTION ( 'NONE',  ( -1.421904488505579654E-16, 1.000000000000000000, -0.000000000000000000 ) ) ;
#7260 = ORIENTED_EDGE ( 'NONE', *, *, #6971, .T. ) ;
#7261 = VECTOR ( 'NONE', #1233, 1000.000000000000000 ) ;
#7262 = SURFACE_SIDE_STYLE ('',( #4649 ) ) ;
#7263 = ORIENTED_EDGE ( 'NONE', *, *, #4201, .T. ) ;
#7264 = CARTESIAN_POINT ( 'NONE',  ( -0.2286679779773230781, -0.9330256756535770801, -0.1490000000000000213 ) ) ;
#7265 = ADVANCED_FACE ( 'NONE', ( #1356 ), #4424, .T. ) ;
#7266 = CARTESIAN_POINT ( 'NONE',  ( -0.01210292884477019541, -0.7618187318521819629, -0.1499999999999999944 ) ) ;
#7267 = MECHANICAL_DESIGN_GEOMETRIC_PRESENTATION_REPRESENTATION (  '', ( #3846 ), #6027 ) ;
#7268 =( NAMED_UNIT ( * ) SI_UNIT ( $, .STERADIAN. ) SOLID_ANGLE_UNIT ( ) );
#7269 = VECTOR ( 'NONE', #7499, 1000.000000000000000 ) ;
#7270 = VECTOR ( 'NONE', #7224, 1000.000000000000000 ) ;
#7271 = ORIENTED_EDGE ( 'NONE', *, *, #5727, .T. ) ;
#7272 = UNCERTAINTY_MEASURE_WITH_UNIT (LENGTH_MEASURE( 1.000000000000000082E-05 ), #2516, 'distance_accuracy_value', 'NONE');
#7273 = VECTOR ( 'NONE', #5703, 1000.000000000000000 ) ;
#7274 =( NAMED_UNIT ( * ) SI_UNIT ( $, .STERADIAN. ) SOLID_ANGLE_UNIT ( ) );
#7275 = CARTESIAN_POINT ( 'NONE',  ( 0.07854902453867598777, -0.9391909215912591646, -0.1489999999999999658 ) ) ;
#7276 = CARTESIAN_POINT ( 'NONE',  ( 0.8250000000000006217, 1.525000000000000133, 3.217989697379303847E-21 ) ) ;
#7277 = CARTESIAN_POINT ( 'NONE',  ( -0.2395124538041272233, -0.9019068860718969516, -0.1489999999999999936 ) ) ;
#7278 = STYLED_ITEM ( 'NONE', ( #2608 ), #6689 ) ;
#7279 = LINE ( 'NONE', #6025, #4421 ) ;
#7280 = VERTEX_POINT ( 'NONE', #2721 ) ;
#7281 = CARTESIAN_POINT ( 'NONE',  ( -0.3364931727472093015, -0.9398675123399868880, -0.1499999999999999944 ) ) ;
#7282 = EDGE_CURVE ( 'NONE', #2473, #3748, #5651, .T. ) ;
#7283 = CARTESIAN_POINT ( 'NONE',  ( -1.065791696335471883, -0.9529646039254657808, 0.5989999999999999769 ) ) ;
#7284 = ORIENTED_EDGE ( 'NONE', *, *, #2104, .F. ) ;
#7285 = MECHANICAL_DESIGN_GEOMETRIC_PRESENTATION_REPRESENTATION (  '', ( #902 ), #7967 ) ;
#7286 = DIRECTION ( 'NONE',  ( -0.000000000000000000, -0.000000000000000000, 1.000000000000000000 ) ) ;
#7287 = LINE ( 'NONE', #6076, #2074 ) ;
#7288 = STYLED_ITEM ( 'NONE', ( #3472 ), #6105 ) ;
#7289 = EDGE_CURVE ( 'NONE', #3117, #1664, #2099, .T. ) ;
#7290 = PRESENTATION_STYLE_ASSIGNMENT (( #5289 ) ) ;
#7291 = CARTESIAN_POINT ( 'NONE',  ( -0.2538278406007424826, -0.7915784423723070118, -0.1489999999999999658 ) ) ;
#7292 = LINE ( 'NONE', #1480, #1724 ) ;
#7293 = CARTESIAN_POINT ( 'NONE',  ( -0.2195784561239205734, -0.7434465154831607636, -0.1499999999999999667 ) ) ;
#7294 = VERTEX_POINT ( 'NONE', #871 ) ;
#7295 = DIRECTION ( 'NONE',  ( 0.000000000000000000, -0.000000000000000000, 1.000000000000000000 ) ) ;
#7296 = VERTEX_POINT ( 'NONE', #7246 ) ;
#7297 = STYLED_ITEM ( 'NONE', ( #7199 ), #7503 ) ;
#7298 = VECTOR ( 'NONE', #1619, 1000.000000000000000 ) ;
#7299 = LINE ( 'NONE', #1488, #217 ) ;
#7300 = ORIENTED_EDGE ( 'NONE', *, *, #6235, .F. ) ;
#7301 = EDGE_CURVE ( 'NONE', #4526, #7901, #7292, .T. ) ;
#7302 = UNCERTAINTY_MEASURE_WITH_UNIT (LENGTH_MEASURE( 1.000000000000000082E-05 ), #1813, 'distance_accuracy_value', 'NONE');
#7303 = CARTESIAN_POINT ( 'NONE',  ( -0.8250000000000000666, 1.649999999999999245, -0.1599999999999999756 ) ) ;
#7304 = ORIENTED_EDGE ( 'NONE', *, *, #7808, .F. ) ;
#7305 = CARTESIAN_POINT ( 'NONE',  ( -0.3072248800642824462, -0.9398675123399868880, -0.1489999999999999936 ) ) ;
#7306 = ORIENTED_EDGE ( 'NONE', *, *, #7476, .T. ) ;
#7307 = VECTOR ( 'NONE', #1017, 1000.000000000000000 ) ;
#7308 = DIRECTION ( 'NONE',  ( -0.000000000000000000, -0.000000000000000000, -1.000000000000000000 ) ) ;
#7309 = LINE ( 'NONE', #6692, #1855 ) ;
#7310 = VERTEX_POINT ( 'NONE', #3283 ) ;
#7311 = PRESENTATION_STYLE_ASSIGNMENT (( #2737 ) ) ;
#7312 = VECTOR ( 'NONE', #3284, 1000.000000000000000 ) ;
#7313 = CYLINDRICAL_SURFACE ( 'NONE', #6206, 0.1000000000000000472 ) ;
#7314 = STYLED_ITEM ( 'NONE', ( #6960 ), #1673 ) ;
#7315 =( LENGTH_UNIT ( ) NAMED_UNIT ( * ) SI_UNIT ( .MILLI., .METRE. ) );
#7316 = CARTESIAN_POINT ( 'NONE',  ( -0.2925109001440642786, -0.8337268751233511965, -0.1490000000000000213 ) ) ;
#7317 = VECTOR ( 'NONE', #7517, 1000.000000000000000 ) ;
#7318 = EDGE_CURVE ( 'NONE', #4322, #5602, #5885, .T. ) ;
#7319 = ORIENTED_EDGE ( 'NONE', *, *, #3840, .F. ) ;
#7320 = PRESENTATION_LAYER_ASSIGNMENT (  '', '', ( #5127 ) ) ;
#7321 = DIRECTION ( 'NONE',  ( 1.000000000000000000, -7.589415207398545238E-15, 0.000000000000000000 ) ) ;
#7322 = CARTESIAN_POINT ( 'NONE',  ( 0.1831315913242555771, -0.9083090208729605042, -0.1499999999999999944 ) ) ;
#7323 = LINE ( 'NONE', #7150, #6470 ) ;
#7324 = PRESENTATION_LAYER_ASSIGNMENT (  '', '', ( #6897 ) ) ;
#7325 = FILL_AREA_STYLE_COLOUR ( '', #8061 ) ;
#7326 = ORIENTED_EDGE ( 'NONE', *, *, #8415, .T. ) ;
#7327 = LINE ( 'NONE', #68, #6469 ) ;
#7328 = ADVANCED_FACE ( 'NONE', ( #2173 ), #7209, .T. ) ;
#7329 = LINE ( 'NONE', #261, #3964 ) ;
#7330 = ORIENTED_EDGE ( 'NONE', *, *, #7436, .T. ) ;
#7331 = VECTOR ( 'NONE', #1205, 1000.000000000000000 ) ;
#7332 =( NAMED_UNIT ( * ) PLANE_ANGLE_UNIT ( ) SI_UNIT ( $, .RADIAN. ) );
#7333 = CARTESIAN_POINT ( 'NONE',  ( 0.1633127276646057779, -0.9272474495678025841, -0.1499999999999998834 ) ) ;
#7334 = ADVANCED_FACE ( 'NONE', ( #2682 ), #6038, .F. ) ;
#7335 = LINE ( 'NONE', #198, #4399 ) ;
#7336 = ORIENTED_EDGE ( 'NONE', *, *, #2782, .F. ) ;
#7337 =( NAMED_UNIT ( * ) PLANE_ANGLE_UNIT ( ) SI_UNIT ( $, .RADIAN. ) );
#7338 = SURFACE_STYLE_USAGE ( .BOTH. , #6085 ) ;
#7339 = VERTEX_POINT ( 'NONE', #4284 ) ;
#7340 = EDGE_CURVE ( 'NONE', #1287, #5605, #1765, .T. ) ;
#7341 = CYLINDRICAL_SURFACE ( 'NONE', #505, 0.1000000000000000472 ) ;
#7342 = LINE ( 'NONE', #7941, #3336 ) ;
#7343 = ORIENTED_EDGE ( 'NONE', *, *, #3779, .T. ) ;
#7344 = AXIS2_PLACEMENT_3D ( 'NONE', #1158, #6233, #479 ) ;
#7345 = PLANE ( 'NONE',  #4829 ) ;
#7346 = CYLINDRICAL_SURFACE ( 'NONE', #2502, 0.1000000000000000749 ) ;
#7347 = ORIENTED_EDGE ( 'NONE', *, *, #1557, .T. ) ;
#7348 = CARTESIAN_POINT ( 'NONE',  ( 0.1757019492040102771, -0.8420016586814502713, -0.1489999999999999936 ) ) ;
#7349 = EDGE_CURVE ( 'NONE', #2885, #1837, #4190, .T. ) ;
#7350 =( GEOMETRIC_REPRESENTATION_CONTEXT ( 3 ) GLOBAL_UNCERTAINTY_ASSIGNED_CONTEXT ( ( #1337 ) ) GLOBAL_UNIT_ASSIGNED_CONTEXT ( ( #3982, #735, #4066 ) ) REPRESENTATION_CONTEXT ( 'NONE', 'WORKASPACE' ) );
#7351 = SURFACE_SIDE_STYLE ('',( #4094 ) ) ;
#7352 = CARTESIAN_POINT ( 'NONE',  ( -1.125000000000000888, 1.239999999999999769, -0.1499999999999999944 ) ) ;
#7353 = LINE ( 'NONE', #4811, #1190 ) ;
#7354 = SURFACE_STYLE_USAGE ( .BOTH. , #4744 ) ;
#7355 = ADVANCED_FACE ( 'NONE', ( #1598 ), #1080, .T. ) ;
#7356 = AXIS2_PLACEMENT_3D ( 'NONE', #2225, #4807, #7826 ) ;
#7357 = ADVANCED_FACE ( 'NONE', ( #1632 ), #6118, .T. ) ;
#7359 = CARTESIAN_POINT ( 'NONE',  ( -0.1316151239667214534, -0.7398675123399868214, -0.1489999999999999936 ) ) ;
#7358 = CARTESIAN_POINT ( 'NONE',  ( -0.1316151239667214534, -0.9398675123399868880, -0.1489999999999999936 ) ) ;
#7360 =( NAMED_UNIT ( * ) PLANE_ANGLE_UNIT ( ) SI_UNIT ( $, .RADIAN. ) );
#7361 = LINE ( 'NONE', #333, #4162 ) ;
#7362 = PRESENTATION_STYLE_ASSIGNMENT (( #7917 ) ) ;
#7363 = MECHANICAL_DESIGN_GEOMETRIC_PRESENTATION_REPRESENTATION (  '', ( #439 ), #974 ) ;
#7364 = ORIENTED_EDGE ( 'NONE', *, *, #6041, .F. ) ;
#7365 = SURFACE_STYLE_USAGE ( .BOTH. , #4787 ) ;
#7366 = VERTEX_POINT ( 'NONE', #5479 ) ;
#7367 = DIRECTION ( 'NONE',  ( -1.000000000000000000, -0.000000000000000000, -0.000000000000000000 ) ) ;
#7368 = CARTESIAN_POINT ( 'NONE',  ( 0.2023463829130589531, -0.8543570306644040491, -0.1489999999999999658 ) ) ;
#7369 = COLOUR_RGB ( '',0.000000000000000000, 0.000000000000000000, 0.000000000000000000 ) ;
#7370 = EDGE_CURVE ( 'NONE', #1287, #7339, #2909, .T. ) ;
#7371 = CARTESIAN_POINT ( 'NONE',  ( -0.2044785019881174559, -0.7628825329733665006, -0.1490000000000000213 ) ) ;
#7372 = CARTESIAN_POINT ( 'NONE',  ( -0.2328062736459319826, -0.7724450771513923231, -0.1489999999999999936 ) ) ;
#7373 = FILL_AREA_STYLE ('',( #3367 ) ) ;
#7374 = CARTESIAN_POINT ( 'NONE',  ( -0.2925109001440642786, -0.8337268751233511965, -0.1490000000000000213 ) ) ;
#7375 = CARTESIAN_POINT ( 'NONE',  ( 1.125000000000001110, 1.239999999999999547, 0.002000000000000021726 ) ) ;
#7376 = ORIENTED_EDGE ( 'NONE', *, *, #402, .F. ) ;
#7377 = PRESENTATION_STYLE_ASSIGNMENT (( #4765 ) ) ;
#7378 = ORIENTED_EDGE ( 'NONE', *, *, #2634, .T. ) ;
#7379 =( BOUNDED_CURVE ( )  B_SPLINE_CURVE ( 3, ( #4643, #7764, #5894, #6566 ),
 .UNSPECIFIED., .F., .F. ) 
 B_SPLINE_CURVE_WITH_KNOTS ( ( 4, 4 ),
 ( 5.519407516233520994, 7.046963098125655911 ),
 .UNSPECIFIED. ) 
 CURVE ( )  GEOMETRIC_REPRESENTATION_ITEM ( )  RATIONAL_B_SPLINE_CURVE ( ( 1.000000000000000000, 0.8148188289447340082, 0.8148188289447340082, 1.000000000000000000 ) ) 
 REPRESENTATION_ITEM ( '' )  );
#7380 = FILL_AREA_STYLE_COLOUR ( '', #4257 ) ;
#7381 = UNCERTAINTY_MEASURE_WITH_UNIT (LENGTH_MEASURE( 1.000000000000000082E-05 ), #1195, 'distance_accuracy_value', 'NONE');
#7382 = COLOUR_RGB ( '',0.2509803921568627416, 0.2509803921568627416, 0.2509803921568627416 ) ;
#7383 = MECHANICAL_DESIGN_GEOMETRIC_PRESENTATION_REPRESENTATION (  '', ( #1556 ), #2862 ) ;
#7384 = SURFACE_SIDE_STYLE ('',( #2217 ) ) ;
#7385 = CARTESIAN_POINT ( 'NONE',  ( 1.574999999999999956, 1.525000000000000133, 0.000000000000000000 ) ) ;
#7386 = ORIENTED_EDGE ( 'NONE', *, *, #2858, .T. ) ;
#7387 = DIRECTION ( 'NONE',  ( 0.000000000000000000, -0.000000000000000000, 1.000000000000000000 ) ) ;
#7388 = DIRECTION ( 'NONE',  ( -1.421904488505579654E-16, 1.000000000000000000, -0.000000000000000000 ) ) ;
#7389 = ORIENTED_EDGE ( 'NONE', *, *, #6030, .T. ) ;
#7390 = PLANE ( 'NONE',  #4875 ) ;
#7391 = CARTESIAN_POINT ( 'NONE',  ( 0.1270655966013796989, -0.9175197045986550615, -0.1489999999999999380 ) ) ;
#7392 = CARTESIAN_POINT ( 'NONE',  ( 0.4749999999999998113, -1.650000000000008349, 0.002000000000000021726 ) ) ;
#7393 = EDGE_CURVE ( 'NONE', #6963, #7126, #2958, .T. ) ;
#7394 = CARTESIAN_POINT ( 'NONE',  ( -0.1859977459179409376, -0.9398675123399868880, -0.1499999999999999944 ) ) ;
#7395 = CARTESIAN_POINT ( 'NONE',  ( -0.2552180867116417562, -0.7600376162029452987, -0.1489999999999999658 ) ) ;
#7396 = FILL_AREA_STYLE_COLOUR ( '', #3912 ) ;
#7397 = CARTESIAN_POINT ( 'NONE',  ( -0.01210292884477019541, -0.9179162928277918576, -0.1489999999999999936 ) ) ;
#7398 = EDGE_CURVE ( 'NONE', #836, #6893, #2534, .T. ) ;
#7399 = CARTESIAN_POINT ( 'NONE',  ( 0.2024441128056606864, -0.8397492759716858046, -0.1499999999999999389 ) ) ;
#7400 = EDGE_LOOP ( 'NONE', ( #6026, #5697, #7893 ) ) ;
#7401 = LINE ( 'NONE', #6073, #2001 ) ;
#7402 = AXIS2_PLACEMENT_3D ( 'NONE', #7894, #6161, #2146 ) ;
#7403 =( LENGTH_UNIT ( ) NAMED_UNIT ( * ) SI_UNIT ( .MILLI., .METRE. ) );
#7404 = ORIENTED_EDGE ( 'NONE', *, *, #7608, .T. ) ;
#7405 = PRESENTATION_STYLE_ASSIGNMENT (( #8012 ) ) ;
#7406 = CARTESIAN_POINT ( 'NONE',  ( 0.1633127276646057779, -0.9272474495678025841, -0.1489999999999999936 ) ) ;
#7407 = FACE_OUTER_BOUND ( 'NONE', #8329, .T. ) ;
#7408 = CIRCLE ( 'NONE', #5773, 0.1000000000000000472 ) ;
#7409 =( NAMED_UNIT ( * ) PLANE_ANGLE_UNIT ( ) SI_UNIT ( $, .RADIAN. ) );
#7410 = DIRECTION ( 'NONE',  ( 1.000000000000000000, 1.445602896647340297E-15, 0.000000000000000000 ) ) ;
#7411 =( GEOMETRIC_REPRESENTATION_CONTEXT ( 3 ) GLOBAL_UNCERTAINTY_ASSIGNED_CONTEXT ( ( #4200 ) ) GLOBAL_UNIT_ASSIGNED_CONTEXT ( ( #7227, #8378, #5861 ) ) REPRESENTATION_CONTEXT ( 'NONE', 'WORKASPACE' ) );
#7412 = FILL_AREA_STYLE_COLOUR ( '', #4366 ) ;
#7413 = ORIENTED_EDGE ( 'NONE', *, *, #5529, .F. ) ;
#7414 = STYLED_ITEM ( 'NONE', ( #6407 ), #5959 ) ;
#7415 = EDGE_CURVE ( 'NONE', #977, #4909, #5144, .T. ) ;
#7416 = SURFACE_SIDE_STYLE ('',( #5411 ) ) ;
#7417 = CYLINDRICAL_SURFACE ( 'NONE', #6685, 0.1000000000000000749 ) ;
#7418 = EDGE_LOOP ( 'NONE', ( #4556, #4428, #6040, #7640 ) ) ;
#7419 = CARTESIAN_POINT ( 'NONE',  ( 0.1749999999999991562, 1.649999999999990585, -0.1599999999999999756 ) ) ;
#7420 = ORIENTED_EDGE ( 'NONE', *, *, #1987, .F. ) ;
#7421 = STYLED_ITEM ( 'NONE', ( #4427 ), #566 ) ;
#7422 = VECTOR ( 'NONE', #8059, 1000.000000000000000 ) ;
#7423 = MECHANICAL_DESIGN_GEOMETRIC_PRESENTATION_REPRESENTATION (  '', ( #7832 ), #1590 ) ;
#7424 = CARTESIAN_POINT ( 'NONE',  ( -0.2470153059007134666, -0.7546445584831642517, -0.1500000000000000500 ) ) ;
#7425 = FILL_AREA_STYLE ('',( #3647 ) ) ;
#7426 = FILL_AREA_STYLE ('',( #3648 ) ) ;
#7427 = ORIENTED_EDGE ( 'NONE', *, *, #3420, .F. ) ;
#7428 = PRESENTATION_STYLE_ASSIGNMENT (( #6691 ) ) ;
#7429 = ORIENTED_EDGE ( 'NONE', *, *, #4626, .T. ) ;
#7430 = COLOUR_RGB ( '',0.000000000000000000, 0.000000000000000000, 0.000000000000000000 ) ;
#7431 = MECHANICAL_DESIGN_GEOMETRIC_PRESENTATION_REPRESENTATION (  '', ( #7156 ), #4955 ) ;
#7432 = VECTOR ( 'NONE', #5270, 1000.000000000000000 ) ;
#7433 = FACE_OUTER_BOUND ( 'NONE', #3787, .T. ) ;
#7434 = CARTESIAN_POINT ( 'NONE',  ( 0.08560912180127079607, -0.9406142047410765983, -0.1490000000000000213 ) ) ;
#7435 = LINE ( 'NONE', #1540, #1359 ) ;
#7436 = EDGE_CURVE ( 'NONE', #707, #4249, #1807, .T. ) ;
#7437 = DIRECTION ( 'NONE',  ( -0.3390537954853692360, -0.9407669869669988971, 0.000000000000000000 ) ) ;
#7438 = FILL_AREA_STYLE ('',( #1504 ) ) ;
#7439 = PRESENTATION_LAYER_ASSIGNMENT (  '', '', ( #2670 ) ) ;
#7440 = SURFACE_STYLE_FILL_AREA ( #2234 ) ;
#7441 = ADVANCED_FACE ( 'NONE', ( #5005 ), #4373, .T. ) ;
#7442 = DIRECTION ( 'NONE',  ( 1.000000000000000000, 0.000000000000000000, 0.000000000000000000 ) ) ;
#7443 =( NAMED_UNIT ( * ) PLANE_ANGLE_UNIT ( ) SI_UNIT ( $, .RADIAN. ) );
#7444 = CARTESIAN_POINT ( 'NONE',  ( 0.1115148162912248664, -0.7376774082281075673, -0.1490000000000000491 ) ) ;
#7445 = ORIENTED_EDGE ( 'NONE', *, *, #7657, .T. ) ;
#7446 = LINE ( 'NONE', #1702, #1877 ) ;
#7447 = SURFACE_SIDE_STYLE ('',( #300 ) ) ;
#7448 = VERTEX_POINT ( 'NONE', #6331 ) ;
#7449 = CARTESIAN_POINT ( 'NONE',  ( -0.3991075020155019915, -0.7782821464863283190, -0.1489999999999999936 ) ) ;
#7450 = CARTESIAN_POINT ( 'NONE',  ( -0.09259073372281902137, -0.9179162928277918576, -0.1499999999999999944 ) ) ;
#7451 = AXIS2_PLACEMENT_3D ( 'NONE', #726, #1462, #3305 ) ;
#7452 = CARTESIAN_POINT ( 'NONE',  ( -0.3991075020155019359, -0.7782821464863282079, -0.1489999999999999936 ) ) ;
#7453 = CARTESIAN_POINT ( 'NONE',  ( -0.1859977459179409376, -0.9398675123399868880, -0.1489999999999999936 ) ) ;
#7454 = CARTESIAN_POINT ( 'NONE',  ( 0.8250000000000005107, 1.649999999999999023, -0.1599999999999999756 ) ) ;
#7455 = PRESENTATION_STYLE_ASSIGNMENT (( #2211 ) ) ;
#7456 = CARTESIAN_POINT ( 'NONE',  ( -0.3960206117715995289, -0.7642577562424259785, -0.1490000000000000213 ) ) ;
#7457 = DIRECTION ( 'NONE',  ( 1.000000000000000000, 0.000000000000000000, 0.000000000000000000 ) ) ;
#7458 = EDGE_LOOP ( 'NONE', ( #2673, #8149, #5573, #697 ) ) ;
#7459 = EDGE_CURVE ( 'NONE', #4298, #6047, #18, .T. ) ;
#7460 =( NAMED_UNIT ( * ) SI_UNIT ( $, .STERADIAN. ) SOLID_ANGLE_UNIT ( ) );
#7461 =( NAMED_UNIT ( * ) SI_UNIT ( $, .STERADIAN. ) SOLID_ANGLE_UNIT ( ) );
#7462 = ORIENTED_EDGE ( 'NONE', *, *, #3477, .T. ) ;
#7463 =( NAMED_UNIT ( * ) PLANE_ANGLE_UNIT ( ) SI_UNIT ( $, .RADIAN. ) );
#7464 = SURFACE_STYLE_USAGE ( .BOTH. , #274 ) ;
#7465 = VECTOR ( 'NONE', #7702, 1000.000000000000000 ) ;
#7466 = UNCERTAINTY_MEASURE_WITH_UNIT (LENGTH_MEASURE( 1.000000000000000082E-05 ), #3544, 'distance_accuracy_value', 'NONE');
#7467 = CARTESIAN_POINT ( 'NONE',  ( -0.1880556727472093015, -0.7398675123399868214, -0.1499999999999999944 ) ) ;
#7468 = CARTESIAN_POINT ( 'NONE',  ( 0.1494918640055507841, -0.7764162845899993393, -0.1489999999999999936 ) ) ;
#7469 = SURFACE_STYLE_FILL_AREA ( #7426 ) ;
#7470 = VERTEX_POINT ( 'NONE', #8308 ) ;
#7471 = LINE ( 'NONE', #4341, #8258 ) ;
#7472 =( LENGTH_UNIT ( ) NAMED_UNIT ( * ) SI_UNIT ( .MILLI., .METRE. ) );
#7473 = EDGE_LOOP ( 'NONE', ( #3296, #5261, #3040, #2282, #1515, #1624, #5989 ) ) ;
#7474 = LINE ( 'NONE', #1464, #4452 ) ;
#7475 = CARTESIAN_POINT ( 'NONE',  ( -1.464302419751866369, 1.316487659678485800, 0.5207911690817759176 ) ) ;
#7476 = EDGE_CURVE ( 'NONE', #4562, #1797, #2448, .T. ) ;
#7477 =( GEOMETRIC_REPRESENTATION_CONTEXT ( 3 ) GLOBAL_UNCERTAINTY_ASSIGNED_CONTEXT ( ( #6059 ) ) GLOBAL_UNIT_ASSIGNED_CONTEXT ( ( #3446, #2800, #7494 ) ) REPRESENTATION_CONTEXT ( 'NONE', 'WORKASPACE' ) );
#7478 = CARTESIAN_POINT ( 'NONE',  ( -0.01210292884477019541, -0.8496236099009625287, -0.1499999999999999944 ) ) ;
#7479 = CARTESIAN_POINT ( 'NONE',  ( 0.8250000000000008438, 1.289999999999999813, -0.1599999999999999756 ) ) ;
#7480 = PRESENTATION_LAYER_ASSIGNMENT (  '', '', ( #4614 ) ) ;
#7481 = PLANE ( 'NONE',  #1294 ) ;
#7482 = DIRECTION ( 'NONE',  ( -1.000000000000000000, -0.000000000000000000, -0.000000000000000000 ) ) ;
#7483 = VECTOR ( 'NONE', #2465, 1000.000000000000000 ) ;
#7484 = ORIENTED_EDGE ( 'NONE', *, *, #3640, .T. ) ;
#7485 = MECHANICAL_DESIGN_GEOMETRIC_PRESENTATION_REPRESENTATION (  '', ( #32 ), #5575 ) ;
#7486 = DIRECTION ( 'NONE',  ( 0.000000000000000000, 0.000000000000000000, 1.000000000000000000 ) ) ;
#7487 = DIRECTION ( 'NONE',  ( 0.000000000000000000, 1.000000000000000000, 0.000000000000000000 ) ) ;
#7488 = EDGE_LOOP ( 'NONE', ( #687, #6394, #7404, #258 ) ) ;
#7489 = VECTOR ( 'NONE', #619, 1000.000000000000000 ) ;
#7490 = ADVANCED_FACE ( 'NONE', ( #606 ), #7706, .T. ) ;
#7491 = DIRECTION ( 'NONE',  ( -0.000000000000000000, 0.000000000000000000, 1.000000000000000000 ) ) ;
#7492 = FILL_AREA_STYLE ('',( #3638 ) ) ;
#7493 = DIRECTION ( 'NONE',  ( 1.000000000000000000, 0.000000000000000000, 0.000000000000000000 ) ) ;
#7494 =( NAMED_UNIT ( * ) SI_UNIT ( $, .STERADIAN. ) SOLID_ANGLE_UNIT ( ) );
#7495 = ORIENTED_EDGE ( 'NONE', *, *, #5857, .F. ) ;
#7496 = PRESENTATION_LAYER_ASSIGNMENT (  '', '', ( #7094 ) ) ;
#7497 = CARTESIAN_POINT ( 'NONE',  ( -0.1880556727472093015, -0.7398675123399868214, -0.1489999999999999936 ) ) ;
#7498 = CARTESIAN_POINT ( 'NONE',  ( -0.3623315873813556243, -0.8618187318521820517, -0.1499999999999999944 ) ) ;
#7499 = DIRECTION ( 'NONE',  ( -0.000000000000000000, -0.2079116908177597867, -0.9781476007338055778 ) ) ;
#7500 =( LENGTH_UNIT ( ) NAMED_UNIT ( * ) SI_UNIT ( .MILLI., .METRE. ) );
#7501 = CARTESIAN_POINT ( 'NONE',  ( 0.08094186935859801202, -0.7384625204465908865, -0.1499999999999999944 ) ) ;
#7502 = SURFACE_STYLE_USAGE ( .BOTH. , #4882 ) ;
#7503 = ADVANCED_FACE ( 'NONE', ( #8392 ), #694, .T. ) ;
#7504 = ORIENTED_EDGE ( 'NONE', *, *, #1487, .T. ) ;
#7505 = LINE ( 'NONE', #369, #2796 ) ;
#7506 = CARTESIAN_POINT ( 'NONE',  ( -1.649999999999999911, 0.09999999999999981126, 0.002000000000000021726 ) ) ;
#7507 = ORIENTED_EDGE ( 'NONE', *, *, #2955, .F. ) ;
#7508 = DIRECTION ( 'NONE',  ( 1.000000000000000000, 0.000000000000000000, 0.000000000000000000 ) ) ;
#7509 = MECHANICAL_DESIGN_GEOMETRIC_PRESENTATION_REPRESENTATION (  '', ( #6881 ), #5458 ) ;
#7510 = PRESENTATION_LAYER_ASSIGNMENT (  '', '', ( #6266 ) ) ;
#7511 =( LENGTH_UNIT ( ) NAMED_UNIT ( * ) SI_UNIT ( .MILLI., .METRE. ) );
#7512 =( GEOMETRIC_REPRESENTATION_CONTEXT ( 3 ) GLOBAL_UNCERTAINTY_ASSIGNED_CONTEXT ( ( #631 ) ) GLOBAL_UNIT_ASSIGNED_CONTEXT ( ( #2061, #6638, #3321 ) ) REPRESENTATION_CONTEXT ( 'NONE', 'WORKASPACE' ) );
#7513 = CARTESIAN_POINT ( 'NONE',  ( -0.2187625956626310375, -0.9361438262662339360, -0.1499999999999999944 ) ) ;
#7514 = CARTESIAN_POINT ( 'NONE',  ( -0.1750000000000001277, 1.649999999999994804, 0.002000000000000021726 ) ) ;
#7515 = ORIENTED_EDGE ( 'NONE', *, *, #2229, .F. ) ;
#7516 = COLOUR_RGB ( '',1.000000000000000000, 1.000000000000000000, 1.000000000000000000 ) ;
#7518 = PRESENTATION_STYLE_ASSIGNMENT (( #293 ) ) ;
#7517 = DIRECTION ( 'NONE',  ( 0.000000000000000000, 0.000000000000000000, -1.000000000000000000 ) ) ;
#7519 = EDGE_CURVE ( 'NONE', #2603, #988, #3437, .T. ) ;
#7520 = LINE ( 'NONE', #4820, #2123 ) ;
#7521 = EDGE_LOOP ( 'NONE', ( #7413, #393, #1231, #7179 ) ) ;
#7522 = CARTESIAN_POINT ( 'NONE',  ( 0.2009186172085174749, -0.8209986139825419249, -0.1499999999999999667 ) ) ;
#7523 = CARTESIAN_POINT ( 'NONE',  ( -0.1879413434789165838, -0.7618187318521819629, -0.1499999999999999944 ) ) ;
#7524 = EDGE_LOOP ( 'NONE', ( #5720, #5649, #5992, #2189 ) ) ;
#7525 = DIRECTION ( 'NONE',  ( -0.2079116908177597867, 2.254183068697496690E-17, 0.9781476007338055778 ) ) ;
#7526 = PRESENTATION_LAYER_ASSIGNMENT (  '', '', ( #5064 ) ) ;
#7527 = CARTESIAN_POINT ( 'NONE',  ( -0.1750000000000001277, -1.220000000000003970, -0.1599999999999999756 ) ) ;
#7528 = VERTEX_POINT ( 'NONE', #6665 ) ;
#7529 = UNCERTAINTY_MEASURE_WITH_UNIT (LENGTH_MEASURE( 1.000000000000000082E-05 ), #654, 'distance_accuracy_value', 'NONE');
#7530 = CARTESIAN_POINT ( 'NONE',  ( -1.574999999999999734, -0.1000000000000004774, -0.1499999999999999944 ) ) ;
#7531 = DIRECTION ( 'NONE',  ( -1.000000000000000000, -6.195440985631459262E-16, 0.000000000000000000 ) ) ;
#7532 = UNCERTAINTY_MEASURE_WITH_UNIT (LENGTH_MEASURE( 1.000000000000000082E-05 ), #8017, 'distance_accuracy_value', 'NONE');
#7533 = CARTESIAN_POINT ( 'NONE',  ( 0.4749999999999997558, 1.525000000000000133, -0.1499999999999999944 ) ) ;
#7534 = PLANE ( 'NONE',  #4139 ) ;
#7535 = CARTESIAN_POINT ( 'NONE',  ( 0.4749999999999983125, -4.291633599421885677E-16, -0.1499999999999999944 ) ) ;
#7536 = VERTEX_POINT ( 'NONE', #7281 ) ;
#7537 = PRESENTATION_LAYER_ASSIGNMENT (  '', '', ( #6156 ) ) ;
#7538 = DIRECTION ( 'NONE',  ( 0.000000000000000000, 0.000000000000000000, -1.000000000000000000 ) ) ;
#7539 = CARTESIAN_POINT ( 'NONE',  ( 0.1076539061574731948, -0.9202890976012588764, -0.1499999999999999667 ) ) ;
#7540 = EDGE_CURVE ( 'NONE', #2688, #1564, #7880, .T. ) ;
#7541 = CARTESIAN_POINT ( 'NONE',  ( 0.07489361909048308785, -0.7393618447937765348, -0.1500000000000000222 ) ) ;
#7542 = CARTESIAN_POINT ( 'NONE',  ( -0.2925109001440642786, -0.8337268751233511965, -0.1500000000000000222 ) ) ;
#7543 = VECTOR ( 'NONE', #6137, 1000.000000000000000 ) ;
#7544 =( NAMED_UNIT ( * ) PLANE_ANGLE_UNIT ( ) SI_UNIT ( $, .RADIAN. ) );
#7545 = ORIENTED_EDGE ( 'NONE', *, *, #6546, .T. ) ;
#7546 = COLOUR_RGB ( '',0.2509803921568627416, 0.2509803921568627416, 0.2509803921568627416 ) ;
#7547 = CARTESIAN_POINT ( 'NONE',  ( -0.2657614654301360679, -0.8379239147790112918, -0.1499999999999999944 ) ) ;
#7548 = LINE ( 'NONE', #2269, #2242 ) ;
#7549 = ORIENTED_EDGE ( 'NONE', *, *, #2972, .T. ) ;
#7550 =( LENGTH_UNIT ( ) NAMED_UNIT ( * ) SI_UNIT ( .MILLI., .METRE. ) );
#7551 = CARTESIAN_POINT ( 'NONE',  ( -0.4750000000000008105, 1.649999999999995248, -0.1599999999999999756 ) ) ;
#7552 = EDGE_CURVE ( 'NONE', #6922, #1107, #3939, .T. ) ;
#7553 = VECTOR ( 'NONE', #7601, 1000.000000000000000 ) ;
#7554 = VECTOR ( 'NONE', #5452, 1000.000000000000000 ) ;
#7555 = CARTESIAN_POINT ( 'NONE',  ( -0.4584443922594044207, -0.9398675123399868880, -0.1499999999999999944 ) ) ;
#7556 = VECTOR ( 'NONE', #5681, 1000.000000000000000 ) ;
#7557 = LINE ( 'NONE', #1741, #5791 ) ;
#7558 = VERTEX_POINT ( 'NONE', #6505 ) ;
#7559 = STYLED_ITEM ( 'NONE', ( #3864 ), #2435 ) ;
#7560 = COLOUR_RGB ( '',0.000000000000000000, 0.000000000000000000, 0.000000000000000000 ) ;
#7561 = LINE ( 'NONE', #6267, #1069 ) ;
#7562 = STYLED_ITEM ( 'NONE', ( #1934 ), #7441 ) ;
#7563 = CARTESIAN_POINT ( 'NONE',  ( 0.1749999999999991562, 1.525000000000000133, 0.000000000000000000 ) ) ;
#7564 = DIRECTION ( 'NONE',  ( -1.421904488505579654E-16, 1.000000000000000000, -0.000000000000000000 ) ) ;
#7565 = VERTEX_POINT ( 'NONE', #4028 ) ;
#7566 = CARTESIAN_POINT ( 'NONE',  ( 0.1865359876536102079, -0.7822662408600791206, -0.1489999999999999936 ) ) ;
#7567 = CARTESIAN_POINT ( 'NONE',  ( 0.000000000000000000, 1.239999999999999769, -0.1499999999999999944 ) ) ;
#7568 = EDGE_LOOP ( 'NONE', ( #3942, #4940, #4316, #3810, #7389, #1199, #7504 ) ) ;
#7569 = EDGE_CURVE ( 'NONE', #1911, #975, #5358, .T. ) ;
#7570 = PLANE ( 'NONE',  #1484 ) ;
#7571 = CIRCLE ( 'NONE', #3886, 0.1000000000000000472 ) ;
#7572 = CARTESIAN_POINT ( 'NONE',  ( 1.574999999999999956, 1.425000000000000044, 0.000000000000000000 ) ) ;
#7573 = ORIENTED_EDGE ( 'NONE', *, *, #6459, .T. ) ;
#7574 = DIRECTION ( 'NONE',  ( -0.000000000000000000, -0.000000000000000000, -1.000000000000000000 ) ) ;
#7575 = CARTESIAN_POINT ( 'NONE',  ( -0.1750000000000002387, -1.524999999999999689, -0.1499999999999999944 ) ) ;
#7576 = LINE ( 'NONE', #1761, #2773 ) ;
#7577 = MECHANICAL_DESIGN_GEOMETRIC_PRESENTATION_REPRESENTATION (  '', ( #6072 ), #4714 ) ;
#7578 = SURFACE_STYLE_USAGE ( .BOTH. , #8172 ) ;
#7579 = DIRECTION ( 'NONE',  ( 1.000000000000000000, -1.902109074535973011E-16, 0.000000000000000000 ) ) ;
#7580 =( GEOMETRIC_REPRESENTATION_CONTEXT ( 3 ) GLOBAL_UNCERTAINTY_ASSIGNED_CONTEXT ( ( #4545 ) ) GLOBAL_UNIT_ASSIGNED_CONTEXT ( ( #427, #6398, #2355 ) ) REPRESENTATION_CONTEXT ( 'NONE', 'WORKASPACE' ) );
#7581 =( NAMED_UNIT ( * ) PLANE_ANGLE_UNIT ( ) SI_UNIT ( $, .RADIAN. ) );
#7582 = APPLICATION_PROTOCOL_DEFINITION ( 'draft international standard', 'automotive_design', 1998, #2227 ) ;
#7583 = PLANE ( 'NONE',  #3011 ) ;
#7584 = SURFACE_STYLE_FILL_AREA ( #6290 ) ;
#7585 = ORIENTED_EDGE ( 'NONE', *, *, #2712, .T. ) ;
#7586 = PLANE ( 'NONE',  #6373 ) ;
#7587 = VERTEX_POINT ( 'NONE', #3272 ) ;
#7588 = COLOUR_RGB ( '',1.000000000000000000, 1.000000000000000000, 1.000000000000000000 ) ;
#7589 = FILL_AREA_STYLE_COLOUR ( '', #883 ) ;
#7590 = SURFACE_STYLE_USAGE ( .BOTH. , #7108 ) ;
#7591 = LINE ( 'NONE', #6945, #3468 ) ;
#7592 = AXIS2_PLACEMENT_3D ( 'NONE', #406, #5577, #4418 ) ;
#7593 = SURFACE_STYLE_USAGE ( .BOTH. , #8403 ) ;
#7594 = PRESENTATION_LAYER_ASSIGNMENT (  '', '', ( #396 ) ) ;
#7595 = SURFACE_STYLE_FILL_AREA ( #4849 ) ;
#7596 = ORIENTED_EDGE ( 'NONE', *, *, #6499, .T. ) ;
#7597 = LINE ( 'NONE', #3070, #2307 ) ;
#7598 =( NAMED_UNIT ( * ) SI_UNIT ( $, .STERADIAN. ) SOLID_ANGLE_UNIT ( ) );
#7599 = MECHANICAL_DESIGN_GEOMETRIC_PRESENTATION_REPRESENTATION (  '', ( #4594 ), #4993 ) ;
#7600 =( NAMED_UNIT ( * ) SI_UNIT ( $, .STERADIAN. ) SOLID_ANGLE_UNIT ( ) );
#7601 = DIRECTION ( 'NONE',  ( 0.3390537954853692360, 0.9407669869669988971, 0.000000000000000000 ) ) ;
#7602 = CARTESIAN_POINT ( 'NONE',  ( -1.574976628885158103, 1.427161868811777756, 0.0001099524505764888193 ) ) ;
#7603 = ORIENTED_EDGE ( 'NONE', *, *, #5678, .T. ) ;
#7605 = CARTESIAN_POINT ( 'NONE',  ( -0.3991075020155019359, -0.7782821464863282079, -0.1499999999999999944 ) ) ;
#7604 = SURFACE_STYLE_USAGE ( .BOTH. , #1148 ) ;
#7606 = DIRECTION ( 'NONE',  ( 1.000000000000000000, 1.421904488505579654E-16, -0.000000000000000000 ) ) ;
#7607 = EDGE_LOOP ( 'NONE', ( #1450, #2992, #6527, #8169 ) ) ;
#7608 = EDGE_CURVE ( 'NONE', #757, #5422, #6547, .T. ) ;
#7609 = ORIENTED_EDGE ( 'NONE', *, *, #6629, .T. ) ;
#7610 = EDGE_CURVE ( 'NONE', #1188, #2519, #7327, .T. ) ;
#7611 = VECTOR ( 'NONE', #3275, 1000.000000000000000 ) ;
#7612 = VERTEX_POINT ( 'NONE', #1345 ) ;
#7613 = UNCERTAINTY_MEASURE_WITH_UNIT (LENGTH_MEASURE( 1.000000000000000082E-05 ), #1250, 'distance_accuracy_value', 'NONE');
#7614 = CARTESIAN_POINT ( 'NONE',  ( -1.574999999999999512, -1.524999999999999689, -0.1499999999999999944 ) ) ;
#7615 = UNCERTAINTY_MEASURE_WITH_UNIT (LENGTH_MEASURE( 1.000000000000000082E-05 ), #1534, 'distance_accuracy_value', 'NONE');
#7616 = LINE ( 'NONE', #6150, #1315 ) ;
#7617 = STYLED_ITEM ( 'NONE', ( #7651 ), #3064 ) ;
#7618 = CARTESIAN_POINT ( 'NONE',  ( -1.125000000000000444, -1.524999999999999689, -0.1499999999999999944 ) ) ;
#7619 = CARTESIAN_POINT ( 'NONE',  ( -0.1957284605752805107, -0.9177240719425094895, -0.1499999999999999944 ) ) ;
#7620 = SURFACE_STYLE_USAGE ( .BOTH. , #6460 ) ;
#7621 = DIRECTION ( 'NONE',  ( 1.000000000000000000, 0.000000000000000000, -0.000000000000000000 ) ) ;
#7622 = SURFACE_SIDE_STYLE ('',( #6463 ) ) ;
#7623 = ORIENTED_EDGE ( 'NONE', *, *, #4732, .T. ) ;
#7624 = SURFACE_STYLE_USAGE ( .BOTH. , #3056 ) ;
#7625 = ORIENTED_EDGE ( 'NONE', *, *, #3581, .F. ) ;
#7626 = SURFACE_STYLE_USAGE ( .BOTH. , #5012 ) ;
#7627 = EDGE_CURVE ( 'NONE', #2483, #770, #2789, .T. ) ;
#7628 =( LENGTH_UNIT ( ) NAMED_UNIT ( * ) SI_UNIT ( .MILLI., .METRE. ) );
#7629 = UNCERTAINTY_MEASURE_WITH_UNIT (LENGTH_MEASURE( 1.000000000000000082E-05 ), #7766, 'distance_accuracy_value', 'NONE');
#7630 = DIRECTION ( 'NONE',  ( -0.000000000000000000, -0.000000000000000000, -1.000000000000000000 ) ) ;
#7631 = CARTESIAN_POINT ( 'NONE',  ( -0.2629703585663503151, -0.8638761501264015097, -0.1490000000000000213 ) ) ;
#7632 = DIRECTION ( 'NONE',  ( 0.000000000000000000, 0.000000000000000000, -1.000000000000000000 ) ) ;
#7633 = MECHANICAL_DESIGN_GEOMETRIC_PRESENTATION_REPRESENTATION (  '', ( #2848 ), #8319 ) ;
#7634 = CARTESIAN_POINT ( 'NONE',  ( -0.2538278406007424826, -0.7915784423723070118, -0.1499999999999999667 ) ) ;
#7635 = ORIENTED_EDGE ( 'NONE', *, *, #5154, .F. ) ;
#7636 = DIRECTION ( 'NONE',  ( -1.902109074535973011E-16, -1.000000000000000000, 0.000000000000000000 ) ) ;
#7637 = LINE ( 'NONE', #4982, #4871 ) ;
#7638 =( NAMED_UNIT ( * ) SI_UNIT ( $, .STERADIAN. ) SOLID_ANGLE_UNIT ( ) );
#7639 = VECTOR ( 'NONE', #480, 1000.000000000000000 ) ;
#7640 = ORIENTED_EDGE ( 'NONE', *, *, #7778, .F. ) ;
#7641 = STYLED_ITEM ( 'NONE', ( #5694 ), #3678 ) ;
#7642 = MECHANICAL_DESIGN_GEOMETRIC_PRESENTATION_REPRESENTATION (  '', ( #3143 ), #1820 ) ;
#7643 = CARTESIAN_POINT ( 'NONE',  ( -1.574976628885157881, -1.427161868811777534, 0.0001099524505766141802 ) ) ;
#7644 = EDGE_CURVE ( 'NONE', #297, #874, #3355, .T. ) ;
#7645 = CARTESIAN_POINT ( 'NONE',  ( 0.000000000000000000, 0.000000000000000000, 0.002000000000000021726 ) ) ;
#7646 = ORIENTED_EDGE ( 'NONE', *, *, #6804, .T. ) ;
#7647 =( NAMED_UNIT ( * ) PLANE_ANGLE_UNIT ( ) SI_UNIT ( $, .RADIAN. ) );
#7648 = ORIENTED_EDGE ( 'NONE', *, *, #1070, .F. ) ;
#7649 = PRESENTATION_LAYER_ASSIGNMENT (  '', '', ( #4651 ) ) ;
#7650 = LINE ( 'NONE', #5603, #4291 ) ;
#7651 = PRESENTATION_STYLE_ASSIGNMENT (( #2569 ) ) ;
#7652 = VERTEX_POINT ( 'NONE', #3980 ) ;
#7653 = LINE ( 'NONE', #725, #1276 ) ;
#7654 = FACE_OUTER_BOUND ( 'NONE', #6310, .T. ) ;
#7655 = VECTOR ( 'NONE', #4325, 1000.000000000000000 ) ;
#7656 =( NAMED_UNIT ( * ) PLANE_ANGLE_UNIT ( ) SI_UNIT ( $, .RADIAN. ) );
#7657 = EDGE_CURVE ( 'NONE', #409, #812, #2618, .T. ) ;
#7658 = PRESENTATION_STYLE_ASSIGNMENT (( #1803 ) ) ;
#7659 = DIRECTION ( 'NONE',  ( -0.000000000000000000, 0.000000000000000000, 1.000000000000000000 ) ) ;
#7660 = FACE_OUTER_BOUND ( 'NONE', #2062, .T. ) ;
#7661 = SURFACE_STYLE_FILL_AREA ( #5051 ) ;
#7662 = DIRECTION ( 'NONE',  ( -0.000000000000000000, -0.000000000000000000, 1.000000000000000000 ) ) ;
#7663 = VERTEX_POINT ( 'NONE', #5914 ) ;
#7664 = AXIS2_PLACEMENT_3D ( 'NONE', #1254, #115, #1545 ) ;
#7665 = CARTESIAN_POINT ( 'NONE',  ( 0.1512357321625661388, -0.9042164019530942731, -0.1489999999999999936 ) ) ;
#7666 = CARTESIAN_POINT ( 'NONE',  ( -0.01210292884477019541, -0.8276723903887672762, -0.1489999999999999936 ) ) ;
#7667 = CARTESIAN_POINT ( 'NONE',  ( 0.1730953039380248026, -0.8668537537328506737, -0.1499999999999999944 ) ) ;
#7668 = CARTESIAN_POINT ( 'NONE',  ( -1.125000000000000888, 1.525000000000000133, -0.1499999999999999944 ) ) ;
#7669 = CARTESIAN_POINT ( 'NONE',  ( -0.3828346361618434335, -0.7398675123399868214, -0.1489999999999999936 ) ) ;
#7670 = CARTESIAN_POINT ( 'NONE',  ( -0.2655583276491066957, -0.8469781897562262962, -0.1489999999999999936 ) ) ;
#7671 = EDGE_CURVE ( 'NONE', #6872, #7940, #780, .T. ) ;
#7672 = DIRECTION ( 'NONE',  ( 1.512840240677448800E-15, -1.000000000000000000, 0.000000000000000000 ) ) ;
#7673 = VERTEX_POINT ( 'NONE', #7919 ) ;
#7674 = PRESENTATION_STYLE_ASSIGNMENT (( #5065 ) ) ;
#7675 = FILL_AREA_STYLE_COLOUR ( '', #2740 ) ;
#7676 = DIRECTION ( 'NONE',  ( 0.000000000000000000, 0.000000000000000000, -1.000000000000000000 ) ) ;
#7677 = CARTESIAN_POINT ( 'NONE',  ( -1.481238302260959649, -1.431238302260959827, -0.03985932817550847523 ) ) ;
#7678 = PRESENTATION_LAYER_ASSIGNMENT (  '', '', ( #3714 ) ) ;
#7679 = PRESENTATION_STYLE_ASSIGNMENT (( #5630 ) ) ;
#7680 = STYLED_ITEM ( 'NONE', ( #5476 ), #5778 ) ;
#7681 = CARTESIAN_POINT ( 'NONE',  ( -4.445228907190889640E-16, 0.1000000000000071526, -0.1499999999999999944 ) ) ;
#7682 = EDGE_LOOP ( 'NONE', ( #5322, #2724, #2293, #3742 ) ) ;
#7683 =( NAMED_UNIT ( * ) PLANE_ANGLE_UNIT ( ) SI_UNIT ( $, .RADIAN. ) );
#7684 = ORIENTED_EDGE ( 'NONE', *, *, #2658, .T. ) ;
#7685 = VECTOR ( 'NONE', #7259, 1000.000000000000000 ) ;
#7687 = SURFACE_STYLE_USAGE ( .BOTH. , #5074 ) ;
#7686 = CARTESIAN_POINT ( 'NONE',  ( -1.574992209324915349, -1.426441344127284516, 3.665224457383964952E-05 ) ) ;
#7688 = VECTOR ( 'NONE', #2522, 1000.000000000000000 ) ;
#7689 = ORIENTED_EDGE ( 'NONE', *, *, #3354, .F. ) ;
#7690 = EDGE_CURVE ( 'NONE', #1511, #8295, #187, .T. ) ;
#7691 = CARTESIAN_POINT ( 'NONE',  ( -0.8250000000000000666, -1.219999999999999529, -0.1599999999999999756 ) ) ;
#7692 = FACE_OUTER_BOUND ( 'NONE', #5471, .T. ) ;
#7693 = COLOUR_RGB ( '',0.2509803921568627416, 0.2509803921568627416, 0.2509803921568627416 ) ;
#7694 = COLOUR_RGB ( '',1.000000000000000000, 1.000000000000000000, 1.000000000000000000 ) ;
#7695 = DIRECTION ( 'NONE',  ( 0.000000000000000000, -0.000000000000000000, -1.000000000000000000 ) ) ;
#7696 = ORIENTED_EDGE ( 'NONE', *, *, #891, .T. ) ;
#7697 = VERTEX_POINT ( 'NONE', #2948 ) ;
#7698 = AXIS2_PLACEMENT_3D ( 'NONE', #3239, #5794, #6473 ) ;
#7699 = UNCERTAINTY_MEASURE_WITH_UNIT (LENGTH_MEASURE( 1.000000000000000082E-05 ), #1704, 'distance_accuracy_value', 'NONE');
#7700 = CARTESIAN_POINT ( 'NONE',  ( 0.8250000000000005107, 1.649999999999999023, 0.002000000000000021726 ) ) ;
#7701 = CYLINDRICAL_SURFACE ( 'NONE', #2735, 0.1000000000000000472 ) ;
#7702 = DIRECTION ( 'NONE',  ( -0.000000000000000000, -1.000000000000000000, -0.000000000000000000 ) ) ;
#7703 = CARTESIAN_POINT ( 'NONE',  ( 1.574976628885158769, -1.427161868811776868, 0.0001099524505752047174 ) ) ;
#7704 =( NAMED_UNIT ( * ) SI_UNIT ( $, .STERADIAN. ) SOLID_ANGLE_UNIT ( ) );
#7705 = VECTOR ( 'NONE', #5093, 1000.000000000000000 ) ;
#7706 = PLANE ( 'NONE',  #4283 ) ;
#7707 = EDGE_CURVE ( 'NONE', #5284, #5263, #8123, .T. ) ;
#7708 = DIRECTION ( 'NONE',  ( 0.000000000000000000, -0.000000000000000000, -1.000000000000000000 ) ) ;
#7709 = SURFACE_STYLE_USAGE ( .BOTH. , #1297 ) ;
#7710 = ORIENTED_EDGE ( 'NONE', *, *, #4572, .F. ) ;
#7711 = LINE ( 'NONE', #22, #7745 ) ;
#7712 = CARTESIAN_POINT ( 'NONE',  ( -0.3939552664367055868, -0.7721421216887484062, -0.1499999999999999944 ) ) ;
#7713 = DIRECTION ( 'NONE',  ( 0.000000000000000000, 1.000000000000000000, 0.000000000000000000 ) ) ;
#7714 = DIRECTION ( 'NONE',  ( -0.3393303772748784142, -0.9406672605435402179, 0.000000000000000000 ) ) ;
#7715 = PRESENTATION_LAYER_ASSIGNMENT (  '', '', ( #4154 ) ) ;
#7716 = CARTESIAN_POINT ( 'NONE',  ( -0.4749999999999999223, -1.650000000000004352, 0.002000000000000021726 ) ) ;
#7717 = VECTOR ( 'NONE', #3473, 1000.000000000000000 ) ;
#7718 = CARTESIAN_POINT ( 'NONE',  ( 0.09849090634753875084, -0.7374451568368645127, -0.1489999999999999658 ) ) ;
#7719 = LINE ( 'NONE', #3067, #2127 ) ;
#7720 = VECTOR ( 'NONE', #7321, 1000.000000000000000 ) ;
#7721 = EDGE_CURVE ( 'NONE', #6057, #4540, #2825, .T. ) ;
#7722 = CARTESIAN_POINT ( 'NONE',  ( 0.1005876199357175760, -0.7593797074619381693, -0.1489999999999999936 ) ) ;
#7723 = ORIENTED_EDGE ( 'NONE', *, *, #6340, .F. ) ;
#7724 = EDGE_CURVE ( 'NONE', #8026, #7294, #298, .T. ) ;
#7725 = CARTESIAN_POINT ( 'NONE',  ( 0.1955133086599648296, -0.8004736363556145262, -0.1500000000000000500 ) ) ;
#7726 = CARTESIAN_POINT ( 'NONE',  ( 0.1086121404586557621, -0.7595522493443070955, -0.1490000000000000213 ) ) ;
#7727 = CARTESIAN_POINT ( 'NONE',  ( 0.01472633944791271188, -0.9398675123399868880, -0.1489999999999999936 ) ) ;
#7728 = FILL_AREA_STYLE ('',( #6261 ) ) ;
#7729 = CARTESIAN_POINT ( 'NONE',  ( 0.1317930986722943287, -0.7413617742039011471, -0.1489999999999999936 ) ) ;
#7730 = FILL_AREA_STYLE ('',( #4561 ) ) ;
#7731 = ORIENTED_EDGE ( 'NONE', *, *, #222, .T. ) ;
#7732 = CARTESIAN_POINT ( 'NONE',  ( -1.649999999999999911, -0.1000000000000002137, 0.002000000000000021726 ) ) ;
#7733 = ORIENTED_EDGE ( 'NONE', *, *, #4252, .F. ) ;
#7735 = CARTESIAN_POINT ( 'NONE',  ( -1.447466062997985636, -1.414302419751865880, 0.5207911690817759176 ) ) ;
#7734 = CARTESIAN_POINT ( 'NONE',  ( -1.574999999999999512, -1.425720693118508908, 2.164252064214226536E-16 ) ) ;
#7736 = ORIENTED_EDGE ( 'NONE', *, *, #5941, .F. ) ;
#7737 = EDGE_CURVE ( 'NONE', #1870, #7296, #3552, .T. ) ;
#7738 = DIRECTION ( 'NONE',  ( 0.000000000000000000, -1.000000000000000000, 0.000000000000000000 ) ) ;
#7739 = PLANE ( 'NONE',  #5120 ) ;
#7740 = MECHANICAL_DESIGN_GEOMETRIC_PRESENTATION_REPRESENTATION (  '', ( #1508 ), #4049 ) ;
#7741 =( LENGTH_UNIT ( ) NAMED_UNIT ( * ) SI_UNIT ( .MILLI., .METRE. ) );
#7742 = EDGE_LOOP ( 'NONE', ( #3123, #7427, #6020, #4090 ) ) ;
#7743 = LINE ( 'NONE', #1841, #943 ) ;
#7744 = CARTESIAN_POINT ( 'NONE',  ( -0.2269445248349260535, -0.9098151696096695717, -0.1499999999999999944 ) ) ;
#7745 = VECTOR ( 'NONE', #7924, 1000.000000000000000 ) ;
#7746 = SURFACE_STYLE_FILL_AREA ( #3855 ) ;
#7747 = LINE ( 'NONE', #5659, #30 ) ;
#7748 = ORIENTED_EDGE ( 'NONE', *, *, #1291, .F. ) ;
#7749 = FILL_AREA_STYLE ('',( #6419 ) ) ;
#7750 =( LENGTH_UNIT ( ) NAMED_UNIT ( * ) SI_UNIT ( .MILLI., .METRE. ) );
#7751 = MECHANICAL_DESIGN_GEOMETRIC_PRESENTATION_REPRESENTATION (  '', ( #7617 ), #5310 ) ;
#7752 = CYLINDRICAL_SURFACE ( 'NONE', #1985, 0.05000000000000012768 ) ;
#7753 = CARTESIAN_POINT ( 'NONE',  ( 0.06914688519431541613, -0.7404323966721525485, -0.1490000000000000213 ) ) ;
#7754 = CARTESIAN_POINT ( 'NONE',  ( 0.1756326863081213718, -0.8389124404928866019, -0.1499999999999998557 ) ) ;
#7755 = PRESENTATION_LAYER_ASSIGNMENT (  '', '', ( #3402 ) ) ;
#7756 = PRESENTATION_LAYER_ASSIGNMENT (  '', '', ( #1519 ) ) ;
#7757 =( GEOMETRIC_REPRESENTATION_CONTEXT ( 3 ) GLOBAL_UNCERTAINTY_ASSIGNED_CONTEXT ( ( #3754 ) ) GLOBAL_UNIT_ASSIGNED_CONTEXT ( ( #5588, #7039, #6385 ) ) REPRESENTATION_CONTEXT ( 'NONE', 'WORKASPACE' ) );
#7758 = SURFACE_STYLE_FILL_AREA ( #5157 ) ;
#7759 = FILL_AREA_STYLE ('',( #2550 ) ) ;
#7760 = CARTESIAN_POINT ( 'NONE',  ( 0.07753099904797089437, -0.9172325071931370921, -0.1500000000000000777 ) ) ;
#7761 = CARTESIAN_POINT ( 'NONE',  ( 0.1237819146373109053, -0.7623528031278501427, -0.1490000000000000213 ) ) ;
#7762 = ORIENTED_EDGE ( 'NONE', *, *, #651, .T. ) ;
#7763 = EDGE_CURVE ( 'NONE', #6571, #5448, #5557, .T. ) ;
#7764 = CARTESIAN_POINT ( 'NONE',  ( -1.573753234685350888, -1.483738302695271072, 0.005865569638748697329 ) ) ;
#7765 = COLOUR_RGB ( '',1.000000000000000000, 1.000000000000000000, 1.000000000000000000 ) ;
#7766 =( LENGTH_UNIT ( ) NAMED_UNIT ( * ) SI_UNIT ( .MILLI., .METRE. ) );
#7767 = ORIENTED_EDGE ( 'NONE', *, *, #8130, .F. ) ;
#7768 = DIRECTION ( 'NONE',  ( 0.000000000000000000, -0.000000000000000000, 1.000000000000000000 ) ) ;
#7769 = VERTEX_POINT ( 'NONE', #6876 ) ;
#7771 = SURFACE_STYLE_USAGE ( .BOTH. , #5723 ) ;
#7770 = SURFACE_STYLE_FILL_AREA ( #3743 ) ;
#7772 = ORIENTED_EDGE ( 'NONE', *, *, #316, .T. ) ;
#7773 = CARTESIAN_POINT ( 'NONE',  ( 0.08408314921869419756, -0.9186538501375259846, -0.1489999999999999380 ) ) ;
#7774 = CARTESIAN_POINT ( 'NONE',  ( -0.7750000000000004663, 1.289999999999999813, 0.002000000000000021726 ) ) ;
#7775 = COLOUR_RGB ( '',0.2509803921568627416, 0.2509803921568627416, 0.2509803921568627416 ) ;
#7776 = CARTESIAN_POINT ( 'NONE',  ( -0.3975416460164215571, -0.7725188653635549629, -0.1500000000000000222 ) ) ;
#7777 = AXIS2_PLACEMENT_3D ( 'NONE', #2931, #3736, #5672 ) ;
#7778 = EDGE_CURVE ( 'NONE', #819, #1319, #7401, .T. ) ;
#7779 = LINE ( 'NONE', #2439, #288 ) ;
#7780 = ORIENTED_EDGE ( 'NONE', *, *, #2100, .T. ) ;
#7781 = SURFACE_SIDE_STYLE ('',( #3262 ) ) ;
#7782 =( GEOMETRIC_REPRESENTATION_CONTEXT ( 3 ) GLOBAL_UNCERTAINTY_ASSIGNED_CONTEXT ( ( #3200 ) ) GLOBAL_UNIT_ASSIGNED_CONTEXT ( ( #1400, #3325, #4638 ) ) REPRESENTATION_CONTEXT ( 'NONE', 'WORKASPACE' ) );
#7783 = PRESENTATION_LAYER_ASSIGNMENT (  '', '', ( #6819 ) ) ;
#7784 = CARTESIAN_POINT ( 'NONE',  ( -0.3921715264057458739, -0.7782821464863283190, -0.1489999999999999936 ) ) ;
#7785 = CARTESIAN_POINT ( 'NONE',  ( -0.2498650815532209857, -0.8914235877857332735, -0.1489999999999999936 ) ) ;
#7786 = CARTESIAN_POINT ( 'NONE',  ( 1.477161868811778023, -1.524976628885157837, 0.0001099524505762889195 ) ) ;
#7787 = CARTESIAN_POINT ( 'NONE',  ( 1.474999999999999645, 1.525000000000000133, 0.000000000000000000 ) ) ;
#7788 = EDGE_LOOP ( 'NONE', ( #3621, #1627, #591, #519 ) ) ;
#7789 = VECTOR ( 'NONE', #8407, 1000.000000000000000 ) ;
#7790 = DIRECTION ( 'NONE',  ( -1.878485890581250939E-16, 0.2079116908177597867, -0.9781476007338055778 ) ) ;
#7791 = PRESENTATION_LAYER_ASSIGNMENT (  '', '', ( #1961 ) ) ;
#7792 = DIRECTION ( 'NONE',  ( -1.000000000000000000, 1.445602896647335761E-15, 0.000000000000000000 ) ) ;
#7793 = EDGE_LOOP ( 'NONE', ( #3963, #1849, #3331, #1419 ) ) ;
#7794 = LINE ( 'NONE', #6377, #1786 ) ;
#7795 = SURFACE_STYLE_FILL_AREA ( #6418 ) ;
#7796 = CARTESIAN_POINT ( 'NONE',  ( 0.1927581171042819785, -0.8925147363839798231, -0.1489999999999999658 ) ) ;
#7797 = UNCERTAINTY_MEASURE_WITH_UNIT (LENGTH_MEASURE( 1.000000000000000082E-05 ), #4314, 'distance_accuracy_value', 'NONE');
#7798 = CARTESIAN_POINT ( 'NONE',  ( -0.7750000000000004663, 1.289999999999999813, 0.002000000000000021726 ) ) ;
#7799 = EDGE_CURVE ( 'NONE', #3243, #2916, #7446, .T. ) ;
#7800 = CARTESIAN_POINT ( 'NONE',  ( -0.2655685149570597425, -0.8289051620100365003, -0.1490000000000000213 ) ) ;
#7801 = SURFACE_STYLE_USAGE ( .BOTH. , #5706 ) ;
#7802 = DIRECTION ( 'NONE',  ( 1.000000000000000000, 0.000000000000000000, 0.000000000000000000 ) ) ;
#7803 =( NAMED_UNIT ( * ) SI_UNIT ( $, .STERADIAN. ) SOLID_ANGLE_UNIT ( ) );
#7804 =( NAMED_UNIT ( * ) SI_UNIT ( $, .STERADIAN. ) SOLID_ANGLE_UNIT ( ) );
#7805 = CARTESIAN_POINT ( 'NONE',  ( 0.1548927593054700846, -0.7816544920408202701, -0.1490000000000000213 ) ) ;
#7806 = EDGE_CURVE ( 'NONE', #5771, #165, #1072, .T. ) ;
#7807 = ORIENTED_EDGE ( 'NONE', *, *, #3940, .T. ) ;
#7808 = EDGE_CURVE ( 'NONE', #6109, #3250, #3590, .T. ) ;
#7809 = CARTESIAN_POINT ( 'NONE',  ( -1.366487659678485178, -1.316487659678485356, 0.4999999999999998890 ) ) ;
#7810 = UNCERTAINTY_MEASURE_WITH_UNIT (LENGTH_MEASURE( 1.000000000000000082E-05 ), #2500, 'distance_accuracy_value', 'NONE');
#7811 = DIRECTION ( 'NONE',  ( 1.000000000000000000, 1.445602896647336944E-15, 0.000000000000000000 ) ) ;
#7812 = VERTEX_POINT ( 'NONE', #1587 ) ;
#7813 = AXIS2_PLACEMENT_3D ( 'NONE', #7809, #4558, #4199 ) ;
#7814 = SURFACE_STYLE_USAGE ( .BOTH. , #1409 ) ;
#7815 = EDGE_CURVE ( 'NONE', #7940, #7081, #8167, .T. ) ;
#7816 = ORIENTED_EDGE ( 'NONE', *, *, #4104, .T. ) ;
#7817 = EDGE_CURVE ( 'NONE', #4378, #4718, #2320, .T. ) ;
#7818 =( NAMED_UNIT ( * ) PLANE_ANGLE_UNIT ( ) SI_UNIT ( $, .RADIAN. ) );
#7819 = ORIENTED_EDGE ( 'NONE', *, *, #7737, .T. ) ;
#7820 = VECTOR ( 'NONE', #700, 1000.000000000000000 ) ;
#7821 = CARTESIAN_POINT ( 'NONE',  ( 1.124999999999999778, -1.524999999999999689, -0.1499999999999999944 ) ) ;
#7822 =( NAMED_UNIT ( * ) PLANE_ANGLE_UNIT ( ) SI_UNIT ( $, .RADIAN. ) );
#7823 =( GEOMETRIC_REPRESENTATION_CONTEXT ( 3 ) GLOBAL_UNCERTAINTY_ASSIGNED_CONTEXT ( ( #5580 ) ) GLOBAL_UNIT_ASSIGNED_CONTEXT ( ( #3293, #5895, #5262 ) ) REPRESENTATION_CONTEXT ( 'NONE', 'WORKASPACE' ) );
#7824 = ADVANCED_FACE ( 'NONE', ( #2898 ), #259, .T. ) ;
#7825 = VECTOR ( 'NONE', #5139, 1000.000000000000000 ) ;
#7826 = DIRECTION ( 'NONE',  ( 1.000000000000000000, 0.000000000000000000, 0.000000000000000000 ) ) ;
#7827 = ORIENTED_EDGE ( 'NONE', *, *, #1987, .T. ) ;
#7828 = LINE ( 'NONE', #3124, #867 ) ;
#7829 = AXIS2_PLACEMENT_3D ( 'NONE', #7036, #671, #1901 ) ;
#7830 = LINE ( 'NONE', #3847, #4449 ) ;
#7831 =( GEOMETRIC_REPRESENTATION_CONTEXT ( 3 ) GLOBAL_UNCERTAINTY_ASSIGNED_CONTEXT ( ( #1737 ) ) GLOBAL_UNIT_ASSIGNED_CONTEXT ( ( #7511, #3782, #4935 ) ) REPRESENTATION_CONTEXT ( 'NONE', 'WORKASPACE' ) );
#7832 = STYLED_ITEM ( 'NONE', ( #320 ), #7181 ) ;
#7833 =( NAMED_UNIT ( * ) SI_UNIT ( $, .STERADIAN. ) SOLID_ANGLE_UNIT ( ) );
#7834 = CARTESIAN_POINT ( 'NONE',  ( -0.2607073548009081199, -0.8715579021468821130, -0.1499999999999999944 ) ) ;
#7835 =( GEOMETRIC_REPRESENTATION_CONTEXT ( 3 ) GLOBAL_UNCERTAINTY_ASSIGNED_CONTEXT ( ( #3452 ) ) GLOBAL_UNIT_ASSIGNED_CONTEXT ( ( #1009, #8251, #8119 ) ) REPRESENTATION_CONTEXT ( 'NONE', 'WORKASPACE' ) );
#7836 = SURFACE_SIDE_STYLE ('',( #8389 ) ) ;
#7837 =( LENGTH_UNIT ( ) NAMED_UNIT ( * ) SI_UNIT ( .MILLI., .METRE. ) );
#7838 = PRESENTATION_LAYER_ASSIGNMENT (  '', '', ( #1993 ) ) ;
#7839 = ORIENTED_EDGE ( 'NONE', *, *, #3404, .T. ) ;
#7840 = PRESENTATION_LAYER_ASSIGNMENT (  '', '', ( #6461 ) ) ;
#7841 = VECTOR ( 'NONE', #2139, 1000.000000000000000 ) ;
#7842 = STYLED_ITEM ( 'NONE', ( #939 ), #1177 ) ;
#7843 =( NAMED_UNIT ( * ) SI_UNIT ( $, .STERADIAN. ) SOLID_ANGLE_UNIT ( ) );
#7844 = ORIENTED_EDGE ( 'NONE', *, *, #2438, .F. ) ;
#7845 = DIRECTION ( 'NONE',  ( 0.000000000000000000, 0.000000000000000000, 1.000000000000000000 ) ) ;
#7846 = LINE ( 'NONE', #4747, #2109 ) ;
#7847 =( NAMED_UNIT ( * ) SI_UNIT ( $, .STERADIAN. ) SOLID_ANGLE_UNIT ( ) );
#7848 = AXIS2_PLACEMENT_3D ( 'NONE', #3095, #8347, #7066 ) ;
#7849 = CARTESIAN_POINT ( 'NONE',  ( -0.2494471871899096582, -0.7858734990192730585, -0.1490000000000000491 ) ) ;
#7850 = CARTESIAN_POINT ( 'NONE',  ( 1.124999999999999778, -1.650000000000013012, 0.002000000000000021726 ) ) ;
#7851 = ORIENTED_EDGE ( 'NONE', *, *, #1840, .T. ) ;
#7852 = PRESENTATION_LAYER_ASSIGNMENT (  '', '', ( #4967 ) ) ;
#7853 = CARTESIAN_POINT ( 'NONE',  ( 0.1307988809010351139, -0.7648095465836284301, -0.1489999999999999380 ) ) ;
#7854 = ORIENTED_EDGE ( 'NONE', *, *, #1060, .T. ) ;
#7855 = FACE_OUTER_BOUND ( 'NONE', #6132, .T. ) ;
#7856 = FILL_AREA_STYLE ('',( #712 ) ) ;
#7857 = ORIENTED_EDGE ( 'NONE', *, *, #4572, .T. ) ;
#7858 = FILL_AREA_STYLE ('',( #2842 ) ) ;
#7859 = ORIENTED_EDGE ( 'NONE', *, *, #2014, .T. ) ;
#7860 = STYLED_ITEM ( 'NONE', ( #6142 ), #1663 ) ;
#7861 =( LENGTH_UNIT ( ) NAMED_UNIT ( * ) SI_UNIT ( .MILLI., .METRE. ) );
#7862 = ORIENTED_EDGE ( 'NONE', *, *, #7050, .F. ) ;
#7863 = AXIS2_PLACEMENT_3D ( 'NONE', #6867, #1062, #3623 ) ;
#7864 = CARTESIAN_POINT ( 'NONE',  ( -0.2380593996698255055, -0.9290982381309643712, -0.1499999999999999944 ) ) ;
#7865 = EDGE_LOOP ( 'NONE', ( #5212, #3, #6486, #5936 ) ) ;
#7866 = LINE ( 'NONE', #5268, #3724 ) ;
#7867 = CARTESIAN_POINT ( 'NONE',  ( 0.1548927593054700846, -0.7816544920408202701, -0.1500000000000000222 ) ) ;
#7868 = EDGE_CURVE ( 'NONE', #7251, #6902, #4224, .T. ) ;
#7869 = CARTESIAN_POINT ( 'NONE',  ( -0.2925907337228190741, -0.8373522684375478420, -0.1499999999999999944 ) ) ;
#7870 = CARTESIAN_POINT ( 'NONE',  ( 1.075528555105615468E-15, 1.240000000000000213, -0.1499999999999999944 ) ) ;
#7871 = ORIENTED_EDGE ( 'NONE', *, *, #7340, .F. ) ;
#7872 = SURFACE_STYLE_USAGE ( .BOTH. , #5274 ) ;
#7873 = LINE ( 'NONE', #6660, #5279 ) ;
#7874 = CARTESIAN_POINT ( 'NONE',  ( 0.05906280759190245255, -0.7690978681025264496, -0.1499999999999999944 ) ) ;
#7875 =( LENGTH_UNIT ( ) NAMED_UNIT ( * ) SI_UNIT ( .MILLI., .METRE. ) );
#7876 =( NAMED_UNIT ( * ) PLANE_ANGLE_UNIT ( ) SI_UNIT ( $, .RADIAN. ) );
#7877 = EDGE_CURVE ( 'NONE', #3880, #6777, #6190, .T. ) ;
#7878 =( NAMED_UNIT ( * ) SI_UNIT ( $, .STERADIAN. ) SOLID_ANGLE_UNIT ( ) );
#7879 = VERTEX_POINT ( 'NONE', #4320 ) ;
#7880 = LINE ( 'NONE', #1471, #646 ) ;
#7881 = SURFACE_SIDE_STYLE ('',( #6549 ) ) ;
#7882 = ORIENTED_EDGE ( 'NONE', *, *, #8174, .F. ) ;
#7883 = CARTESIAN_POINT ( 'NONE',  ( 1.477161868811778245, 1.524976628885158281, 0.0001099524505766141802 ) ) ;
#7884 = CARTESIAN_POINT ( 'NONE',  ( 0.1383442964691071198, -0.9386774660490019295, -0.1490000000000000491 ) ) ;
#7885 = DIRECTION ( 'NONE',  ( 1.000000000000000000, -0.000000000000000000, -0.000000000000000000 ) ) ;
#7886 = SURFACE_SIDE_STYLE ('',( #6555 ) ) ;
#7887 = CARTESIAN_POINT ( 'NONE',  ( -0.2187625956626310375, -0.9361438262662339360, -0.1489999999999999936 ) ) ;
#7888 = CARTESIAN_POINT ( 'NONE',  ( -0.2698553643168825622, -0.7730817207572892036, -0.1489999999999999936 ) ) ;
#7889 = FACE_OUTER_BOUND ( 'NONE', #5890, .T. ) ;
#7890 = ORIENTED_EDGE ( 'NONE', *, *, #6931, .F. ) ;
#7891 = CARTESIAN_POINT ( 'NONE',  ( 0.1317930986722943287, -0.7413617742039011471, -0.1499999999999999944 ) ) ;
#7892 = CARTESIAN_POINT ( 'NONE',  ( 0.1640390433277302829, -0.7938324549301783994, -0.1489999999999999936 ) ) ;
#7893 = ORIENTED_EDGE ( 'NONE', *, *, #7142, .F. ) ;
#7894 = CARTESIAN_POINT ( 'NONE',  ( 1.474999999999999867, 1.425000000000000044, -0.1499999999999999944 ) ) ;
#7895 = UNCERTAINTY_MEASURE_WITH_UNIT (LENGTH_MEASURE( 1.000000000000000082E-05 ), #4506, 'distance_accuracy_value', 'NONE');
#7896 = VECTOR ( 'NONE', #7388, 1000.000000000000000 ) ;
#7897 = SURFACE_SIDE_STYLE ('',( #1403 ) ) ;
#7898 = COLOUR_RGB ( '',0.2509803921568627416, 0.2509803921568627416, 0.2509803921568627416 ) ;
#7899 = ORIENTED_EDGE ( 'NONE', *, *, #1448, .F. ) ;
#7900 = LINE ( 'NONE', #7385, #7685 ) ;
#7901 = VERTEX_POINT ( 'NONE', #1753 ) ;
#7902 = PRESENTATION_STYLE_ASSIGNMENT (( #6733 ) ) ;
#7903 = ORIENTED_EDGE ( 'NONE', *, *, #5143, .F. ) ;
#7904 = PRESENTATION_LAYER_ASSIGNMENT (  '', '', ( #1530 ) ) ;
#7905 = EDGE_CURVE ( 'NONE', #693, #3044, #7650, .T. ) ;
#7906 = CARTESIAN_POINT ( 'NONE',  ( 0.07120628025243709580, -0.9154533066231377303, -0.1490000000000000213 ) ) ;
#7907 = CARTESIAN_POINT ( 'NONE',  ( 0.1494918640055507841, -0.7764162845899993393, -0.1499999999999999944 ) ) ;
#7908 = CARTESIAN_POINT ( 'NONE',  ( -0.2811531646257120487, -0.8883335658390242306, -0.1500000000000000222 ) ) ;
#7909 = COLOUR_RGB ( '',1.000000000000000000, 1.000000000000000000, 1.000000000000000000 ) ;
#7910 = EDGE_LOOP ( 'NONE', ( #1881, #1800, #3389 ) ) ;
#7911 = DIRECTION ( 'NONE',  ( -0.000000000000000000, -0.000000000000000000, -1.000000000000000000 ) ) ;
#7912 = EDGE_CURVE ( 'NONE', #2051, #4402, #7056, .T. ) ;
#7913 = CARTESIAN_POINT ( 'NONE',  ( 0.07181570204280365854, -0.9374199516789852860, -0.1489999999999999936 ) ) ;
#7914 = LINE ( 'NONE', #6703, #2650 ) ;
#7915 = CARTESIAN_POINT ( 'NONE',  ( -0.2269445248349260535, -0.9098151696096695717, -0.1489999999999999936 ) ) ;
#7916 = AXIS2_PLACEMENT_3D ( 'NONE', #7203, #3276, #5879 ) ;
#7917 = SURFACE_STYLE_USAGE ( .BOTH. , #4063 ) ;
#7918 = ORIENTED_EDGE ( 'NONE', *, *, #4457, .F. ) ;
#7919 = CARTESIAN_POINT ( 'NONE',  ( -0.4750000000000008105, 1.289999999999999813, -0.1499999999999999944 ) ) ;
#7920 = DIRECTION ( 'NONE',  ( -1.505836350674315045E-15, -1.000000000000000000, 0.000000000000000000 ) ) ;
#7921 = ORIENTED_EDGE ( 'NONE', *, *, #7289, .T. ) ;
#7922 = ADVANCED_FACE ( 'NONE', ( #3709 ), #3798, .T. ) ;
#7923 = AXIS2_PLACEMENT_3D ( 'NONE', #1781, #1139, #7508 ) ;
#7924 = DIRECTION ( 'NONE',  ( 1.000000000000000000, -1.445602896647335958E-15, 0.000000000000000000 ) ) ;
#7925 = CARTESIAN_POINT ( 'NONE',  ( 0.2024687077983324812, -0.8472646713330165280, -0.1499999999999998834 ) ) ;
#7926 =( NAMED_UNIT ( * ) PLANE_ANGLE_UNIT ( ) SI_UNIT ( $, .RADIAN. ) );
#7927 = DIRECTION ( 'NONE',  ( 0.000000000000000000, -0.000000000000000000, 1.000000000000000000 ) ) ;
#7928 = FILL_AREA_STYLE_COLOUR ( '', #511 ) ;
#7929 = CARTESIAN_POINT ( 'NONE',  ( -0.2645772721167821140, -0.8202689604365995812, -0.1489999999999999380 ) ) ;
#7930 = PRESENTATION_LAYER_ASSIGNMENT (  '', '', ( #1958 ) ) ;
#7931 = CARTESIAN_POINT ( 'NONE',  ( -0.2094992875219536255, -0.7413297815213987230, -0.1499999999999999944 ) ) ;
#7932 = SURFACE_STYLE_USAGE ( .BOTH. , #2021 ) ;
#7933 = ORIENTED_EDGE ( 'NONE', *, *, #6510, .T. ) ;
#7934 = SURFACE_STYLE_USAGE ( .BOTH. , #3410 ) ;
#7935 = SURFACE_STYLE_FILL_AREA ( #4766 ) ;
#7936 = VERTEX_POINT ( 'NONE', #6401 ) ;
#7937 = FILL_AREA_STYLE ('',( #1268 ) ) ;
#7938 = LINE ( 'NONE', #244, #4010 ) ;
#7939 = ADVANCED_FACE ( 'NONE', ( #598 ), #7570, .T. ) ;
#7940 = VERTEX_POINT ( 'NONE', #6965 ) ;
#7941 = CARTESIAN_POINT ( 'NONE',  ( -0.1750000000000001277, -1.650000000000003908, 0.002000000000000021726 ) ) ;
#7942 = ORIENTED_EDGE ( 'NONE', *, *, #4690, .T. ) ;
#7943 = SURFACE_SIDE_STYLE ('',( #248 ) ) ;
#7944 = ORIENTED_EDGE ( 'NONE', *, *, #2820, .F. ) ;
#7945 = FILL_AREA_STYLE_COLOUR ( '', #4172 ) ;
#7946 = DIRECTION ( 'NONE',  ( -1.057758217059041131E-15, -1.000000000000000000, 0.000000000000000000 ) ) ;
#7947 = LINE ( 'NONE', #4854, #2533 ) ;
#7948 = EDGE_CURVE ( 'NONE', #6243, #5625, #3417, .T. ) ;
#7949 = VECTOR ( 'NONE', #87, 1000.000000000000000 ) ;
#7950 = FACE_OUTER_BOUND ( 'NONE', #5231, .T. ) ;
#7951 = CARTESIAN_POINT ( 'NONE',  ( -0.2811490005664455949, -0.7886464364104799341, -0.1489999999999999658 ) ) ;
#7952 = STYLED_ITEM ( 'NONE', ( #5663 ), #9 ) ;
#7953 = ORIENTED_EDGE ( 'NONE', *, *, #1028, .F. ) ;
#7954 = UNCERTAINTY_MEASURE_WITH_UNIT (LENGTH_MEASURE( 1.000000000000000082E-05 ), #1063, 'distance_accuracy_value', 'NONE');
#7955 = VECTOR ( 'NONE', #3493, 1000.000000000000000 ) ;
#7956 = CARTESIAN_POINT ( 'NONE',  ( -1.525000000000000133, 0.1000000000000003664, -0.1599999999999999756 ) ) ;
#7957 = EDGE_CURVE ( 'NONE', #4837, #5532, #5246, .T. ) ;
#7958 = DIRECTION ( 'NONE',  ( -1.000000000000000000, 0.000000000000000000, 0.000000000000000000 ) ) ;
#7959 = CARTESIAN_POINT ( 'NONE',  ( -0.2657614654301360679, -0.8379239147790112918, -0.1489999999999999936 ) ) ;
#7960 =( GEOMETRIC_REPRESENTATION_CONTEXT ( 3 ) GLOBAL_UNCERTAINTY_ASSIGNED_CONTEXT ( ( #2416 ) ) GLOBAL_UNIT_ASSIGNED_CONTEXT ( ( #215, #4656, #7268 ) ) REPRESENTATION_CONTEXT ( 'NONE', 'WORKASPACE' ) );
#7961 = LINE ( 'NONE', #5987, #6736 ) ;
#7962 = EDGE_LOOP ( 'NONE', ( #5109, #8394, #5381, #6622 ) ) ;
#7963 =( GEOMETRIC_REPRESENTATION_CONTEXT ( 3 ) GLOBAL_UNCERTAINTY_ASSIGNED_CONTEXT ( ( #2763 ) ) GLOBAL_UNIT_ASSIGNED_CONTEXT ( ( #6236, #1843, #2408 ) ) REPRESENTATION_CONTEXT ( 'NONE', 'WORKASPACE' ) );
#7964 = SURFACE_STYLE_FILL_AREA ( #2050 ) ;
#7965 = ORIENTED_EDGE ( 'NONE', *, *, #3129, .F. ) ;
#7966 = VECTOR ( 'NONE', #1726, 1000.000000000000000 ) ;
#7967 =( GEOMETRIC_REPRESENTATION_CONTEXT ( 3 ) GLOBAL_UNCERTAINTY_ASSIGNED_CONTEXT ( ( #8316 ) ) GLOBAL_UNIT_ASSIGNED_CONTEXT ( ( #206, #4692, #2810 ) ) REPRESENTATION_CONTEXT ( 'NONE', 'WORKASPACE' ) );
#7968 = PRESENTATION_STYLE_ASSIGNMENT (( #4031 ) ) ;
#7969 = MECHANICAL_DESIGN_GEOMETRIC_PRESENTATION_REPRESENTATION (  '', ( #7288 ), #6591 ) ;
#7970 = FILL_AREA_STYLE_COLOUR ( '', #1456 ) ;
#7971 = PLANE ( 'NONE',  #4954 ) ;
#7973 = AXIS2_PLACEMENT_3D ( 'NONE', #5440, #4758, #2209 ) ;
#7972 = CARTESIAN_POINT ( 'NONE',  ( -0.2286679779773230781, -0.9330256756535770801, -0.1490000000000000213 ) ) ;
#7974 = STYLED_ITEM ( 'NONE', ( #5963 ), #7334 ) ;
#7975 = AXIS2_PLACEMENT_3D ( 'NONE', #6654, #3929, #7996 ) ;
#7976 = EDGE_CURVE ( 'NONE', #3089, #6666, #2812, .T. ) ;
#7977 =( NAMED_UNIT ( * ) SI_UNIT ( $, .STERADIAN. ) SOLID_ANGLE_UNIT ( ) );
#7978 = SURFACE_SIDE_STYLE ('',( #6677 ) ) ;
#7979 = ORIENTED_EDGE ( 'NONE', *, *, #5979, .F. ) ;
#7980 = PLANE ( 'NONE',  #5199 ) ;
#7981 = ORIENTED_EDGE ( 'NONE', *, *, #5302, .T. ) ;
#7982 = AXIS2_PLACEMENT_3D ( 'NONE', #1246, #6162, #4491 ) ;
#7983 = UNCERTAINTY_MEASURE_WITH_UNIT (LENGTH_MEASURE( 1.000000000000000082E-05 ), #2304, 'distance_accuracy_value', 'NONE');
#7984 = EDGE_CURVE ( 'NONE', #7673, #42, #282, .T. ) ;
#7985 = FILL_AREA_STYLE ('',( #797 ) ) ;
#7986 = ORIENTED_EDGE ( 'NONE', *, *, #1405, .F. ) ;
#7987 = EDGE_CURVE ( 'NONE', #6977, #1511, #5454, .T. ) ;
#7988 = STYLED_ITEM ( 'NONE', ( #8028 ), #8023 ) ;
#7989 = PRESENTATION_STYLE_ASSIGNMENT (( #2695 ) ) ;
#7990 = ORIENTED_EDGE ( 'NONE', *, *, #3713, .F. ) ;
#7991 = SURFACE_STYLE_FILL_AREA ( #2659 ) ;
#7992 = PRESENTATION_LAYER_ASSIGNMENT (  '', '', ( #6072 ) ) ;
#7993 = CARTESIAN_POINT ( 'NONE',  ( 0.1200623025391542170, -0.9191495866280174898, -0.1489999999999999936 ) ) ;
#7994 = SURFACE_SIDE_STYLE ('',( #5390 ) ) ;
#7995 = AXIS2_PLACEMENT_3D ( 'NONE', #1794, #7606, #4356 ) ;
#7996 = DIRECTION ( 'NONE',  ( -2.168404344971007685E-15, 1.000000000000000000, 0.000000000000000000 ) ) ;
#7997 =( NAMED_UNIT ( * ) PLANE_ANGLE_UNIT ( ) SI_UNIT ( $, .RADIAN. ) );
#7998 = COLOUR_RGB ( '',0.2509803921568627416, 0.2509803921568627416, 0.2509803921568627416 ) ;
#7999 = VECTOR ( 'NONE', #2121, 1000.000000000000000 ) ;
#8001 = CARTESIAN_POINT ( 'NONE',  ( 0.8249999999999975131, 1.248093198558891493E-15, -0.1499999999999999944 ) ) ;
#8000 = CARTESIAN_POINT ( 'NONE',  ( 0.4749999999999997558, 1.525000000000000133, -0.1499999999999999944 ) ) ;
#8002 = ADVANCED_FACE ( 'NONE', ( #6648 ), #7345, .T. ) ;
#8003 = CARTESIAN_POINT ( 'NONE',  ( -1.649999999999999911, 0.09999999999999981126, 0.002000000000000021726 ) ) ;
#8004 =( LENGTH_UNIT ( ) NAMED_UNIT ( * ) SI_UNIT ( .MILLI., .METRE. ) );
#8005 = MECHANICAL_DESIGN_GEOMETRIC_PRESENTATION_REPRESENTATION (  '', ( #538 ), #4443 ) ;
#8006 = CARTESIAN_POINT ( 'NONE',  ( -0.2655583276491066957, -0.8469781897562262962, -0.1499999999999999944 ) ) ;
#8007 = ORIENTED_EDGE ( 'NONE', *, *, #1341, .T. ) ;
#8008 = DIRECTION ( 'NONE',  ( 0.000000000000000000, 1.000000000000000000, 0.000000000000000000 ) ) ;
#8009 = PRESENTATION_STYLE_ASSIGNMENT (( #6587 ) ) ;
#8010 = ORIENTED_EDGE ( 'NONE', *, *, #6145, .F. ) ;
#8011 = AXIS2_PLACEMENT_3D ( 'NONE', #3540, #3504, #3350 ) ;
#8012 = SURFACE_STYLE_USAGE ( .BOTH. , #4789 ) ;
#8013 = CARTESIAN_POINT ( 'NONE',  ( 0.1927581171042819785, -0.8925147363839798231, -0.1499999999999998557 ) ) ;
#8014 = FILL_AREA_STYLE_COLOUR ( '', #3062 ) ;
#8015 = DIRECTION ( 'NONE',  ( 1.000000000000000000, -0.000000000000000000, -0.000000000000000000 ) ) ;
#8016 = EDGE_CURVE ( 'NONE', #4223, #3400, #5420, .T. ) ;
#8017 =( LENGTH_UNIT ( ) NAMED_UNIT ( * ) SI_UNIT ( .MILLI., .METRE. ) );
#8018 = CARTESIAN_POINT ( 'NONE',  ( 0.000000000000000000, 1.316487659678485800, 0.4999999999999998890 ) ) ;
#8019 = ORIENTED_EDGE ( 'NONE', *, *, #6004, .T. ) ;
#8020 = DIRECTION ( 'NONE',  ( 0.000000000000000000, 0.000000000000000000, -1.000000000000000000 ) ) ;
#8021 = SURFACE_STYLE_FILL_AREA ( #3411 ) ;
#8022 = ORIENTED_EDGE ( 'NONE', *, *, #7806, .F. ) ;
#8023 = ADVANCED_FACE ( 'NONE', ( #4 ), #2151, .T. ) ;
#8024 = ORIENTED_EDGE ( 'NONE', *, *, #4425, .T. ) ;
#8025 = CARTESIAN_POINT ( 'NONE',  ( -0.2291996815300162138, -0.7463342152290836085, -0.1500000000000000222 ) ) ;
#8026 = VERTEX_POINT ( 'NONE', #410 ) ;
#8027 = VECTOR ( 'NONE', #1770, 1000.000000000000000 ) ;
#8028 = PRESENTATION_STYLE_ASSIGNMENT (( #1454 ) ) ;
#8029 = DIRECTION ( 'NONE',  ( 1.000000000000000000, 6.195440985631459262E-16, -0.000000000000000000 ) ) ;
#8030 = VERTEX_POINT ( 'NONE', #1092 ) ;
#8031 = EDGE_CURVE ( 'NONE', #1837, #1107, #5522, .T. ) ;
#8032 = PRESENTATION_LAYER_ASSIGNMENT (  '', '', ( #7617 ) ) ;
#8033 = CARTESIAN_POINT ( 'NONE',  ( 0.1730953039380248026, -0.8668537537328506737, -0.1489999999999999936 ) ) ;
#8034 = FILL_AREA_STYLE_COLOUR ( '', #4033 ) ;
#8035 = SURFACE_STYLE_FILL_AREA ( #7438 ) ;
#8036 = MECHANICAL_DESIGN_GEOMETRIC_PRESENTATION_REPRESENTATION (  '', ( #1519 ), #2981 ) ;
#8037 =( GEOMETRIC_REPRESENTATION_CONTEXT ( 3 ) GLOBAL_UNCERTAINTY_ASSIGNED_CONTEXT ( ( #4276 ) ) GLOBAL_UNIT_ASSIGNED_CONTEXT ( ( #5423, #8068, #1002 ) ) REPRESENTATION_CONTEXT ( 'NONE', 'WORKASPACE' ) );
#8039 = DIRECTION ( 'NONE',  ( 0.000000000000000000, -0.000000000000000000, -1.000000000000000000 ) ) ;
#8038 = SURFACE_STYLE_FILL_AREA ( #4059 ) ;
#8040 = CARTESIAN_POINT ( 'NONE',  ( 0.1471890557165661806, -0.9356896511866148458, -0.1499999999999999389 ) ) ;
#8041 = SURFACE_STYLE_USAGE ( .BOTH. , #335 ) ;
#8042 = ORIENTED_EDGE ( 'NONE', *, *, #4239, .F. ) ;
#8043 = EDGE_CURVE ( 'NONE', #5455, #5742, #5018, .T. ) ;
#8044 = DIRECTION ( 'NONE',  ( 1.000000000000000000, 0.000000000000000000, 0.000000000000000000 ) ) ;
#8045 = DIRECTION ( 'NONE',  ( 0.000000000000000000, -0.000000000000000000, 1.000000000000000000 ) ) ;
#8046 = ORIENTED_EDGE ( 'NONE', *, *, #6050, .T. ) ;
#8047 = LINE ( 'NONE', #1474, #961 ) ;
#8048 = VECTOR ( 'NONE', #6833, 1000.000000000000000 ) ;
#8049 = SURFACE_STYLE_USAGE ( .BOTH. , #4631 ) ;
#8050 = VECTOR ( 'NONE', #2959, 1000.000000000000000 ) ;
#8051 = STYLED_ITEM ( 'NONE', ( #1421 ), #4034 ) ;
#8052 = CARTESIAN_POINT ( 'NONE',  ( 1.575000000000000844, -1.425720693118508908, -9.813896329709785815E-16 ) ) ;
#8053 = ORIENTED_EDGE ( 'NONE', *, *, #1970, .F. ) ;
#8054 = CARTESIAN_POINT ( 'NONE',  ( -1.125000000000002442, -1.701945270762133548E-15, -0.1499999999999999944 ) ) ;
#8055 = EDGE_LOOP ( 'NONE', ( #4685, #5273, #791, #5710 ) ) ;
#8056 = EDGE_CURVE ( 'NONE', #3681, #2149, #7505, .T. ) ;
#8057 = UNCERTAINTY_MEASURE_WITH_UNIT (LENGTH_MEASURE( 1.000000000000000082E-05 ), #7550, 'distance_accuracy_value', 'NONE');
#8058 = STYLED_ITEM ( 'NONE', ( #3720 ), #2725 ) ;
#8059 = DIRECTION ( 'NONE',  ( -3.130809817635419136E-16, -0.2079116908177597867, 0.9781476007338055778 ) ) ;
#8060 = CARTESIAN_POINT ( 'NONE',  ( -0.3921715264057458739, -0.7782821464863283190, -0.1489999999999999936 ) ) ;
#8061 = COLOUR_RGB ( '',0.000000000000000000, 0.000000000000000000, 0.000000000000000000 ) ;
#8062 = DIRECTION ( 'NONE',  ( -1.000000000000000000, 0.000000000000000000, 0.000000000000000000 ) ) ;
#8063 = ORIENTED_EDGE ( 'NONE', *, *, #4507, .F. ) ;
#8064 = EDGE_CURVE ( 'NONE', #6147, #4378, #3201, .T. ) ;
#8065 = FILL_AREA_STYLE_COLOUR ( '', #3740 ) ;
#8066 =( NAMED_UNIT ( * ) SI_UNIT ( $, .STERADIAN. ) SOLID_ANGLE_UNIT ( ) );
#8067 = EDGE_LOOP ( 'NONE', ( #434, #6438, #6272, #1293 ) ) ;
#8068 =( NAMED_UNIT ( * ) PLANE_ANGLE_UNIT ( ) SI_UNIT ( $, .RADIAN. ) );
#8069 = VECTOR ( 'NONE', #4451, 1000.000000000000000 ) ;
#8070 = FILL_AREA_STYLE ('',( #6740 ) ) ;
#8071 = FILL_AREA_STYLE ('',( #6065 ) ) ;
#8072 = CARTESIAN_POINT ( 'NONE',  ( -0.2291996815300162138, -0.7463342152290836085, -0.1490000000000000213 ) ) ;
#8073 = EDGE_CURVE ( 'NONE', #1837, #6786, #7471, .T. ) ;
#8075 = CARTESIAN_POINT ( 'NONE',  ( -0.4750000000000008105, 1.649999999999995248, 0.002000000000000021726 ) ) ;
#8074 = CARTESIAN_POINT ( 'NONE',  ( 1.475720693118510063, -1.524999999999999911, 1.080049891728723334E-16 ) ) ;
#8076 = CARTESIAN_POINT ( 'NONE',  ( 0.8249999999999999556, -1.650000000000013456, -0.1599999999999999756 ) ) ;
#8077 = DIRECTION ( 'NONE',  ( 0.000000000000000000, -0.000000000000000000, -1.000000000000000000 ) ) ;
#8078 = COLOUR_RGB ( '',1.000000000000000000, 1.000000000000000000, 1.000000000000000000 ) ;
#8079 = CARTESIAN_POINT ( 'NONE',  ( 0.1501397141590173345, -0.7486786780588613466, -0.1490000000000000491 ) ) ;
#8080 = EDGE_CURVE ( 'NONE', #5587, #2885, #7571, .T. ) ;
#8081 = ORIENTED_EDGE ( 'NONE', *, *, #89, .T. ) ;
#8082 = PRESENTATION_LAYER_ASSIGNMENT (  '', '', ( #5629 ) ) ;
#8083 = CARTESIAN_POINT ( 'NONE',  ( 1.525000000000000133, -0.1000000000000007827, -0.1599999999999999756 ) ) ;
#8084 = MECHANICAL_DESIGN_GEOMETRIC_PRESENTATION_REPRESENTATION (  '', ( #6989 ), #2493 ) ;
#8085 = FILL_AREA_STYLE_COLOUR ( '', #1103 ) ;
#8086 = ORIENTED_EDGE ( 'NONE', *, *, #514, .F. ) ;
#8087 = DIRECTION ( 'NONE',  ( 0.000000000000000000, -0.9781476007338054668, -0.2079116908177600087 ) ) ;
#8088 = SURFACE_STYLE_USAGE ( .BOTH. , #3671 ) ;
#8089 =( GEOMETRIC_REPRESENTATION_CONTEXT ( 3 ) GLOBAL_UNCERTAINTY_ASSIGNED_CONTEXT ( ( #6089 ) ) GLOBAL_UNIT_ASSIGNED_CONTEXT ( ( #4174, #5461, #1616 ) ) REPRESENTATION_CONTEXT ( 'NONE', 'WORKASPACE' ) );
#8090 = VECTOR ( 'NONE', #4828, 1000.000000000000114 ) ;
#8091 = COLOUR_RGB ( '',0.2509803921568627416, 0.2509803921568627416, 0.2509803921568627416 ) ;
#8092 = DIRECTION ( 'NONE',  ( -0.000000000000000000, -0.000000000000000000, -1.000000000000000000 ) ) ;
#8093 = CARTESIAN_POINT ( 'NONE',  ( 0.4749999999999998113, -1.650000000000008349, -0.1599999999999999756 ) ) ;
#8094 = FILL_AREA_STYLE_COLOUR ( '', #639 ) ;
#8095 = VECTOR ( 'NONE', #6860, 1000.000000000000000 ) ;
#8096 =( NAMED_UNIT ( * ) PLANE_ANGLE_UNIT ( ) SI_UNIT ( $, .RADIAN. ) );
#8097 = DIRECTION ( 'NONE',  ( 0.000000000000000000, -0.000000000000000000, 1.000000000000000000 ) ) ;
#8098 = ORIENTED_EDGE ( 'NONE', *, *, #5457, .T. ) ;
#8099 = CARTESIAN_POINT ( 'NONE',  ( 1.350714582286639320, 1.398529342360019356, 0.5949976638985933208 ) ) ;
#8100 = DIRECTION ( 'NONE',  ( 0.000000000000000000, 0.000000000000000000, -1.000000000000000000 ) ) ;
#8101 = VECTOR ( 'NONE', #3351, 1000.000000000000000 ) ;
#8102 = ORIENTED_EDGE ( 'NONE', *, *, #1229, .T. ) ;
#8103 = EDGE_CURVE ( 'NONE', #4718, #1115, #4928, .T. ) ;
#8104 =( NAMED_UNIT ( * ) SI_UNIT ( $, .STERADIAN. ) SOLID_ANGLE_UNIT ( ) );
#8105 = CARTESIAN_POINT ( 'NONE',  ( -0.8250000000000002887, 1.525000000000000133, 2.296795583605444961E-16 ) ) ;
#8106 = CARTESIAN_POINT ( 'NONE',  ( 0.1237819146373109053, -0.7623528031278501427, -0.1490000000000000213 ) ) ;
#8107 = VECTOR ( 'NONE', #397, 1000.000000000000000 ) ;
#8108 = ORIENTED_EDGE ( 'NONE', *, *, #1970, .T. ) ;
#8109 = CARTESIAN_POINT ( 'NONE',  ( -0.2655685149570597425, -0.8289051620100365003, -0.1500000000000000222 ) ) ;
#8110 = EDGE_LOOP ( 'NONE', ( #125, #4043, #7129, #1385 ) ) ;
#8111 = FILL_AREA_STYLE_COLOUR ( '', #3120 ) ;
#8112 = CARTESIAN_POINT ( 'NONE',  ( 0.2025312174966932277, -0.8436403781936454571, -0.1489999999999999936 ) ) ;
#8113 = CARTESIAN_POINT ( 'NONE',  ( -1.474999999999999867, 1.425000000000000044, -0.1499999999999999944 ) ) ;
#8114 = VECTOR ( 'NONE', #820, 1000.000000000000000 ) ;
#8115 = DIRECTION ( 'NONE',  ( -0.000000000000000000, -0.000000000000000000, -1.000000000000000000 ) ) ;
#8116 = FILL_AREA_STYLE_COLOUR ( '', #6850 ) ;
#8117 =( GEOMETRIC_REPRESENTATION_CONTEXT ( 3 ) GLOBAL_UNCERTAINTY_ASSIGNED_CONTEXT ( ( #7223 ) ) GLOBAL_UNIT_ASSIGNED_CONTEXT ( ( #7741, #7010, #2480 ) ) REPRESENTATION_CONTEXT ( 'NONE', 'WORKASPACE' ) );
#8118 = VECTOR ( 'NONE', #8252, 1000.000000000000000 ) ;
#8119 =( NAMED_UNIT ( * ) SI_UNIT ( $, .STERADIAN. ) SOLID_ANGLE_UNIT ( ) );
#8120 = SURFACE_SIDE_STYLE ('',( #1548 ) ) ;
#8121 = MECHANICAL_DESIGN_GEOMETRIC_PRESENTATION_REPRESENTATION (  '', ( #4305 ), #2403 ) ;
#8122 = EDGE_LOOP ( 'NONE', ( #2163, #1048, #336, #629 ) ) ;
#8123 = LINE ( 'NONE', #432, #1335 ) ;
#8124 = STYLED_ITEM ( 'NONE', ( #6816 ), #1824 ) ;
#8125 = SURFACE_STYLE_USAGE ( .BOTH. , #476 ) ;
#8126 = ORIENTED_EDGE ( 'NONE', *, *, #6983, .F. ) ;
#8127 = LINE ( 'NONE', #6968, #6675 ) ;
#8128 = CARTESIAN_POINT ( 'NONE',  ( -1.574999999999999956, 1.525000000000000133, -0.1499999999999999944 ) ) ;
#8129 = VECTOR ( 'NONE', #7206, 1000.000000000000000 ) ;
#8130 = EDGE_CURVE ( 'NONE', #5422, #2900, #1684, .T. ) ;
#8131 = FACE_BOUND ( 'NONE', #1955, .T. ) ;
#8132 = CARTESIAN_POINT ( 'NONE',  ( 0.05375072969181514393, -0.9075504391692551520, -0.1489999999999999936 ) ) ;
#8133 = SURFACE_STYLE_FILL_AREA ( #8215 ) ;
#8134 = DIRECTION ( 'NONE',  ( 9.035018104046107599E-16, 1.000000000000000000, 0.000000000000000000 ) ) ;
#8135 = CARTESIAN_POINT ( 'NONE',  ( 0.000000000000000000, 0.000000000000000000, -0.1499999999999999944 ) ) ;
#8136 = SURFACE_STYLE_FILL_AREA ( #8217 ) ;
#8137 = ORIENTED_EDGE ( 'NONE', *, *, #2376, .F. ) ;
#8138 = CARTESIAN_POINT ( 'NONE',  ( -0.1584443922594044318, -0.7618187318521819629, -0.1489999999999999936 ) ) ;
#8139 = ORIENTED_EDGE ( 'NONE', *, *, #811, .F. ) ;
#8140 = CARTESIAN_POINT ( 'NONE',  ( -0.01210292884477019541, -0.8276723903887672762, -0.1489999999999999936 ) ) ;
#8141 = STYLED_ITEM ( 'NONE', ( #689 ), #5099 ) ;
#8142 = UNCERTAINTY_MEASURE_WITH_UNIT (LENGTH_MEASURE( 1.000000000000000082E-05 ), #6516, 'distance_accuracy_value', 'NONE');
#8143 = CARTESIAN_POINT ( 'NONE',  ( -0.2811490005664455949, -0.7886464364104799341, -0.1499999999999999667 ) ) ;
#8144 = CARTESIAN_POINT ( 'NONE',  ( 0.1436376317941394920, -0.7718771141150896353, -0.1489999999999999658 ) ) ;
#8145 = SURFACE_SIDE_STYLE ('',( #1135 ) ) ;
#8146 = ORIENTED_EDGE ( 'NONE', *, *, #6340, .T. ) ;
#8147 = CARTESIAN_POINT ( 'NONE',  ( -0.1907891987202045003, -0.7618773306860007200, -0.1499999999999999944 ) ) ;
#8148 =( NAMED_UNIT ( * ) PLANE_ANGLE_UNIT ( ) SI_UNIT ( $, .RADIAN. ) );
#8149 = ORIENTED_EDGE ( 'NONE', *, *, #6091, .F. ) ;
#8150 = CARTESIAN_POINT ( 'NONE',  ( 0.4749999999999998113, -1.650000000000008349, 0.002000000000000021726 ) ) ;
#8151 = CARTESIAN_POINT ( 'NONE',  ( 0.09847719399383310368, -0.7594116155812058455, -0.1499999999999999944 ) ) ;
#8152 = CARTESIAN_POINT ( 'NONE',  ( -1.517883041479748609E-16, -0.1000000000000027117, -0.1499999999999999944 ) ) ;
#8153 = STYLED_ITEM ( 'NONE', ( #7115 ), #3541 ) ;
#8154 = AXIS2_PLACEMENT_3D ( 'NONE', #1397, #3488, #747 ) ;
#8155 = LINE ( 'NONE', #8193, #3476 ) ;
#8156 = CARTESIAN_POINT ( 'NONE',  ( -0.4750000000000005884, -1.220000000000004414, -0.1599999999999999756 ) ) ;
#8157 = ORIENTED_EDGE ( 'NONE', *, *, #299, .F. ) ;
#8158 =( GEOMETRIC_REPRESENTATION_CONTEXT ( 3 ) GLOBAL_UNCERTAINTY_ASSIGNED_CONTEXT ( ( #648 ) ) GLOBAL_UNIT_ASSIGNED_CONTEXT ( ( #7403, #897, #1432 ) ) REPRESENTATION_CONTEXT ( 'NONE', 'WORKASPACE' ) );
#8159 = CARTESIAN_POINT ( 'NONE',  ( 1.476441344127285005, -1.524992209324915748, 3.665224457366497100E-05 ) ) ;
#8160 = ADVANCED_FACE ( 'NONE', ( #3650 ), #1777, .T. ) ;
#8161 = SURFACE_STYLE_USAGE ( .BOTH. , #8120 ) ;
#8162 = VECTOR ( 'NONE', #7040, 1000.000000000000000 ) ;
#8163 = CARTESIAN_POINT ( 'NONE',  ( 0.1412201469392447839, -0.7445292267768455208, -0.1489999999999999936 ) ) ;
#8164 = SURFACE_SIDE_STYLE ('',( #4996 ) ) ;
#8165 = ORIENTED_EDGE ( 'NONE', *, *, #4074, .T. ) ;
#8166 = STYLED_ITEM ( 'NONE', ( #7674 ), #3328 ) ;
#8167 = LINE ( 'NONE', #2997, #3348 ) ;
#8168 =( LENGTH_UNIT ( ) NAMED_UNIT ( * ) SI_UNIT ( .MILLI., .METRE. ) );
#8169 = ORIENTED_EDGE ( 'NONE', *, *, #2918, .T. ) ;
#8170 = COLOUR_RGB ( '',0.000000000000000000, 0.000000000000000000, 0.000000000000000000 ) ;
#8171 = VECTOR ( 'NONE', #990, 1000.000000000000000 ) ;
#8172 = SURFACE_SIDE_STYLE ('',( #395 ) ) ;
#8173 = DIRECTION ( 'NONE',  ( -1.000000000000000000, -0.000000000000000000, -0.000000000000000000 ) ) ;
#8174 = EDGE_CURVE ( 'NONE', #3155, #6057, #5247, .T. ) ;
#8175 = LINE ( 'NONE', #4287, #1529 ) ;
#8176 = ORIENTED_EDGE ( 'NONE', *, *, #4784, .F. ) ;
#8177 =( LENGTH_UNIT ( ) NAMED_UNIT ( * ) SI_UNIT ( .MILLI., .METRE. ) );
#8178 = DIRECTION ( 'NONE',  ( 9.035018104045888690E-16, -1.000000000000000000, 0.000000000000000000 ) ) ;
#8179 = SURFACE_STYLE_FILL_AREA ( #5533 ) ;
#8180 = DIRECTION ( 'NONE',  ( 0.000000000000000000, 0.000000000000000000, -1.000000000000000000 ) ) ;
#8181 = CARTESIAN_POINT ( 'NONE',  ( -1.224999999999999867, 1.239999999999999769, -0.1599999999999999756 ) ) ;
#8182 = CARTESIAN_POINT ( 'NONE',  ( 0.1706359789566945784, -0.8079822169943822185, -0.1490000000000000768 ) ) ;
#8183 = ORIENTED_EDGE ( 'NONE', *, *, #6365, .T. ) ;
#8184 = CARTESIAN_POINT ( 'NONE',  ( -0.2645772721167821140, -0.8202689604365995812, -0.1499999999999999389 ) ) ;
#8185 = ORIENTED_EDGE ( 'NONE', *, *, #1850, .F. ) ;
#8186 = SURFACE_STYLE_FILL_AREA ( #6991 ) ;
#8187 = CARTESIAN_POINT ( 'NONE',  ( -1.125000000000000888, 1.525000000000000133, -0.1499999999999999944 ) ) ;
#8188 = UNCERTAINTY_MEASURE_WITH_UNIT (LENGTH_MEASURE( 1.000000000000000082E-05 ), #2238, 'distance_accuracy_value', 'NONE');
#8189 = AXIS2_PLACEMENT_3D ( 'NONE', #6795, #7621, #6975 ) ;
#8190 = CARTESIAN_POINT ( 'NONE',  ( 0.1087812174966932277, -0.9423065367302307926, -0.1489999999999999936 ) ) ;
#8191 = EDGE_CURVE ( 'NONE', #1511, #4687, #4426, .T. ) ;
#8192 = SURFACE_SIDE_STYLE ('',( #417 ) ) ;
#8193 = CARTESIAN_POINT ( 'NONE',  ( -0.2925907337228190741, -0.8373522684375478420, -0.1489999999999999936 ) ) ;
#8194 = CARTESIAN_POINT ( 'NONE',  ( -1.574999999999999956, 1.425000000000000044, 0.000000000000000000 ) ) ;
#8195 = ORIENTED_EDGE ( 'NONE', *, *, #1782, .F. ) ;
#8196 = UNCERTAINTY_MEASURE_WITH_UNIT (LENGTH_MEASURE( 1.000000000000000082E-05 ), #5624, 'distance_accuracy_value', 'NONE');
#8198 = DIRECTION ( 'NONE',  ( 1.000000000000000000, -0.000000000000000000, 0.000000000000000000 ) ) ;
#8197 = CARTESIAN_POINT ( 'NONE',  ( 1.475000000000000533, -1.524999999999999689, 0.000000000000000000 ) ) ;
#8199 = EDGE_CURVE ( 'NONE', #1536, #6777, #78, .T. ) ;
#8200 = SURFACE_SIDE_STYLE ('',( #3665 ) ) ;
#8201 = ORIENTED_EDGE ( 'NONE', *, *, #5265, .T. ) ;
#8202 = CARTESIAN_POINT ( 'NONE',  ( 0.1585845901406489900, -0.7537188278367914496, -0.1499999999999999389 ) ) ;
#8203 = FILL_AREA_STYLE ('',( #6274 ) ) ;
#8204 = ORIENTED_EDGE ( 'NONE', *, *, #7778, .T. ) ;
#8205 = SURFACE_STYLE_USAGE ( .BOTH. , #1836 ) ;
#8206 = ADVANCED_FACE ( 'NONE', ( #5708 ), #6343, .T. ) ;
#8207 = LINE ( 'NONE', #1019, #1524 ) ;
#8208 = ORIENTED_EDGE ( 'NONE', *, *, #40, .T. ) ;
#8209 = UNCERTAINTY_MEASURE_WITH_UNIT (LENGTH_MEASURE( 1.000000000000000082E-05 ), #5040, 'distance_accuracy_value', 'NONE');
#8210 = CARTESIAN_POINT ( 'NONE',  ( 1.124999999999999778, -1.650000000000013012, -0.1599999999999999756 ) ) ;
#8211 = SURFACE_SIDE_STYLE ('',( #5607 ) ) ;
#8212 = CARTESIAN_POINT ( 'NONE',  ( 1.225000000000000089, -0.1000000000000003386, -0.1499999999999999944 ) ) ;
#8213 = FACE_OUTER_BOUND ( 'NONE', #7521, .T. ) ;
#8214 = VECTOR ( 'NONE', #5512, 1000.000000000000000 ) ;
#8215 = FILL_AREA_STYLE ('',( #8094 ) ) ;
#8216 = CARTESIAN_POINT ( 'NONE',  ( -0.4382081117715995178, -0.8837699513643770821, -0.1489999999999999936 ) ) ;
#8217 = FILL_AREA_STYLE ('',( #1636 ) ) ;
#8218 = ORIENTED_EDGE ( 'NONE', *, *, #3420, .T. ) ;
#8219 = DIRECTION ( 'NONE',  ( -0.000000000000000000, 0.2079116908177597867, -0.9781476007338055778 ) ) ;
#8220 = CARTESIAN_POINT ( 'NONE',  ( -0.1750000000000004607, 1.525000000000000133, -0.1499999999999999944 ) ) ;
#8221 = CARTESIAN_POINT ( 'NONE',  ( 0.1682052145606946492, -0.8812261611840751518, -0.1499999999999999944 ) ) ;
#8222 = CARTESIAN_POINT ( 'NONE',  ( -1.574999999999999956, 1.525000000000000133, -0.1499999999999999944 ) ) ;
#8223 = AXIS2_PLACEMENT_3D ( 'NONE', #8140, #6208, #4968 ) ;
#8224 = SURFACE_STYLE_FILL_AREA ( #4880 ) ;
#8225 = PRESENTATION_STYLE_ASSIGNMENT (( #7590 ) ) ;
#8226 = UNCERTAINTY_MEASURE_WITH_UNIT (LENGTH_MEASURE( 1.000000000000000082E-05 ), #4760, 'distance_accuracy_value', 'NONE');
#8227 = EDGE_CURVE ( 'NONE', #3439, #6963, #7172, .T. ) ;
#8228 = DIRECTION ( 'NONE',  ( 0.2079116908177597867, 9.242150581659742838E-16, 0.9781476007338055778 ) ) ;
#8229 = PRESENTATION_STYLE_ASSIGNMENT (( #4244 ) ) ;
#8230 = MECHANICAL_DESIGN_GEOMETRIC_PRESENTATION_REPRESENTATION (  '', ( #4808 ), #893 ) ;
#8231 = DIRECTION ( 'NONE',  ( -1.000000000000000000, -1.421904488505579654E-16, 0.000000000000000000 ) ) ;
#8232 = AXIS2_PLACEMENT_3D ( 'NONE', #6078, #6758, #195 ) ;
#8233 = PRESENTATION_STYLE_ASSIGNMENT (( #6810 ) ) ;
#8234 =( NAMED_UNIT ( * ) SI_UNIT ( $, .STERADIAN. ) SOLID_ANGLE_UNIT ( ) );
#8235 = EDGE_LOOP ( 'NONE', ( #7212, #2116, #2422, #5519 ) ) ;
#8236 = B_SPLINE_CURVE_WITH_KNOTS ( 'NONE', 3,
 ( #1806, #3269, #7020, #6974, #4533, #1208, #5872, #5188, #525, #565, #1292 ),
 .UNSPECIFIED., .F., .F.,
 ( 4, 1, 1, 1, 1, 1, 1, 1, 4 ),
 ( 0.000000000000000000, 0.1451868664724696723, 0.2834426109197301091, 0.4165243659288289102, 0.5431811235350826328, 0.6651530826377130001, 0.7813602063127158548, 0.8927566556418087274, 1.000000000000000000 ),
 .UNSPECIFIED. ) ;
#8237 = CARTESIAN_POINT ( 'NONE',  ( 0.08810123292271863915, -0.7601229269897402663, -0.1499999999999999667 ) ) ;
#8238 =( GEOMETRIC_REPRESENTATION_CONTEXT ( 3 ) GLOBAL_UNCERTAINTY_ASSIGNED_CONTEXT ( ( #3168 ) ) GLOBAL_UNIT_ASSIGNED_CONTEXT ( ( #3611, #1818, #2417 ) ) REPRESENTATION_CONTEXT ( 'NONE', 'WORKASPACE' ) );
#8239 = CIRCLE ( 'NONE', #4552, 0.04999999999999996808 ) ;
#8240 = FILL_AREA_STYLE ('',( #2426 ) ) ;
#8241 = EDGE_CURVE ( 'NONE', #4835, #3843, #1900, .T. ) ;
#8242 = PRESENTATION_LAYER_ASSIGNMENT (  '', '', ( #3465 ) ) ;
#8243 = DIRECTION ( 'NONE',  ( 0.000000000000000000, -0.000000000000000000, 1.000000000000000000 ) ) ;
#8244 = VERTEX_POINT ( 'NONE', #3190 ) ;
#8245 =( GEOMETRIC_REPRESENTATION_CONTEXT ( 3 ) GLOBAL_UNCERTAINTY_ASSIGNED_CONTEXT ( ( #2406 ) ) GLOBAL_UNIT_ASSIGNED_CONTEXT ( ( #4499, #2503, #1978 ) ) REPRESENTATION_CONTEXT ( 'NONE', 'WORKASPACE' ) );
#8246 = COLOUR_RGB ( '',1.000000000000000000, 1.000000000000000000, 1.000000000000000000 ) ;
#8247 = COLOUR_RGB ( '',0.2509803921568627416, 0.2509803921568627416, 0.2509803921568627416 ) ;
#8248 = CARTESIAN_POINT ( 'NONE',  ( -0.7750000000000004663, 1.289999999999999813, 0.002000000000000021726 ) ) ;
#8249 =( BOUNDED_CURVE ( )  B_SPLINE_CURVE ( 3, ( #6817, #328, #5549, #8194 ),
 .UNSPECIFIED., .F., .F. ) 
 B_SPLINE_CURVE_WITH_KNOTS ( ( 4, 4 ),
 ( 3.119972281138414516, 3.141592653589793116 ),
 .UNSPECIFIED. ) 
 CURVE ( )  GEOMETRIC_REPRESENTATION_ITEM ( )  RATIONAL_B_SPLINE_CURVE ( ( 1.000000000000000000, 0.9999610470039286270, 0.9999610470039286270, 1.000000000000000000 ) ) 
 REPRESENTATION_ITEM ( '' )  );
#8250 = STYLED_ITEM ( 'NONE', ( #5618 ), #1512 ) ;
#8251 =( NAMED_UNIT ( * ) PLANE_ANGLE_UNIT ( ) SI_UNIT ( $, .RADIAN. ) );
#8252 = DIRECTION ( 'NONE',  ( 0.000000000000000000, 0.000000000000000000, -1.000000000000000000 ) ) ;
#8253 = ORIENTED_EDGE ( 'NONE', *, *, #7690, .F. ) ;
#8254 = CARTESIAN_POINT ( 'NONE',  ( 0.2952141443259615472, -0.9179162928277918576, -0.1489999999999999936 ) ) ;
#8255 = CARTESIAN_POINT ( 'NONE',  ( -0.4750000000000008105, 1.649999999999995248, 0.002000000000000021726 ) ) ;
#8256 = EDGE_LOOP ( 'NONE', ( #3971, #3700, #1732 ) ) ;
#8257 = CARTESIAN_POINT ( 'NONE',  ( 1.125000000000001110, 1.649999999999999467, 0.002000000000000021726 ) ) ;
#8258 = VECTOR ( 'NONE', #4382, 1000.000000000000114 ) ;
#8259 = EDGE_CURVE ( 'NONE', #812, #5915, #33, .T. ) ;
#8260 = DIRECTION ( 'NONE',  ( 0.000000000000000000, 0.000000000000000000, -1.000000000000000000 ) ) ;
#8261 = ORIENTED_EDGE ( 'NONE', *, *, #7065, .T. ) ;
#8262 =( NAMED_UNIT ( * ) PLANE_ANGLE_UNIT ( ) SI_UNIT ( $, .RADIAN. ) );
#8263 = PRESENTATION_STYLE_ASSIGNMENT (( #8088 ) ) ;
#8264 = PRODUCT_DEFINITION_SHAPE ( 'NONE', 'NONE',  #6095 ) ;
#8265 = DIRECTION ( 'NONE',  ( -0.000000000000000000, 0.000000000000000000, 1.000000000000000000 ) ) ;
#8266 = MECHANICAL_DESIGN_GEOMETRIC_PRESENTATION_REPRESENTATION (  '', ( #2275 ), #3356 ) ;
#8267 =( NAMED_UNIT ( * ) PLANE_ANGLE_UNIT ( ) SI_UNIT ( $, .RADIAN. ) );
#8268 = CARTESIAN_POINT ( 'NONE',  ( 1.474999999999999645, 1.525000000000000133, -0.1499999999999999944 ) ) ;
#8269 = DIRECTION ( 'NONE',  ( -0.000000000000000000, -0.000000000000000000, -1.000000000000000000 ) ) ;
#8270 = ORIENTED_EDGE ( 'NONE', *, *, #3761, .F. ) ;
#8271 = FILL_AREA_STYLE ('',( #4876 ) ) ;
#8272 = SURFACE_STYLE_USAGE ( .BOTH. , #532 ) ;
#8273 = CARTESIAN_POINT ( 'NONE',  ( 0.8250000000000020650, 7.453889935837876510E-16, -0.1499999999999999944 ) ) ;
#8274 = CARTESIAN_POINT ( 'NONE',  ( -0.7750000000000004663, 1.239999999999999769, 0.002000000000000021726 ) ) ;
#8275 = AXIS2_PLACEMENT_3D ( 'NONE', #8222, #3770, #1853 ) ;
#8276 = CARTESIAN_POINT ( 'NONE',  ( -0.2541695547261460519, -0.8853488191141095642, -0.1490000000000000491 ) ) ;
#8277 = DIRECTION ( 'NONE',  ( -1.000000000000000000, 0.000000000000000000, -0.000000000000000000 ) ) ;
#8278 = CARTESIAN_POINT ( 'NONE',  ( -0.2328062736459319826, -0.7724450771513923231, -0.1499999999999999944 ) ) ;
#8279 = CARTESIAN_POINT ( 'NONE',  ( 0.8249999999999999556, -1.650000000000013456, 0.002000000000000021726 ) ) ;
#8280 = ORIENTED_EDGE ( 'NONE', *, *, #7690, .T. ) ;
#8281 = DIRECTION ( 'NONE',  ( -0.000000000000000000, 1.000000000000000000, -0.000000000000000000 ) ) ;
#8282 = EDGE_CURVE ( 'NONE', #3669, #6109, #3007, .T. ) ;
#8283 = PRESENTATION_STYLE_ASSIGNMENT (( #5673 ) ) ;
#8284 = COLOUR_RGB ( '',0.2509803921568627416, 0.2509803921568627416, 0.2509803921568627416 ) ;
#8285 = CARTESIAN_POINT ( 'NONE',  ( -0.01210292884477019541, -0.7618187318521819629, -0.1489999999999999936 ) ) ;
#8286 = DIRECTION ( 'NONE',  ( -1.000000000000000000, 1.084202172485504434E-16, -0.000000000000000000 ) ) ;
#8287 = LINE ( 'NONE', #4856, #2364 ) ;
#8288 = ORIENTED_EDGE ( 'NONE', *, *, #1593, .T. ) ;
#8289 = EDGE_CURVE ( 'NONE', #5605, #5550, #1357, .T. ) ;
#8291 = FILL_AREA_STYLE_COLOUR ( '', #8346 ) ;
#8290 = CARTESIAN_POINT ( 'NONE',  ( 0.8249999999999999556, -1.650000000000013456, -0.1599999999999999756 ) ) ;
#8292 = ORIENTED_EDGE ( 'NONE', *, *, #4784, .T. ) ;
#8293 = FACE_OUTER_BOUND ( 'NONE', #5070, .T. ) ;
#8294 =( LENGTH_UNIT ( ) NAMED_UNIT ( * ) SI_UNIT ( .MILLI., .METRE. ) );
#8295 = VERTEX_POINT ( 'NONE', #6598 ) ;
#8296 = FILL_AREA_STYLE_COLOUR ( '', #3075 ) ;
#8297 = VECTOR ( 'NONE', #5194, 1000.000000000000000 ) ;
#8298 = CARTESIAN_POINT ( 'NONE',  ( -0.1584443922594044318, -0.9179162928277918576, -0.1489999999999999936 ) ) ;
#8299 = VERTEX_POINT ( 'NONE', #6002 ) ;
#8300 =( BOUNDED_CURVE ( )  B_SPLINE_CURVE ( 3, ( #1117, #342, #4365, #6969 ),
 .UNSPECIFIED., .F., .F. ) 
 B_SPLINE_CURVE_WITH_KNOTS ( ( 4, 4 ),
 ( 5.519407516233516553, 7.046963098125655911 ),
 .UNSPECIFIED. ) 
 CURVE ( )  GEOMETRIC_REPRESENTATION_ITEM ( )  RATIONAL_B_SPLINE_CURVE ( ( 1.000000000000000000, 0.8148188289447327870, 0.8148188289447327870, 1.000000000000000000 ) ) 
 REPRESENTATION_ITEM ( '' )  );
#8301 = UNCERTAINTY_MEASURE_WITH_UNIT (LENGTH_MEASURE( 1.000000000000000082E-05 ), #4682, 'distance_accuracy_value', 'NONE');
#8302 = DIRECTION ( 'NONE',  ( -1.445602896647337142E-15, 1.000000000000000000, 0.000000000000000000 ) ) ;
#8303 =( NAMED_UNIT ( * ) SI_UNIT ( $, .STERADIAN. ) SOLID_ANGLE_UNIT ( ) );
#8304 = SURFACE_SIDE_STYLE ('',( #6369 ) ) ;
#8305 = ADVANCED_FACE ( 'NONE', ( #5964 ), #727, .T. ) ;
#8306 = FACE_OUTER_BOUND ( 'NONE', #3033, .T. ) ;
#8307 = CARTESIAN_POINT ( 'NONE',  ( -0.4382081117715995178, -0.8837699513643770821, -0.1489999999999999936 ) ) ;
#8308 = CARTESIAN_POINT ( 'NONE',  ( 1.225000000000000089, -0.5000000000000002220, -0.1599999999999999756 ) ) ;
#8309 = FILL_AREA_STYLE_COLOUR ( '', #6558 ) ;
#8310 = SURFACE_STYLE_USAGE ( .BOTH. , #7622 ) ;
#8311 = ORIENTED_EDGE ( 'NONE', *, *, #846, .T. ) ;
#8312 = PRESENTATION_STYLE_ASSIGNMENT (( #2333 ) ) ;
#8313 = CARTESIAN_POINT ( 'NONE',  ( 0.1756463852339849308, -0.8449258998206046201, -0.1499999999999999667 ) ) ;
#8314 =( LENGTH_UNIT ( ) NAMED_UNIT ( * ) SI_UNIT ( .MILLI., .METRE. ) );
#8315 = LINE ( 'NONE', #3609, #8361 ) ;
#8316 = UNCERTAINTY_MEASURE_WITH_UNIT (LENGTH_MEASURE( 1.000000000000000082E-05 ), #206, 'distance_accuracy_value', 'NONE');
#8317 = CARTESIAN_POINT ( 'NONE',  ( -0.1750000000000002387, -1.524999999999999689, 0.000000000000000000 ) ) ;
#8318 =( NAMED_UNIT ( * ) SI_UNIT ( $, .STERADIAN. ) SOLID_ANGLE_UNIT ( ) );
#8319 =( GEOMETRIC_REPRESENTATION_CONTEXT ( 3 ) GLOBAL_UNCERTAINTY_ASSIGNED_CONTEXT ( ( #583 ) ) GLOBAL_UNIT_ASSIGNED_CONTEXT ( ( #1443, #835, #3997 ) ) REPRESENTATION_CONTEXT ( 'NONE', 'WORKASPACE' ) );
#8320 = CARTESIAN_POINT ( 'NONE',  ( 0.08038833840962994470, -0.9395320034409697652, -0.1489999999999999658 ) ) ;
#8321 = VERTEX_POINT ( 'NONE', #122 ) ;
#8322 = EDGE_CURVE ( 'NONE', #719, #1664, #4832, .T. ) ;
#8323 = LINE ( 'NONE', #4932, #6656 ) ;
#8324 = SURFACE_SIDE_STYLE ('',( #6992 ) ) ;
#8325 = MECHANICAL_DESIGN_GEOMETRIC_PRESENTATION_REPRESENTATION (  '', ( #2197 ), #576 ) ;
#8326 = CARTESIAN_POINT ( 'NONE',  ( 0.2196043882284005599, -0.9398675123399868880, -0.1499999999999999944 ) ) ;
#8327 = VERTEX_POINT ( 'NONE', #352 ) ;
#8328 = PRESENTATION_STYLE_ASSIGNMENT (( #7814 ) ) ;
#8329 = EDGE_LOOP ( 'NONE', ( #4107, #6416, #1232, #7819, #4861, #8081, #6509, #7055, #4728, #3422, #5163, #2356, #2599, #2413, #7918, #7859, #6563, #4645, #6641, #962, #3567, #2826, #2692, #86, #3333, #530 ) ) ;
#8331 =( NAMED_UNIT ( * ) PLANE_ANGLE_UNIT ( ) SI_UNIT ( $, .RADIAN. ) );
#8330 = LINE ( 'NONE', #7096, #5946 ) ;
#8332 = FILL_AREA_STYLE ('',( #7051 ) ) ;
#8333 = MECHANICAL_DESIGN_GEOMETRIC_PRESENTATION_REPRESENTATION (  '', ( #1958 ), #315 ) ;
#8334 = EDGE_CURVE ( 'NONE', #4208, #5753, #950, .T. ) ;
#8335 = ORIENTED_EDGE ( 'NONE', *, *, #6499, .F. ) ;
#8336 = DIRECTION ( 'NONE',  ( -1.000000000000000000, 8.673617379883994057E-16, -0.000000000000000000 ) ) ;
#8337 = EDGE_LOOP ( 'NONE', ( #3456, #3775, #6889, #6693 ) ) ;
#8338 = MECHANICAL_DESIGN_GEOMETRIC_PRESENTATION_REPRESENTATION (  '', ( #6560 ), #1427 ) ;
#8339 = LINE ( 'NONE', #4525, #5707 ) ;
#8340 = ORIENTED_EDGE ( 'NONE', *, *, #6352, .T. ) ;
#8341 = CARTESIAN_POINT ( 'NONE',  ( 1.533738302695271782, 1.523753234685350622, 0.005865569638747282662 ) ) ;
#8342 = DIRECTION ( 'NONE',  ( 0.000000000000000000, 0.000000000000000000, 1.000000000000000000 ) ) ;
#8343 = DIRECTION ( 'NONE',  ( 0.000000000000000000, 0.000000000000000000, -1.000000000000000000 ) ) ;
#8344 = EDGE_CURVE ( 'NONE', #682, #6872, #399, .T. ) ;
#8345 = DIRECTION ( 'NONE',  ( 1.000000000000000000, 0.000000000000000000, 0.000000000000000000 ) ) ;
#8346 = COLOUR_RGB ( '',1.000000000000000000, 1.000000000000000000, 1.000000000000000000 ) ;
#8347 = DIRECTION ( 'NONE',  ( 0.000000000000000000, 1.000000000000000000, 0.000000000000000000 ) ) ;
#8348 = CYLINDRICAL_SURFACE ( 'NONE', #6138, 0.1931030917913612033 ) ;
#8349 = LINE ( 'NONE', #2537, #5854 ) ;
#8350 = ORIENTED_EDGE ( 'NONE', *, *, #6950, .F. ) ;
#8351 = CARTESIAN_POINT ( 'NONE',  ( -1.649999999999999911, -0.1000000000000002137, 0.002000000000000021726 ) ) ;
#8352 = ORIENTED_EDGE ( 'NONE', *, *, #8227, .F. ) ;
#8353 = DIRECTION ( 'NONE',  ( -2.199202993851241939E-16, -0.2079116908177597867, 0.9781476007338055778 ) ) ;
#8354 = AXIS2_PLACEMENT_3D ( 'NONE', #7182, #2033, #4606 ) ;
#8355 = CARTESIAN_POINT ( 'NONE',  ( -0.2656924422260567575, -0.8410004230798097113, -0.1489999999999999658 ) ) ;
#8356 = PRESENTATION_STYLE_ASSIGNMENT (( #2419 ) ) ;
#8357 = MECHANICAL_DESIGN_GEOMETRIC_PRESENTATION_REPRESENTATION (  '', ( #2490 ), #1579 ) ;
#8358 = CARTESIAN_POINT ( 'NONE',  ( 0.09429811313628456981, -0.7594748002719292623, -0.1489999999999999936 ) ) ;
#8359 =( NAMED_UNIT ( * ) SI_UNIT ( $, .STERADIAN. ) SOLID_ANGLE_UNIT ( ) );
#8360 = VERTEX_POINT ( 'NONE', #1713 ) ;
#8361 = VECTOR ( 'NONE', #2457, 1000.000000000000000 ) ;
#8362 = CARTESIAN_POINT ( 'NONE',  ( 0.2022736403456820709, -0.8321340056579684674, -0.1499999999999999944 ) ) ;
#8363 = CARTESIAN_POINT ( 'NONE',  ( 0.1750000000000000167, -1.650000000000008793, 0.002000000000000021726 ) ) ;
#8364 = CARTESIAN_POINT ( 'NONE',  ( 0.1087812174966932277, -0.9423065367302307926, -0.1499999999999999944 ) ) ;
#8365 = AXIS2_PLACEMENT_3D ( 'NONE', #3660, #4349, #6954 ) ;
#8366 = CARTESIAN_POINT ( 'NONE',  ( 1.124999999999999778, -1.220000000000013074, -0.1599999999999999756 ) ) ;
#8367 = ORIENTED_EDGE ( 'NONE', *, *, #6421, .T. ) ;
#8368 = EDGE_LOOP ( 'NONE', ( #6600, #517, #6809, #5927, #8201, #7596, #6926, #412 ) ) ;
#8369 = VECTOR ( 'NONE', #3827, 1000.000000000000000 ) ;
#8371 =( NAMED_UNIT ( * ) SI_UNIT ( $, .STERADIAN. ) SOLID_ANGLE_UNIT ( ) );
#8370 = LINE ( 'NONE', #8290, #6077 ) ;
#8372 = VECTOR ( 'NONE', #2613, 1000.000000000000000 ) ;
#8373 = VERTEX_POINT ( 'NONE', #5526 ) ;
#8374 = CARTESIAN_POINT ( 'NONE',  ( 0.1026694870420785111, -0.9203236091085515991, -0.1500000000000000222 ) ) ;
#8375 = LINE ( 'NONE', #3082, #5949 ) ;
#8376 = VECTOR ( 'NONE', #3416, 1000.000000000000000 ) ;
#8377 = CARTESIAN_POINT ( 'NONE',  ( -0.3982882076102710611, -0.7756626772783258295, -0.1499999999999999944 ) ) ;
#8378 =( NAMED_UNIT ( * ) PLANE_ANGLE_UNIT ( ) SI_UNIT ( $, .RADIAN. ) );
#8379 = DIRECTION ( 'NONE',  ( -1.445602896647335761E-15, 1.000000000000000000, 0.000000000000000000 ) ) ;
#8380 = SURFACE_STYLE_FILL_AREA ( #5863 ) ;
#8381 = ORIENTED_EDGE ( 'NONE', *, *, #5213, .F. ) ;
#8382 = VECTOR ( 'NONE', #2750, 1000.000000000000000 ) ;
#8383 = PRESENTATION_LAYER_ASSIGNMENT (  '', '', ( #8250 ) ) ;
#8384 = CARTESIAN_POINT ( 'NONE',  ( 1.125000000000001110, 1.239999999999999547, 0.002000000000000021726 ) ) ;
#8385 = FILL_AREA_STYLE_COLOUR ( '', #184 ) ;
#8386 = EDGE_CURVE ( 'NONE', #6765, #7254, #6886, .T. ) ;
#8387 =( LENGTH_UNIT ( ) NAMED_UNIT ( * ) SI_UNIT ( .MILLI., .METRE. ) );
#8388 = B_SPLINE_CURVE_WITH_KNOTS ( 'NONE', 3,
 ( #5198, #7207, #7800, #2017, #1392, #3948, #2680, #4422, #1218, #2720, #1478, #4111, #4075, #3443, #6116, #7371, #6715, #3364, #5406 ),
 .UNSPECIFIED., .F., .F.,
 ( 4, 1, 1, 1, 1, 1, 1, 1, 1, 1, 1, 1, 1, 1, 1, 1, 4 ),
 ( 0.000000000000000000, 0.07430379644281627505, 0.1443936103644178626, 0.2104994961032796985, 0.2735426065034679555, 0.3338247445790730183, 0.3925296724085031164, 0.4500874545995858789, 0.5078206115557878375, 0.5654649127768471839, 0.6231487223336202863, 0.6812971927909358127, 0.7409134981565813627, 0.8018557521958584733, 0.8652412377209436345, 0.9309416570467443641, 1.000000000000000000 ),
 .UNSPECIFIED. ) ;
#8389 = SURFACE_STYLE_FILL_AREA ( #4532 ) ;
#8390 = CARTESIAN_POINT ( 'NONE',  ( -0.2449861327746605533, -0.8969718739294738619, -0.1500000000000000222 ) ) ;
#8391 = COLOUR_RGB ( '',0.2509803921568627416, 0.2509803921568627416, 0.2509803921568627416 ) ;
#8392 = FACE_OUTER_BOUND ( 'NONE', #7458, .T. ) ;
#8393 = PLANE ( 'NONE',  #6657 ) ;
#8394 = ORIENTED_EDGE ( 'NONE', *, *, #5657, .F. ) ;
#8395 = EDGE_CURVE ( 'NONE', #6777, #4669, #6935, .T. ) ;
#8396 = CARTESIAN_POINT ( 'NONE',  ( -1.125000000000000888, 1.239999999999999769, -0.1599999999999999756 ) ) ;
#8397 =( NAMED_UNIT ( * ) PLANE_ANGLE_UNIT ( ) SI_UNIT ( $, .RADIAN. ) );
#8398 = SURFACE_STYLE_FILL_AREA ( #7749 ) ;
#8399 = PLANE ( 'NONE',  #2944 ) ;
#8400 = ADVANCED_FACE ( 'NONE', ( #4872 ), #442, .T. ) ;
#8401 = CARTESIAN_POINT ( 'NONE',  ( 0.09395117377793948954, -0.7374776988498008556, -0.1499999999999999944 ) ) ;
#8402 = B_SPLINE_SURFACE_WITH_KNOTS ( 'NONE', 3, 1, ( 
 ( #4116, #6721 ),
 ( #1602, #6043 ),
 ( #6084, #6122 ),
 ( #834, #238 ),
 ( #3371, #5967 ),
 ( #160, #5373 ),
 ( #2726, #5335 ),
 ( #6979, #5530 ),
 ( #1086, #6843 ),
 ( #4195, #2295 ),
 ( #7665, #3099 ),
 ( #4236, #2453 ),
 ( #5009, #1033 ),
 ( #4377, #3604 ),
 ( #6799, #6202 ),
 ( #989, #403 ),
 ( #3641, #356 ),
 ( #3560, #1169 ),
 ( #5576, #447 ) ),
 .UNSPECIFIED., .F., .F., .F.,
 ( 4, 1, 1, 1, 1, 1, 1, 1, 1, 1, 1, 1, 1, 1, 1, 1, 4 ),
 ( 2, 2 ),
 ( 0.000000000000000000, 0.07377411937406359865, 0.1440791147260415683, 0.2113485183089112984, 0.2760768857398832599, 0.3385209158196764712, 0.3998851166931334244, 0.4602540674652128017, 0.5205889643912476883, 0.5802076845630439461, 0.6386329085525457305, 0.6963645494905238431, 0.7540017746600127246, 0.8128056813744976017, 0.8727544255255601513, 0.9351819969782669828, 0.9999999999999998890 ),
 ( 0.000000000000000000, 1.000000000000000000 ),
 .UNSPECIFIED. ) ;
#8403 = SURFACE_SIDE_STYLE ('',( #5155 ) ) ;
#8404 =( LENGTH_UNIT ( ) NAMED_UNIT ( * ) SI_UNIT ( .MILLI., .METRE. ) );
#8405 = PRESENTATION_LAYER_ASSIGNMENT (  '', '', ( #4581 ) ) ;
#8406 = CARTESIAN_POINT ( 'NONE',  ( 1.574976628885158769, -1.427161868811776868, 0.0001099524505752047174 ) ) ;
#8407 = DIRECTION ( 'NONE',  ( 1.000000000000000000, -1.445602896647335958E-15, 0.000000000000000000 ) ) ;
#8408 =( GEOMETRIC_REPRESENTATION_CONTEXT ( 3 ) GLOBAL_UNCERTAINTY_ASSIGNED_CONTEXT ( ( #5545 ) ) GLOBAL_UNIT_ASSIGNED_CONTEXT ( ( #1917, #3837, #4095 ) ) REPRESENTATION_CONTEXT ( 'NONE', 'WORKASPACE' ) );
#8409 = LINE ( 'NONE', #5203, #4476 ) ;
#8410 = CARTESIAN_POINT ( 'NONE',  ( 0.1436376317941394920, -0.7718771141150896353, -0.1489999999999999658 ) ) ;
#8411 = ORIENTED_EDGE ( 'NONE', *, *, #7552, .T. ) ;
#8412 = CARTESIAN_POINT ( 'NONE',  ( -1.481238302260960094, 1.529053062334340796, -0.01906815909373248130 ) ) ;
#8413 = UNCERTAINTY_MEASURE_WITH_UNIT (LENGTH_MEASURE( 1.000000000000000082E-05 ), #1289, 'distance_accuracy_value', 'NONE');
#8414 = CARTESIAN_POINT ( 'NONE',  ( 0.2024441128056606864, -0.8397492759716858046, -0.1489999999999999936 ) ) ;
#8415 = EDGE_CURVE ( 'NONE', #770, #4706, #1767, .T. ) ;
#8416 = DIRECTION ( 'NONE',  ( 0.9781476007338054668, 0.000000000000000000, -0.2079116908177600087 ) ) ;
#8417 = ORIENTED_EDGE ( 'NONE', *, *, #2376, .T. ) ;
#8418 =( LENGTH_UNIT ( ) NAMED_UNIT ( * ) SI_UNIT ( .MILLI., .METRE. ) );
#8419 = AXIS2_PLACEMENT_3D ( 'NONE', #60, #4489, #2488 ) ;
#8420 = ORIENTED_EDGE ( 'NONE', *, *, #329, .T. ) ;
ENDSEC;
END-ISO-10303-21;
