#VRML V2.0 utf8
# 3D model generated by easyeda2kicad.py (https://github.com/uPesy/easyeda2kicad.py)

Shape{
    appearance Appearance {
        material  Material 	{
            diffuseColor 0.8823529411764706 0.8823529411764706 0.8823529411764706
            specularColor 0.8823529411764706 0.8823529411764706 0.8823529411764706
            ambientIntensity 0.2
            transparency 0
            shininess 0.5
        }
    }
    geometry IndexedFaceSet {
        ccw TRUE
        solid FALSE
        coord DEF co Coordinate {
            point [
                -0.2559 0.2067 0.0394, -0.2559 0.2461 0.0394, -0.315 0.1476 0.0394, -0.3937 0.2461 0.0394, -0.3937 0.1476 0.0394, -0.3937 0.1476 0.0, -0.315 0.1476 0.0, -0.2559 0.2067 0.0, -0.2559 0.2461 0.0, -0.3937 0.2461 0.0, -0.3937 0.2461 0.0
            ]
        }
        coordIndex [
            0,1,2,-1,2,1,3,-1,2,3,4,-1,4,5,2,-1,2,5,6,-1,2,6,0,-1,0,6,7,-1,0,7,1,-1,1,7,8,-1,1,8,3,-1,3,8,9,-1,
        ]
    }
}
Shape{
    appearance Appearance {
        material  Material 	{
            diffuseColor 0.6039215686274509 0.37254901960784315 0.3137254901960784
            specularColor 0.6039215686274509 0.37254901960784315 0.3137254901960784
            ambientIntensity 0.2
            transparency 0
            shininess 0.5
        }
    }
    geometry IndexedFaceSet {
        ccw TRUE
        solid FALSE
        coord DEF co Coordinate {
            point [
                -0.3937 0.2461 0.0394, -0.3937 0.2461 0.0, -0.3937 0.1476 0.0394, -0.3937 0.1476 0.0, -0.3937 0.1476 0.0
            ]
        }
        coordIndex [
            0,1,2,-1,2,1,3,-1,
        ]
    }
}
Shape{
    appearance Appearance {
        material  Material 	{
            diffuseColor 0.8823529411764706 0.8823529411764706 0.8823529411764706
            specularColor 0.8823529411764706 0.8823529411764706 0.8823529411764706
            ambientIntensity 0.2
            transparency 0
            shininess 0.5
        }
    }
    geometry IndexedFaceSet {
        ccw TRUE
        solid FALSE
        coord DEF co Coordinate {
            point [
                -0.2559 0.2461 0.0, -0.2559 0.2067 0.0, -0.3937 0.2461 0.0, -0.315 0.1476 0.0, -0.3937 0.1476 0.0, -0.2563 -0.0064 0.0394, -0.2559 0.0 0.0394, -0.3052 -0.0492 0.0394, -0.2576 -0.0128 0.0394, -0.2563 0.0064 0.0394, -0.2576 0.0128 0.0394, -0.2597 0.0189 0.0394, -0.2704 0.0348 0.0394, -0.2752 0.0391 0.0394, -0.2925 -0.0476 0.0394, -0.2864 -0.0455 0.0394, -0.2597 -0.0189 0.0394, -0.2806 -0.0427 0.0394, -0.2752 -0.0391 0.0394, -0.2704 -0.0348 0.0394, -0.2661 -0.03 0.0394, -0.2625 -0.0246 0.0394, -0.2625 0.0246 0.0394, -0.2661 0.03 0.0394, -0.2806 0.0427 0.0394, -0.2864 0.0455 0.0394, -0.2925 0.0476 0.0394, -0.3937 0.0492 0.0394, -0.3937 -0.0492 0.0394, -0.3052 0.0492 0.0394, -0.2988 0.0488 0.0394, -0.2988 -0.0488 0.0394, -0.3937 -0.0492 0.0, -0.3052 -0.0492 0.0, -0.3052 0.0492 0.0, -0.2988 0.0488 0.0, -0.2925 0.0476 0.0, -0.2864 0.0455 0.0, -0.2806 0.0427 0.0, -0.2752 0.0391 0.0, -0.2704 0.0348 0.0, -0.2661 0.03 0.0, -0.2625 0.0246 0.0, -0.2597 0.0189 0.0, -0.2576 0.0128 0.0, -0.2563 0.0064 0.0, -0.2559 0.0 0.0, -0.2563 -0.0064 0.0, -0.2576 -0.0128 0.0, -0.2597 -0.0189 0.0, -0.2625 -0.0246 0.0, -0.2661 -0.03 0.0, -0.2704 -0.0348 0.0, -0.2752 -0.0391 0.0, -0.2806 -0.0427 0.0, -0.2864 -0.0455 0.0, -0.2925 -0.0476 0.0, -0.2988 -0.0488 0.0, -0.3937 0.0492 0.0, -0.3937 0.0492 0.0
            ]
        }
        coordIndex [
            0,1,2,-1,2,1,3,-1,2,3,4,-1,5,6,7,-1,5,7,8,-1,6,9,7,-1,7,9,10,-1,7,10,11,-1,7,12,13,-1,14,15,16,-1,16,15,17,-1,16,17,18,-1,18,19,16,-1,16,19,20,-1,16,20,21,-1,11,22,7,-1,7,22,23,-1,7,23,12,-1,13,24,7,-1,7,24,25,-1,7,25,26,-1,27,28,29,-1,29,28,7,-1,29,7,30,-1,30,7,26,-1,8,7,16,-1,16,7,31,-1,16,31,14,-1,28,32,7,-1,7,32,33,-1,34,29,30,-1,34,30,35,-1,35,30,26,-1,35,26,36,-1,36,26,25,-1,36,25,37,-1,37,25,24,-1,37,24,38,-1,38,24,13,-1,38,13,39,-1,39,13,12,-1,39,12,40,-1,40,12,23,-1,40,23,41,-1,41,23,22,-1,41,22,42,-1,42,22,11,-1,42,11,43,-1,43,11,10,-1,43,10,44,-1,44,10,9,-1,44,9,45,-1,45,9,6,-1,45,6,46,-1,46,6,5,-1,46,5,47,-1,47,5,8,-1,47,8,48,-1,48,8,16,-1,48,16,49,-1,49,16,21,-1,49,21,50,-1,50,21,20,-1,50,20,51,-1,51,20,19,-1,51,19,52,-1,52,19,18,-1,52,18,53,-1,53,18,17,-1,53,17,54,-1,54,17,15,-1,54,15,55,-1,55,15,14,-1,55,14,56,-1,56,14,31,-1,56,31,57,-1,57,31,7,-1,57,7,33,-1,29,34,27,-1,27,34,58,-1,
        ]
    }
}
Shape{
    appearance Appearance {
        material  Material 	{
            diffuseColor 0.6039215686274509 0.37254901960784315 0.3137254901960784
            specularColor 0.6039215686274509 0.37254901960784315 0.3137254901960784
            ambientIntensity 0.2
            transparency 0
            shininess 0.5
        }
    }
    geometry IndexedFaceSet {
        ccw TRUE
        solid FALSE
        coord DEF co Coordinate {
            point [
                -0.3937 0.0492 0.0394, -0.3937 0.0492 0.0, -0.3937 -0.0492 0.0394, -0.3937 -0.0492 0.0, -0.3937 -0.0492 0.0
            ]
        }
        coordIndex [
            0,1,2,-1,2,1,3,-1,
        ]
    }
}
Shape{
    appearance Appearance {
        material  Material 	{
            diffuseColor 0.8823529411764706 0.8823529411764706 0.8823529411764706
            specularColor 0.8823529411764706 0.8823529411764706 0.8823529411764706
            ambientIntensity 0.2
            transparency 0
            shininess 0.5
        }
    }
    geometry IndexedFaceSet {
        ccw TRUE
        solid FALSE
        coord DEF co Coordinate {
            point [
                -0.2752 0.0391 0.0, -0.2704 0.0348 0.0, -0.2988 -0.0488 0.0, -0.2661 0.03 0.0, -0.2576 0.0128 0.0, -0.2563 0.0064 0.0, -0.2559 0.0 0.0, -0.2563 -0.0064 0.0, -0.3937 -0.0492 0.0, -0.3937 0.0492 0.0, -0.3052 -0.0492 0.0, -0.3052 0.0492 0.0, -0.2988 0.0488 0.0, -0.2925 0.0476 0.0, -0.2864 0.0455 0.0, -0.2806 0.0427 0.0, -0.2625 0.0246 0.0, -0.2597 0.0189 0.0, -0.2704 -0.0348 0.0, -0.2597 -0.0189 0.0, -0.2661 -0.03 0.0, -0.2625 -0.0246 0.0, -0.2752 -0.0391 0.0, -0.2806 -0.0427 0.0, -0.2864 -0.0455 0.0, -0.2576 -0.0128 0.0, -0.2925 -0.0476 0.0, -0.3937 -0.1476 0.0394, -0.3937 -0.2461 0.0394, -0.3052 -0.1476 0.0394, -0.3052 -0.2461 0.0394, -0.2988 -0.2457 0.0394, -0.2925 -0.2444 0.0394, -0.2864 -0.2423 0.0394, -0.2806 -0.2395 0.0394, -0.2563 -0.1904 0.0394, -0.2576 -0.1841 0.0394, -0.2661 -0.2268 0.0394, -0.2625 -0.1722 0.0394, -0.2661 -0.1669 0.0394, -0.2704 -0.2317 0.0394, -0.2704 -0.162 0.0394, -0.2752 -0.1578 0.0394, -0.2806 -0.1542 0.0394, -0.2864 -0.1514 0.0394, -0.2925 -0.1493 0.0394, -0.2597 -0.178 0.0394, -0.2752 -0.2359 0.0394, -0.2988 -0.148 0.0394, -0.2576 -0.2096 0.0394, -0.2597 -0.2157 0.0394, -0.2625 -0.2215 0.0394, -0.2563 -0.2033 0.0394, -0.2559 -0.1969 0.0394, -0.3937 -0.2461 0.0, -0.3052 -0.2461 0.0, -0.3052 -0.1476 0.0, -0.2988 -0.148 0.0, -0.2925 -0.1493 0.0, -0.2864 -0.1514 0.0, -0.2806 -0.1542 0.0, -0.2752 -0.1578 0.0, -0.2704 -0.162 0.0, -0.2661 -0.1669 0.0, -0.2625 -0.1722 0.0, -0.2597 -0.178 0.0, -0.2576 -0.1841 0.0, -0.2563 -0.1904 0.0, -0.2559 -0.1969 0.0, -0.2563 -0.2033 0.0, -0.2576 -0.2096 0.0, -0.2597 -0.2157 0.0, -0.2625 -0.2215 0.0, -0.2661 -0.2268 0.0, -0.2704 -0.2317 0.0, -0.2752 -0.2359 0.0, -0.2806 -0.2395 0.0, -0.2864 -0.2423 0.0, -0.2925 -0.2444 0.0, -0.2988 -0.2457 0.0, -0.3937 -0.1476 0.0, -0.3937 -0.1476 0.0
            ]
        }
        coordIndex [
            0,1,2,-1,2,1,3,-1,4,5,2,-1,2,5,6,-1,2,6,7,-1,8,9,10,-1,10,9,11,-1,10,11,2,-1,2,11,12,-1,2,12,13,-1,13,14,2,-1,2,14,15,-1,2,15,0,-1,3,16,2,-1,2,16,17,-1,2,17,4,-1,18,19,20,-1,20,19,21,-1,18,22,19,-1,19,22,23,-1,19,23,24,-1,7,25,2,-1,2,25,19,-1,2,19,26,-1,26,19,24,-1,27,28,29,-1,29,28,30,-1,29,30,31,-1,31,32,29,-1,29,32,33,-1,29,33,34,-1,35,36,37,-1,38,39,40,-1,40,39,41,-1,40,41,42,-1,42,43,40,-1,40,43,44,-1,40,44,45,-1,37,36,40,-1,40,36,46,-1,40,46,38,-1,34,47,29,-1,29,47,40,-1,29,40,48,-1,48,40,45,-1,49,37,50,-1,50,37,51,-1,49,52,37,-1,37,52,53,-1,37,53,35,-1,28,54,30,-1,30,54,55,-1,56,29,48,-1,56,48,57,-1,57,48,45,-1,57,45,58,-1,58,45,44,-1,58,44,59,-1,59,44,43,-1,59,43,60,-1,60,43,42,-1,60,42,61,-1,61,42,41,-1,61,41,62,-1,62,41,39,-1,62,39,63,-1,63,39,38,-1,63,38,64,-1,64,38,46,-1,64,46,65,-1,65,46,36,-1,65,36,66,-1,66,36,35,-1,66,35,67,-1,67,35,53,-1,67,53,68,-1,68,53,52,-1,68,52,69,-1,69,52,49,-1,69,49,70,-1,70,49,50,-1,70,50,71,-1,71,50,51,-1,71,51,72,-1,72,51,37,-1,72,37,73,-1,73,37,40,-1,73,40,74,-1,74,40,47,-1,74,47,75,-1,75,47,34,-1,75,34,76,-1,76,34,33,-1,76,33,77,-1,77,33,32,-1,77,32,78,-1,78,32,31,-1,78,31,79,-1,79,31,30,-1,79,30,55,-1,29,56,27,-1,27,56,80,-1,
        ]
    }
}
Shape{
    appearance Appearance {
        material  Material 	{
            diffuseColor 0.6039215686274509 0.37254901960784315 0.3137254901960784
            specularColor 0.6039215686274509 0.37254901960784315 0.3137254901960784
            ambientIntensity 0.2
            transparency 0
            shininess 0.5
        }
    }
    geometry IndexedFaceSet {
        ccw TRUE
        solid FALSE
        coord DEF co Coordinate {
            point [
                -0.3937 -0.1476 0.0394, -0.3937 -0.1476 0.0, -0.3937 -0.2461 0.0394, -0.3937 -0.2461 0.0, -0.3937 -0.2461 0.0
            ]
        }
        coordIndex [
            0,1,2,-1,2,1,3,-1,
        ]
    }
}
Shape{
    appearance Appearance {
        material  Material 	{
            diffuseColor 0.8823529411764706 0.8823529411764706 0.8823529411764706
            specularColor 0.8823529411764706 0.8823529411764706 0.8823529411764706
            ambientIntensity 0.2
            transparency 0
            shininess 0.5
        }
    }
    geometry IndexedFaceSet {
        ccw TRUE
        solid FALSE
        coord DEF co Coordinate {
            point [
                -0.2925 -0.2444 0.0, -0.3052 -0.1476 0.0, -0.2864 -0.2423 0.0, -0.2806 -0.2395 0.0, -0.3937 -0.2461 0.0, -0.3937 -0.1476 0.0, -0.3052 -0.2461 0.0, -0.2988 -0.2457 0.0, -0.2988 -0.148 0.0, -0.2704 -0.2317 0.0, -0.2752 -0.2359 0.0, -0.2925 -0.1493 0.0, -0.2864 -0.1514 0.0, -0.2806 -0.1542 0.0, -0.2752 -0.1578 0.0, -0.2704 -0.162 0.0, -0.2661 -0.1669 0.0, -0.2625 -0.1722 0.0, -0.2597 -0.178 0.0, -0.2576 -0.1841 0.0, -0.2563 -0.1904 0.0, -0.2559 -0.1969 0.0, -0.2661 -0.2268 0.0, -0.2563 -0.2033 0.0, -0.2576 -0.2096 0.0, -0.2597 -0.2157 0.0, -0.2625 -0.2215 0.0, -0.1476 -0.2953 0.0394, -0.0492 -0.2953 0.0394, -0.1476 -0.0295 0.0394, -0.0492 -0.0295 0.0394, -0.1469 -0.021 0.0394, -0.123 0.0131 0.0394, -0.05 -0.021 0.0394, -0.0522 -0.0127 0.0394, -0.1301 0.0082 0.0394, -0.1361 0.0021 0.0394, -0.141 -0.0049 0.0394, -0.1447 -0.0127 0.0394, -0.0558 -0.0049 0.0394, -0.0607 0.0021 0.0394, -0.0668 0.0082 0.0394, -0.0738 0.0131 0.0394, -0.0816 0.0167 0.0394, -0.0899 0.0189 0.0394, -0.0984 0.0197 0.0394, -0.107 0.0189 0.0394, -0.1153 0.0167 0.0394, -0.1476 -0.0295 0.0, -0.1476 -0.2953 0.0, -0.1476 -0.2953 0.0
            ]
        }
        coordIndex [
            0,1,2,-1,2,1,3,-1,4,5,6,-1,6,5,1,-1,6,1,7,-1,7,1,0,-1,8,9,1,-1,1,9,10,-1,1,10,3,-1,8,11,9,-1,9,11,12,-1,9,12,13,-1,13,14,9,-1,9,14,15,-1,9,15,16,-1,16,17,9,-1,9,17,18,-1,9,18,19,-1,19,20,9,-1,9,20,21,-1,9,21,22,-1,22,21,23,-1,23,24,22,-1,22,24,25,-1,22,25,26,-1,27,28,29,-1,29,28,30,-1,29,30,31,-1,32,33,34,-1,33,32,30,-1,30,32,35,-1,30,35,36,-1,36,37,30,-1,30,37,38,-1,30,38,31,-1,34,39,32,-1,32,39,40,-1,32,40,41,-1,41,42,32,-1,32,42,43,-1,32,43,44,-1,44,45,32,-1,32,45,46,-1,32,46,47,-1,29,48,27,-1,27,48,49,-1,
        ]
    }
}
Shape{
    appearance Appearance {
        material  Material 	{
            diffuseColor 0.6039215686274509 0.37254901960784315 0.3137254901960784
            specularColor 0.6039215686274509 0.37254901960784315 0.3137254901960784
            ambientIntensity 0.2
            transparency 0
            shininess 0.5
        }
    }
    geometry IndexedFaceSet {
        ccw TRUE
        solid FALSE
        coord DEF co Coordinate {
            point [
                -0.1476 -0.2953 0.0394, -0.1476 -0.2953 0.0, -0.0492 -0.2953 0.0394, -0.0492 -0.2953 0.0, -0.0492 -0.2953 0.0
            ]
        }
        coordIndex [
            0,1,2,-1,2,1,3,-1,
        ]
    }
}
Shape{
    appearance Appearance {
        material  Material 	{
            diffuseColor 0.8823529411764706 0.8823529411764706 0.8823529411764706
            specularColor 0.8823529411764706 0.8823529411764706 0.8823529411764706
            ambientIntensity 0.2
            transparency 0
            shininess 0.5
        }
    }
    geometry IndexedFaceSet {
        ccw TRUE
        solid FALSE
        coord DEF co Coordinate {
            point [
                -0.0492 -0.2953 0.0394, -0.0492 -0.2953 0.0, -0.0492 -0.0295 0.0394, -0.0492 -0.0295 0.0, -0.1476 -0.0295 0.0, -0.1476 -0.0295 0.0394, -0.1469 -0.021 0.0394, -0.1469 -0.021 0.0, -0.1447 -0.0127 0.0394, -0.1447 -0.0127 0.0, -0.141 -0.0049 0.0394, -0.141 -0.0049 0.0, -0.1361 0.0021 0.0394, -0.1361 0.0021 0.0, -0.1301 0.0082 0.0394, -0.1301 0.0082 0.0, -0.123 0.0131 0.0394, -0.123 0.0131 0.0, -0.1153 0.0167 0.0394, -0.1153 0.0167 0.0, -0.107 0.0189 0.0394, -0.107 0.0189 0.0, -0.0984 0.0197 0.0394, -0.0984 0.0197 0.0, -0.0899 0.0189 0.0394, -0.0899 0.0189 0.0, -0.0816 0.0167 0.0394, -0.0816 0.0167 0.0, -0.0738 0.0131 0.0394, -0.0738 0.0131 0.0, -0.0668 0.0082 0.0394, -0.0668 0.0082 0.0, -0.0607 0.0021 0.0394, -0.0607 0.0021 0.0, -0.0558 -0.0049 0.0394, -0.0558 -0.0049 0.0, -0.0522 -0.0127 0.0394, -0.0522 -0.0127 0.0, -0.05 -0.021 0.0394, -0.05 -0.021 0.0, -0.1476 -0.2953 0.0, 0.3937 -0.2461 0.0394, 0.3937 -0.1476 0.0394, 0.3052 -0.2461 0.0394, 0.3052 -0.1476 0.0394, 0.2597 -0.2157 0.0394, 0.2625 -0.2215 0.0394, 0.2576 -0.1841 0.0394, 0.2988 -0.148 0.0394, 0.2925 -0.1493 0.0394, 0.2864 -0.1514 0.0394, 0.2559 -0.1969 0.0394, 0.2563 -0.2033 0.0394, 0.2576 -0.2096 0.0394, 0.2661 -0.2268 0.0394, 0.2625 -0.1722 0.0394, 0.2597 -0.178 0.0394, 0.2806 -0.1542 0.0394, 0.2752 -0.1578 0.0394, 0.2704 -0.162 0.0394, 0.2661 -0.1669 0.0394, 0.2988 -0.2457 0.0394, 0.2563 -0.1904 0.0394, 0.2704 -0.2317 0.0394, 0.2752 -0.2359 0.0394, 0.2806 -0.2395 0.0394, 0.2864 -0.2423 0.0394, 0.2925 -0.2444 0.0394, 0.3052 -0.2461 0.0, 0.3937 -0.2461 0.0, 0.3937 -0.2461 0.0
            ]
        }
        coordIndex [
            0,1,2,-1,2,1,3,-1,4,5,6,-1,4,6,7,-1,7,6,8,-1,7,8,9,-1,9,8,10,-1,9,10,11,-1,11,10,12,-1,11,12,13,-1,13,12,14,-1,13,14,15,-1,15,14,16,-1,15,16,17,-1,17,16,18,-1,17,18,19,-1,19,18,20,-1,19,20,21,-1,21,20,22,-1,21,22,23,-1,23,22,24,-1,23,24,25,-1,25,24,26,-1,25,26,27,-1,27,26,28,-1,27,28,29,-1,29,28,30,-1,29,30,31,-1,31,30,32,-1,31,32,33,-1,33,32,34,-1,33,34,35,-1,35,34,36,-1,35,36,37,-1,37,36,38,-1,37,38,39,-1,39,38,2,-1,39,2,3,-1,1,40,3,-1,3,40,4,-1,3,4,7,-1,7,9,3,-1,3,9,11,-1,3,11,13,-1,37,39,17,-1,17,39,3,-1,17,3,15,-1,15,3,13,-1,19,21,17,-1,17,21,23,-1,17,23,25,-1,25,27,17,-1,17,27,29,-1,17,29,31,-1,31,33,17,-1,17,33,35,-1,17,35,37,-1,41,42,43,-1,43,42,44,-1,45,46,47,-1,44,48,43,-1,43,48,49,-1,43,49,50,-1,51,52,53,-1,54,55,46,-1,46,55,56,-1,46,56,47,-1,50,57,43,-1,43,57,58,-1,43,58,59,-1,59,60,43,-1,43,60,55,-1,43,55,61,-1,45,47,53,-1,53,47,62,-1,53,62,51,-1,54,63,55,-1,55,63,64,-1,55,64,65,-1,65,66,55,-1,55,66,67,-1,55,67,61,-1,43,68,41,-1,41,68,69,-1,
        ]
    }
}
Shape{
    appearance Appearance {
        material  Material 	{
            diffuseColor 0.6039215686274509 0.37254901960784315 0.3137254901960784
            specularColor 0.6039215686274509 0.37254901960784315 0.3137254901960784
            ambientIntensity 0.2
            transparency 0
            shininess 0.5
        }
    }
    geometry IndexedFaceSet {
        ccw TRUE
        solid FALSE
        coord DEF co Coordinate {
            point [
                0.3937 -0.2461 0.0394, 0.3937 -0.2461 0.0, 0.3937 -0.1476 0.0394, 0.3937 -0.1476 0.0, 0.3937 -0.1476 0.0
            ]
        }
        coordIndex [
            0,1,2,-1,2,1,3,-1,
        ]
    }
}
Shape{
    appearance Appearance {
        material  Material 	{
            diffuseColor 0.8823529411764706 0.8823529411764706 0.8823529411764706
            specularColor 0.8823529411764706 0.8823529411764706 0.8823529411764706
            ambientIntensity 0.2
            transparency 0
            shininess 0.5
        }
    }
    geometry IndexedFaceSet {
        ccw TRUE
        solid FALSE
        coord DEF co Coordinate {
            point [
                0.3937 -0.1476 0.0394, 0.3937 -0.1476 0.0, 0.3052 -0.1476 0.0394, 0.3052 -0.1476 0.0, 0.3052 -0.2461 0.0, 0.3052 -0.2461 0.0394, 0.2988 -0.2457 0.0394, 0.2988 -0.2457 0.0, 0.2925 -0.2444 0.0394, 0.2925 -0.2444 0.0, 0.2864 -0.2423 0.0394, 0.2864 -0.2423 0.0, 0.2806 -0.2395 0.0394, 0.2806 -0.2395 0.0, 0.2752 -0.2359 0.0394, 0.2752 -0.2359 0.0, 0.2704 -0.2317 0.0394, 0.2704 -0.2317 0.0, 0.2661 -0.2268 0.0394, 0.2661 -0.2268 0.0, 0.2625 -0.2215 0.0394, 0.2625 -0.2215 0.0, 0.2597 -0.2157 0.0394, 0.2597 -0.2157 0.0, 0.2576 -0.2096 0.0394, 0.2576 -0.2096 0.0, 0.2563 -0.2033 0.0394, 0.2563 -0.2033 0.0, 0.2559 -0.1969 0.0394, 0.2559 -0.1969 0.0, 0.2563 -0.1904 0.0394, 0.2563 -0.1904 0.0, 0.2576 -0.1841 0.0394, 0.2576 -0.1841 0.0, 0.2597 -0.178 0.0394, 0.2597 -0.178 0.0, 0.2625 -0.1722 0.0394, 0.2625 -0.1722 0.0, 0.2661 -0.1669 0.0394, 0.2661 -0.1669 0.0, 0.2704 -0.162 0.0394, 0.2704 -0.162 0.0, 0.2752 -0.1578 0.0394, 0.2752 -0.1578 0.0, 0.2806 -0.1542 0.0394, 0.2806 -0.1542 0.0, 0.2864 -0.1514 0.0394, 0.2864 -0.1514 0.0, 0.2925 -0.1493 0.0394, 0.2925 -0.1493 0.0, 0.2988 -0.148 0.0394, 0.2988 -0.148 0.0, 0.3937 -0.2461 0.0, 0.2597 -0.0189 0.0394, 0.2625 -0.0246 0.0394, 0.3052 0.0492 0.0394, 0.2752 -0.0391 0.0394, 0.2806 -0.0427 0.0394, 0.2864 -0.0455 0.0394, 0.2925 -0.0476 0.0394, 0.3937 -0.0492 0.0394, 0.3937 0.0492 0.0394, 0.3052 -0.0492 0.0394, 0.2988 -0.0488 0.0394, 0.2704 0.0348 0.0394, 0.2661 0.03 0.0394, 0.2625 0.0246 0.0394, 0.2597 0.0189 0.0394, 0.2576 0.0128 0.0394, 0.2563 0.0064 0.0394, 0.2559 0.0 0.0394, 0.2563 -0.0064 0.0394, 0.2576 -0.0128 0.0394, 0.2661 -0.03 0.0394, 0.2704 -0.0348 0.0394, 0.2925 0.0476 0.0394, 0.2864 0.0455 0.0394, 0.2806 0.0427 0.0394, 0.2988 0.0488 0.0394, 0.2752 0.0391 0.0394, 0.3052 -0.0492 0.0, 0.3937 -0.0492 0.0, 0.3937 -0.0492 0.0
            ]
        }
        coordIndex [
            0,1,2,-1,2,1,3,-1,4,5,6,-1,4,6,7,-1,7,6,8,-1,7,8,9,-1,9,8,10,-1,9,10,11,-1,11,10,12,-1,11,12,13,-1,13,12,14,-1,13,14,15,-1,15,14,16,-1,15,16,17,-1,17,16,18,-1,17,18,19,-1,19,18,20,-1,19,20,21,-1,21,20,22,-1,21,22,23,-1,23,22,24,-1,23,24,25,-1,25,24,26,-1,25,26,27,-1,27,26,28,-1,27,28,29,-1,29,28,30,-1,29,30,31,-1,31,30,32,-1,31,32,33,-1,33,32,34,-1,33,34,35,-1,35,34,36,-1,35,36,37,-1,37,36,38,-1,37,38,39,-1,39,38,40,-1,39,40,41,-1,41,40,42,-1,41,42,43,-1,43,42,44,-1,43,44,45,-1,45,44,46,-1,45,46,47,-1,47,46,48,-1,47,48,49,-1,49,48,50,-1,49,50,51,-1,51,50,2,-1,51,2,3,-1,1,52,3,-1,3,52,4,-1,3,4,51,-1,33,35,21,-1,21,35,37,-1,21,37,19,-1,39,4,37,-1,37,4,7,-1,25,27,29,-1,39,41,4,-1,4,41,43,-1,4,43,45,-1,45,47,4,-1,4,47,49,-1,4,49,51,-1,7,9,37,-1,37,9,11,-1,37,11,13,-1,21,23,33,-1,33,23,25,-1,33,25,31,-1,31,25,29,-1,13,15,37,-1,37,15,17,-1,37,17,19,-1,53,54,55,-1,56,57,55,-1,55,57,58,-1,55,58,59,-1,60,61,62,-1,62,61,55,-1,62,55,63,-1,63,55,59,-1,64,65,55,-1,55,65,66,-1,55,66,67,-1,67,68,55,-1,55,68,69,-1,55,69,70,-1,70,71,55,-1,55,71,72,-1,55,72,53,-1,54,73,55,-1,55,73,74,-1,55,74,56,-1,75,76,77,-1,55,78,64,-1,64,78,75,-1,64,75,79,-1,79,75,77,-1,62,80,60,-1,60,80,81,-1,
        ]
    }
}
Shape{
    appearance Appearance {
        material  Material 	{
            diffuseColor 0.6039215686274509 0.37254901960784315 0.3137254901960784
            specularColor 0.6039215686274509 0.37254901960784315 0.3137254901960784
            ambientIntensity 0.2
            transparency 0
            shininess 0.5
        }
    }
    geometry IndexedFaceSet {
        ccw TRUE
        solid FALSE
        coord DEF co Coordinate {
            point [
                0.3937 -0.0492 0.0394, 0.3937 -0.0492 0.0, 0.3937 0.0492 0.0394, 0.3937 0.0492 0.0, 0.3937 0.0492 0.0
            ]
        }
        coordIndex [
            0,1,2,-1,2,1,3,-1,
        ]
    }
}
Shape{
    appearance Appearance {
        material  Material 	{
            diffuseColor 0.8823529411764706 0.8823529411764706 0.8823529411764706
            specularColor 0.8823529411764706 0.8823529411764706 0.8823529411764706
            ambientIntensity 0.2
            transparency 0
            shininess 0.5
        }
    }
    geometry IndexedFaceSet {
        ccw TRUE
        solid FALSE
        coord DEF co Coordinate {
            point [
                0.3937 0.0492 0.0394, 0.3937 0.0492 0.0, 0.3052 0.0492 0.0394, 0.3052 0.0492 0.0, 0.3052 -0.0492 0.0, 0.3052 -0.0492 0.0394, 0.2988 -0.0488 0.0394, 0.2988 -0.0488 0.0, 0.2925 -0.0476 0.0394, 0.2925 -0.0476 0.0, 0.2864 -0.0455 0.0394, 0.2864 -0.0455 0.0, 0.2806 -0.0427 0.0394, 0.2806 -0.0427 0.0, 0.2752 -0.0391 0.0394, 0.2752 -0.0391 0.0, 0.2704 -0.0348 0.0394, 0.2704 -0.0348 0.0, 0.2661 -0.03 0.0394, 0.2661 -0.03 0.0, 0.2625 -0.0246 0.0394, 0.2625 -0.0246 0.0, 0.2597 -0.0189 0.0394, 0.2597 -0.0189 0.0, 0.2576 -0.0128 0.0394, 0.2576 -0.0128 0.0, 0.2563 -0.0064 0.0394, 0.2563 -0.0064 0.0, 0.2559 0.0 0.0394, 0.2559 0.0 0.0, 0.2563 0.0064 0.0394, 0.2563 0.0064 0.0, 0.2576 0.0128 0.0394, 0.2576 0.0128 0.0, 0.2597 0.0189 0.0394, 0.2597 0.0189 0.0, 0.2625 0.0246 0.0394, 0.2625 0.0246 0.0, 0.2661 0.03 0.0394, 0.2661 0.03 0.0, 0.2704 0.0348 0.0394, 0.2704 0.0348 0.0, 0.2752 0.0391 0.0394, 0.2752 0.0391 0.0, 0.2806 0.0427 0.0394, 0.2806 0.0427 0.0, 0.2864 0.0455 0.0394, 0.2864 0.0455 0.0, 0.2925 0.0476 0.0394, 0.2925 0.0476 0.0, 0.2988 0.0488 0.0394, 0.2988 0.0488 0.0, 0.3937 -0.0492 0.0, 0.3937 0.1476 0.0394, 0.3937 0.2461 0.0394, 0.3052 0.1476 0.0394, 0.3052 0.2461 0.0394, 0.2704 0.162 0.0394, 0.2988 0.2457 0.0394, 0.2752 0.1578 0.0394, 0.2806 0.1542 0.0394, 0.2864 0.1514 0.0394, 0.2925 0.1493 0.0394, 0.2988 0.148 0.0394, 0.2925 0.2444 0.0394, 0.2864 0.2423 0.0394, 0.2806 0.2395 0.0394, 0.2752 0.2359 0.0394, 0.2704 0.2317 0.0394, 0.2661 0.1669 0.0394, 0.2625 0.1722 0.0394, 0.2597 0.178 0.0394, 0.2661 0.2268 0.0394, 0.2625 0.2215 0.0394, 0.2597 0.2157 0.0394, 0.2576 0.2096 0.0394, 0.2563 0.2033 0.0394, 0.2559 0.1969 0.0394, 0.2563 0.1904 0.0394, 0.2576 0.1841 0.0394, 0.3052 0.1476 0.0, 0.3937 0.1476 0.0, 0.3937 0.1476 0.0
            ]
        }
        coordIndex [
            0,1,2,-1,2,1,3,-1,4,5,6,-1,4,6,7,-1,7,6,8,-1,7,8,9,-1,9,8,10,-1,9,10,11,-1,11,10,12,-1,11,12,13,-1,13,12,14,-1,13,14,15,-1,15,14,16,-1,15,16,17,-1,17,16,18,-1,17,18,19,-1,19,18,20,-1,19,20,21,-1,21,20,22,-1,21,22,23,-1,23,22,24,-1,23,24,25,-1,25,24,26,-1,25,26,27,-1,27,26,28,-1,27,28,29,-1,29,28,30,-1,29,30,31,-1,31,30,32,-1,31,32,33,-1,33,32,34,-1,33,34,35,-1,35,34,36,-1,35,36,37,-1,37,36,38,-1,37,38,39,-1,39,38,40,-1,39,40,41,-1,41,40,42,-1,41,42,43,-1,43,42,44,-1,43,44,45,-1,45,44,46,-1,45,46,47,-1,47,46,48,-1,47,48,49,-1,49,48,50,-1,49,50,51,-1,51,50,2,-1,51,2,3,-1,1,52,3,-1,3,52,4,-1,23,25,3,-1,4,7,3,-1,3,7,9,-1,3,9,11,-1,11,13,3,-1,3,13,15,-1,3,15,17,-1,17,19,3,-1,3,19,21,-1,3,21,23,-1,25,27,3,-1,3,27,29,-1,3,29,31,-1,31,33,3,-1,3,33,35,-1,3,35,37,-1,37,39,3,-1,3,39,41,-1,3,41,51,-1,45,47,49,-1,51,41,49,-1,49,41,43,-1,49,43,45,-1,53,54,55,-1,55,54,56,-1,57,56,58,-1,57,59,56,-1,56,59,60,-1,56,60,61,-1,61,62,56,-1,56,62,63,-1,56,63,55,-1,58,64,57,-1,57,64,65,-1,57,65,66,-1,66,67,57,-1,57,67,68,-1,57,68,69,-1,69,68,70,-1,70,68,71,-1,71,68,72,-1,71,72,73,-1,73,74,71,-1,71,74,75,-1,71,75,76,-1,76,77,71,-1,71,77,78,-1,71,78,79,-1,55,80,53,-1,53,80,81,-1,
        ]
    }
}
Shape{
    appearance Appearance {
        material  Material 	{
            diffuseColor 0.6039215686274509 0.37254901960784315 0.3137254901960784
            specularColor 0.6039215686274509 0.37254901960784315 0.3137254901960784
            ambientIntensity 0.2
            transparency 0
            shininess 0.5
        }
    }
    geometry IndexedFaceSet {
        ccw TRUE
        solid FALSE
        coord DEF co Coordinate {
            point [
                0.3937 0.1476 0.0394, 0.3937 0.1476 0.0, 0.3937 0.2461 0.0394, 0.3937 0.2461 0.0, 0.3937 0.2461 0.0
            ]
        }
        coordIndex [
            0,1,2,-1,2,1,3,-1,
        ]
    }
}
Shape{
    appearance Appearance {
        material  Material 	{
            diffuseColor 0.8823529411764706 0.8823529411764706 0.8823529411764706
            specularColor 0.8823529411764706 0.8823529411764706 0.8823529411764706
            ambientIntensity 0.2
            transparency 0
            shininess 0.5
        }
    }
    geometry IndexedFaceSet {
        ccw TRUE
        solid FALSE
        coord DEF co Coordinate {
            point [
                0.3937 0.2461 0.0394, 0.3937 0.2461 0.0, 0.3052 0.2461 0.0394, 0.3052 0.2461 0.0, 0.3052 0.1476 0.0, 0.3052 0.1476 0.0394, 0.2988 0.148 0.0394, 0.2988 0.148 0.0, 0.2925 0.1493 0.0394, 0.2925 0.1493 0.0, 0.2864 0.1514 0.0394, 0.2864 0.1514 0.0, 0.2806 0.1542 0.0394, 0.2806 0.1542 0.0, 0.2752 0.1578 0.0394, 0.2752 0.1578 0.0, 0.2704 0.162 0.0394, 0.2704 0.162 0.0, 0.2661 0.1669 0.0394, 0.2661 0.1669 0.0, 0.2625 0.1722 0.0394, 0.2625 0.1722 0.0, 0.2597 0.178 0.0394, 0.2597 0.178 0.0, 0.2576 0.1841 0.0394, 0.2576 0.1841 0.0, 0.2563 0.1904 0.0394, 0.2563 0.1904 0.0, 0.2559 0.1969 0.0394, 0.2559 0.1969 0.0, 0.2563 0.2033 0.0394, 0.2563 0.2033 0.0, 0.2576 0.2096 0.0394, 0.2576 0.2096 0.0, 0.2597 0.2157 0.0394, 0.2597 0.2157 0.0, 0.2625 0.2215 0.0394, 0.2625 0.2215 0.0, 0.2661 0.2268 0.0394, 0.2661 0.2268 0.0, 0.2704 0.2317 0.0394, 0.2704 0.2317 0.0, 0.2752 0.2359 0.0394, 0.2752 0.2359 0.0, 0.2806 0.2395 0.0394, 0.2806 0.2395 0.0, 0.2864 0.2423 0.0394, 0.2864 0.2423 0.0, 0.2925 0.2444 0.0394, 0.2925 0.2444 0.0, 0.2988 0.2457 0.0394, 0.2988 0.2457 0.0, 0.3937 0.1476 0.0, 0.1476 0.2953 0.0394, 0.0492 0.2953 0.0394, 0.1476 -0.0886 0.0394, 0.0492 -0.0886 0.0394, 0.0503 -0.0988 0.0394, 0.0586 -0.1175 0.0394, 0.1382 -0.1175 0.0394, 0.1434 -0.1086 0.0394, 0.0535 -0.1086 0.0394, 0.1466 -0.0988 0.0394, 0.0738 -0.1312 0.0394, 0.1136 -0.1354 0.0394, 0.123 -0.1312 0.0394, 0.1036 -0.1375 0.0394, 0.0832 -0.1354 0.0394, 0.0933 -0.1375 0.0394, 0.0655 -0.1252 0.0394, 0.1314 -0.1252 0.0394, 0.1476 -0.0886 0.0, 0.1476 0.2953 0.0, 0.1476 0.2953 0.0
            ]
        }
        coordIndex [
            0,1,2,-1,2,1,3,-1,4,5,6,-1,4,6,7,-1,7,6,8,-1,7,8,9,-1,9,8,10,-1,9,10,11,-1,11,10,12,-1,11,12,13,-1,13,12,14,-1,13,14,15,-1,15,14,16,-1,15,16,17,-1,17,16,18,-1,17,18,19,-1,19,18,20,-1,19,20,21,-1,21,20,22,-1,21,22,23,-1,23,22,24,-1,23,24,25,-1,25,24,26,-1,25,26,27,-1,27,26,28,-1,27,28,29,-1,29,28,30,-1,29,30,31,-1,31,30,32,-1,31,32,33,-1,33,32,34,-1,33,34,35,-1,35,34,36,-1,35,36,37,-1,37,36,38,-1,37,38,39,-1,39,38,40,-1,39,40,41,-1,41,40,42,-1,41,42,43,-1,43,42,44,-1,43,44,45,-1,45,44,46,-1,45,46,47,-1,47,46,48,-1,47,48,49,-1,49,48,50,-1,49,50,51,-1,51,50,2,-1,51,2,3,-1,1,52,3,-1,3,52,4,-1,4,7,3,-1,3,7,9,-1,3,9,11,-1,11,13,3,-1,3,13,15,-1,3,15,17,-1,17,19,3,-1,3,19,21,-1,3,21,23,-1,29,23,27,-1,27,23,25,-1,29,31,23,-1,23,31,33,-1,23,33,35,-1,35,37,23,-1,23,37,39,-1,23,39,41,-1,41,43,23,-1,23,43,45,-1,23,45,47,-1,47,49,23,-1,23,49,51,-1,23,51,3,-1,53,54,55,-1,55,54,56,-1,55,56,57,-1,58,59,60,-1,57,61,55,-1,55,61,58,-1,55,58,62,-1,62,58,60,-1,63,64,65,-1,64,63,66,-1,66,63,67,-1,66,67,68,-1,58,69,59,-1,59,69,63,-1,59,63,70,-1,70,63,65,-1,55,71,53,-1,53,71,72,-1,
        ]
    }
}
Shape{
    appearance Appearance {
        material  Material 	{
            diffuseColor 0.6039215686274509 0.37254901960784315 0.3137254901960784
            specularColor 0.6039215686274509 0.37254901960784315 0.3137254901960784
            ambientIntensity 0.2
            transparency 0
            shininess 0.5
        }
    }
    geometry IndexedFaceSet {
        ccw TRUE
        solid FALSE
        coord DEF co Coordinate {
            point [
                0.1476 0.2953 0.0394, 0.1476 0.2953 0.0, 0.0492 0.2953 0.0394, 0.0492 0.2953 0.0, 0.0492 0.2953 0.0
            ]
        }
        coordIndex [
            0,1,2,-1,2,1,3,-1,
        ]
    }
}
Shape{
    appearance Appearance {
        material  Material 	{
            diffuseColor 0.8823529411764706 0.8823529411764706 0.8823529411764706
            specularColor 0.8823529411764706 0.8823529411764706 0.8823529411764706
            ambientIntensity 0.2
            transparency 0
            shininess 0.5
        }
    }
    geometry IndexedFaceSet {
        ccw TRUE
        solid FALSE
        coord DEF co Coordinate {
            point [
                0.0492 0.2953 0.0394, 0.0492 0.2953 0.0, 0.0492 -0.0886 0.0394, 0.0492 -0.0886 0.0, 0.1476 -0.0886 0.0, 0.1476 -0.0886 0.0394, 0.1466 -0.0988 0.0394, 0.1466 -0.0988 0.0, 0.1434 -0.1086 0.0394, 0.1434 -0.1086 0.0, 0.1382 -0.1175 0.0394, 0.1382 -0.1175 0.0, 0.1314 -0.1252 0.0394, 0.1314 -0.1252 0.0, 0.123 -0.1312 0.0394, 0.123 -0.1312 0.0, 0.1136 -0.1354 0.0394, 0.1136 -0.1354 0.0, 0.1036 -0.1375 0.0394, 0.1036 -0.1375 0.0, 0.0933 -0.1375 0.0394, 0.0933 -0.1375 0.0, 0.0832 -0.1354 0.0394, 0.0832 -0.1354 0.0, 0.0738 -0.1312 0.0394, 0.0738 -0.1312 0.0, 0.0655 -0.1252 0.0394, 0.0655 -0.1252 0.0, 0.0586 -0.1175 0.0394, 0.0586 -0.1175 0.0, 0.0535 -0.1086 0.0394, 0.0535 -0.1086 0.0, 0.0503 -0.0988 0.0394, 0.0503 -0.0988 0.0, 0.1476 0.2953 0.0, -0.0492 0.2953 0.0394, -0.1476 0.2953 0.0394, -0.0492 0.2067 0.0394, -0.1476 0.2067 0.0394, -0.1472 0.2003 0.0394, -0.146 0.194 0.0394, -0.1439 0.1879 0.0394, -0.141 0.1821 0.0394, -0.1375 0.1767 0.0394, -0.1332 0.1719 0.0394, -0.1284 0.1676 0.0394, -0.123 0.1641 0.0394, -0.1173 0.1612 0.0394, -0.053 0.1879 0.0394, -0.0509 0.194 0.0394, -0.1048 0.1579 0.0394, -0.092 0.1579 0.0394, -0.0857 0.1592 0.0394, -0.0796 0.1612 0.0394, -0.1112 0.1592 0.0394, -0.0496 0.2003 0.0394, -0.0636 0.1719 0.0394, -0.0685 0.1676 0.0394, -0.0738 0.1641 0.0394, -0.0594 0.1767 0.0394, -0.0558 0.1821 0.0394, -0.0984 0.1575 0.0394, -0.0492 0.2067 0.0, -0.0492 0.2953 0.0, -0.0492 0.2953 0.0
            ]
        }
        coordIndex [
            0,1,2,-1,2,1,3,-1,4,5,6,-1,4,6,7,-1,7,6,8,-1,7,8,9,-1,9,8,10,-1,9,10,11,-1,11,10,12,-1,11,12,13,-1,13,12,14,-1,13,14,15,-1,15,14,16,-1,15,16,17,-1,17,16,18,-1,17,18,19,-1,19,18,20,-1,19,20,21,-1,21,20,22,-1,21,22,23,-1,23,22,24,-1,23,24,25,-1,25,24,26,-1,25,26,27,-1,27,26,28,-1,27,28,29,-1,29,28,30,-1,29,30,31,-1,31,30,32,-1,31,32,33,-1,33,32,2,-1,33,2,3,-1,27,29,11,-1,11,29,9,-1,1,34,3,-1,3,34,4,-1,3,4,33,-1,33,4,31,-1,31,4,29,-1,29,4,7,-1,29,7,9,-1,27,11,25,-1,25,11,13,-1,25,13,15,-1,15,17,25,-1,25,17,19,-1,25,19,23,-1,23,19,21,-1,35,36,37,-1,37,36,38,-1,38,39,37,-1,37,39,40,-1,37,40,41,-1,41,42,37,-1,37,42,43,-1,37,43,44,-1,44,45,37,-1,37,45,46,-1,37,46,47,-1,48,49,50,-1,51,52,53,-1,47,54,37,-1,37,54,50,-1,37,50,55,-1,55,50,49,-1,56,50,57,-1,57,50,58,-1,56,59,50,-1,50,59,60,-1,50,60,48,-1,58,50,53,-1,53,50,61,-1,53,61,51,-1,37,62,35,-1,35,62,63,-1,
        ]
    }
}
Shape{
    appearance Appearance {
        material  Material 	{
            diffuseColor 0.6039215686274509 0.37254901960784315 0.3137254901960784
            specularColor 0.6039215686274509 0.37254901960784315 0.3137254901960784
            ambientIntensity 0.2
            transparency 0
            shininess 0.5
        }
    }
    geometry IndexedFaceSet {
        ccw TRUE
        solid FALSE
        coord DEF co Coordinate {
            point [
                -0.0492 0.2953 0.0394, -0.0492 0.2953 0.0, -0.1476 0.2953 0.0394, -0.1476 0.2953 0.0, -0.1476 0.2953 0.0
            ]
        }
        coordIndex [
            0,1,2,-1,2,1,3,-1,
        ]
    }
}
Shape{
    appearance Appearance {
        material  Material 	{
            diffuseColor 0.8823529411764706 0.8823529411764706 0.8823529411764706
            specularColor 0.8823529411764706 0.8823529411764706 0.8823529411764706
            ambientIntensity 0.2
            transparency 0
            shininess 0.5
        }
    }
    geometry IndexedFaceSet {
        ccw TRUE
        solid FALSE
        coord DEF co Coordinate {
            point [
                -0.1476 0.2953 0.0394, -0.1476 0.2953 0.0, -0.1476 0.2067 0.0394, -0.1476 0.2067 0.0, -0.0492 0.2067 0.0, -0.0492 0.2067 0.0394, -0.0496 0.2003 0.0394, -0.0496 0.2003 0.0, -0.0509 0.194 0.0394, -0.0509 0.194 0.0, -0.053 0.1879 0.0394, -0.053 0.1879 0.0, -0.0558 0.1821 0.0394, -0.0558 0.1821 0.0, -0.0594 0.1767 0.0394, -0.0594 0.1767 0.0, -0.0636 0.1719 0.0394, -0.0636 0.1719 0.0, -0.0685 0.1676 0.0394, -0.0685 0.1676 0.0, -0.0738 0.1641 0.0394, -0.0738 0.1641 0.0, -0.0796 0.1612 0.0394, -0.0796 0.1612 0.0, -0.0857 0.1592 0.0394, -0.0857 0.1592 0.0, -0.092 0.1579 0.0394, -0.092 0.1579 0.0, -0.0984 0.1575 0.0394, -0.0984 0.1575 0.0, -0.1048 0.1579 0.0394, -0.1048 0.1579 0.0, -0.1112 0.1592 0.0394, -0.1112 0.1592 0.0, -0.1173 0.1612 0.0394, -0.1173 0.1612 0.0, -0.123 0.1641 0.0394, -0.123 0.1641 0.0, -0.1284 0.1676 0.0394, -0.1284 0.1676 0.0, -0.1332 0.1719 0.0394, -0.1332 0.1719 0.0, -0.1375 0.1767 0.0394, -0.1375 0.1767 0.0, -0.141 0.1821 0.0394, -0.141 0.1821 0.0, -0.1439 0.1879 0.0394, -0.1439 0.1879 0.0, -0.146 0.194 0.0394, -0.146 0.194 0.0, -0.1472 0.2003 0.0394, -0.1472 0.2003 0.0, -0.0492 0.2953 0.0, -0.0492 0.2953 0.0
            ]
        }
        coordIndex [
            0,1,2,-1,2,1,3,-1,4,5,6,-1,4,6,7,-1,7,6,8,-1,7,8,9,-1,9,8,10,-1,9,10,11,-1,11,10,12,-1,11,12,13,-1,13,12,14,-1,13,14,15,-1,15,14,16,-1,15,16,17,-1,17,16,18,-1,17,18,19,-1,19,18,20,-1,19,20,21,-1,21,20,22,-1,21,22,23,-1,23,22,24,-1,23,24,25,-1,25,24,26,-1,25,26,27,-1,27,26,28,-1,27,28,29,-1,29,28,30,-1,29,30,31,-1,31,30,32,-1,31,32,33,-1,33,32,34,-1,33,34,35,-1,35,34,36,-1,35,36,37,-1,37,36,38,-1,37,38,39,-1,39,38,40,-1,39,40,41,-1,41,40,42,-1,41,42,43,-1,43,42,44,-1,43,44,45,-1,45,44,46,-1,45,46,47,-1,47,46,48,-1,47,48,49,-1,49,48,50,-1,49,50,51,-1,51,50,2,-1,51,2,3,-1,41,43,4,-1,7,9,37,-1,7,37,4,-1,4,37,39,-1,4,39,41,-1,43,45,4,-1,4,45,47,-1,4,47,49,-1,9,11,37,-1,37,11,13,-1,37,13,35,-1,35,13,33,-1,1,52,3,-1,3,52,4,-1,3,4,51,-1,51,4,49,-1,33,13,31,-1,31,13,15,-1,31,15,17,-1,17,19,31,-1,31,19,21,-1,31,21,23,-1,25,27,23,-1,23,27,29,-1,23,29,31,-1,
        ]
    }
}
Shape{
    appearance Appearance {
        material  Material 	{
            diffuseColor 0.25098039215686274 0.25098039215686274 0.25098039215686274
            specularColor 0.2196078431372549 0.2196078431372549 0.2196078431372549
            ambientIntensity 0.2
            transparency 0
            shininess 0.5
        }
    }
    geometry IndexedFaceSet {
        ccw TRUE
        solid FALSE
        coord DEF co Coordinate {
            point [
                -0.2289 -0.2953 0.3037, -0.2297 -0.2953 0.3036, -0.225 -0.2953 0.3036, -0.2433 -0.2953 0.352, -0.2419 -0.2953 0.3522, -0.2493 -0.2953 0.3522, -0.2846 -0.2953 0.3375, -0.281 -0.2953 0.3344, -0.2685 -0.2953 0.3522, -0.2685 -0.2953 0.3332, -0.3014 -0.2953 0.3536, -0.2994 -0.2953 0.3522, -0.2964 -0.2953 0.3501, -0.2917 -0.2953 0.3446, -0.2893 -0.2953 0.3397, -0.2886 -0.2953 0.3394, -0.3145 -0.2953 0.3571, -0.308 -0.2953 0.3562, -0.2685 -0.2953 0.3937, -0.3203 -0.2953 0.3564, -0.3773 -0.2953 0.3937, -0.3265 -0.2953 0.3542, -0.3773 -0.2953 0.3522, -0.3445 -0.2953 0.3457, -0.3393 -0.2953 0.3463, -0.3773 -0.2953 0.3332, -0.359 -0.2953 0.3332, -0.3578 -0.2953 0.3359, -0.3546 -0.2953 0.3399, -0.3299 -0.2953 0.3522, -0.3304 -0.2953 0.3519, -0.3336 -0.2953 0.3492, -0.3378 -0.2953 0.3462, -0.3363 -0.2953 0.346, -0.3537 -0.2953 0.3408, -0.3494 -0.2953 0.3438, -0.3446 -0.2953 0.3039, -0.3464 -0.2953 0.3045, -0.3773 -0.2953 0.3036, -0.3512 -0.2953 0.3068, -0.3553 -0.2953 0.3103, -0.3583 -0.2953 0.3147, -0.3602 -0.2953 0.3196, -0.3773 -0.2953 0.3277, -0.3608 -0.2953 0.3248, -0.3608 -0.2953 0.3261, -0.3605 -0.2953 0.3277, -0.3599 -0.2953 0.3311, -0.3387 -0.2953 0.2967, -0.3413 -0.2953 0.2986, -0.3773 -0.2953 0.2962, -0.3433 -0.2953 0.3011, -0.3445 -0.2953 0.3036, -0.2685 -0.2953 0.0098, -0.3288 -0.2953 0.2953, -0.332 -0.2953 0.2949, -0.3773 -0.2953 0.0098, -0.3325 -0.2953 0.2949, -0.3357 -0.2953 0.2954, -0.3375 -0.2953 0.2962, -0.3196 -0.2953 0.3036, -0.3196 -0.2953 0.3035, -0.2685 -0.2953 0.2962, -0.3212 -0.2953 0.3006, -0.3232 -0.2953 0.2983, -0.3258 -0.2953 0.2964, -0.3265 -0.2953 0.2962, -0.2767 -0.2953 0.3266, -0.2761 -0.2953 0.3223, -0.2685 -0.2953 0.3277, -0.3026 -0.2953 0.3114, -0.3017 -0.2953 0.3118, -0.3001 -0.2953 0.3193, -0.281 -0.2953 0.3096, -0.2846 -0.2953 0.3066, -0.2685 -0.2953 0.3036, -0.3221 -0.2953 0.3171, -0.3043 -0.2953 0.3264, -0.3244 -0.2953 0.3192, -0.3272 -0.2953 0.3207, -0.3034 -0.2953 0.3108, -0.2784 -0.2953 0.3133, -0.2844 -0.2953 0.3233, -0.285 -0.2953 0.3258, -0.286 -0.2953 0.3277, -0.3522 -0.2953 0.3277, -0.2767 -0.2953 0.3175, -0.3007 -0.2953 0.3119, -0.3005 -0.2953 0.3119, -0.3001 -0.2953 0.3118, -0.3514 -0.2953 0.3197, -0.3498 -0.2953 0.317, -0.343 -0.2953 0.3157, -0.3474 -0.2953 0.3146, -0.3445 -0.2953 0.3128, -0.3381 -0.2953 0.3201, -0.3408 -0.2953 0.3182, -0.3525 -0.2953 0.325, -0.3523 -0.2953 0.323, -0.3352 -0.2953 0.3212, -0.332 -0.2953 0.3216, -0.3304 -0.2953 0.3215, -0.3048 -0.2953 0.3078, -0.3048 -0.2953 0.3083, -0.3187 -0.2953 0.3095, -0.3045 -0.2953 0.3093, -0.304 -0.2953 0.3102, -0.287 -0.2953 0.3151, -0.2856 -0.2953 0.3172, -0.2847 -0.2953 0.3195, -0.2843 -0.2953 0.3221, -0.3017 -0.2953 0.3038, -0.3026 -0.2953 0.3041, -0.3034 -0.2953 0.3047, -0.3037 -0.2953 0.305, -0.3043 -0.2953 0.3059, -0.3047 -0.2953 0.3068, -0.3188 -0.2953 0.3068, -0.3187 -0.2953 0.3082, -0.2887 -0.2953 0.3046, -0.2931 -0.2953 0.3037, -0.3009 -0.2953 0.3037, -0.2999 -0.2953 0.3118, -0.2939 -0.2953 0.3118, -0.2915 -0.2953 0.3122, -0.2892 -0.2953 0.3133, -0.2872 -0.2953 0.3149, -0.2958 -0.2953 0.3325, -0.3509 -0.2953 0.3312, -0.3521 -0.2953 0.3283, -0.2947 -0.2953 0.3325, -0.2863 -0.2953 0.3281, -0.2878 -0.2953 0.3298, -0.2899 -0.2953 0.3313, -0.2922 -0.2953 0.3322, -0.2986 -0.2953 0.3405, -0.3016 -0.2953 0.344, -0.3322 -0.2953 0.3363, -0.302 -0.2953 0.3443, -0.3057 -0.2953 0.3469, -0.3301 -0.2953 0.3405, -0.3496 -0.2953 0.3332, -0.3331 -0.2953 0.3369, -0.2959 -0.2953 0.3332, -0.2966 -0.2953 0.3362, -0.3361 -0.2953 0.3379, -0.3392 -0.2953 0.3383, -0.3406 -0.2953 0.3383, -0.3272 -0.2953 0.3441, -0.3099 -0.2953 0.3485, -0.3236 -0.2953 0.3467, -0.3144 -0.2953 0.3491, -0.3192 -0.2953 0.3485, -0.3439 -0.2953 0.3375, -0.3468 -0.2953 0.3359, -0.3491 -0.2953 0.3339, -0.2802 -0.2953 0.3332, -0.2783 -0.2953 0.3306, -0.2772 -0.2953 0.3277, -0.1904 -0.2953 0.3385, -0.1972 -0.2953 0.3385, -0.1885 -0.2953 0.3334, -0.1972 -0.2953 0.3332, -0.1858 -0.2953 0.3334, 0.3937 -0.2953 0.3332, 0.3937 -0.2953 0.3522, -0.1929 -0.2953 0.352, -0.1972 -0.2953 0.3522, -0.1982 -0.2953 0.3385, -0.2 -0.2953 0.3334, -0.2032 -0.2953 0.3332, -0.2026 -0.2953 0.3334, -0.2032 -0.2953 0.3522, -0.1972 -0.2953 0.3475, -0.1955 -0.2953 0.352, -0.225 -0.2953 0.3418, -0.23 -0.2953 0.3418, -0.225 -0.2953 0.3355, -0.23 -0.2953 0.3355, -0.2206 -0.2953 0.3522, -0.225 -0.2953 0.3522, -0.2228 -0.2953 0.352, -0.225 -0.2953 0.352, -0.2234 -0.2953 0.3418, -0.2224 -0.2953 0.3355, -0.2234 -0.2953 0.3439, -0.2228 -0.2953 0.3499, -0.225 -0.2953 0.3439, -0.225 -0.2953 0.3499, -0.23 -0.2953 0.3499, -0.23 -0.2953 0.3439, -0.2325 -0.2953 0.3334, -0.2335 -0.2953 0.3332, -0.225 -0.2953 0.3332, -0.2206 -0.2953 0.3332, -0.2224 -0.2953 0.3334, -0.225 -0.2953 0.3334, -0.2325 -0.2953 0.352, -0.2335 -0.2953 0.3522, -0.2386 -0.2953 0.3522, -0.2382 -0.2953 0.3522, -0.2362 -0.2953 0.3516, -0.2362 -0.2953 0.3491, -0.2362 -0.2953 0.3364, -0.2362 -0.2953 0.3341, -0.2365 -0.2953 0.334, -0.2385 -0.2953 0.3333, -0.2397 -0.2953 0.3332, -0.2383 -0.2953 0.3499, -0.2406 -0.2953 0.3502, -0.2364 -0.2953 0.3492, -0.2415 -0.2953 0.3501, -0.2431 -0.2953 0.3498, -0.2446 -0.2953 0.3491, -0.2457 -0.2953 0.3481, -0.2458 -0.2953 0.348, -0.2467 -0.2953 0.3467, -0.2473 -0.2953 0.3451, -0.2477 -0.2953 0.3425, -0.2476 -0.2953 0.3416, -0.2473 -0.2953 0.3398, -0.2401 -0.2953 0.3352, -0.238 -0.2953 0.3356, -0.2442 -0.2953 0.3359, -0.2429 -0.2953 0.3354, -0.241 -0.2953 0.3352, -0.2467 -0.2953 0.3383, -0.2458 -0.2953 0.3372, -0.2454 -0.2953 0.3368, -0.2406 -0.2953 0.3524, -0.2493 -0.2953 0.3937, -0.2335 -0.2953 0.3937, -0.2488 -0.2953 0.3478, -0.2475 -0.2953 0.3496, -0.247 -0.2953 0.35, -0.2453 -0.2953 0.3513, -0.2493 -0.2953 0.3381, -0.2498 -0.2953 0.3393, -0.2505 -0.2953 0.3332, -0.2502 -0.2953 0.3423, -0.2502 -0.2953 0.3433, -0.2505 -0.2953 0.3522, -0.2497 -0.2953 0.3458, -0.2493 -0.2953 0.3466, -0.2445 -0.2953 0.3335, -0.2463 -0.2953 0.3343, -0.2493 -0.2953 0.3332, -0.2478 -0.2953 0.3356, -0.2479 -0.2953 0.3358, -0.2491 -0.2953 0.3374, -0.243 -0.2953 0.3332, -0.2493 -0.2953 0.3277, -0.2425 -0.2953 0.3331, -0.2414 -0.2953 0.333, -0.2335 -0.2953 0.3277, -0.1972 -0.2953 0.0098, -0.1476 -0.2953 0.0098, -0.1476 -0.2953 0.0394, -0.2042 -0.2953 0.3396, -0.2051 -0.2953 0.3376, -0.2103 -0.2953 0.3522, -0.2103 -0.2953 0.3516, -0.2084 -0.2953 0.3509, -0.2103 -0.2953 0.3338, -0.2103 -0.2953 0.3332, -0.2084 -0.2953 0.3346, -0.2065 -0.2953 0.336, -0.2065 -0.2953 0.3496, -0.2058 -0.2953 0.3489, -0.2047 -0.2953 0.3473, -0.204 -0.2953 0.3455, -0.2037 -0.2953 0.3429, -0.2037 -0.2953 0.3417, -0.2135 -0.2953 0.352, -0.2107 -0.2953 0.3517, -0.2106 -0.2953 0.3337, -0.2137 -0.2953 0.3334, -0.2189 -0.2953 0.3334, -0.2189 -0.2953 0.352, -0.2476 -0.2953 0.31, -0.2472 -0.2953 0.3139, -0.2481 -0.2953 0.3092, -0.2484 -0.2953 0.3084, -0.242 -0.2953 0.3154, -0.2428 -0.2953 0.3155, -0.2441 -0.2953 0.3116, -0.2335 -0.2953 0.3036, -0.2378 -0.2953 0.3037, -0.243 -0.2953 0.3036, -0.2401 -0.2953 0.3037, -0.2421 -0.2953 0.3039, -0.2415 -0.2953 0.3043, -0.2457 -0.2953 0.3036, -0.2466 -0.2953 0.3039, -0.2493 -0.2953 0.3036, -0.247 -0.2953 0.3106, -0.246 -0.2953 0.3112, -0.2456 -0.2953 0.3149, -0.2441 -0.2953 0.3153, -0.2472 -0.2953 0.3161, -0.2467 -0.2953 0.3164, -0.2474 -0.2953 0.3045, -0.2476 -0.2953 0.3047, -0.2481 -0.2953 0.3054, -0.2401 -0.2953 0.3058, -0.2402 -0.2953 0.3058, -0.2407 -0.2953 0.305, -0.2484 -0.2953 0.3062, -0.2485 -0.2953 0.3073, -0.2339 -0.2953 0.3114, -0.2342 -0.2953 0.3118, -0.2378 -0.2953 0.3123, -0.2345 -0.2953 0.3126, -0.238 -0.2953 0.3143, -0.2346 -0.2953 0.3135, -0.2401 -0.2953 0.3122, -0.2402 -0.2953 0.3132, -0.2405 -0.2953 0.3141, -0.2407 -0.2953 0.3146, -0.2401 -0.2953 0.3169, -0.2393 -0.2953 0.3164, -0.2338 -0.2953 0.3157, -0.2336 -0.2953 0.311, -0.2346 -0.2953 0.3066, -0.2335 -0.2953 0.3109, -0.2336 -0.2953 0.306, -0.2335 -0.2953 0.306, -0.245 -0.2953 0.3171, -0.2426 -0.2953 0.3174, -0.241 -0.2953 0.3172, -0.2345 -0.2953 0.3143, -0.2342 -0.2953 0.3151, -0.2384 -0.2953 0.3153, -0.2389 -0.2953 0.316, -0.2411 -0.2953 0.3149, -0.2415 -0.2953 0.3152, -0.2493 -0.2953 0.2962, -0.2443 -0.2953 0.3034, -0.2456 -0.2953 0.3036, -0.2346 -0.2953 0.3042, -0.2335 -0.2953 0.3038, -0.2332 -0.2953 0.3037, -0.2323 -0.2953 0.3036, -0.231 -0.2953 0.3034, -0.2335 -0.2953 0.2962, -0.2262 -0.2953 0.3168, -0.2262 -0.2953 0.3145, -0.2331 -0.2953 0.3163, -0.2323 -0.2953 0.3168, -0.2335 -0.2953 0.3159, -0.2257 -0.2953 0.3064, -0.226 -0.2953 0.3057, -0.2264 -0.2953 0.3051, -0.231 -0.2953 0.3172, -0.2294 -0.2953 0.3174, -0.225 -0.2953 0.3277, -0.2278 -0.2953 0.3172, -0.2264 -0.2953 0.3096, -0.226 -0.2953 0.3089, -0.2257 -0.2953 0.3082, -0.2256 -0.2953 0.3073, -0.2271 -0.2953 0.3045, -0.2277 -0.2953 0.3041, -0.2296 -0.2953 0.3155, -0.2303 -0.2953 0.3154, -0.2322 -0.2953 0.3137, -0.231 -0.2953 0.3153, -0.2315 -0.2953 0.315, -0.2322 -0.2953 0.3134, -0.2321 -0.2953 0.313, -0.2319 -0.2953 0.3127, -0.2317 -0.2953 0.3124, -0.2309 -0.2953 0.3119, -0.2282 -0.2953 0.3153, -0.2294 -0.2953 0.3113, -0.2269 -0.2953 0.3148, -0.2285 -0.2953 0.3109, -0.2269 -0.2953 0.3101, -0.2318 -0.2953 0.3147, -0.232 -0.2953 0.3144, -0.2322 -0.2953 0.314, -0.2322 -0.2953 0.3055, -0.2311 -0.2953 0.3096, -0.2325 -0.2953 0.3102, -0.2308 -0.2953 0.3053, -0.2307 -0.2953 0.3053, -0.2295 -0.2953 0.3089, -0.2295 -0.2953 0.3055, -0.228 -0.2953 0.3071, -0.228 -0.2953 0.3074, -0.2289 -0.2953 0.3057, -0.2287 -0.2953 0.3058, -0.2284 -0.2953 0.306, -0.2282 -0.2953 0.3063, -0.2281 -0.2953 0.3067, -0.2281 -0.2953 0.3078, -0.2283 -0.2953 0.3081, -0.2286 -0.2953 0.3084, -0.214 -0.2953 0.3171, -0.2116 -0.2953 0.3171, -0.2103 -0.2953 0.3277, -0.2183 -0.2953 0.307, -0.218 -0.2953 0.3059, -0.2179 -0.2953 0.3059, -0.2206 -0.2953 0.3277, -0.2206 -0.2953 0.3138, -0.2177 -0.2953 0.307, -0.2178 -0.2953 0.3064, -0.2206 -0.2953 0.3036, -0.2206 -0.2953 0.3075, -0.2244 -0.2953 0.3171, -0.2218 -0.2953 0.3171, -0.2192 -0.2953 0.3037, -0.2192 -0.2953 0.3036, -0.2202 -0.2953 0.3013, -0.225 -0.2953 0.2962, -0.2239 -0.2953 0.2976, -0.2239 -0.2953 0.2997, -0.2211 -0.2953 0.3, -0.2207 -0.2953 0.3005, -0.2206 -0.2953 0.3005, -0.2234 -0.2953 0.2996, -0.2226 -0.2953 0.2994, -0.2206 -0.2953 0.2979, -0.2215 -0.2953 0.2975, -0.2206 -0.2953 0.2962, -0.2224 -0.2953 0.2974, -0.2229 -0.2953 0.2975, -0.222 -0.2953 0.2995, -0.2215 -0.2953 0.2997, -0.2176 -0.2953 0.3017, -0.2187 -0.2953 0.2996, -0.2103 -0.2953 0.2962, -0.2169 -0.2953 0.3036, -0.2196 -0.2953 0.2986, -0.2197 -0.2953 0.2985, -0.2205 -0.2953 0.2979, -0.2032 -0.2953 0.3121, -0.2066 -0.2953 0.3121, -0.2032 -0.2953 0.3058, -0.2066 -0.2953 0.3058, -0.199 -0.2953 0.3058, -0.199 -0.2953 0.3037, -0.1972 -0.2953 0.3036, -0.2032 -0.2953 0.3036, -0.1972 -0.2953 0.3277, -0.1994 -0.2953 0.3224, -0.1994 -0.2953 0.3203, -0.2 -0.2953 0.3121, -0.2 -0.2953 0.3143, -0.2032 -0.2953 0.3203, -0.2032 -0.2953 0.3143, -0.2066 -0.2953 0.3203, -0.2066 -0.2953 0.3143, -0.2032 -0.2953 0.3037, -0.2091 -0.2953 0.3037, -0.2103 -0.2953 0.3036, -0.2091 -0.2953 0.3224, -0.2032 -0.2953 0.3224, -0.2032 -0.2953 0.3277, -0.225 -0.2953 0.3937, -0.2206 -0.2953 0.3937, -0.2103 -0.2953 0.3937, -0.2032 -0.2953 0.3937, -0.1972 -0.2953 0.3937, 0.3937 -0.2953 0.3937, -0.2505 -0.2953 0.3937, -0.2509 -0.2953 0.3355, -0.2509 -0.2953 0.3334, -0.2608 -0.2953 0.3334, -0.2608 -0.2953 0.352, -0.2584 -0.2953 0.352, -0.2584 -0.2953 0.3355, -0.2505 -0.2953 0.3277, -0.167 -0.2953 0.3088, -0.1748 -0.2953 0.3088, -0.1766 -0.2953 0.3037, -0.1955 -0.2953 0.3037, -0.1955 -0.2953 0.3224, -0.1903 -0.2953 0.3037, -0.1651 -0.2953 0.3037, -0.1624 -0.2953 0.3037, 0.3937 -0.2953 0.3036, -0.1695 -0.2953 0.3224, 0.3937 -0.2953 0.3277, -0.1792 -0.2953 0.3037, -0.1721 -0.2953 0.3224, -0.1817 -0.2953 0.308, -0.1831 -0.2953 0.3063, -0.185 -0.2953 0.3049, -0.1872 -0.2953 0.3041, -0.1831 -0.2953 0.3199, -0.1824 -0.2953 0.3193, -0.1813 -0.2953 0.3177, -0.1806 -0.2953 0.3159, -0.1902 -0.2953 0.3224, -0.1873 -0.2953 0.3221, -0.185 -0.2953 0.3213, -0.1803 -0.2953 0.3133, -0.1803 -0.2953 0.3121, -0.1808 -0.2953 0.3099, -0.2505 -0.2953 0.3036, -0.2608 -0.2953 0.3037, -0.2508 -0.2953 0.3037, -0.2508 -0.2953 0.3058, -0.2512 -0.2953 0.3203, -0.2608 -0.2953 0.3224, -0.2512 -0.2953 0.3224, -0.2584 -0.2953 0.3121, -0.2584 -0.2953 0.3058, -0.2517 -0.2953 0.3121, -0.2517 -0.2953 0.3143, -0.2584 -0.2953 0.3143, -0.2584 -0.2953 0.3203, -0.2032 -0.2953 0.2962, -0.1972 -0.2953 0.2962, 0.3937 -0.2953 0.2962, -0.2505 -0.2953 0.2962, -0.0492 -0.2953 0.0098, 0.3937 -0.2953 0.0098, -0.0492 -0.2953 0.0394, -0.2032 -0.2953 0.0098, -0.2103 -0.2953 0.0098, -0.2206 -0.2953 0.0098, -0.225 -0.2953 0.0098, -0.2335 -0.2953 0.0098, -0.2493 -0.2953 0.0098, -0.2505 -0.2953 0.0098, -0.3937 -0.2953 0.3937, -0.3937 -0.2953 0.3522, -0.3937 -0.2953 0.3332, -0.3937 -0.2953 0.3277, -0.3937 -0.2953 0.3036, -0.3937 -0.2953 0.2962, -0.3937 -0.2953 0.0098, -0.3937 -0.1476 0.0394, -0.3937 -0.1476 0.0098, -0.3052 -0.1476 0.0394, -0.3052 -0.1476 0.0098, -0.3052 -0.2461 0.0098, -0.3052 -0.2461 0.0394, -0.2934 -0.2447 0.0098, -0.2934 -0.2447 0.0394, -0.2823 -0.2405 0.0098, -0.2823 -0.2405 0.0394, -0.2725 -0.2337 0.0098, -0.2725 -0.2337 0.0394, -0.2646 -0.2248 0.0098, -0.2646 -0.2248 0.0394, -0.2591 -0.2143 0.0098, -0.2591 -0.2143 0.0394, -0.2563 -0.2028 0.0098, -0.2563 -0.2028 0.0394, -0.2563 -0.1909 0.0098, -0.2563 -0.1909 0.0394, -0.2591 -0.1794 0.0098, -0.2591 -0.1794 0.0394, -0.2646 -0.1689 0.0098, -0.2646 -0.1689 0.0394, -0.2725 -0.16 0.0098, -0.2725 -0.16 0.0394, -0.2823 -0.1532 0.0098, -0.2823 -0.1532 0.0394, -0.2934 -0.149 0.0098, -0.2934 -0.149 0.0394, -0.3937 -0.2461 0.0394, -0.3937 -0.2461 0.0098, -0.3937 0.0492 0.0394, -0.3937 0.0492 0.0098, -0.3052 0.0492 0.0394, -0.3052 0.0492 0.0098, -0.3052 -0.0492 0.0098, -0.3052 -0.0492 0.0394, -0.2934 -0.0478 0.0098, -0.2934 -0.0478 0.0394, -0.2823 -0.0436 0.0098, -0.2823 -0.0436 0.0394, -0.2725 -0.0369 0.0098, -0.2725 -0.0369 0.0394, -0.2646 -0.028 0.0098, -0.2646 -0.028 0.0394, -0.2591 -0.0175 0.0098, -0.2591 -0.0175 0.0394, -0.2563 -0.0059 0.0098, -0.2563 -0.0059 0.0394, -0.2563 0.0059 0.0098, -0.2563 0.0059 0.0394, -0.2591 0.0175 0.0098, -0.2591 0.0175 0.0394, -0.2646 0.028 0.0098, -0.2646 0.028 0.0394, -0.2725 0.0369 0.0098, -0.2725 0.0369 0.0394, -0.2823 0.0436 0.0098, -0.2823 0.0436 0.0394, -0.2934 0.0478 0.0098, -0.2934 0.0478 0.0394, -0.3937 -0.0492 0.0394, -0.3937 -0.0492 0.0098, -0.0492 0.2953 0.0394, -0.0492 0.2953 0.0098, -0.0492 0.2067 0.0394, -0.0492 0.2067 0.0098, -0.1476 0.2067 0.0098, -0.1476 0.2067 0.0394, -0.1464 0.1957 0.0098, -0.1464 0.1957 0.0394, -0.1423 0.1844 0.0098, -0.1423 0.1844 0.0394, -0.1356 0.1744 0.0098, -0.1356 0.1744 0.0394, -0.1267 0.1664 0.0098, -0.1267 0.1664 0.0394, -0.1161 0.1608 0.0098, -0.1161 0.1608 0.0394, -0.1044 0.1578 0.0098, -0.1044 0.1578 0.0394, -0.0924 0.1578 0.0098, -0.0924 0.1578 0.0394, -0.0808 0.1608 0.0098, -0.0808 0.1608 0.0394, -0.0702 0.1664 0.0098, -0.0702 0.1664 0.0394, -0.0613 0.1744 0.0098, -0.0613 0.1744 0.0394, -0.0546 0.1844 0.0098, -0.0546 0.1844 0.0394, -0.0505 0.1957 0.0098, -0.0505 0.1957 0.0394, -0.1476 0.2953 0.0394, -0.1476 0.2953 0.0098, 0.3937 -0.0492 0.0394, 0.3937 -0.0492 0.0098, 0.3052 -0.0492 0.0394, 0.3052 -0.0492 0.0098, 0.3052 0.0492 0.0098, 0.3052 0.0492 0.0394, 0.2934 0.0478 0.0098, 0.2934 0.0478 0.0394, 0.2823 0.0436 0.0098, 0.2823 0.0436 0.0394, 0.2725 0.0369 0.0098, 0.2725 0.0369 0.0394, 0.2646 0.028 0.0098, 0.2646 0.028 0.0394, 0.2591 0.0175 0.0098, 0.2591 0.0175 0.0394, 0.2563 0.0059 0.0098, 0.2563 0.0059 0.0394, 0.2563 -0.0059 0.0098, 0.2563 -0.0059 0.0394, 0.2591 -0.0175 0.0098, 0.2591 -0.0175 0.0394, 0.2646 -0.028 0.0098, 0.2646 -0.028 0.0394, 0.2725 -0.0369 0.0098, 0.2725 -0.0369 0.0394, 0.2823 -0.0436 0.0098, 0.2823 -0.0436 0.0394, 0.2934 -0.0478 0.0098, 0.2934 -0.0478 0.0394, 0.3937 0.0492 0.0394, 0.3937 0.0492 0.0098, 0.3937 0.1476 0.0394, 0.3937 0.1476 0.0098, 0.3052 0.1476 0.0394, 0.3052 0.1476 0.0098, 0.3052 0.2461 0.0098, 0.3052 0.2461 0.0394, 0.2934 0.2447 0.0098, 0.2934 0.2447 0.0394, 0.2823 0.2405 0.0098, 0.2823 0.2405 0.0394, 0.2725 0.2337 0.0098, 0.2725 0.2337 0.0394, 0.2646 0.2248 0.0098, 0.2646 0.2248 0.0394, 0.2591 0.2143 0.0098, 0.2591 0.2143 0.0394, 0.2563 0.2028 0.0098, 0.2563 0.2028 0.0394, 0.2563 0.1909 0.0098, 0.2563 0.1909 0.0394, 0.2591 0.1794 0.0098, 0.2591 0.1794 0.0394, 0.2646 0.1689 0.0098, 0.2646 0.1689 0.0394, 0.2725 0.16 0.0098, 0.2725 0.16 0.0394, 0.2823 0.1532 0.0098, 0.2823 0.1532 0.0394, 0.2934 0.149 0.0098, 0.2934 0.149 0.0394, 0.3937 0.2461 0.0394, 0.3937 0.2461 0.0098, 0.3052 -0.1476 0.0394, 0.3052 -0.1476 0.0098, 0.3937 -0.1476 0.0394, 0.3937 -0.1476 0.0098, 0.2934 -0.149 0.0098, 0.2934 -0.149 0.0394, 0.2823 -0.1532 0.0098, 0.2823 -0.1532 0.0394, 0.2725 -0.16 0.0098, 0.2725 -0.16 0.0394, 0.2646 -0.1689 0.0098, 0.2646 -0.1689 0.0394, 0.2591 -0.1794 0.0098, 0.2591 -0.1794 0.0394, 0.2563 -0.1909 0.0098, 0.2563 -0.1909 0.0394, 0.2563 -0.2028 0.0098, 0.2563 -0.2028 0.0394, 0.2591 -0.2143 0.0098, 0.2591 -0.2143 0.0394, 0.2646 -0.2248 0.0098, 0.2646 -0.2248 0.0394, 0.2725 -0.2337 0.0098, 0.2725 -0.2337 0.0394, 0.2823 -0.2405 0.0098, 0.2823 -0.2405 0.0394, 0.2934 -0.2447 0.0098, 0.2934 -0.2447 0.0394, 0.3052 -0.2461 0.0098, 0.3052 -0.2461 0.0394, 0.3937 -0.2461 0.0394, 0.3937 -0.2461 0.0098, 0.3937 0.2953 0.3937, 0.3937 0.2953 0.0098, 0.0492 -0.0886 0.0394, 0.0492 -0.0886 0.0098, 0.0492 0.2953 0.0394, 0.0492 0.2953 0.0098, 0.0505 -0.0996 0.0098, 0.0505 -0.0996 0.0394, 0.0546 -0.1109 0.0098, 0.0546 -0.1109 0.0394, 0.0613 -0.1208 0.0098, 0.0613 -0.1208 0.0394, 0.0702 -0.1289 0.0098, 0.0702 -0.1289 0.0394, 0.0808 -0.1345 0.0098, 0.0808 -0.1345 0.0394, 0.0924 -0.1374 0.0098, 0.0924 -0.1374 0.0394, 0.1044 -0.1374 0.0098, 0.1044 -0.1374 0.0394, 0.1161 -0.1345 0.0098, 0.1161 -0.1345 0.0394, 0.1267 -0.1289 0.0098, 0.1267 -0.1289 0.0394, 0.1356 -0.1208 0.0098, 0.1356 -0.1208 0.0394, 0.1423 -0.1109 0.0098, 0.1423 -0.1109 0.0394, 0.1464 -0.0996 0.0098, 0.1464 -0.0996 0.0394, 0.1476 -0.0886 0.0098, 0.1476 -0.0886 0.0394, 0.1476 0.2953 0.0394, 0.1476 0.2953 0.0098, -0.3937 0.2953 0.0098, -0.3937 0.2953 0.3937, -0.3314 0.2037 0.3937, -0.3301 0.2132 0.3937, -0.3265 0.2221 0.3937, -0.2685 0.2297 0.3937, -0.2627 0.2221 0.3937, -0.259 0.2132 0.3937, -0.2577 0.2037 0.3937, -0.259 0.1941 0.3937, -0.2627 0.1853 0.3937, -0.3301 0.1941 0.3937, -0.3265 0.1853 0.3937, -0.3206 0.2297 0.3937, -0.313 0.2356 0.3937, -0.3041 0.2393 0.3937, -0.2946 0.2405 0.3937, -0.285 0.2393 0.3937, -0.2762 0.2356 0.3937, -0.2946 0.1669 0.3937, -0.3041 0.1681 0.3937, -0.2685 0.1776 0.3937, -0.2762 0.1718 0.3937, -0.285 0.1681 0.3937, -0.313 0.1718 0.3937, -0.3206 0.1776 0.3937, -0.0492 -0.0295 0.0394, -0.0492 -0.0295 0.0098, -0.0505 -0.0185 0.0098, -0.0505 -0.0185 0.0394, -0.0546 -0.0072 0.0098, -0.0546 -0.0072 0.0394, -0.0613 0.0027 0.0098, -0.0613 0.0027 0.0394, -0.0702 0.0108 0.0098, -0.0702 0.0108 0.0394, -0.0808 0.0164 0.0098, -0.0808 0.0164 0.0394, -0.0924 0.0193 0.0098, -0.0924 0.0193 0.0394, -0.1044 0.0193 0.0098, -0.1044 0.0193 0.0394, -0.1161 0.0164 0.0098, -0.1161 0.0164 0.0394, -0.1267 0.0108 0.0098, -0.1267 0.0108 0.0394, -0.1356 0.0027 0.0098, -0.1356 0.0027 0.0394, -0.1423 -0.0072 0.0098, -0.1423 -0.0072 0.0394, -0.1464 -0.0185 0.0098, -0.1464 -0.0185 0.0394, -0.1476 -0.0295 0.0098, -0.1476 -0.0295 0.0394, -0.2559 0.2461 0.0394, -0.2559 0.2067 0.0394, -0.3937 0.2461 0.0394, -0.315 0.1476 0.0394, -0.3937 0.1476 0.0394, -0.3937 0.1476 0.0098, -0.3937 0.2461 0.0098, -0.2559 0.2461 0.0098, -0.2559 0.2067 0.0098, -0.315 0.1476 0.0098, -0.315 0.1476 0.0098
            ]
        }
        coordIndex [
            0,1,2,-1,3,4,5,-1,6,7,8,-1,8,7,9,-1,10,11,8,-1,8,11,12,-1,8,12,13,-1,13,14,8,-1,8,14,15,-1,8,15,6,-1,16,17,18,-1,16,18,19,-1,19,18,20,-1,19,20,21,-1,22,23,24,-1,25,26,22,-1,22,26,27,-1,22,27,28,-1,21,20,29,-1,29,20,22,-1,29,22,30,-1,30,22,24,-1,30,24,31,-1,31,24,32,-1,31,32,33,-1,28,34,22,-1,22,34,35,-1,22,35,23,-1,36,37,38,-1,38,37,39,-1,38,39,40,-1,40,41,38,-1,38,41,42,-1,38,42,43,-1,43,42,44,-1,44,45,43,-1,43,45,46,-1,43,46,25,-1,25,46,47,-1,25,47,26,-1,48,49,50,-1,50,49,51,-1,50,51,38,-1,38,51,52,-1,38,52,36,-1,53,54,55,-1,53,55,56,-1,55,57,56,-1,56,57,58,-1,56,58,50,-1,50,58,59,-1,50,59,48,-1,60,61,62,-1,62,61,63,-1,63,64,62,-1,62,64,65,-1,62,65,66,-1,67,68,69,-1,70,71,72,-1,73,74,75,-1,76,77,78,-1,78,77,79,-1,70,72,80,-1,73,75,81,-1,82,83,77,-1,77,83,84,-1,77,84,85,-1,69,68,75,-1,75,68,86,-1,75,86,81,-1,71,87,72,-1,72,87,88,-1,72,88,89,-1,90,91,92,-1,92,91,93,-1,92,93,94,-1,95,85,96,-1,96,85,97,-1,96,97,92,-1,92,97,98,-1,92,98,90,-1,95,99,85,-1,85,99,100,-1,85,100,77,-1,77,100,101,-1,77,101,79,-1,102,103,104,-1,104,103,105,-1,104,105,72,-1,72,105,106,-1,72,106,80,-1,107,108,72,-1,72,108,109,-1,72,109,77,-1,77,109,110,-1,77,110,82,-1,111,112,60,-1,60,112,113,-1,60,113,114,-1,114,115,60,-1,60,115,116,-1,60,116,117,-1,117,116,102,-1,117,102,118,-1,118,102,104,-1,74,119,75,-1,75,119,120,-1,75,120,60,-1,60,120,121,-1,60,121,111,-1,89,122,72,-1,72,122,123,-1,72,123,124,-1,124,125,72,-1,72,125,126,-1,72,126,107,-1,127,128,129,-1,129,85,127,-1,127,85,84,-1,127,84,130,-1,130,84,131,-1,131,132,130,-1,130,132,133,-1,130,133,134,-1,135,136,137,-1,136,138,137,-1,137,138,139,-1,137,139,140,-1,141,137,142,-1,128,127,141,-1,141,127,143,-1,141,143,137,-1,137,143,144,-1,137,144,135,-1,142,145,141,-1,141,145,146,-1,141,146,147,-1,140,139,148,-1,148,139,149,-1,148,149,150,-1,150,149,151,-1,150,151,152,-1,153,154,147,-1,147,154,155,-1,147,155,141,-1,7,156,9,-1,9,156,157,-1,9,157,69,-1,69,157,158,-1,69,158,67,-1,159,160,161,-1,161,160,162,-1,161,162,163,-1,164,165,166,-1,166,165,167,-1,160,168,162,-1,162,168,169,-1,162,169,170,-1,170,169,171,-1,170,171,172,-1,172,171,173,-1,172,173,167,-1,167,173,174,-1,167,174,166,-1,175,176,177,-1,177,176,178,-1,179,180,181,-1,181,180,182,-1,175,177,183,-1,183,177,184,-1,183,184,185,-1,185,184,186,-1,185,186,187,-1,186,188,187,-1,187,188,189,-1,187,189,190,-1,191,192,193,-1,181,186,179,-1,179,186,184,-1,179,184,194,-1,194,184,195,-1,194,195,193,-1,193,195,196,-1,193,196,191,-1,182,180,197,-1,197,180,198,-1,197,198,191,-1,199,200,198,-1,198,200,201,-1,198,201,202,-1,203,204,192,-1,204,205,192,-1,192,205,206,-1,192,206,207,-1,208,209,203,-1,191,198,192,-1,192,198,202,-1,192,202,203,-1,203,202,210,-1,203,210,208,-1,209,211,203,-1,203,211,212,-1,203,212,213,-1,213,214,203,-1,203,214,215,-1,203,215,216,-1,216,217,203,-1,203,217,218,-1,203,218,219,-1,220,221,219,-1,219,221,222,-1,219,222,203,-1,223,224,225,-1,220,226,221,-1,221,226,227,-1,221,227,225,-1,225,227,228,-1,225,228,223,-1,229,199,230,-1,230,199,231,-1,5,232,233,-1,233,234,5,-1,5,234,235,-1,5,235,3,-1,236,237,238,-1,238,237,239,-1,239,240,241,-1,241,240,242,-1,241,242,5,-1,5,242,243,-1,5,243,232,-1,244,245,246,-1,245,247,246,-1,246,247,248,-1,246,248,249,-1,244,246,250,-1,250,246,251,-1,250,251,252,-1,252,251,253,-1,253,251,254,-1,253,254,207,-1,255,256,257,-1,258,259,170,-1,260,261,172,-1,172,261,262,-1,263,264,265,-1,265,264,170,-1,265,170,266,-1,266,170,259,-1,262,267,172,-1,172,267,268,-1,172,268,269,-1,269,270,172,-1,172,270,271,-1,172,271,170,-1,170,271,272,-1,170,272,258,-1,179,273,260,-1,260,273,274,-1,260,274,261,-1,263,275,264,-1,264,275,276,-1,264,276,194,-1,194,276,277,-1,194,277,179,-1,179,277,278,-1,179,278,273,-1,279,280,281,-1,281,280,282,-1,283,284,285,-1,286,287,288,-1,288,287,289,-1,288,289,290,-1,290,289,291,-1,292,293,294,-1,279,295,280,-1,280,295,296,-1,280,296,297,-1,297,296,285,-1,297,285,298,-1,298,285,284,-1,251,299,300,-1,293,301,294,-1,294,301,302,-1,294,302,303,-1,304,305,289,-1,289,305,306,-1,289,306,291,-1,303,307,294,-1,294,307,308,-1,294,308,251,-1,251,308,282,-1,251,282,299,-1,299,282,280,-1,309,310,311,-1,311,310,312,-1,311,312,313,-1,313,312,314,-1,315,316,285,-1,285,316,317,-1,285,317,318,-1,319,320,321,-1,322,323,324,-1,324,323,325,-1,324,325,326,-1,300,327,251,-1,251,327,328,-1,251,328,329,-1,314,330,313,-1,313,330,331,-1,313,331,332,-1,332,331,321,-1,332,321,333,-1,333,321,320,-1,318,334,285,-1,285,334,335,-1,285,335,283,-1,336,337,338,-1,322,309,323,-1,323,309,311,-1,323,311,339,-1,339,311,287,-1,339,287,340,-1,340,287,286,-1,340,286,341,-1,341,286,342,-1,343,342,344,-1,344,342,286,-1,344,286,336,-1,336,286,288,-1,336,288,337,-1,345,346,2,-1,347,348,254,-1,329,319,251,-1,251,319,321,-1,251,321,254,-1,254,321,349,-1,254,349,347,-1,350,351,2,-1,2,351,352,-1,348,353,254,-1,254,353,354,-1,254,354,355,-1,355,354,356,-1,355,356,345,-1,357,358,346,-1,346,358,359,-1,346,359,2,-1,2,359,360,-1,2,360,350,-1,352,361,2,-1,2,361,362,-1,2,362,0,-1,363,364,365,-1,365,364,366,-1,365,366,367,-1,365,368,363,-1,363,368,369,-1,363,369,370,-1,370,371,363,-1,363,371,372,-1,363,372,373,-1,373,372,374,-1,373,374,375,-1,375,374,376,-1,375,376,346,-1,346,376,377,-1,346,377,357,-1,378,379,367,-1,367,379,380,-1,367,380,365,-1,381,382,326,-1,326,382,383,-1,326,383,324,-1,381,384,382,-1,382,384,385,-1,382,385,386,-1,386,385,387,-1,386,388,389,-1,387,390,386,-1,386,390,391,-1,386,391,392,-1,392,393,386,-1,386,393,394,-1,386,394,388,-1,389,395,386,-1,386,395,396,-1,386,396,397,-1,398,399,400,-1,401,402,403,-1,400,404,398,-1,398,404,405,-1,398,405,406,-1,406,405,401,-1,406,401,407,-1,407,401,403,-1,408,409,2,-1,2,409,410,-1,345,2,355,-1,355,2,410,-1,355,410,404,-1,404,410,411,-1,404,411,405,-1,412,409,413,-1,413,409,408,-1,413,408,414,-1,415,416,417,-1,418,419,408,-1,408,419,420,-1,408,420,414,-1,343,344,1,-1,1,344,415,-1,1,415,2,-1,2,415,417,-1,2,417,408,-1,408,417,421,-1,408,421,422,-1,423,424,425,-1,425,424,426,-1,425,426,415,-1,415,426,427,-1,415,427,416,-1,422,428,408,-1,408,428,429,-1,408,429,418,-1,430,431,432,-1,430,432,433,-1,431,434,432,-1,432,434,435,-1,432,435,425,-1,425,435,436,-1,425,436,423,-1,437,438,439,-1,439,438,440,-1,441,442,443,-1,443,442,444,-1,445,446,447,-1,437,439,448,-1,448,439,441,-1,448,441,449,-1,447,450,451,-1,451,450,452,-1,451,452,453,-1,442,454,444,-1,444,454,455,-1,444,455,456,-1,456,455,457,-1,446,445,458,-1,458,445,459,-1,458,459,457,-1,457,459,400,-1,457,400,456,-1,456,400,399,-1,456,399,433,-1,199,198,231,-1,231,198,180,-1,231,180,460,-1,460,180,179,-1,460,179,461,-1,461,179,260,-1,461,260,462,-1,462,260,172,-1,462,172,463,-1,463,172,167,-1,463,167,464,-1,464,167,165,-1,464,165,465,-1,18,241,466,-1,466,241,5,-1,466,5,230,-1,230,5,4,-1,230,4,229,-1,239,241,238,-1,238,241,467,-1,238,467,468,-1,9,469,8,-1,8,469,470,-1,8,470,471,-1,472,467,471,-1,471,467,241,-1,471,241,8,-1,8,241,18,-1,8,18,10,-1,10,18,17,-1,207,254,192,-1,192,254,355,-1,192,355,193,-1,193,355,404,-1,193,404,194,-1,194,404,400,-1,194,400,264,-1,264,400,459,-1,264,459,170,-1,170,459,445,-1,170,445,162,-1,468,469,238,-1,238,469,9,-1,238,9,473,-1,473,9,69,-1,474,475,476,-1,477,478,445,-1,451,449,447,-1,447,449,441,-1,447,441,445,-1,445,441,443,-1,445,443,477,-1,477,443,479,-1,480,443,481,-1,481,443,482,-1,481,482,483,-1,483,482,484,-1,474,476,480,-1,480,476,443,-1,443,476,485,-1,443,485,479,-1,166,163,164,-1,164,163,162,-1,164,162,484,-1,484,162,445,-1,484,445,483,-1,483,445,486,-1,485,487,488,-1,488,489,485,-1,485,489,490,-1,485,490,479,-1,491,492,486,-1,486,492,493,-1,486,493,494,-1,478,495,445,-1,445,495,496,-1,445,496,486,-1,486,496,497,-1,486,497,491,-1,494,498,486,-1,486,498,499,-1,486,499,485,-1,485,499,500,-1,485,500,487,-1,249,236,246,-1,246,236,238,-1,246,238,251,-1,251,238,473,-1,251,473,294,-1,294,473,501,-1,75,501,502,-1,502,501,503,-1,503,501,504,-1,504,501,473,-1,504,473,505,-1,75,502,69,-1,69,502,506,-1,69,506,473,-1,473,506,507,-1,473,507,505,-1,508,509,510,-1,510,509,504,-1,510,504,511,-1,511,504,505,-1,511,505,512,-1,512,505,513,-1,433,432,456,-1,456,432,514,-1,456,514,444,-1,444,514,515,-1,444,515,443,-1,443,515,516,-1,443,516,482,-1,60,62,75,-1,75,62,517,-1,75,517,501,-1,501,517,336,-1,501,336,294,-1,294,336,338,-1,294,338,292,-1,518,519,520,-1,520,519,516,-1,520,516,257,-1,257,516,515,-1,257,515,255,-1,255,515,514,-1,255,514,521,-1,521,514,432,-1,521,432,522,-1,522,432,425,-1,522,425,523,-1,523,425,415,-1,523,415,524,-1,524,415,344,-1,524,344,525,-1,525,344,336,-1,525,336,526,-1,526,336,517,-1,526,517,527,-1,527,517,62,-1,527,62,53,-1,53,62,66,-1,53,66,54,-1,20,528,22,-1,22,528,529,-1,22,529,25,-1,25,529,530,-1,25,530,43,-1,43,530,531,-1,43,531,38,-1,38,531,532,-1,38,532,50,-1,50,532,533,-1,50,533,56,-1,56,533,534,-1,535,536,537,-1,537,536,538,-1,539,540,541,-1,541,540,542,-1,541,542,543,-1,543,542,544,-1,543,544,545,-1,545,544,546,-1,545,546,547,-1,547,546,548,-1,547,548,549,-1,549,548,550,-1,549,550,551,-1,551,550,552,-1,551,552,553,-1,553,552,554,-1,553,554,555,-1,555,554,556,-1,555,556,557,-1,557,556,558,-1,557,558,559,-1,559,558,560,-1,559,560,561,-1,561,560,562,-1,561,562,563,-1,563,562,564,-1,563,564,538,-1,538,564,537,-1,540,539,565,-1,565,539,566,-1,567,568,569,-1,569,568,570,-1,571,572,573,-1,573,572,574,-1,573,574,575,-1,575,574,576,-1,575,576,577,-1,577,576,578,-1,577,578,579,-1,579,578,580,-1,579,580,581,-1,581,580,582,-1,581,582,583,-1,583,582,584,-1,583,584,585,-1,585,584,586,-1,585,586,587,-1,587,586,588,-1,587,588,589,-1,589,588,590,-1,589,590,591,-1,591,590,592,-1,591,592,593,-1,593,592,594,-1,593,594,595,-1,595,594,596,-1,595,596,570,-1,570,596,569,-1,572,571,597,-1,597,571,598,-1,599,600,601,-1,601,600,602,-1,603,604,605,-1,605,604,606,-1,605,606,607,-1,607,606,608,-1,607,608,609,-1,609,608,610,-1,609,610,611,-1,611,610,612,-1,611,612,613,-1,613,612,614,-1,613,614,615,-1,615,614,616,-1,615,616,617,-1,617,616,618,-1,617,618,619,-1,619,618,620,-1,619,620,621,-1,621,620,622,-1,621,622,623,-1,623,622,624,-1,623,624,625,-1,625,624,626,-1,625,626,627,-1,627,626,628,-1,627,628,602,-1,602,628,601,-1,604,603,629,-1,629,603,630,-1,631,632,633,-1,633,632,634,-1,635,636,637,-1,637,636,638,-1,637,638,639,-1,639,638,640,-1,639,640,641,-1,641,640,642,-1,641,642,643,-1,643,642,644,-1,643,644,645,-1,645,644,646,-1,645,646,647,-1,647,646,648,-1,647,648,649,-1,649,648,650,-1,649,650,651,-1,651,650,652,-1,651,652,653,-1,653,652,654,-1,653,654,655,-1,655,654,656,-1,655,656,657,-1,657,656,658,-1,657,658,659,-1,659,658,660,-1,659,660,634,-1,634,660,633,-1,636,635,661,-1,661,635,662,-1,663,664,665,-1,665,664,666,-1,667,668,669,-1,669,668,670,-1,669,670,671,-1,671,670,672,-1,671,672,673,-1,673,672,674,-1,673,674,675,-1,675,674,676,-1,675,676,677,-1,677,676,678,-1,677,678,679,-1,679,678,680,-1,679,680,681,-1,681,680,682,-1,681,682,683,-1,683,682,684,-1,683,684,685,-1,685,684,686,-1,685,686,687,-1,687,686,688,-1,687,688,689,-1,689,688,690,-1,689,690,691,-1,691,690,692,-1,691,692,666,-1,666,692,665,-1,668,667,693,-1,693,667,694,-1,695,696,697,-1,697,696,698,-1,696,695,699,-1,699,695,700,-1,699,700,701,-1,701,700,702,-1,701,702,703,-1,703,702,704,-1,703,704,705,-1,705,704,706,-1,705,706,707,-1,707,706,708,-1,707,708,709,-1,709,708,710,-1,709,710,711,-1,711,710,712,-1,711,712,713,-1,713,712,714,-1,713,714,715,-1,715,714,716,-1,715,716,717,-1,717,716,718,-1,717,718,719,-1,719,718,720,-1,719,720,721,-1,721,720,722,-1,721,722,723,-1,723,722,724,-1,725,726,724,-1,724,726,723,-1,697,698,632,-1,465,631,727,-1,727,631,661,-1,632,631,697,-1,697,631,465,-1,697,465,725,-1,725,465,519,-1,725,519,726,-1,694,728,693,-1,693,728,727,-1,693,727,663,-1,663,727,661,-1,663,661,664,-1,664,661,662,-1,729,730,731,-1,731,730,732,-1,730,729,733,-1,733,729,734,-1,733,734,735,-1,735,734,736,-1,735,736,737,-1,737,736,738,-1,737,738,739,-1,739,738,740,-1,739,740,741,-1,741,740,742,-1,741,742,743,-1,743,742,744,-1,743,744,745,-1,745,744,746,-1,745,746,747,-1,747,746,748,-1,747,748,749,-1,749,748,750,-1,749,750,751,-1,751,750,752,-1,751,752,753,-1,753,752,754,-1,753,754,755,-1,755,754,756,-1,755,756,757,-1,757,756,758,-1,759,760,758,-1,758,760,757,-1,630,761,629,-1,629,761,762,-1,629,762,599,-1,728,760,727,-1,727,760,759,-1,727,759,731,-1,732,600,731,-1,731,600,599,-1,731,599,727,-1,727,599,762,-1,763,764,762,-1,762,764,765,-1,727,766,767,-1,767,768,727,-1,727,768,769,-1,727,769,465,-1,465,769,770,-1,465,770,771,-1,763,762,772,-1,772,762,528,-1,772,528,773,-1,765,774,762,-1,762,774,775,-1,762,775,776,-1,776,777,762,-1,762,777,778,-1,762,778,727,-1,727,778,779,-1,727,779,766,-1,528,780,781,-1,771,782,465,-1,465,782,783,-1,465,783,528,-1,528,783,784,-1,528,784,780,-1,781,785,528,-1,528,785,786,-1,528,786,773,-1,787,788,520,-1,520,788,518,-1,788,787,789,-1,789,787,790,-1,789,790,791,-1,791,790,792,-1,791,792,793,-1,793,792,794,-1,793,794,795,-1,795,794,796,-1,795,796,797,-1,797,796,798,-1,797,798,799,-1,799,798,800,-1,799,800,801,-1,801,800,802,-1,801,802,803,-1,803,802,804,-1,803,804,805,-1,805,804,806,-1,805,806,807,-1,807,806,808,-1,807,808,809,-1,809,808,810,-1,809,810,811,-1,811,810,812,-1,811,812,813,-1,813,812,814,-1,257,256,814,-1,814,256,813,-1,537,546,544,-1,556,554,537,-1,537,554,552,-1,565,535,540,-1,540,535,537,-1,540,537,542,-1,542,537,544,-1,537,564,556,-1,556,564,562,-1,556,562,558,-1,558,562,560,-1,552,550,537,-1,537,550,548,-1,537,548,546,-1,597,567,572,-1,572,567,569,-1,578,576,569,-1,569,576,574,-1,569,574,572,-1,592,590,594,-1,594,590,588,-1,594,588,596,-1,596,588,569,-1,569,588,586,-1,569,586,584,-1,584,582,569,-1,569,582,580,-1,569,580,578,-1,815,816,817,-1,817,816,818,-1,817,818,819,-1,604,629,599,-1,624,622,606,-1,616,614,612,-1,622,620,606,-1,606,620,618,-1,606,618,608,-1,599,601,604,-1,604,601,628,-1,604,628,606,-1,606,628,626,-1,606,626,624,-1,616,612,618,-1,618,612,610,-1,618,610,608,-1,731,759,729,-1,729,759,758,-1,729,758,756,-1,744,742,756,-1,756,742,740,-1,756,740,738,-1,738,736,756,-1,756,736,734,-1,756,734,729,-1,752,750,754,-1,754,750,748,-1,754,748,756,-1,756,748,746,-1,756,746,744,-1,693,663,668,-1,668,663,665,-1,665,692,668,-1,668,692,690,-1,668,690,688,-1,688,686,668,-1,668,686,684,-1,668,684,682,-1,682,680,668,-1,668,680,678,-1,668,678,676,-1,676,674,668,-1,668,674,672,-1,668,672,670,-1,640,638,636,-1,661,631,636,-1,636,631,633,-1,636,656,654,-1,640,636,642,-1,633,660,636,-1,636,660,658,-1,636,658,656,-1,654,652,636,-1,636,652,650,-1,636,650,648,-1,648,646,636,-1,636,646,644,-1,636,644,642,-1,697,725,695,-1,695,725,724,-1,724,722,695,-1,695,722,720,-1,695,720,718,-1,718,716,695,-1,695,716,714,-1,695,714,712,-1,712,710,695,-1,695,710,708,-1,695,708,706,-1,706,704,695,-1,695,704,702,-1,695,702,700,-1,787,520,257,-1,257,814,787,-1,787,814,812,-1,787,812,790,-1,790,812,810,-1,810,808,790,-1,790,808,806,-1,790,806,804,-1,802,794,804,-1,804,794,792,-1,804,792,790,-1,802,800,794,-1,794,800,798,-1,794,798,796,-1,819,820,568,-1,762,567,528,-1,528,567,597,-1,568,567,819,-1,819,567,762,-1,819,762,817,-1,817,762,761,-1,817,761,821,-1,566,534,565,-1,565,534,528,-1,565,528,535,-1,535,528,597,-1,535,597,536,-1,536,597,598,-1,817,821,815,-1,815,821,822,-1,815,822,816,-1,816,822,823,-1,816,823,818,-1,818,823,824,-1,818,824,819,-1,819,824,820,-1,824,591,593,-1,568,820,570,-1,570,820,824,-1,570,824,595,-1,595,824,593,-1,575,577,563,-1,611,613,730,-1,730,613,615,-1,730,615,617,-1,617,619,730,-1,730,619,621,-1,730,621,623,-1,730,791,793,-1,605,607,823,-1,823,607,609,-1,823,609,611,-1,623,625,730,-1,730,625,627,-1,730,627,732,-1,732,627,602,-1,732,602,600,-1,611,730,823,-1,823,730,793,-1,823,793,795,-1,809,581,583,-1,735,737,518,-1,518,737,739,-1,518,739,741,-1,709,711,751,-1,703,705,753,-1,795,797,823,-1,823,797,799,-1,823,799,801,-1,541,543,256,-1,256,543,545,-1,256,545,547,-1,563,577,809,-1,809,577,579,-1,809,579,581,-1,821,761,822,-1,822,761,630,-1,822,630,823,-1,823,630,603,-1,823,603,605,-1,723,726,519,-1,801,803,823,-1,823,803,805,-1,823,805,824,-1,824,805,807,-1,824,807,809,-1,541,256,539,-1,539,256,534,-1,539,534,566,-1,536,598,538,-1,538,598,571,-1,538,571,563,-1,563,571,573,-1,563,573,575,-1,583,585,809,-1,809,585,587,-1,809,587,824,-1,824,587,589,-1,824,589,591,-1,735,518,733,-1,733,518,788,-1,733,788,730,-1,730,788,789,-1,730,789,791,-1,753,705,751,-1,751,705,707,-1,751,707,709,-1,711,713,751,-1,751,713,715,-1,751,715,717,-1,664,662,666,-1,666,662,635,-1,547,549,256,-1,256,549,551,-1,256,551,813,-1,813,551,553,-1,553,555,813,-1,813,555,557,-1,813,557,811,-1,811,557,559,-1,811,559,809,-1,809,559,561,-1,809,561,563,-1,741,743,518,-1,518,743,745,-1,518,745,747,-1,669,671,760,-1,723,519,721,-1,721,519,518,-1,721,518,719,-1,719,518,747,-1,719,747,717,-1,717,747,749,-1,717,749,751,-1,685,637,639,-1,701,653,699,-1,699,653,655,-1,699,655,657,-1,669,760,667,-1,667,760,728,-1,667,728,694,-1,685,687,637,-1,637,687,689,-1,637,689,635,-1,635,689,691,-1,635,691,666,-1,639,641,685,-1,685,641,643,-1,685,643,757,-1,757,643,645,-1,757,645,647,-1,671,673,760,-1,760,673,675,-1,760,675,677,-1,677,679,760,-1,760,679,681,-1,760,681,757,-1,757,681,683,-1,757,683,685,-1,634,632,698,-1,657,659,699,-1,699,659,634,-1,699,634,696,-1,696,634,698,-1,647,649,757,-1,757,649,651,-1,757,651,755,-1,755,651,653,-1,755,653,753,-1,753,653,701,-1,753,701,703,-1,
        ]
    }
}
Shape{
    appearance Appearance {
        material  Material 	{
            diffuseColor 1.0 1.0 1.0
            specularColor 0.5019607843137255 0.5019607843137255 0.5019607843137255
            ambientIntensity 0.2
            transparency 0
            shininess 0.5
        }
    }
    geometry IndexedFaceSet {
        ccw TRUE
        solid FALSE
        coord DEF co Coordinate {
            point [
                -0.2577 0.2037 0.3898, -0.2577 0.2037 0.3937, -0.259 0.2132 0.3898, -0.259 0.2132 0.3937, -0.2627 0.2221 0.3898, -0.2627 0.2221 0.3937, -0.2685 0.2297 0.3898, -0.2685 0.2297 0.3937, -0.2762 0.2356 0.3898, -0.2762 0.2356 0.3937, -0.285 0.2393 0.3898, -0.285 0.2393 0.3937, -0.2946 0.2405 0.3898, -0.2946 0.2405 0.3937, -0.3041 0.2393 0.3898, -0.3041 0.2393 0.3937, -0.313 0.2356 0.3898, -0.313 0.2356 0.3937, -0.3206 0.2297 0.3898, -0.3206 0.2297 0.3937, -0.3265 0.2221 0.3898, -0.3265 0.2221 0.3937, -0.3301 0.2132 0.3898, -0.3301 0.2132 0.3937, -0.3314 0.2037 0.3898, -0.3314 0.2037 0.3937, -0.3301 0.1941 0.3898, -0.3301 0.1941 0.3937, -0.3265 0.1853 0.3898, -0.3265 0.1853 0.3937, -0.3206 0.1776 0.3898, -0.3206 0.1776 0.3937, -0.313 0.1718 0.3898, -0.313 0.1718 0.3937, -0.3041 0.1681 0.3898, -0.3041 0.1681 0.3937, -0.2946 0.1669 0.3898, -0.2946 0.1669 0.3937, -0.285 0.1681 0.3898, -0.285 0.1681 0.3937, -0.2762 0.1718 0.3898, -0.2762 0.1718 0.3937, -0.2685 0.1776 0.3898, -0.2685 0.1776 0.3937, -0.2627 0.1853 0.3898, -0.2627 0.1853 0.3937, -0.259 0.1941 0.3898, -0.259 0.1941 0.3937, -0.2946 0.2037 0.3898, -0.2509 -0.2957 0.3355, -0.2509 -0.2957 0.3334, -0.2509 -0.2953 0.3355, -0.2509 -0.2953 0.3334, -0.2584 -0.2957 0.3355, -0.2584 -0.2953 0.3355, -0.2584 -0.2957 0.352, -0.2584 -0.2953 0.352, -0.2608 -0.2957 0.352, -0.2608 -0.2953 0.352, -0.2608 -0.2957 0.3334, -0.2608 -0.2953 0.3334, -0.2414 -0.2957 0.333, -0.2414 -0.2953 0.333, -0.2385 -0.2957 0.3333, -0.2397 -0.2953 0.3332, -0.2385 -0.2953 0.3333, -0.2365 -0.2953 0.334, -0.2365 -0.2957 0.334, -0.2362 -0.2953 0.3341, -0.2362 -0.2957 0.3341, -0.2362 -0.2957 0.3364, -0.2362 -0.2953 0.3364, -0.238 -0.2953 0.3356, -0.238 -0.2957 0.3356, -0.2401 -0.2953 0.3352, -0.2401 -0.2957 0.3352, -0.241 -0.2953 0.3352, -0.241 -0.2957 0.3352, -0.2429 -0.2953 0.3354, -0.2429 -0.2957 0.3354, -0.2442 -0.2953 0.3359, -0.2442 -0.2957 0.3359, -0.2454 -0.2953 0.3368, -0.2454 -0.2957 0.3368, -0.2458 -0.2953 0.3372, -0.2458 -0.2957 0.3372, -0.2467 -0.2953 0.3383, -0.2467 -0.2957 0.3383, -0.2473 -0.2953 0.3398, -0.2473 -0.2957 0.3398, -0.2476 -0.2953 0.3416, -0.2476 -0.2957 0.3416, -0.2477 -0.2953 0.3425, -0.2477 -0.2957 0.3425, -0.2473 -0.2953 0.3451, -0.2473 -0.2957 0.3451, -0.2467 -0.2953 0.3467, -0.2467 -0.2957 0.3467, -0.2458 -0.2953 0.348, -0.2458 -0.2957 0.348, -0.2457 -0.2953 0.3481, -0.2457 -0.2957 0.3481, -0.2446 -0.2953 0.3491, -0.2446 -0.2957 0.3491, -0.2431 -0.2953 0.3498, -0.2431 -0.2957 0.3498, -0.2415 -0.2953 0.3501, -0.2415 -0.2957 0.3501, -0.2406 -0.2953 0.3502, -0.2406 -0.2957 0.3502, -0.2383 -0.2953 0.3499, -0.2383 -0.2957 0.3499, -0.2364 -0.2953 0.3492, -0.2364 -0.2957 0.3492, -0.2362 -0.2953 0.3491, -0.2362 -0.2957 0.3491, -0.2362 -0.2957 0.3516, -0.2362 -0.2953 0.3516, -0.2406 -0.2953 0.3524, -0.2406 -0.2957 0.3524, -0.2386 -0.2953 0.3522, -0.2382 -0.2957 0.3522, -0.2382 -0.2953 0.3522, -0.2419 -0.2953 0.3522, -0.2433 -0.2957 0.352, -0.2433 -0.2953 0.352, -0.2453 -0.2953 0.3513, -0.2453 -0.2957 0.3513, -0.247 -0.2953 0.35, -0.247 -0.2957 0.35, -0.2475 -0.2953 0.3496, -0.2475 -0.2957 0.3496, -0.2488 -0.2953 0.3478, -0.2493 -0.2953 0.3466, -0.2497 -0.2957 0.3458, -0.2488 -0.2957 0.3478, -0.2497 -0.2953 0.3458, -0.2502 -0.2953 0.3433, -0.2502 -0.2957 0.3433, -0.2502 -0.2953 0.3423, -0.2502 -0.2957 0.3423, -0.2498 -0.2953 0.3393, -0.2493 -0.2953 0.3381, -0.2491 -0.2957 0.3374, -0.2498 -0.2957 0.3393, -0.2491 -0.2953 0.3374, -0.2479 -0.2953 0.3358, -0.2479 -0.2957 0.3358, -0.2478 -0.2953 0.3356, -0.2478 -0.2957 0.3356, -0.2445 -0.2953 0.3335, -0.2463 -0.2957 0.3343, -0.2463 -0.2953 0.3343, -0.243 -0.2953 0.3332, -0.2425 -0.2957 0.3331, -0.2445 -0.2957 0.3335, -0.2425 -0.2953 0.3331, -0.2224 -0.2957 0.3355, -0.2224 -0.2957 0.3334, -0.2224 -0.2953 0.3355, -0.2224 -0.2953 0.3334, -0.23 -0.2953 0.3355, -0.23 -0.2957 0.3355, -0.225 -0.2953 0.3355, -0.23 -0.2957 0.3418, -0.23 -0.2953 0.3418, -0.2234 -0.2953 0.3418, -0.2234 -0.2957 0.3418, -0.225 -0.2953 0.3418, -0.2234 -0.2957 0.3439, -0.2234 -0.2953 0.3439, -0.23 -0.2953 0.3439, -0.23 -0.2957 0.3439, -0.225 -0.2953 0.3439, -0.23 -0.2957 0.3499, -0.23 -0.2953 0.3499, -0.2228 -0.2953 0.3499, -0.2228 -0.2957 0.3499, -0.225 -0.2953 0.3499, -0.2228 -0.2957 0.352, -0.2228 -0.2953 0.352, -0.2325 -0.2953 0.352, -0.2325 -0.2957 0.352, -0.225 -0.2953 0.352, -0.2325 -0.2957 0.3334, -0.2325 -0.2953 0.3334, -0.225 -0.2953 0.3334, -0.2065 -0.2957 0.336, -0.2084 -0.2957 0.3372, -0.2084 -0.2957 0.3346, -0.2096 -0.2957 0.3364, -0.2106 -0.2957 0.3337, -0.2112 -0.2957 0.3358, -0.2137 -0.2957 0.3334, -0.2138 -0.2957 0.3355, -0.2189 -0.2957 0.3334, -0.2165 -0.2957 0.3355, -0.2189 -0.2957 0.352, -0.2165 -0.2957 0.3499, -0.2135 -0.2957 0.352, -0.2136 -0.2957 0.3499, -0.2134 -0.2957 0.3499, -0.2107 -0.2957 0.3517, -0.211 -0.2957 0.3496, -0.2084 -0.2957 0.3509, -0.2094 -0.2957 0.3489, -0.2065 -0.2957 0.3496, -0.2083 -0.2957 0.3481, -0.2058 -0.2957 0.3489, -0.2077 -0.2957 0.3476, -0.2047 -0.2957 0.3473, -0.207 -0.2957 0.3466, -0.204 -0.2957 0.3455, -0.2065 -0.2957 0.3452, -0.2037 -0.2957 0.3429, -0.2062 -0.2957 0.3429, -0.2037 -0.2957 0.3417, -0.2063 -0.2957 0.3415, -0.2042 -0.2957 0.3396, -0.2067 -0.2957 0.3399, -0.2051 -0.2957 0.3376, -0.2073 -0.2957 0.3385, -0.2082 -0.2957 0.3374, -0.2137 -0.2953 0.3334, -0.2189 -0.2953 0.3334, -0.2065 -0.2953 0.336, -0.2106 -0.2953 0.3337, -0.2103 -0.2953 0.3338, -0.2084 -0.2953 0.3346, -0.2051 -0.2953 0.3376, -0.2042 -0.2953 0.3396, -0.2037 -0.2953 0.3417, -0.2037 -0.2953 0.3429, -0.204 -0.2953 0.3455, -0.2047 -0.2953 0.3473, -0.2058 -0.2953 0.3489, -0.2065 -0.2953 0.3496, -0.2084 -0.2953 0.3509, -0.2103 -0.2953 0.3516, -0.2107 -0.2953 0.3517, -0.2135 -0.2953 0.352, -0.2189 -0.2953 0.352, -0.2136 -0.2953 0.3499, -0.2165 -0.2953 0.3499, -0.2165 -0.2953 0.3355, -0.2138 -0.2953 0.3355, -0.2082 -0.2953 0.3374, -0.2084 -0.2953 0.3372, -0.2096 -0.2953 0.3364, -0.2112 -0.2953 0.3358, -0.2062 -0.2953 0.3429, -0.2063 -0.2953 0.3415, -0.2067 -0.2953 0.3399, -0.2073 -0.2953 0.3385, -0.2083 -0.2953 0.3481, -0.2077 -0.2953 0.3476, -0.207 -0.2953 0.3466, -0.2065 -0.2953 0.3452, -0.2134 -0.2953 0.3499, -0.211 -0.2953 0.3496, -0.2094 -0.2953 0.3489, -0.2094 -0.2953 0.3489
            ]
        }
        coordIndex [
            0,1,2,-1,2,1,3,-1,2,3,4,-1,4,3,5,-1,4,5,6,-1,6,5,7,-1,6,7,8,-1,8,7,9,-1,8,9,10,-1,10,9,11,-1,10,11,12,-1,12,11,13,-1,12,13,14,-1,14,13,15,-1,14,15,16,-1,16,15,17,-1,16,17,18,-1,18,17,19,-1,18,19,20,-1,20,19,21,-1,20,21,22,-1,22,21,23,-1,22,23,24,-1,24,23,25,-1,24,25,26,-1,26,25,27,-1,26,27,28,-1,28,27,29,-1,28,29,30,-1,30,29,31,-1,30,31,32,-1,32,31,33,-1,32,33,34,-1,34,33,35,-1,34,35,36,-1,36,35,37,-1,36,37,38,-1,38,37,39,-1,38,39,40,-1,40,39,41,-1,40,41,42,-1,42,41,43,-1,42,43,44,-1,44,43,45,-1,44,45,46,-1,46,45,47,-1,46,47,0,-1,0,47,1,-1,44,46,48,-1,48,46,0,-1,48,0,2,-1,38,40,48,-1,48,40,42,-1,48,42,44,-1,32,34,48,-1,48,34,36,-1,48,36,38,-1,26,28,48,-1,48,28,30,-1,48,30,32,-1,20,22,48,-1,48,22,24,-1,48,24,26,-1,14,16,48,-1,48,16,18,-1,48,18,20,-1,8,10,48,-1,48,10,12,-1,48,12,14,-1,2,4,48,-1,48,4,6,-1,48,6,8,-1,49,50,51,-1,51,50,52,-1,53,49,54,-1,54,49,51,-1,55,53,56,-1,56,53,54,-1,57,55,58,-1,58,55,56,-1,59,57,60,-1,60,57,58,-1,50,59,52,-1,52,59,60,-1,55,57,53,-1,53,57,59,-1,53,59,49,-1,49,59,50,-1,61,62,63,-1,63,62,64,-1,64,65,63,-1,63,65,66,-1,63,66,67,-1,67,66,68,-1,67,68,69,-1,70,69,71,-1,71,69,68,-1,70,71,72,-1,70,72,73,-1,73,72,74,-1,73,74,75,-1,75,74,76,-1,75,76,77,-1,77,76,78,-1,77,78,79,-1,79,78,80,-1,79,80,81,-1,81,80,82,-1,81,82,83,-1,83,82,84,-1,83,84,85,-1,85,84,86,-1,85,86,87,-1,87,86,88,-1,87,88,89,-1,89,88,90,-1,89,90,91,-1,91,90,92,-1,91,92,93,-1,93,92,94,-1,93,94,95,-1,95,94,96,-1,95,96,97,-1,97,96,98,-1,97,98,99,-1,99,98,100,-1,99,100,101,-1,101,100,102,-1,101,102,103,-1,103,102,104,-1,103,104,105,-1,105,104,106,-1,105,106,107,-1,107,106,108,-1,107,108,109,-1,109,108,110,-1,109,110,111,-1,111,110,112,-1,111,112,113,-1,113,112,114,-1,113,114,115,-1,116,115,117,-1,117,115,114,-1,118,119,120,-1,120,119,121,-1,120,121,122,-1,122,121,116,-1,122,116,117,-1,119,118,123,-1,119,123,124,-1,123,125,124,-1,124,125,126,-1,124,126,127,-1,127,126,128,-1,127,128,129,-1,129,128,130,-1,129,130,131,-1,131,130,132,-1,133,134,132,-1,132,134,135,-1,132,135,131,-1,133,136,134,-1,134,136,137,-1,134,137,138,-1,138,137,139,-1,138,139,140,-1,140,139,141,-1,142,143,141,-1,141,143,144,-1,141,144,140,-1,142,145,143,-1,143,145,146,-1,143,146,147,-1,147,146,148,-1,147,148,149,-1,150,151,152,-1,152,151,149,-1,152,149,148,-1,153,154,150,-1,150,154,155,-1,150,155,151,-1,153,156,154,-1,154,156,62,-1,154,62,61,-1,103,105,124,-1,95,97,135,-1,135,97,131,-1,124,105,119,-1,105,107,119,-1,119,107,109,-1,119,109,121,-1,121,109,111,-1,121,111,116,-1,116,111,113,-1,116,113,115,-1,69,70,67,-1,67,70,73,-1,67,73,63,-1,63,73,75,-1,63,75,61,-1,61,75,77,-1,61,77,154,-1,154,77,79,-1,154,79,155,-1,155,79,81,-1,155,81,151,-1,151,81,83,-1,151,83,149,-1,149,83,85,-1,149,85,147,-1,147,85,87,-1,147,87,143,-1,140,93,138,-1,138,93,95,-1,138,95,134,-1,134,95,135,-1,97,99,131,-1,131,99,101,-1,131,101,129,-1,129,101,103,-1,129,103,127,-1,127,103,124,-1,143,87,144,-1,144,87,89,-1,144,89,140,-1,140,89,91,-1,140,91,93,-1,157,158,159,-1,159,158,160,-1,161,162,163,-1,163,162,157,-1,163,157,159,-1,164,162,165,-1,165,162,161,-1,166,167,168,-1,168,167,164,-1,168,164,165,-1,169,167,170,-1,170,167,166,-1,171,172,173,-1,173,172,169,-1,173,169,170,-1,174,172,175,-1,175,172,171,-1,176,177,178,-1,178,177,174,-1,178,174,175,-1,179,177,180,-1,180,177,176,-1,181,182,183,-1,183,182,179,-1,183,179,180,-1,184,182,185,-1,185,182,181,-1,160,158,186,-1,186,158,184,-1,186,184,185,-1,184,158,157,-1,157,162,184,-1,184,162,164,-1,184,164,182,-1,177,179,174,-1,174,179,182,-1,174,182,172,-1,172,182,164,-1,172,164,169,-1,169,164,167,-1,187,188,189,-1,189,188,190,-1,189,190,191,-1,191,190,192,-1,191,192,193,-1,193,192,194,-1,193,194,195,-1,195,194,196,-1,195,196,197,-1,197,196,198,-1,197,198,199,-1,198,200,199,-1,199,200,201,-1,199,201,202,-1,202,201,203,-1,202,203,204,-1,204,203,205,-1,204,205,206,-1,206,205,207,-1,206,207,208,-1,208,207,209,-1,208,209,210,-1,210,209,211,-1,210,211,212,-1,212,211,213,-1,212,213,214,-1,214,213,215,-1,214,215,216,-1,216,215,217,-1,216,217,218,-1,218,217,219,-1,218,219,220,-1,220,219,221,-1,220,221,187,-1,187,221,222,-1,187,222,188,-1,193,195,223,-1,223,195,224,-1,225,187,189,-1,193,223,226,-1,193,226,191,-1,191,226,227,-1,191,227,189,-1,189,227,228,-1,189,228,225,-1,187,225,229,-1,187,229,220,-1,220,229,230,-1,220,230,218,-1,218,230,231,-1,218,231,216,-1,216,231,232,-1,216,232,214,-1,214,232,233,-1,214,233,212,-1,212,233,234,-1,212,234,210,-1,210,234,235,-1,210,235,208,-1,208,235,236,-1,208,236,206,-1,206,236,237,-1,238,202,237,-1,237,202,204,-1,237,204,206,-1,238,239,202,-1,202,239,240,-1,202,240,199,-1,197,199,241,-1,241,199,240,-1,195,197,224,-1,224,197,241,-1,200,198,242,-1,242,198,243,-1,198,196,243,-1,243,196,244,-1,196,194,244,-1,244,194,245,-1,222,246,247,-1,222,247,188,-1,188,247,248,-1,188,248,190,-1,190,248,249,-1,190,249,192,-1,192,249,245,-1,192,245,194,-1,215,250,251,-1,215,251,217,-1,217,251,252,-1,217,252,219,-1,219,252,253,-1,219,253,221,-1,221,253,246,-1,221,246,222,-1,207,254,255,-1,207,255,209,-1,209,255,256,-1,209,256,211,-1,211,256,257,-1,211,257,213,-1,213,257,250,-1,213,250,215,-1,200,242,258,-1,200,258,201,-1,201,258,259,-1,201,259,203,-1,203,259,260,-1,203,260,205,-1,205,260,254,-1,205,254,207,-1,
        ]
    }
}
Shape{
    appearance Appearance {
        material  Material 	{
            diffuseColor 0.25098039215686274 0.25098039215686274 0.25098039215686274
            specularColor 0.2196078431372549 0.2196078431372549 0.2196078431372549
            ambientIntensity 0.2
            transparency 0
            shininess 0.5
        }
    }
    geometry IndexedFaceSet {
        ccw TRUE
        solid FALSE
        coord DEF co Coordinate {
            point [
                -0.2165 -0.2953 0.3499, -0.2165 -0.2953 0.3355, -0.2136 -0.2953 0.3499, -0.2138 -0.2953 0.3355, -0.2134 -0.2953 0.3499, -0.2112 -0.2953 0.3358, -0.2096 -0.2953 0.3364, -0.2084 -0.2953 0.3372, -0.2082 -0.2953 0.3374, -0.2073 -0.2953 0.3385, -0.2062 -0.2953 0.3429, -0.2083 -0.2953 0.3481, -0.2063 -0.2953 0.3415, -0.2094 -0.2953 0.3489, -0.2067 -0.2953 0.3399, -0.211 -0.2953 0.3496, -0.2065 -0.2953 0.3452, -0.207 -0.2953 0.3466, -0.2077 -0.2953 0.3476, -0.2077 -0.2953 0.3476
            ]
        }
        coordIndex [
            0,1,2,-1,2,1,3,-1,2,3,4,-1,4,3,5,-1,4,5,6,-1,6,7,4,-1,4,7,8,-1,4,8,9,-1,10,11,12,-1,12,11,13,-1,9,14,4,-1,4,14,12,-1,4,12,15,-1,15,12,13,-1,16,17,10,-1,10,17,18,-1,10,18,11,-1,
        ]
    }
}
Shape{
    appearance Appearance {
        material  Material 	{
            diffuseColor 1.0 1.0 1.0
            specularColor 0.5019607843137255 0.5019607843137255 0.5019607843137255
            ambientIntensity 0.2
            transparency 0
            shininess 0.5
        }
    }
    geometry IndexedFaceSet {
        ccw TRUE
        solid FALSE
        coord DEF co Coordinate {
            point [
                -0.1974 -0.2957 0.3406, -0.1982 -0.2957 0.3385, -0.1911 -0.2957 0.3406, -0.1904 -0.2957 0.3385, -0.1946 -0.2957 0.3483, -0.1955 -0.2957 0.352, -0.2026 -0.2957 0.3334, -0.2 -0.2957 0.3334, -0.1945 -0.2957 0.3489, -0.1943 -0.2957 0.3497, -0.1929 -0.2957 0.352, -0.1943 -0.2957 0.3497, -0.1941 -0.2957 0.3489, -0.194 -0.2957 0.3483, -0.1858 -0.2957 0.3334, -0.1885 -0.2957 0.3334, -0.1929 -0.2953 0.352, -0.1858 -0.2953 0.3334, -0.1955 -0.2953 0.352, -0.2026 -0.2953 0.3334, -0.1972 -0.2953 0.3475, -0.2 -0.2953 0.3334, -0.1982 -0.2953 0.3385, -0.1904 -0.2953 0.3385, -0.1972 -0.2953 0.3385, -0.1885 -0.2953 0.3334, -0.1974 -0.2953 0.3406, -0.1911 -0.2953 0.3406, -0.194 -0.2953 0.3483, -0.1943 -0.2953 0.3497, -0.1941 -0.2953 0.3489, -0.1943 -0.2953 0.3497, -0.1946 -0.2953 0.3483, -0.1945 -0.2953 0.3489, -0.1945 -0.2953 0.3489
            ]
        }
        coordIndex [
            0,1,2,-1,2,1,3,-1,4,5,0,-1,0,5,6,-1,0,6,1,-1,1,6,7,-1,4,8,5,-1,5,8,9,-1,5,9,10,-1,10,9,11,-1,10,11,12,-1,12,13,10,-1,10,13,2,-1,10,2,14,-1,14,2,3,-1,14,3,15,-1,10,14,16,-1,16,14,17,-1,5,10,18,-1,18,10,16,-1,19,6,20,-1,20,6,5,-1,20,5,18,-1,7,6,21,-1,21,6,19,-1,1,7,22,-1,22,7,21,-1,23,3,24,-1,24,3,1,-1,24,1,22,-1,15,3,25,-1,25,3,23,-1,14,15,17,-1,17,15,25,-1,0,2,26,-1,26,2,27,-1,2,13,27,-1,27,13,28,-1,11,29,30,-1,11,30,12,-1,12,30,28,-1,12,28,13,-1,11,9,29,-1,29,9,31,-1,4,32,33,-1,4,33,8,-1,8,33,31,-1,8,31,9,-1,4,0,32,-1,32,0,26,-1,
        ]
    }
}
Shape{
    appearance Appearance {
        material  Material 	{
            diffuseColor 0.25098039215686274 0.25098039215686274 0.25098039215686274
            specularColor 0.2196078431372549 0.2196078431372549 0.2196078431372549
            ambientIntensity 0.2
            transparency 0
            shininess 0.5
        }
    }
    geometry IndexedFaceSet {
        ccw TRUE
        solid FALSE
        coord DEF co Coordinate {
            point [
                -0.1943 -0.2953 0.3497, -0.1943 -0.2953 0.3497, -0.1941 -0.2953 0.3489, -0.1945 -0.2953 0.3489, -0.194 -0.2953 0.3483, -0.1946 -0.2953 0.3483, -0.1911 -0.2953 0.3406, -0.1974 -0.2953 0.3406, -0.1974 -0.2953 0.3406
            ]
        }
        coordIndex [
            0,1,2,-1,2,1,3,-1,2,3,4,-1,4,3,5,-1,4,5,6,-1,6,5,7,-1,
        ]
    }
}
Shape{
    appearance Appearance {
        material  Material 	{
            diffuseColor 1.0 1.0 1.0
            specularColor 0.5019607843137255 0.5019607843137255 0.5019607843137255
            ambientIntensity 0.2
            transparency 0
            shininess 0.5
        }
    }
    geometry IndexedFaceSet {
        ccw TRUE
        solid FALSE
        coord DEF co Coordinate {
            point [
                -0.2508 -0.2957 0.3058, -0.2508 -0.2957 0.3037, -0.2508 -0.2953 0.3058, -0.2508 -0.2953 0.3037, -0.2584 -0.2957 0.3058, -0.2584 -0.2953 0.3058, -0.2584 -0.2957 0.3121, -0.2584 -0.2953 0.3121, -0.2517 -0.2957 0.3121, -0.2517 -0.2953 0.3121, -0.2517 -0.2957 0.3143, -0.2517 -0.2953 0.3143, -0.2584 -0.2957 0.3143, -0.2584 -0.2953 0.3143, -0.2584 -0.2957 0.3203, -0.2584 -0.2953 0.3203, -0.2512 -0.2957 0.3203, -0.2512 -0.2953 0.3203, -0.2512 -0.2957 0.3224, -0.2512 -0.2953 0.3224, -0.2608 -0.2957 0.3224, -0.2608 -0.2953 0.3224, -0.2608 -0.2957 0.3037, -0.2608 -0.2953 0.3037, -0.2453 -0.2957 0.3094, -0.2448 -0.2957 0.3096, -0.246 -0.2957 0.3112, -0.2402 -0.2957 0.3058, -0.2401 -0.2957 0.3058, -0.2403 -0.2957 0.3079, -0.2441 -0.2957 0.3116, -0.2433 -0.2957 0.31, -0.2401 -0.2957 0.3122, -0.2401 -0.2957 0.309, -0.2378 -0.2957 0.3123, -0.2401 -0.2957 0.3091, -0.2401 -0.2957 0.3104, -0.2401 -0.2957 0.3037, -0.2378 -0.2957 0.3037, -0.241 -0.2957 0.3172, -0.2415 -0.2957 0.3152, -0.2401 -0.2957 0.3169, -0.2411 -0.2957 0.3149, -0.2402 -0.2957 0.3132, -0.238 -0.2957 0.3143, -0.2405 -0.2957 0.3141, -0.2384 -0.2957 0.3153, -0.2407 -0.2957 0.3146, -0.2389 -0.2957 0.316, -0.2393 -0.2957 0.3164, -0.2472 -0.2957 0.3161, -0.2472 -0.2957 0.3139, -0.2467 -0.2957 0.3164, -0.2456 -0.2957 0.3149, -0.245 -0.2957 0.3171, -0.2441 -0.2957 0.3153, -0.2426 -0.2957 0.3174, -0.2428 -0.2957 0.3155, -0.242 -0.2957 0.3154, -0.2406 -0.2957 0.3071, -0.2411 -0.2957 0.3064, -0.2407 -0.2957 0.305, -0.2414 -0.2957 0.3061, -0.2415 -0.2957 0.3043, -0.2421 -0.2957 0.3057, -0.2421 -0.2957 0.3039, -0.2428 -0.2957 0.3054, -0.243 -0.2957 0.3036, -0.2437 -0.2957 0.3053, -0.2443 -0.2957 0.3034, -0.2445 -0.2957 0.3054, -0.2457 -0.2957 0.3036, -0.245 -0.2957 0.3056, -0.2466 -0.2957 0.3039, -0.2455 -0.2957 0.3059, -0.2474 -0.2957 0.3045, -0.2457 -0.2957 0.3061, -0.2455 -0.2957 0.3092, -0.247 -0.2957 0.3106, -0.2458 -0.2957 0.3088, -0.2476 -0.2957 0.31, -0.246 -0.2957 0.3084, -0.2481 -0.2957 0.3092, -0.2461 -0.2957 0.3079, -0.2484 -0.2957 0.3084, -0.2461 -0.2957 0.3075, -0.2485 -0.2957 0.3073, -0.2461 -0.2957 0.3069, -0.2484 -0.2957 0.3062, -0.2459 -0.2957 0.3065, -0.2481 -0.2957 0.3054, -0.2476 -0.2957 0.3047, -0.2426 -0.2953 0.3174, -0.245 -0.2953 0.3171, -0.2467 -0.2953 0.3164, -0.2472 -0.2953 0.3161, -0.2472 -0.2953 0.3139, -0.2456 -0.2953 0.3149, -0.2441 -0.2953 0.3153, -0.2428 -0.2953 0.3155, -0.242 -0.2953 0.3154, -0.2415 -0.2953 0.3152, -0.2411 -0.2953 0.3149, -0.2407 -0.2953 0.3146, -0.2405 -0.2953 0.3141, -0.2402 -0.2953 0.3132, -0.2401 -0.2953 0.3122, -0.2441 -0.2953 0.3116, -0.246 -0.2953 0.3112, -0.247 -0.2953 0.3106, -0.2476 -0.2953 0.31, -0.2481 -0.2953 0.3092, -0.2484 -0.2953 0.3084, -0.2485 -0.2953 0.3073, -0.2484 -0.2953 0.3062, -0.2481 -0.2953 0.3054, -0.2476 -0.2953 0.3047, -0.2474 -0.2953 0.3045, -0.2443 -0.2953 0.3034, -0.2456 -0.2953 0.3036, -0.2457 -0.2953 0.3036, -0.2466 -0.2953 0.3039, -0.243 -0.2953 0.3036, -0.2421 -0.2953 0.3039, -0.2415 -0.2953 0.3043, -0.2407 -0.2953 0.305, -0.2402 -0.2953 0.3058, -0.2401 -0.2953 0.3058, -0.2401 -0.2953 0.3037, -0.2378 -0.2953 0.3037, -0.2378 -0.2953 0.3123, -0.238 -0.2953 0.3143, -0.2384 -0.2953 0.3153, -0.2389 -0.2953 0.316, -0.2393 -0.2953 0.3164, -0.2401 -0.2953 0.3169, -0.241 -0.2953 0.3172, -0.2455 -0.2953 0.3092, -0.2453 -0.2953 0.3094, -0.2448 -0.2953 0.3096, -0.2433 -0.2953 0.31, -0.2461 -0.2953 0.3075, -0.2461 -0.2953 0.3079, -0.246 -0.2953 0.3084, -0.2458 -0.2953 0.3088, -0.2455 -0.2953 0.3059, -0.2457 -0.2953 0.3061, -0.2459 -0.2953 0.3065, -0.2461 -0.2953 0.3069, -0.2437 -0.2953 0.3053, -0.2445 -0.2953 0.3054, -0.245 -0.2953 0.3056, -0.2411 -0.2953 0.3064, -0.2414 -0.2953 0.3061, -0.2421 -0.2953 0.3057, -0.2428 -0.2953 0.3054, -0.2401 -0.2953 0.3091, -0.2401 -0.2953 0.309, -0.2403 -0.2953 0.3079, -0.2406 -0.2953 0.3071, -0.2401 -0.2953 0.3104, -0.2401 -0.2953 0.3104
            ]
        }
        coordIndex [
            0,1,2,-1,2,1,3,-1,4,0,5,-1,5,0,2,-1,6,4,7,-1,7,4,5,-1,8,6,9,-1,9,6,7,-1,10,8,11,-1,11,8,9,-1,12,10,13,-1,13,10,11,-1,14,12,15,-1,15,12,13,-1,16,14,17,-1,17,14,15,-1,18,16,19,-1,19,16,17,-1,20,18,21,-1,21,18,19,-1,22,20,23,-1,23,20,21,-1,1,22,3,-1,3,22,23,-1,22,1,0,-1,0,4,22,-1,22,4,6,-1,22,6,20,-1,16,18,14,-1,14,18,20,-1,14,20,12,-1,12,20,6,-1,12,6,10,-1,10,6,8,-1,24,25,26,-1,27,28,29,-1,26,25,30,-1,30,25,31,-1,30,31,32,-1,33,34,35,-1,35,34,36,-1,37,38,28,-1,28,38,34,-1,28,34,29,-1,29,34,33,-1,39,40,41,-1,41,40,42,-1,31,36,32,-1,32,36,34,-1,32,34,43,-1,43,34,44,-1,43,44,45,-1,45,44,46,-1,45,46,47,-1,47,46,48,-1,47,48,42,-1,42,48,49,-1,42,49,41,-1,50,51,52,-1,52,51,53,-1,52,53,54,-1,54,53,55,-1,54,55,56,-1,56,55,57,-1,56,57,39,-1,39,57,58,-1,39,58,40,-1,29,59,27,-1,27,59,60,-1,27,60,61,-1,61,60,62,-1,61,62,63,-1,63,62,64,-1,63,64,65,-1,65,64,66,-1,65,66,67,-1,67,66,68,-1,67,68,69,-1,69,68,70,-1,69,70,71,-1,71,70,72,-1,71,72,73,-1,73,72,74,-1,73,74,75,-1,75,74,76,-1,24,26,77,-1,77,26,78,-1,77,78,79,-1,79,78,80,-1,79,80,81,-1,81,80,82,-1,81,82,83,-1,83,82,84,-1,83,84,85,-1,85,84,86,-1,85,86,87,-1,87,86,88,-1,87,88,89,-1,89,88,90,-1,89,90,76,-1,76,90,91,-1,76,91,75,-1,56,92,93,-1,56,93,54,-1,54,93,94,-1,54,94,52,-1,52,94,95,-1,52,95,50,-1,51,50,96,-1,96,50,95,-1,51,96,97,-1,51,97,53,-1,53,97,98,-1,53,98,55,-1,55,98,99,-1,55,99,57,-1,57,99,100,-1,57,100,58,-1,58,100,101,-1,58,101,40,-1,40,101,102,-1,40,102,42,-1,42,102,103,-1,42,103,47,-1,47,103,104,-1,47,104,45,-1,45,104,105,-1,45,105,43,-1,43,105,106,-1,43,106,32,-1,30,32,107,-1,107,32,106,-1,30,107,108,-1,30,108,26,-1,26,108,109,-1,26,109,78,-1,78,109,110,-1,78,110,80,-1,80,110,111,-1,80,111,82,-1,82,111,112,-1,82,112,84,-1,84,112,113,-1,84,113,86,-1,86,113,114,-1,86,114,88,-1,88,114,115,-1,88,115,90,-1,90,115,116,-1,90,116,91,-1,91,116,117,-1,91,117,75,-1,118,69,119,-1,119,69,71,-1,119,71,120,-1,120,71,73,-1,120,73,121,-1,121,73,75,-1,121,75,117,-1,69,118,122,-1,69,122,67,-1,67,122,123,-1,67,123,65,-1,65,123,124,-1,65,124,63,-1,63,124,125,-1,63,125,61,-1,61,125,126,-1,61,126,27,-1,28,27,127,-1,127,27,126,-1,37,28,128,-1,128,28,127,-1,38,37,129,-1,129,37,128,-1,34,38,130,-1,130,38,129,-1,34,130,131,-1,34,131,44,-1,44,131,132,-1,44,132,46,-1,46,132,133,-1,46,133,48,-1,48,133,134,-1,48,134,49,-1,49,134,135,-1,49,135,41,-1,41,135,136,-1,41,136,39,-1,39,136,92,-1,39,92,56,-1,77,137,138,-1,77,138,24,-1,24,138,139,-1,24,139,25,-1,25,139,140,-1,25,140,31,-1,85,141,142,-1,85,142,83,-1,83,142,143,-1,83,143,81,-1,81,143,144,-1,81,144,79,-1,79,144,137,-1,79,137,77,-1,74,145,146,-1,74,146,76,-1,76,146,147,-1,76,147,89,-1,89,147,148,-1,89,148,87,-1,87,148,141,-1,87,141,85,-1,68,149,150,-1,68,150,70,-1,70,150,151,-1,70,151,72,-1,72,151,145,-1,72,145,74,-1,60,152,153,-1,60,153,62,-1,62,153,154,-1,62,154,64,-1,64,154,155,-1,64,155,66,-1,66,155,149,-1,66,149,68,-1,35,156,157,-1,35,157,33,-1,33,157,158,-1,33,158,29,-1,29,158,159,-1,29,159,59,-1,59,159,152,-1,59,152,60,-1,35,36,156,-1,156,36,160,-1,36,31,160,-1,160,31,140,-1,
        ]
    }
}
Shape{
    appearance Appearance {
        material  Material 	{
            diffuseColor 0.25098039215686274 0.25098039215686274 0.25098039215686274
            specularColor 0.2196078431372549 0.2196078431372549 0.2196078431372549
            ambientIntensity 0.2
            transparency 0
            shininess 0.5
        }
    }
    geometry IndexedFaceSet {
        ccw TRUE
        solid FALSE
        coord DEF co Coordinate {
            point [
                -0.2401 -0.2953 0.309, -0.2401 -0.2953 0.3091, -0.2455 -0.2953 0.3092, -0.2401 -0.2953 0.3104, -0.2433 -0.2953 0.31, -0.2448 -0.2953 0.3096, -0.2453 -0.2953 0.3094, -0.2403 -0.2953 0.3079, -0.2458 -0.2953 0.3088, -0.2406 -0.2953 0.3071, -0.2457 -0.2953 0.3061, -0.2455 -0.2953 0.3059, -0.2414 -0.2953 0.3061, -0.2459 -0.2953 0.3065, -0.2421 -0.2953 0.3057, -0.2428 -0.2953 0.3054, -0.2437 -0.2953 0.3053, -0.246 -0.2953 0.3084, -0.2461 -0.2953 0.3079, -0.2411 -0.2953 0.3064, -0.2461 -0.2953 0.3075, -0.2461 -0.2953 0.3069, -0.245 -0.2953 0.3056, -0.2445 -0.2953 0.3054, -0.2445 -0.2953 0.3054
            ]
        }
        coordIndex [
            0,1,2,-1,1,3,4,-1,4,5,1,-1,1,5,6,-1,1,6,2,-1,0,2,7,-1,7,2,8,-1,7,8,9,-1,10,11,12,-1,10,12,13,-1,14,12,15,-1,15,12,16,-1,8,17,9,-1,9,17,18,-1,9,18,19,-1,19,18,20,-1,19,20,12,-1,12,20,21,-1,12,21,13,-1,11,22,12,-1,12,22,23,-1,12,23,16,-1,
        ]
    }
}
Shape{
    appearance Appearance {
        material  Material 	{
            diffuseColor 1.0 1.0 1.0
            specularColor 0.5019607843137255 0.5019607843137255 0.5019607843137255
            ambientIntensity 0.2
            transparency 0
            shininess 0.5
        }
    }
    geometry IndexedFaceSet {
        ccw TRUE
        solid FALSE
        coord DEF co Coordinate {
            point [
                -0.2346 -0.2953 0.3066, -0.2346 -0.2957 0.3066, -0.2336 -0.2957 0.306, -0.2308 -0.2957 0.3053, -0.2308 -0.2953 0.3053, -0.2322 -0.2953 0.3055, -0.2322 -0.2957 0.3055, -0.2335 -0.2953 0.306, -0.2336 -0.2953 0.306, -0.2346 -0.2957 0.3042, -0.2346 -0.2953 0.3042, -0.2332 -0.2957 0.3037, -0.2335 -0.2953 0.3038, -0.231 -0.2953 0.3034, -0.231 -0.2957 0.3034, -0.2323 -0.2953 0.3036, -0.2332 -0.2953 0.3037, -0.2289 -0.2957 0.3037, -0.2297 -0.2953 0.3036, -0.2289 -0.2953 0.3037, -0.2277 -0.2953 0.3041, -0.2277 -0.2957 0.3041, -0.2271 -0.2953 0.3045, -0.2271 -0.2957 0.3045, -0.2264 -0.2953 0.3051, -0.2264 -0.2957 0.3051, -0.226 -0.2953 0.3057, -0.226 -0.2957 0.3057, -0.2257 -0.2953 0.3064, -0.2257 -0.2957 0.3064, -0.2256 -0.2953 0.3073, -0.2256 -0.2957 0.3073, -0.2257 -0.2953 0.3082, -0.2257 -0.2957 0.3082, -0.226 -0.2953 0.3089, -0.226 -0.2957 0.3089, -0.2264 -0.2953 0.3096, -0.2264 -0.2957 0.3096, -0.2269 -0.2953 0.3101, -0.2269 -0.2957 0.3101, -0.2285 -0.2953 0.3109, -0.2285 -0.2957 0.3109, -0.2294 -0.2953 0.3113, -0.2294 -0.2957 0.3113, -0.2309 -0.2953 0.3119, -0.2309 -0.2957 0.3119, -0.2317 -0.2953 0.3124, -0.2317 -0.2957 0.3124, -0.2319 -0.2953 0.3127, -0.2319 -0.2957 0.3127, -0.2321 -0.2953 0.313, -0.2321 -0.2957 0.313, -0.2322 -0.2953 0.3134, -0.2322 -0.2957 0.3134, -0.2322 -0.2953 0.3137, -0.2322 -0.2957 0.3137, -0.2322 -0.2953 0.314, -0.2322 -0.2957 0.314, -0.232 -0.2953 0.3144, -0.232 -0.2957 0.3144, -0.2318 -0.2953 0.3147, -0.2318 -0.2957 0.3147, -0.2315 -0.2953 0.315, -0.2315 -0.2957 0.315, -0.231 -0.2953 0.3153, -0.231 -0.2957 0.3153, -0.2303 -0.2953 0.3154, -0.2303 -0.2957 0.3154, -0.2296 -0.2953 0.3155, -0.2296 -0.2957 0.3155, -0.2282 -0.2953 0.3153, -0.2282 -0.2957 0.3153, -0.2269 -0.2953 0.3148, -0.2269 -0.2957 0.3148, -0.2262 -0.2953 0.3145, -0.2262 -0.2957 0.3145, -0.2262 -0.2957 0.3168, -0.2262 -0.2953 0.3168, -0.2278 -0.2953 0.3172, -0.2278 -0.2957 0.3172, -0.2294 -0.2953 0.3174, -0.2294 -0.2957 0.3174, -0.231 -0.2953 0.3172, -0.231 -0.2957 0.3172, -0.2323 -0.2953 0.3168, -0.2323 -0.2957 0.3168, -0.2331 -0.2953 0.3163, -0.2331 -0.2957 0.3163, -0.2338 -0.2957 0.3157, -0.2335 -0.2953 0.3159, -0.2338 -0.2953 0.3157, -0.2342 -0.2953 0.3151, -0.2342 -0.2957 0.3151, -0.2345 -0.2953 0.3143, -0.2345 -0.2957 0.3143, -0.2346 -0.2953 0.3135, -0.2346 -0.2957 0.3135, -0.2345 -0.2953 0.3126, -0.2345 -0.2957 0.3126, -0.2342 -0.2953 0.3118, -0.2342 -0.2957 0.3118, -0.2339 -0.2953 0.3114, -0.2339 -0.2957 0.3114, -0.2311 -0.2953 0.3096, -0.2311 -0.2957 0.3096, -0.2325 -0.2957 0.3102, -0.2336 -0.2953 0.311, -0.2336 -0.2957 0.311, -0.2335 -0.2953 0.3109, -0.2325 -0.2953 0.3102, -0.2295 -0.2953 0.3089, -0.2295 -0.2957 0.3089, -0.2286 -0.2953 0.3084, -0.2286 -0.2957 0.3084, -0.2283 -0.2953 0.3081, -0.2283 -0.2957 0.3081, -0.2281 -0.2953 0.3078, -0.2281 -0.2957 0.3078, -0.228 -0.2953 0.3074, -0.228 -0.2957 0.3074, -0.228 -0.2953 0.3071, -0.228 -0.2957 0.3071, -0.2281 -0.2953 0.3067, -0.2281 -0.2957 0.3067, -0.2282 -0.2953 0.3063, -0.2282 -0.2957 0.3063, -0.2284 -0.2953 0.306, -0.2284 -0.2957 0.306, -0.2287 -0.2953 0.3058, -0.2287 -0.2957 0.3058, -0.2289 -0.2953 0.3057, -0.2289 -0.2957 0.3057, -0.2295 -0.2953 0.3055, -0.2295 -0.2957 0.3055, -0.2307 -0.2953 0.3053, -0.2307 -0.2957 0.3053, -0.214 -0.2957 0.3171, -0.2116 -0.2957 0.3171, -0.214 -0.2953 0.3171, -0.2116 -0.2953 0.3171, -0.2177 -0.2957 0.307, -0.2177 -0.2953 0.307, -0.2178 -0.2953 0.3064, -0.2178 -0.2957 0.3064, -0.2179 -0.2953 0.3059, -0.2179 -0.2957 0.3059, -0.218 -0.2957 0.3059, -0.218 -0.2953 0.3059, -0.2183 -0.2957 0.307, -0.2183 -0.2953 0.307, -0.2218 -0.2953 0.3171, -0.2218 -0.2957 0.3171, -0.2206 -0.2953 0.3138, -0.2244 -0.2957 0.3171, -0.2244 -0.2953 0.3171, -0.2192 -0.2953 0.3037, -0.2192 -0.2957 0.3037, -0.2206 -0.2953 0.3075, -0.2202 -0.2953 0.3013, -0.2202 -0.2957 0.3013, -0.2192 -0.2953 0.3036, -0.2206 -0.2953 0.3005, -0.2207 -0.2957 0.3005, -0.2207 -0.2953 0.3005, -0.2211 -0.2953 0.3, -0.2211 -0.2957 0.3, -0.2215 -0.2953 0.2997, -0.2215 -0.2957 0.2997, -0.222 -0.2953 0.2995, -0.222 -0.2957 0.2995, -0.2226 -0.2953 0.2994, -0.2226 -0.2957 0.2994, -0.2234 -0.2953 0.2996, -0.2234 -0.2957 0.2996, -0.2239 -0.2953 0.2997, -0.2239 -0.2957 0.2997, -0.2239 -0.2957 0.2976, -0.2239 -0.2953 0.2976, -0.2229 -0.2953 0.2975, -0.2229 -0.2957 0.2975, -0.2224 -0.2953 0.2974, -0.2224 -0.2957 0.2974, -0.2215 -0.2953 0.2975, -0.2215 -0.2957 0.2975, -0.2206 -0.2953 0.2979, -0.2205 -0.2957 0.2979, -0.2205 -0.2953 0.2979, -0.2197 -0.2953 0.2985, -0.2197 -0.2957 0.2985, -0.2196 -0.2953 0.2986, -0.2196 -0.2957 0.2986, -0.2187 -0.2953 0.2996, -0.2187 -0.2957 0.2996, -0.2176 -0.2953 0.3017, -0.2176 -0.2957 0.3017, -0.2169 -0.2953 0.3036, -0.199 -0.2957 0.3058, -0.199 -0.2957 0.3037, -0.199 -0.2953 0.3058, -0.199 -0.2953 0.3037, -0.2066 -0.2953 0.3058, -0.2066 -0.2957 0.3058, -0.2032 -0.2953 0.3058, -0.2066 -0.2957 0.3121, -0.2066 -0.2953 0.3121, -0.2 -0.2953 0.3121, -0.2 -0.2957 0.3121, -0.2032 -0.2953 0.3121, -0.2 -0.2957 0.3143, -0.2 -0.2953 0.3143, -0.2066 -0.2953 0.3143, -0.2066 -0.2957 0.3143, -0.2032 -0.2953 0.3143, -0.2066 -0.2957 0.3203, -0.2066 -0.2953 0.3203, -0.1994 -0.2953 0.3203, -0.1994 -0.2957 0.3203, -0.2032 -0.2953 0.3203, -0.1994 -0.2957 0.3224, -0.1994 -0.2953 0.3224, -0.2091 -0.2953 0.3224, -0.2091 -0.2957 0.3224, -0.2032 -0.2953 0.3224, -0.2091 -0.2957 0.3037, -0.2091 -0.2953 0.3037, -0.2032 -0.2953 0.3037, -0.1831 -0.2957 0.3063, -0.185 -0.2957 0.3076, -0.185 -0.2957 0.3049, -0.1862 -0.2957 0.3068, -0.1872 -0.2957 0.3041, -0.1878 -0.2957 0.3062, -0.1903 -0.2957 0.3037, -0.1904 -0.2957 0.3058, -0.1955 -0.2957 0.3037, -0.1931 -0.2957 0.3058, -0.1955 -0.2957 0.3224, -0.1931 -0.2957 0.3203, -0.1902 -0.2957 0.3224, -0.1902 -0.2957 0.3203, -0.19 -0.2957 0.3203, -0.1873 -0.2957 0.3221, -0.1876 -0.2957 0.3199, -0.185 -0.2957 0.3213, -0.186 -0.2957 0.3193, -0.1831 -0.2957 0.3199, -0.1849 -0.2957 0.3185, -0.1824 -0.2957 0.3193, -0.1843 -0.2957 0.318, -0.1813 -0.2957 0.3177, -0.1836 -0.2957 0.3169, -0.1806 -0.2957 0.3159, -0.1831 -0.2957 0.3156, -0.1803 -0.2957 0.3133, -0.1828 -0.2957 0.3132, -0.1803 -0.2957 0.3121, -0.1829 -0.2957 0.3119, -0.1808 -0.2957 0.3099, -0.1833 -0.2957 0.3102, -0.1817 -0.2957 0.308, -0.1839 -0.2957 0.3089, -0.1848 -0.2957 0.3078, -0.1903 -0.2953 0.3037, -0.1955 -0.2953 0.3037, -0.1872 -0.2953 0.3041, -0.185 -0.2953 0.3049, -0.1831 -0.2953 0.3063, -0.1817 -0.2953 0.308, -0.1808 -0.2953 0.3099, -0.1803 -0.2953 0.3121, -0.1803 -0.2953 0.3133, -0.1806 -0.2953 0.3159, -0.1813 -0.2953 0.3177, -0.1824 -0.2953 0.3193, -0.1831 -0.2953 0.3199, -0.185 -0.2953 0.3213, -0.1873 -0.2953 0.3221, -0.1902 -0.2953 0.3224, -0.1955 -0.2953 0.3224, -0.1902 -0.2953 0.3203, -0.1931 -0.2953 0.3203, -0.1931 -0.2953 0.3058, -0.1904 -0.2953 0.3058, -0.1848 -0.2953 0.3078, -0.185 -0.2953 0.3076, -0.1862 -0.2953 0.3068, -0.1878 -0.2953 0.3062, -0.1828 -0.2953 0.3132, -0.1829 -0.2953 0.3119, -0.1833 -0.2953 0.3102, -0.1839 -0.2953 0.3089, -0.1849 -0.2953 0.3185, -0.1843 -0.2953 0.318, -0.1836 -0.2953 0.3169, -0.1831 -0.2953 0.3156, -0.19 -0.2953 0.3203, -0.1876 -0.2953 0.3199, -0.186 -0.2953 0.3193, -0.186 -0.2953 0.3193
            ]
        }
        coordIndex [
            0,1,2,-1,3,4,5,-1,3,5,6,-1,6,5,7,-1,6,7,2,-1,2,7,8,-1,2,8,0,-1,9,1,10,-1,10,1,0,-1,9,10,11,-1,11,10,12,-1,13,14,15,-1,15,14,11,-1,15,11,16,-1,16,11,12,-1,14,13,17,-1,17,13,18,-1,18,19,17,-1,17,19,20,-1,17,20,21,-1,21,20,22,-1,21,22,23,-1,23,22,24,-1,23,24,25,-1,25,24,26,-1,25,26,27,-1,27,26,28,-1,27,28,29,-1,29,28,30,-1,29,30,31,-1,31,30,32,-1,31,32,33,-1,33,32,34,-1,33,34,35,-1,35,34,36,-1,35,36,37,-1,37,36,38,-1,37,38,39,-1,39,38,40,-1,39,40,41,-1,41,40,42,-1,41,42,43,-1,43,42,44,-1,43,44,45,-1,45,44,46,-1,45,46,47,-1,47,46,48,-1,47,48,49,-1,49,48,50,-1,49,50,51,-1,51,50,52,-1,51,52,53,-1,53,52,54,-1,53,54,55,-1,55,54,56,-1,55,56,57,-1,57,56,58,-1,57,58,59,-1,59,58,60,-1,59,60,61,-1,61,60,62,-1,61,62,63,-1,63,62,64,-1,63,64,65,-1,65,64,66,-1,65,66,67,-1,67,66,68,-1,67,68,69,-1,69,68,70,-1,69,70,71,-1,71,70,72,-1,71,72,73,-1,73,72,74,-1,73,74,75,-1,76,75,77,-1,77,75,74,-1,76,77,78,-1,76,78,79,-1,79,78,80,-1,79,80,81,-1,81,80,82,-1,81,82,83,-1,83,82,84,-1,83,84,85,-1,85,84,86,-1,85,86,87,-1,87,86,88,-1,88,86,89,-1,89,90,88,-1,88,90,91,-1,88,91,92,-1,92,91,93,-1,92,93,94,-1,94,93,95,-1,94,95,96,-1,96,95,97,-1,96,97,98,-1,98,97,99,-1,98,99,100,-1,100,99,101,-1,100,101,102,-1,103,104,105,-1,102,101,106,-1,102,106,107,-1,107,106,108,-1,107,108,105,-1,105,108,109,-1,105,109,103,-1,104,103,110,-1,104,110,111,-1,111,110,112,-1,111,112,113,-1,113,112,114,-1,113,114,115,-1,115,114,116,-1,115,116,117,-1,117,116,118,-1,117,118,119,-1,119,118,120,-1,119,120,121,-1,121,120,122,-1,121,122,123,-1,123,122,124,-1,123,124,125,-1,125,124,126,-1,125,126,127,-1,127,126,128,-1,127,128,129,-1,129,128,130,-1,129,130,131,-1,131,130,132,-1,131,132,133,-1,133,132,134,-1,133,134,135,-1,135,134,4,-1,135,4,3,-1,111,43,104,-1,104,43,45,-1,21,23,127,-1,127,23,25,-1,127,25,125,-1,125,25,27,-1,125,27,123,-1,123,27,29,-1,123,29,121,-1,121,29,31,-1,121,31,119,-1,119,31,33,-1,119,33,117,-1,117,33,35,-1,117,35,115,-1,115,35,37,-1,115,37,113,-1,113,37,39,-1,113,39,111,-1,111,39,41,-1,111,41,43,-1,14,3,11,-1,11,3,6,-1,11,6,9,-1,9,6,2,-1,9,2,1,-1,61,63,85,-1,85,63,65,-1,85,65,83,-1,83,65,67,-1,83,67,81,-1,81,67,69,-1,81,69,79,-1,79,69,71,-1,79,71,76,-1,76,71,73,-1,76,73,75,-1,127,129,21,-1,21,129,131,-1,21,131,17,-1,17,131,133,-1,17,133,14,-1,14,133,135,-1,14,135,3,-1,85,87,61,-1,61,87,88,-1,61,88,59,-1,59,88,92,-1,59,92,57,-1,57,92,94,-1,57,94,55,-1,55,94,96,-1,55,96,53,-1,53,96,98,-1,53,98,51,-1,51,98,100,-1,51,100,49,-1,49,100,102,-1,49,102,47,-1,47,102,107,-1,47,107,45,-1,45,107,105,-1,45,105,104,-1,136,137,138,-1,138,137,139,-1,140,136,141,-1,141,136,138,-1,140,141,142,-1,140,142,143,-1,143,142,144,-1,143,144,145,-1,146,145,147,-1,147,145,144,-1,148,146,149,-1,149,146,147,-1,150,151,152,-1,152,151,148,-1,152,148,149,-1,153,151,154,-1,154,151,150,-1,155,156,157,-1,157,156,153,-1,157,153,154,-1,158,159,160,-1,160,159,156,-1,160,156,155,-1,158,161,159,-1,159,161,162,-1,161,163,162,-1,162,163,164,-1,162,164,165,-1,165,164,166,-1,165,166,167,-1,167,166,168,-1,167,168,169,-1,169,168,170,-1,169,170,171,-1,171,170,172,-1,171,172,173,-1,173,172,174,-1,173,174,175,-1,176,175,177,-1,177,175,174,-1,176,177,178,-1,176,178,179,-1,179,178,180,-1,179,180,181,-1,181,180,182,-1,181,182,183,-1,183,182,184,-1,183,184,185,-1,184,186,185,-1,185,186,187,-1,185,187,188,-1,188,187,189,-1,188,189,190,-1,190,189,191,-1,190,191,192,-1,192,191,193,-1,192,193,194,-1,139,137,195,-1,195,137,194,-1,195,194,193,-1,143,145,194,-1,137,136,194,-1,194,136,140,-1,194,140,143,-1,151,153,148,-1,148,153,156,-1,148,156,146,-1,175,176,173,-1,173,176,179,-1,173,179,171,-1,171,179,181,-1,171,181,169,-1,169,181,183,-1,169,183,167,-1,167,183,185,-1,167,185,165,-1,145,146,194,-1,194,146,156,-1,194,156,192,-1,156,159,192,-1,192,159,162,-1,192,162,190,-1,190,162,165,-1,190,165,188,-1,188,165,185,-1,196,197,198,-1,198,197,199,-1,200,201,202,-1,202,201,196,-1,202,196,198,-1,203,201,204,-1,204,201,200,-1,205,206,207,-1,207,206,203,-1,207,203,204,-1,208,206,209,-1,209,206,205,-1,210,211,212,-1,212,211,208,-1,212,208,209,-1,213,211,214,-1,214,211,210,-1,215,216,217,-1,217,216,213,-1,217,213,214,-1,218,216,219,-1,219,216,215,-1,220,221,222,-1,222,221,218,-1,222,218,219,-1,223,221,224,-1,224,221,220,-1,199,197,225,-1,225,197,223,-1,225,223,224,-1,223,197,196,-1,196,201,223,-1,223,201,203,-1,223,203,221,-1,216,218,213,-1,213,218,221,-1,213,221,211,-1,211,221,203,-1,211,203,208,-1,208,203,206,-1,226,227,228,-1,228,227,229,-1,228,229,230,-1,230,229,231,-1,230,231,232,-1,232,231,233,-1,232,233,234,-1,234,233,235,-1,234,235,236,-1,236,235,237,-1,236,237,238,-1,237,239,238,-1,238,239,240,-1,238,240,241,-1,241,240,242,-1,241,242,243,-1,243,242,244,-1,243,244,245,-1,245,244,246,-1,245,246,247,-1,247,246,248,-1,247,248,249,-1,249,248,250,-1,249,250,251,-1,251,250,252,-1,251,252,253,-1,253,252,254,-1,253,254,255,-1,255,254,256,-1,255,256,257,-1,257,256,258,-1,257,258,259,-1,259,258,260,-1,259,260,226,-1,226,260,261,-1,226,261,227,-1,232,234,262,-1,262,234,263,-1,232,262,264,-1,232,264,230,-1,230,264,265,-1,230,265,228,-1,228,265,266,-1,228,266,226,-1,226,266,267,-1,226,267,259,-1,259,267,268,-1,259,268,257,-1,257,268,269,-1,257,269,255,-1,255,269,270,-1,255,270,253,-1,253,270,271,-1,253,271,251,-1,251,271,272,-1,251,272,249,-1,249,272,273,-1,249,273,247,-1,247,273,274,-1,247,274,245,-1,245,274,275,-1,245,275,243,-1,243,275,276,-1,243,276,241,-1,241,276,277,-1,241,277,238,-1,236,238,278,-1,278,238,277,-1,234,236,263,-1,263,236,278,-1,239,237,279,-1,279,237,280,-1,237,235,280,-1,280,235,281,-1,235,233,281,-1,281,233,282,-1,261,283,284,-1,261,284,227,-1,227,284,285,-1,227,285,229,-1,229,285,286,-1,229,286,231,-1,231,286,282,-1,231,282,233,-1,254,287,288,-1,254,288,256,-1,256,288,289,-1,256,289,258,-1,258,289,290,-1,258,290,260,-1,260,290,283,-1,260,283,261,-1,246,291,292,-1,246,292,248,-1,248,292,293,-1,248,293,250,-1,250,293,294,-1,250,294,252,-1,252,294,287,-1,252,287,254,-1,239,279,295,-1,239,295,240,-1,240,295,296,-1,240,296,242,-1,242,296,297,-1,242,297,244,-1,244,297,291,-1,244,291,246,-1,
        ]
    }
}
Shape{
    appearance Appearance {
        material  Material 	{
            diffuseColor 0.25098039215686274 0.25098039215686274 0.25098039215686274
            specularColor 0.2196078431372549 0.2196078431372549 0.2196078431372549
            ambientIntensity 0.2
            transparency 0
            shininess 0.5
        }
    }
    geometry IndexedFaceSet {
        ccw TRUE
        solid FALSE
        coord DEF co Coordinate {
            point [
                -0.1931 -0.2953 0.3203, -0.1931 -0.2953 0.3058, -0.1902 -0.2953 0.3203, -0.1904 -0.2953 0.3058, -0.19 -0.2953 0.3203, -0.1878 -0.2953 0.3062, -0.1862 -0.2953 0.3068, -0.185 -0.2953 0.3076, -0.1848 -0.2953 0.3078, -0.1839 -0.2953 0.3089, -0.1828 -0.2953 0.3132, -0.1849 -0.2953 0.3185, -0.1829 -0.2953 0.3119, -0.186 -0.2953 0.3193, -0.1833 -0.2953 0.3102, -0.1876 -0.2953 0.3199, -0.1831 -0.2953 0.3156, -0.1836 -0.2953 0.3169, -0.1843 -0.2953 0.318, -0.1843 -0.2953 0.318
            ]
        }
        coordIndex [
            0,1,2,-1,2,1,3,-1,2,3,4,-1,4,3,5,-1,4,5,6,-1,6,7,4,-1,4,7,8,-1,4,8,9,-1,10,11,12,-1,12,11,13,-1,9,14,4,-1,4,14,12,-1,4,12,15,-1,15,12,13,-1,16,17,10,-1,10,17,18,-1,10,18,11,-1,
        ]
    }
}
Shape{
    appearance Appearance {
        material  Material 	{
            diffuseColor 1.0 1.0 1.0
            specularColor 0.5019607843137255 0.5019607843137255 0.5019607843137255
            ambientIntensity 0.2
            transparency 0
            shininess 0.5
        }
    }
    geometry IndexedFaceSet {
        ccw TRUE
        solid FALSE
        coord DEF co Coordinate {
            point [
                -0.174 -0.2957 0.3109, -0.1748 -0.2957 0.3088, -0.1677 -0.2957 0.3109, -0.167 -0.2957 0.3088, -0.1712 -0.2957 0.3187, -0.1721 -0.2957 0.3224, -0.1792 -0.2957 0.3037, -0.1766 -0.2957 0.3037, -0.1711 -0.2957 0.3193, -0.1709 -0.2957 0.32, -0.1695 -0.2957 0.3224, -0.1709 -0.2957 0.32, -0.1707 -0.2957 0.3192, -0.1706 -0.2957 0.3187, -0.1624 -0.2957 0.3037, -0.1651 -0.2957 0.3037, -0.1695 -0.2953 0.3224, -0.1624 -0.2953 0.3037, -0.1721 -0.2953 0.3224, -0.1792 -0.2953 0.3037, -0.1766 -0.2953 0.3037, -0.1748 -0.2953 0.3088, -0.167 -0.2953 0.3088, -0.1651 -0.2953 0.3037, -0.174 -0.2953 0.3109, -0.1677 -0.2953 0.3109, -0.1706 -0.2953 0.3187, -0.1709 -0.2953 0.32, -0.1707 -0.2953 0.3192, -0.1709 -0.2953 0.32, -0.1712 -0.2953 0.3187, -0.1711 -0.2953 0.3193, -0.1711 -0.2953 0.3193
            ]
        }
        coordIndex [
            0,1,2,-1,2,1,3,-1,4,5,0,-1,0,5,6,-1,0,6,1,-1,1,6,7,-1,4,8,5,-1,5,8,9,-1,5,9,10,-1,10,9,11,-1,10,11,12,-1,12,13,10,-1,10,13,2,-1,10,2,14,-1,14,2,3,-1,14,3,15,-1,10,14,16,-1,16,14,17,-1,5,10,18,-1,18,10,16,-1,6,5,19,-1,19,5,18,-1,7,6,20,-1,20,6,19,-1,1,7,21,-1,21,7,20,-1,3,1,22,-1,22,1,21,-1,15,3,23,-1,23,3,22,-1,14,15,17,-1,17,15,23,-1,0,2,24,-1,24,2,25,-1,2,13,25,-1,25,13,26,-1,11,27,28,-1,11,28,12,-1,12,28,26,-1,12,26,13,-1,11,9,27,-1,27,9,29,-1,4,30,31,-1,4,31,8,-1,8,31,29,-1,8,29,9,-1,4,0,30,-1,30,0,24,-1,
        ]
    }
}
Shape{
    appearance Appearance {
        material  Material 	{
            diffuseColor 0.25098039215686274 0.25098039215686274 0.25098039215686274
            specularColor 0.2196078431372549 0.2196078431372549 0.2196078431372549
            ambientIntensity 0.2
            transparency 0
            shininess 0.5
        }
    }
    geometry IndexedFaceSet {
        ccw TRUE
        solid FALSE
        coord DEF co Coordinate {
            point [
                -0.1709 -0.2953 0.32, -0.1709 -0.2953 0.32, -0.1707 -0.2953 0.3192, -0.1711 -0.2953 0.3193, -0.1706 -0.2953 0.3187, -0.1712 -0.2953 0.3187, -0.1677 -0.2953 0.3109, -0.174 -0.2953 0.3109, -0.174 -0.2953 0.3109
            ]
        }
        coordIndex [
            0,1,2,-1,2,1,3,-1,2,3,4,-1,4,3,5,-1,4,5,6,-1,6,5,7,-1,
        ]
    }
}
Shape{
    appearance Appearance {
        material  Material 	{
            diffuseColor 1.0 1.0 1.0
            specularColor 0.5019607843137255 0.5019607843137255 0.5019607843137255
            ambientIntensity 0.2
            transparency 0
            shininess 0.5
        }
    }
    geometry IndexedFaceSet {
        ccw TRUE
        solid FALSE
        coord DEF co Coordinate {
            point [
                -0.3433 -0.2957 0.3011, -0.3413 -0.2957 0.2986, -0.3445 -0.2957 0.3128, -0.3468 -0.2957 0.3359, -0.3439 -0.2957 0.3375, -0.3445 -0.2957 0.3457, -0.3212 -0.2957 0.3006, -0.3196 -0.2957 0.3035, -0.3188 -0.2957 0.3068, -0.3363 -0.2957 0.346, -0.3322 -0.2957 0.3363, -0.3301 -0.2957 0.3405, -0.3474 -0.2957 0.3146, -0.3464 -0.2957 0.3045, -0.3446 -0.2957 0.3039, -0.3393 -0.2957 0.3463, -0.3001 -0.2957 0.3193, -0.3043 -0.2957 0.3264, -0.3187 -0.2957 0.3095, -0.3221 -0.2957 0.3171, -0.3187 -0.2957 0.3082, -0.3258 -0.2957 0.2964, -0.3232 -0.2957 0.2983, -0.3356 -0.2957 0.3041, -0.3345 -0.2957 0.3034, -0.3387 -0.2957 0.2967, -0.3333 -0.2957 0.303, -0.3274 -0.2957 0.31, -0.327 -0.2957 0.3088, -0.327 -0.2957 0.3075, -0.3273 -0.2957 0.3063, -0.3279 -0.2957 0.3051, -0.2958 -0.2957 0.3325, -0.2947 -0.2957 0.3325, -0.2893 -0.2957 0.3397, -0.2922 -0.2957 0.3322, -0.2886 -0.2957 0.3394, -0.2899 -0.2957 0.3313, -0.2846 -0.2957 0.3375, -0.281 -0.2957 0.3344, -0.3336 -0.2957 0.3492, -0.3272 -0.2957 0.3441, -0.3304 -0.2957 0.3519, -0.3236 -0.2957 0.3467, -0.3265 -0.2957 0.3542, -0.3406 -0.2957 0.3383, -0.3392 -0.2957 0.3383, -0.3378 -0.2957 0.3462, -0.3361 -0.2957 0.3379, -0.3331 -0.2957 0.3369, -0.3373 -0.2957 0.3074, -0.337 -0.2957 0.3062, -0.3364 -0.2957 0.3051, -0.3357 -0.2957 0.2954, -0.3325 -0.2957 0.2949, -0.3322 -0.2957 0.3029, -0.332 -0.2957 0.2949, -0.3309 -0.2957 0.303, -0.3288 -0.2957 0.2953, -0.3298 -0.2957 0.3034, -0.3287 -0.2957 0.3041, -0.281 -0.2957 0.3096, -0.2872 -0.2957 0.3149, -0.2846 -0.2957 0.3066, -0.2892 -0.2957 0.3133, -0.2887 -0.2957 0.3046, -0.2915 -0.2957 0.3122, -0.2931 -0.2957 0.3037, -0.2939 -0.2957 0.3118, -0.3009 -0.2957 0.3037, -0.2999 -0.2957 0.3118, -0.3017 -0.2957 0.3038, -0.2878 -0.2957 0.3298, -0.2863 -0.2957 0.3281, -0.2783 -0.2957 0.3306, -0.285 -0.2957 0.3258, -0.2767 -0.2957 0.3266, -0.2844 -0.2957 0.3233, -0.2761 -0.2957 0.3223, -0.2843 -0.2957 0.3221, -0.2767 -0.2957 0.3175, -0.2847 -0.2957 0.3195, -0.2784 -0.2957 0.3133, -0.2856 -0.2957 0.3172, -0.287 -0.2957 0.3151, -0.2964 -0.2957 0.3501, -0.3016 -0.2957 0.344, -0.2917 -0.2957 0.3446, -0.2986 -0.2957 0.3405, -0.2966 -0.2957 0.3362, -0.3521 -0.2957 0.3283, -0.3608 -0.2957 0.3261, -0.3525 -0.2957 0.325, -0.3608 -0.2957 0.3248, -0.3523 -0.2957 0.323, -0.3602 -0.2957 0.3196, -0.3514 -0.2957 0.3197, -0.3583 -0.2957 0.3147, -0.3498 -0.2957 0.317, -0.3553 -0.2957 0.3103, -0.3512 -0.2957 0.3068, -0.3373 -0.2957 0.3087, -0.337 -0.2957 0.31, -0.343 -0.2957 0.3157, -0.3363 -0.2957 0.3111, -0.3408 -0.2957 0.3182, -0.3356 -0.2957 0.3119, -0.3381 -0.2957 0.3201, -0.3345 -0.2957 0.3126, -0.3352 -0.2957 0.3212, -0.3334 -0.2957 0.3131, -0.332 -0.2957 0.3216, -0.3322 -0.2957 0.3132, -0.3304 -0.2957 0.3215, -0.3312 -0.2957 0.3131, -0.3272 -0.2957 0.3207, -0.33 -0.2957 0.3127, -0.3244 -0.2957 0.3192, -0.3289 -0.2957 0.312, -0.328 -0.2957 0.3111, -0.3203 -0.2957 0.3564, -0.3192 -0.2957 0.3485, -0.3145 -0.2957 0.3571, -0.3144 -0.2957 0.3491, -0.308 -0.2957 0.3562, -0.3099 -0.2957 0.3485, -0.3014 -0.2957 0.3536, -0.3057 -0.2957 0.3469, -0.302 -0.2957 0.3443, -0.3494 -0.2957 0.3438, -0.3537 -0.2957 0.3408, -0.3491 -0.2957 0.3339, -0.3546 -0.2957 0.3399, -0.3509 -0.2957 0.3312, -0.3578 -0.2957 0.3359, -0.3599 -0.2957 0.3311, -0.3005 -0.2957 0.3119, -0.3037 -0.2957 0.305, -0.3034 -0.2957 0.3047, -0.3001 -0.2957 0.3118, -0.3026 -0.2957 0.3041, -0.3048 -0.2957 0.3078, -0.3047 -0.2957 0.3068, -0.3043 -0.2957 0.3059, -0.3017 -0.2957 0.3118, -0.3026 -0.2957 0.3114, -0.3048 -0.2957 0.3083, -0.3034 -0.2957 0.3108, -0.304 -0.2957 0.3102, -0.3045 -0.2957 0.3093, -0.3007 -0.2957 0.3119, -0.2761 -0.2953 0.3223, -0.2767 -0.2953 0.3266, -0.2802 -0.2953 0.3332, -0.2772 -0.2953 0.3277, -0.2783 -0.2953 0.3306, -0.281 -0.2953 0.3344, -0.2846 -0.2953 0.3375, -0.2886 -0.2953 0.3394, -0.2893 -0.2953 0.3397, -0.2917 -0.2953 0.3446, -0.2964 -0.2953 0.3501, -0.2994 -0.2953 0.3522, -0.3014 -0.2953 0.3536, -0.308 -0.2953 0.3562, -0.3145 -0.2953 0.3571, -0.3203 -0.2953 0.3564, -0.3265 -0.2953 0.3542, -0.3299 -0.2953 0.3522, -0.3304 -0.2953 0.3519, -0.3336 -0.2953 0.3492, -0.3363 -0.2953 0.346, -0.3378 -0.2953 0.3462, -0.3393 -0.2953 0.3463, -0.3445 -0.2953 0.3457, -0.3494 -0.2953 0.3438, -0.3537 -0.2953 0.3408, -0.3546 -0.2953 0.3399, -0.3608 -0.2953 0.3248, -0.3578 -0.2953 0.3359, -0.359 -0.2953 0.3332, -0.3599 -0.2953 0.3311, -0.3605 -0.2953 0.3277, -0.3608 -0.2953 0.3261, -0.3602 -0.2953 0.3196, -0.3583 -0.2953 0.3147, -0.3553 -0.2953 0.3103, -0.3512 -0.2953 0.3068, -0.3464 -0.2953 0.3045, -0.3446 -0.2953 0.3039, -0.3445 -0.2953 0.3036, -0.3433 -0.2953 0.3011, -0.3413 -0.2953 0.2986, -0.3387 -0.2953 0.2967, -0.3375 -0.2953 0.2962, -0.3357 -0.2953 0.2954, -0.3325 -0.2953 0.2949, -0.332 -0.2953 0.2949, -0.3187 -0.2953 0.3082, -0.3288 -0.2953 0.2953, -0.3265 -0.2953 0.2962, -0.3258 -0.2953 0.2964, -0.3232 -0.2953 0.2983, -0.3212 -0.2953 0.3006, -0.3196 -0.2953 0.3035, -0.3196 -0.2953 0.3036, -0.3188 -0.2953 0.3068, -0.3187 -0.2953 0.3095, -0.3001 -0.2953 0.3193, -0.3043 -0.2953 0.3264, -0.3221 -0.2953 0.3171, -0.3244 -0.2953 0.3192, -0.3272 -0.2953 0.3207, -0.3304 -0.2953 0.3215, -0.332 -0.2953 0.3216, -0.3352 -0.2953 0.3212, -0.3381 -0.2953 0.3201, -0.3408 -0.2953 0.3182, -0.343 -0.2953 0.3157, -0.3445 -0.2953 0.3128, -0.3474 -0.2953 0.3146, -0.3498 -0.2953 0.317, -0.3514 -0.2953 0.3197, -0.3523 -0.2953 0.323, -0.3525 -0.2953 0.325, -0.3522 -0.2953 0.3277, -0.3521 -0.2953 0.3283, -0.3509 -0.2953 0.3312, -0.3496 -0.2953 0.3332, -0.3491 -0.2953 0.3339, -0.3468 -0.2953 0.3359, -0.3439 -0.2953 0.3375, -0.3406 -0.2953 0.3383, -0.3392 -0.2953 0.3383, -0.3361 -0.2953 0.3379, -0.3331 -0.2953 0.3369, -0.3322 -0.2953 0.3363, -0.3301 -0.2953 0.3405, -0.3272 -0.2953 0.3441, -0.3236 -0.2953 0.3467, -0.3192 -0.2953 0.3485, -0.3144 -0.2953 0.3491, -0.3099 -0.2953 0.3485, -0.3057 -0.2953 0.3469, -0.302 -0.2953 0.3443, -0.3016 -0.2953 0.344, -0.2986 -0.2953 0.3405, -0.2966 -0.2953 0.3362, -0.2959 -0.2953 0.3332, -0.2958 -0.2953 0.3325, -0.2947 -0.2953 0.3325, -0.2922 -0.2953 0.3322, -0.2899 -0.2953 0.3313, -0.2878 -0.2953 0.3298, -0.2863 -0.2953 0.3281, -0.286 -0.2953 0.3277, -0.285 -0.2953 0.3258, -0.2844 -0.2953 0.3233, -0.2843 -0.2953 0.3221, -0.2847 -0.2953 0.3195, -0.2856 -0.2953 0.3172, -0.287 -0.2953 0.3151, -0.2872 -0.2953 0.3149, -0.2892 -0.2953 0.3133, -0.2915 -0.2953 0.3122, -0.2939 -0.2953 0.3118, -0.2999 -0.2953 0.3118, -0.3001 -0.2953 0.3118, -0.3005 -0.2953 0.3119, -0.3007 -0.2953 0.3119, -0.3017 -0.2953 0.3118, -0.3026 -0.2953 0.3114, -0.3034 -0.2953 0.3108, -0.304 -0.2953 0.3102, -0.3045 -0.2953 0.3093, -0.3048 -0.2953 0.3083, -0.3048 -0.2953 0.3078, -0.3047 -0.2953 0.3068, -0.3043 -0.2953 0.3059, -0.3037 -0.2953 0.305, -0.3034 -0.2953 0.3047, -0.3026 -0.2953 0.3041, -0.3017 -0.2953 0.3038, -0.3009 -0.2953 0.3037, -0.2931 -0.2953 0.3037, -0.2887 -0.2953 0.3046, -0.2846 -0.2953 0.3066, -0.281 -0.2953 0.3096, -0.2784 -0.2953 0.3133, -0.2767 -0.2953 0.3175, -0.3322 -0.2953 0.3132, -0.3312 -0.2953 0.3131, -0.33 -0.2953 0.3127, -0.3289 -0.2953 0.312, -0.328 -0.2953 0.3111, -0.3274 -0.2953 0.31, -0.327 -0.2953 0.3088, -0.327 -0.2953 0.3075, -0.3273 -0.2953 0.3063, -0.3279 -0.2953 0.3051, -0.3287 -0.2953 0.3041, -0.3298 -0.2953 0.3034, -0.3309 -0.2953 0.303, -0.3322 -0.2953 0.3029, -0.3333 -0.2953 0.303, -0.3345 -0.2953 0.3034, -0.3356 -0.2953 0.3041, -0.3364 -0.2953 0.3051, -0.337 -0.2953 0.3062, -0.3373 -0.2953 0.3074, -0.3373 -0.2953 0.3087, -0.337 -0.2953 0.31, -0.3363 -0.2953 0.3111, -0.3356 -0.2953 0.3119, -0.3345 -0.2953 0.3126, -0.3334 -0.2953 0.3131, -0.3334 -0.2953 0.3131
            ]
        }
        coordIndex [
            0,1,2,-1,3,4,5,-1,6,7,8,-1,9,10,11,-1,12,13,2,-1,2,13,14,-1,2,14,0,-1,5,4,15,-1,16,17,18,-1,18,17,19,-1,18,19,20,-1,20,19,21,-1,20,21,8,-1,8,21,22,-1,8,22,6,-1,23,1,24,-1,24,1,25,-1,24,25,26,-1,27,28,19,-1,19,28,29,-1,19,29,21,-1,21,29,30,-1,21,30,31,-1,32,33,34,-1,34,33,35,-1,34,35,36,-1,36,35,37,-1,36,37,38,-1,38,37,39,-1,9,11,40,-1,40,11,41,-1,40,41,42,-1,42,41,43,-1,42,43,44,-1,4,45,15,-1,15,45,46,-1,15,46,47,-1,47,46,48,-1,47,48,9,-1,9,48,49,-1,9,49,10,-1,50,2,51,-1,51,2,1,-1,51,1,52,-1,52,1,23,-1,25,53,26,-1,26,53,54,-1,26,54,55,-1,55,54,56,-1,55,56,57,-1,57,56,58,-1,57,58,59,-1,59,58,21,-1,59,21,60,-1,60,21,31,-1,61,62,63,-1,63,62,64,-1,63,64,65,-1,65,64,66,-1,65,66,67,-1,67,66,68,-1,67,68,69,-1,69,68,70,-1,69,70,71,-1,37,72,39,-1,39,72,73,-1,39,73,74,-1,74,73,75,-1,74,75,76,-1,76,75,77,-1,76,77,78,-1,78,77,79,-1,78,79,80,-1,80,79,81,-1,80,81,82,-1,82,81,83,-1,82,83,61,-1,61,83,84,-1,61,84,62,-1,85,86,87,-1,87,86,88,-1,87,88,34,-1,34,88,89,-1,34,89,32,-1,90,91,92,-1,92,91,93,-1,92,93,94,-1,94,93,95,-1,94,95,96,-1,96,95,97,-1,96,97,98,-1,98,97,99,-1,98,99,12,-1,12,99,100,-1,12,100,13,-1,50,101,2,-1,2,101,102,-1,2,102,103,-1,103,102,104,-1,103,104,105,-1,105,104,106,-1,105,106,107,-1,107,106,108,-1,107,108,109,-1,109,108,110,-1,109,110,111,-1,111,110,112,-1,111,112,113,-1,113,112,114,-1,113,114,115,-1,115,114,116,-1,115,116,117,-1,117,116,118,-1,117,118,19,-1,19,118,119,-1,19,119,27,-1,44,43,120,-1,120,43,121,-1,120,121,122,-1,122,121,123,-1,122,123,124,-1,124,123,125,-1,124,125,126,-1,126,125,127,-1,126,127,85,-1,85,127,128,-1,85,128,86,-1,5,129,3,-1,3,129,130,-1,3,130,131,-1,131,130,132,-1,131,132,133,-1,133,132,134,-1,133,134,90,-1,90,134,135,-1,90,135,91,-1,136,137,138,-1,70,139,71,-1,71,139,136,-1,71,136,140,-1,140,136,138,-1,141,142,136,-1,136,142,143,-1,136,143,137,-1,144,145,146,-1,145,147,146,-1,146,147,148,-1,146,148,149,-1,141,136,146,-1,146,136,150,-1,146,150,144,-1,78,151,152,-1,153,39,74,-1,78,152,76,-1,76,152,154,-1,76,154,74,-1,74,154,155,-1,74,155,153,-1,153,156,39,-1,39,156,157,-1,39,157,38,-1,38,157,158,-1,38,158,36,-1,36,158,159,-1,36,159,34,-1,34,159,160,-1,34,160,87,-1,87,160,161,-1,87,161,85,-1,126,85,162,-1,162,85,161,-1,162,163,126,-1,126,163,164,-1,126,164,124,-1,124,164,165,-1,124,165,122,-1,122,165,166,-1,122,166,120,-1,120,166,167,-1,120,167,44,-1,44,167,42,-1,42,167,168,-1,42,168,169,-1,42,169,170,-1,42,170,40,-1,40,170,171,-1,40,171,9,-1,9,171,172,-1,9,172,47,-1,47,172,173,-1,47,173,15,-1,15,173,174,-1,15,174,5,-1,5,174,175,-1,5,175,129,-1,129,175,176,-1,129,176,130,-1,130,176,177,-1,130,177,132,-1,178,93,91,-1,132,177,179,-1,132,179,134,-1,134,179,180,-1,134,180,135,-1,180,181,135,-1,135,181,182,-1,135,182,91,-1,91,182,183,-1,91,183,178,-1,93,178,184,-1,93,184,95,-1,95,184,185,-1,95,185,97,-1,97,185,186,-1,97,186,99,-1,99,186,187,-1,99,187,100,-1,100,187,188,-1,100,188,13,-1,13,188,189,-1,13,189,14,-1,14,189,190,-1,14,190,0,-1,190,191,0,-1,0,191,192,-1,0,192,1,-1,1,192,193,-1,1,193,25,-1,25,193,194,-1,25,194,53,-1,194,195,53,-1,53,195,196,-1,53,196,54,-1,54,196,197,-1,54,197,56,-1,198,20,8,-1,56,197,199,-1,200,21,199,-1,199,21,58,-1,199,58,56,-1,200,201,21,-1,21,201,202,-1,21,202,22,-1,22,202,203,-1,22,203,6,-1,6,203,204,-1,6,204,7,-1,7,204,205,-1,7,205,8,-1,8,205,206,-1,8,206,198,-1,18,20,207,-1,207,20,198,-1,16,18,208,-1,208,18,207,-1,17,16,209,-1,209,16,208,-1,19,17,210,-1,210,17,209,-1,19,210,211,-1,19,211,117,-1,117,211,212,-1,117,212,115,-1,115,212,213,-1,115,213,113,-1,113,213,214,-1,113,214,111,-1,111,214,215,-1,111,215,109,-1,109,215,216,-1,109,216,107,-1,107,216,217,-1,107,217,105,-1,105,217,218,-1,105,218,103,-1,103,218,219,-1,103,219,2,-1,2,219,220,-1,2,220,12,-1,12,220,221,-1,12,221,98,-1,98,221,222,-1,98,222,96,-1,96,222,223,-1,96,223,94,-1,94,223,224,-1,94,224,92,-1,90,92,224,-1,224,225,90,-1,90,225,226,-1,90,226,227,-1,228,131,227,-1,227,131,133,-1,227,133,90,-1,228,229,131,-1,131,229,230,-1,131,230,3,-1,3,230,231,-1,3,231,4,-1,4,231,232,-1,4,232,45,-1,45,232,233,-1,45,233,46,-1,46,233,234,-1,46,234,48,-1,48,234,235,-1,48,235,49,-1,49,235,236,-1,49,236,10,-1,10,236,237,-1,10,237,11,-1,11,237,238,-1,11,238,41,-1,41,238,239,-1,41,239,43,-1,43,239,240,-1,43,240,121,-1,121,240,241,-1,121,241,123,-1,123,241,242,-1,123,242,125,-1,125,242,243,-1,125,243,127,-1,127,243,244,-1,127,244,128,-1,128,244,245,-1,128,245,86,-1,86,245,246,-1,86,246,88,-1,88,246,247,-1,88,247,89,-1,89,247,32,-1,32,247,248,-1,32,248,249,-1,33,32,250,-1,250,32,249,-1,33,250,251,-1,33,251,35,-1,35,251,252,-1,35,252,37,-1,37,252,253,-1,37,253,72,-1,72,253,254,-1,72,254,73,-1,73,254,255,-1,73,255,75,-1,255,256,75,-1,75,256,257,-1,75,257,77,-1,77,257,258,-1,77,258,79,-1,79,258,259,-1,79,259,81,-1,81,259,260,-1,81,260,83,-1,83,260,261,-1,83,261,84,-1,84,261,262,-1,84,262,62,-1,62,262,263,-1,62,263,64,-1,64,263,264,-1,64,264,66,-1,66,264,265,-1,66,265,68,-1,70,68,266,-1,266,68,265,-1,70,266,267,-1,70,267,139,-1,139,267,268,-1,139,268,136,-1,136,268,269,-1,136,269,150,-1,150,269,270,-1,150,270,144,-1,144,270,271,-1,144,271,145,-1,145,271,272,-1,145,272,147,-1,147,272,273,-1,147,273,148,-1,148,273,274,-1,148,274,149,-1,149,274,275,-1,149,275,146,-1,146,275,276,-1,146,276,141,-1,141,276,277,-1,141,277,142,-1,142,277,278,-1,142,278,143,-1,143,278,279,-1,143,279,137,-1,137,279,280,-1,137,280,138,-1,138,280,281,-1,138,281,140,-1,140,281,282,-1,140,282,71,-1,71,282,283,-1,71,283,69,-1,67,69,284,-1,284,69,283,-1,67,284,285,-1,67,285,65,-1,65,285,286,-1,65,286,63,-1,63,286,287,-1,63,287,61,-1,61,287,288,-1,61,288,82,-1,82,288,289,-1,82,289,80,-1,80,289,151,-1,80,151,78,-1,112,290,291,-1,112,291,114,-1,114,291,292,-1,114,292,116,-1,116,292,293,-1,116,293,118,-1,118,293,294,-1,118,294,119,-1,119,294,295,-1,119,295,27,-1,27,295,296,-1,27,296,28,-1,28,296,297,-1,28,297,29,-1,29,297,298,-1,29,298,30,-1,30,298,299,-1,30,299,31,-1,31,299,300,-1,31,300,60,-1,60,300,301,-1,60,301,59,-1,59,301,302,-1,59,302,57,-1,57,302,303,-1,57,303,55,-1,55,303,304,-1,55,304,26,-1,26,304,305,-1,26,305,24,-1,24,305,306,-1,24,306,23,-1,23,306,307,-1,23,307,52,-1,52,307,308,-1,52,308,51,-1,51,308,309,-1,51,309,50,-1,50,309,310,-1,50,310,101,-1,101,310,311,-1,101,311,102,-1,102,311,312,-1,102,312,104,-1,104,312,313,-1,104,313,106,-1,106,313,314,-1,106,314,108,-1,108,314,315,-1,108,315,110,-1,110,315,290,-1,110,290,112,-1,
        ]
    }
}
Shape{
    appearance Appearance {
        material  Material 	{
            diffuseColor 0.25098039215686274 0.25098039215686274 0.25098039215686274
            specularColor 0.2196078431372549 0.2196078431372549 0.2196078431372549
            ambientIntensity 0.2
            transparency 0
            shininess 0.5
        }
    }
    geometry IndexedFaceSet {
        ccw TRUE
        solid FALSE
        coord DEF co Coordinate {
            point [
                -0.3309 -0.2953 0.303, -0.3312 -0.2953 0.3131, -0.3322 -0.2953 0.3029, -0.3322 -0.2953 0.3132, -0.3334 -0.2953 0.3131, -0.3345 -0.2953 0.3126, -0.3356 -0.2953 0.3119, -0.3363 -0.2953 0.3111, -0.337 -0.2953 0.3062, -0.3364 -0.2953 0.3051, -0.3356 -0.2953 0.3041, -0.3287 -0.2953 0.3041, -0.328 -0.2953 0.3111, -0.3289 -0.2953 0.312, -0.3345 -0.2953 0.3034, -0.3333 -0.2953 0.303, -0.3298 -0.2953 0.3034, -0.33 -0.2953 0.3127, -0.337 -0.2953 0.31, -0.3373 -0.2953 0.3087, -0.3373 -0.2953 0.3074, -0.3273 -0.2953 0.3063, -0.327 -0.2953 0.3075, -0.3279 -0.2953 0.3051, -0.327 -0.2953 0.3088, -0.3274 -0.2953 0.31, -0.3274 -0.2953 0.31
            ]
        }
        coordIndex [
            0,1,2,-1,2,1,3,-1,2,3,4,-1,4,5,2,-1,2,5,6,-1,2,6,7,-1,8,9,7,-1,7,9,10,-1,11,12,13,-1,10,14,7,-1,7,14,15,-1,7,15,2,-1,0,16,1,-1,1,16,11,-1,1,11,17,-1,17,11,13,-1,18,19,7,-1,7,19,20,-1,7,20,8,-1,21,22,23,-1,23,22,24,-1,23,24,11,-1,11,24,25,-1,11,25,12,-1,
        ]
    }
}