ISO-10303-21;
HEADER;
FILE_DESCRIPTION (( 'STEP AP214' ),
    '1' );
FILE_NAME ('B10B-PHDSS-B(LF)(SN).STEP',
    '2024-01-10T22:22:27',
    ( '' ),
    ( '' ),
    'SwSTEP 2.0',
    'SolidWorks 2021',
    '' );
FILE_SCHEMA (( 'AUTOMOTIVE_DESIGN' ));
ENDSEC;

DATA;
#1 = DIRECTION ( 'NONE',  ( -0.000000000000000000, -0.000000000000000000, -1.000000000000000000 ) ) ;
#2 = VERTEX_POINT ( 'NONE', #3275 ) ;
#3 = ORIENTED_EDGE ( 'NONE', *, *, #41, .F. ) ;
#4 = EDGE_CURVE ( 'NONE', #2666, #1054, #3315, .T. ) ;
#5 = FACE_OUTER_BOUND ( 'NONE', #3193, .T. ) ;
#6 =( NAMED_UNIT ( * ) PLANE_ANGLE_UNIT ( ) SI_UNIT ( $, .RADIAN. ) );
#7 = ORIENTED_EDGE ( 'NONE', *, *, #4022, .F. ) ;
#8 = VERTEX_POINT ( 'NONE', #3949 ) ;
#9 = CARTESIAN_POINT ( 'NONE',  ( 3.750000000000000000, 1.624999999999999778, -0.7499999999999997780 ) ) ;
#10 = PLANE ( 'NONE',  #2836 ) ;
#11 = VECTOR ( 'NONE', #1589, 1000.000000000000000 ) ;
#12 = DIRECTION ( 'NONE',  ( -0.000000000000000000, 0.000000000000000000, 1.000000000000000000 ) ) ;
#13 = DIRECTION ( 'NONE',  ( 1.000000000000000000, 9.605334861444114745E-17, 0.000000000000000000 ) ) ;
#14 = CARTESIAN_POINT ( 'NONE',  ( -5.124999999999999112, 2.299999999999999822, -4.870572098594924348 ) ) ;
#15 = AXIS2_PLACEMENT_3D ( 'NONE', #709, #774, #2063 ) ;
#16 = CARTESIAN_POINT ( 'NONE',  ( 0.2500000000000002220, 1.624999999999998668, -4.870572098594924348 ) ) ;
#17 = EDGE_LOOP ( 'NONE', ( #3980, #3655, #1486, #44 ) ) ;
#18 = DIRECTION ( 'NONE',  ( 0.000000000000000000, -1.000000000000000000, 0.000000000000000000 ) ) ;
#19 = ORIENTED_EDGE ( 'NONE', *, *, #2415, .T. ) ;
#20 = ORIENTED_EDGE ( 'NONE', *, *, #3627, .F. ) ;
#21 = LINE ( 'NONE', #2297, #2335 ) ;
#22 = DIRECTION ( 'NONE',  ( 1.000000000000000000, 0.000000000000000000, 0.000000000000000000 ) ) ;
#23 = ADVANCED_FACE ( 'NONE', ( #333 ), #2259, .F. ) ;
#24 = VERTEX_POINT ( 'NONE', #923 ) ;
#25 = EDGE_CURVE ( 'NONE', #634, #842, #3602, .T. ) ;
#26 = CARTESIAN_POINT ( 'NONE',  ( -5.015000000000002345, 6.500000000000000000, -2.225000000000000089 ) ) ;
#27 = EDGE_LOOP ( 'NONE', ( #470, #918, #2484, #2645 ) ) ;
#28 = DIRECTION ( 'NONE',  ( 1.000000000000000000, -2.168404344971009115E-16, 0.000000000000000000 ) ) ;
#29 = LINE ( 'NONE', #2349, #464 ) ;
#30 = EDGE_CURVE ( 'NONE', #2786, #1802, #587, .T. ) ;
#31 = DIRECTION ( 'NONE',  ( -0.000000000000000000, -0.000000000000000000, 1.000000000000000000 ) ) ;
#32 = CARTESIAN_POINT ( 'NONE',  ( -4.514999999999999680, 5.375000000000000000, -2.500000000000000000 ) ) ;
#33 = DIRECTION ( 'NONE',  ( 0.000000000000000000, -0.7071067811865556774, 0.7071067811865394681 ) ) ;
#34 = DIRECTION ( 'NONE',  ( -0.000000000000000000, -0.000000000000000000, 1.000000000000000000 ) ) ;
#35 = PRODUCT_CONTEXT ( 'NONE', #2995, 'mechanical' ) ;
#36 = ORIENTED_EDGE ( 'NONE', *, *, #3641, .F. ) ;
#37 = CARTESIAN_POINT ( 'NONE',  ( -0.2500000000000002220, -8.753191851259118059E-16, -0.7499999999999993339 ) ) ;
#38 = ORIENTED_EDGE ( 'NONE', *, *, #4205, .F. ) ;
#39 = VECTOR ( 'NONE', #2878, 1000.000000000000000 ) ;
#40 = ORIENTED_EDGE ( 'NONE', *, *, #1409, .T. ) ;
#41 = EDGE_CURVE ( 'NONE', #1802, #2198, #2996, .T. ) ;
#42 = CARTESIAN_POINT ( 'NONE',  ( -4.149999999999999467, 5.375000000000000000, -0.7499999999999997780 ) ) ;
#43 = AXIS2_PLACEMENT_3D ( 'NONE', #2401, #1803, #1066 ) ;
#44 = ORIENTED_EDGE ( 'NONE', *, *, #652, .F. ) ;
#45 =( LENGTH_UNIT ( ) NAMED_UNIT ( * ) SI_UNIT ( .MILLI., .METRE. ) );
#46 = VERTEX_POINT ( 'NONE', #3624 ) ;
#47 = VECTOR ( 'NONE', #2048, 1000.000000000000000 ) ;
#48 = LINE ( 'NONE', #454, #794 ) ;
#49 = AXIS2_PLACEMENT_3D ( 'NONE', #778, #1748, #1373 ) ;
#50 = CARTESIAN_POINT ( 'NONE',  ( 2.240000000000006875, 5.375000000000000000, -2.225000000000000089 ) ) ;
#51 = CARTESIAN_POINT ( 'NONE',  ( -5.450000000000001954, 6.499999999999999112, -1.074999999999994627 ) ) ;
#52 = AXIS2_PLACEMENT_3D ( 'NONE', #2317, #1299, #2384 ) ;
#53 = CARTESIAN_POINT ( 'NONE',  ( 1.465000000000000080, 1.624999999999999334, -0.7499999999999996669 ) ) ;
#54 = CARTESIAN_POINT ( 'NONE',  ( 4.765000000000000568, 6.250000000000006217, -2.500000000000000000 ) ) ;
#55 = VECTOR ( 'NONE', #1051, 1000.000000000000000 ) ;
#56 = DIRECTION ( 'NONE',  ( 1.000000000000000000, 0.000000000000000000, 0.000000000000000000 ) ) ;
#57 = EDGE_CURVE ( 'NONE', #1269, #3128, #666, .T. ) ;
#58 = VECTOR ( 'NONE', #2242, 1000.000000000000000 ) ;
#59 = LINE ( 'NONE', #2375, #4094 ) ;
#60 = CONTEXT_DEPENDENT_SHAPE_REPRESENTATION ( #1428, #1790 ) ;
#61 = VERTEX_POINT ( 'NONE', #3295 ) ;
#62 = CARTESIAN_POINT ( 'NONE',  ( -3.465000000000000746, 4.774999999999999467, -2.500000000000002220 ) ) ;
#63 = LINE ( 'NONE', #193, #2149 ) ;
#64 = ORIENTED_EDGE ( 'NONE', *, *, #1712, .T. ) ;
#65 = ORIENTED_EDGE ( 'NONE', *, *, #3735, .T. ) ;
#66 = EDGE_CURVE ( 'NONE', #2902, #2299, #1634, .T. ) ;
#67 = CARTESIAN_POINT ( 'NONE',  ( -3.690000000000000391, 5.375000000000000000, -2.500000000000000000 ) ) ;
#68 = DIRECTION ( 'NONE',  ( 0.9396926207859085389, 0.3420201433256683798, 7.486319444837063816E-20 ) ) ;
#69 = EDGE_CURVE ( 'NONE', #1765, #1249, #2790, .T. ) ;
#70 = CARTESIAN_POINT ( 'NONE',  ( 1.749999999999999778, 6.499999999999999112, 1.250000000000000222 ) ) ;
#71 = ORIENTED_EDGE ( 'NONE', *, *, #711, .T. ) ;
#72 = APPLICATION_PROTOCOL_DEFINITION ( 'draft international standard', 'automotive_design', 1998, #2311 ) ;
#73 = ORIENTED_EDGE ( 'NONE', *, *, #2979, .F. ) ;
#74 = DIRECTION ( 'NONE',  ( 0.000000000000000000, 0.000000000000000000, -1.000000000000000000 ) ) ;
#75 = LINE ( 'NONE', #1722, #2779 ) ;
#76 = CARTESIAN_POINT ( 'NONE',  ( 5.950000000000000178, 0.9249999999999996003, 2.500000000000000000 ) ) ;
#77 = ORIENTED_EDGE ( 'NONE', *, *, #725, .T. ) ;
#78 = VECTOR ( 'NONE', #1537, 1000.000000000000000 ) ;
#79 = FACE_OUTER_BOUND ( 'NONE', #284, .T. ) ;
#80 = LINE ( 'NONE', #1798, #2829 ) ;
#81 = AXIS2_PLACEMENT_3D ( 'NONE', #2554, #2245, #4264 ) ;
#82 = EDGE_CURVE ( 'NONE', #1225, #3941, #2498, .T. ) ;
#83 = CARTESIAN_POINT ( 'NONE',  ( 3.690000000000000391, 5.375000000000000000, -4.870572098594924348 ) ) ;
#84 = ORIENTED_EDGE ( 'NONE', *, *, #1673, .T. ) ;
#85 = CARTESIAN_POINT ( 'NONE',  ( 5.950000000000000178, 0.9249999999999996003, 2.500000000000000000 ) ) ;
#86 = EDGE_CURVE ( 'NONE', #3907, #3771, #4164, .T. ) ;
#87 = EDGE_LOOP ( 'NONE', ( #2434, #3223, #1825, #321 ) ) ;
#88 = EDGE_CURVE ( 'NONE', #2112, #2666, #2102, .T. ) ;
#89 = VERTEX_POINT ( 'NONE', #2020 ) ;
#90 = FACE_OUTER_BOUND ( 'NONE', #4059, .T. ) ;
#91 = FACE_BOUND ( 'NONE', #2224, .T. ) ;
#92 = UNCERTAINTY_MEASURE_WITH_UNIT (LENGTH_MEASURE( 1.000000000000000082E-05 ), #3272, 'distance_accuracy_value', 'NONE');
#93 = DIRECTION ( 'NONE',  ( -1.000000000000000000, 0.000000000000000000, -0.000000000000000000 ) ) ;
#94 = CARTESIAN_POINT ( 'NONE',  ( -3.750000000000000000, -1.750638370251823612E-15, -0.7499999999999990008 ) ) ;
#95 = ORIENTED_EDGE ( 'NONE', *, *, #1914, .T. ) ;
#96 = CARTESIAN_POINT ( 'NONE',  ( 3.972363140661015368, 4.314340451562332923, 2.400000000000000799 ) ) ;
#97 = CARTESIAN_POINT ( 'NONE',  ( -4.250000000000000000, 5.100252258054534416, -0.7499999999999997780 ) ) ;
#98 = ORIENTED_EDGE ( 'NONE', *, *, #3641, .T. ) ;
#99 = EDGE_LOOP ( 'NONE', ( #2218, #3574, #2008, #65 ) ) ;
#100 = CARTESIAN_POINT ( 'NONE',  ( -0.5349999999999999201, 1.624999999999998890, -0.7499999999999995559 ) ) ;
#101 = EDGE_CURVE ( 'NONE', #1320, #3953, #2123, .T. ) ;
#102 = FACE_BOUND ( 'NONE', #27, .T. ) ;
#103 = DIRECTION ( 'NONE',  ( 0.7071067811865550112, 0.7071067811865400232, 0.000000000000000000 ) ) ;
#104 = ORIENTED_EDGE ( 'NONE', *, *, #3809, .T. ) ;
#105 = DIRECTION ( 'NONE',  ( 1.000000000000000000, 0.000000000000000000, 0.000000000000000000 ) ) ;
#106 = ORIENTED_EDGE ( 'NONE', *, *, #3289, .F. ) ;
#107 = ORIENTED_EDGE ( 'NONE', *, *, #3133, .F. ) ;
#108 = LINE ( 'NONE', #3092, #468 ) ;
#109 = LINE ( 'NONE', #1497, #2552 ) ;
#110 = DIRECTION ( 'NONE',  ( 1.000000000000000000, 2.168404344971008868E-16, -0.000000000000000000 ) ) ;
#111 = ORIENTED_EDGE ( 'NONE', *, *, #784, .F. ) ;
#112 = VECTOR ( 'NONE', #2166, 1000.000000000000000 ) ;
#113 = EDGE_CURVE ( 'NONE', #2044, #2030, #1144, .T. ) ;
#114 = LINE ( 'NONE', #1526, #1794 ) ;
#115 = LINE ( 'NONE', #142, #2925 ) ;
#116 = LINE ( 'NONE', #1083, #3534 ) ;
#117 = AXIS2_PLACEMENT_3D ( 'NONE', #1574, #872, #4177 ) ;
#118 = ORIENTED_EDGE ( 'NONE', *, *, #41, .T. ) ;
#119 = EDGE_CURVE ( 'NONE', #3616, #2710, #793, .T. ) ;
#120 = AXIS2_PLACEMENT_3D ( 'NONE', #1857, #3866, #3847 ) ;
#121 = ORIENTED_EDGE ( 'NONE', *, *, #1893, .T. ) ;
#122 = CARTESIAN_POINT ( 'NONE',  ( 4.765000000000000568, 6.250000000000006217, -2.500000000000000000 ) ) ;
#123 = DIRECTION ( 'NONE',  ( 1.000000000000000000, -2.168404344971008868E-16, 0.000000000000000000 ) ) ;
#124 = ADVANCED_FACE ( 'NONE', ( #3360 ), #690, .T. ) ;
#125 = VECTOR ( 'NONE', #2043, 1000.000000000000000 ) ;
#126 = DIRECTION ( 'NONE',  ( -1.000000000000000000, -0.000000000000000000, -0.000000000000000000 ) ) ;
#127 = EDGE_LOOP ( 'NONE', ( #2945, #1217, #3900, #3196 ) ) ;
#128 = VECTOR ( 'NONE', #3336, 1000.000000000000000 ) ;
#129 = DIRECTION ( 'NONE',  ( 1.000000000000000000, -0.000000000000000000, -0.000000000000000000 ) ) ;
#130 = VERTEX_POINT ( 'NONE', #1698 ) ;
#131 = VECTOR ( 'NONE', #2831, 1000.000000000000000 ) ;
#132 = DIRECTION ( 'NONE',  ( 0.7071067811865561215, 0.7071067811865389130, 0.000000000000000000 ) ) ;
#133 = LINE ( 'NONE', #792, #742 ) ;
#134 = LINE ( 'NONE', #4145, #4151 ) ;
#135 = CARTESIAN_POINT ( 'NONE',  ( 3.750000000000000000, 0.000000000000000000, 1.250000000000000000 ) ) ;
#136 = VECTOR ( 'NONE', #2781, 1000.000000000000000 ) ;
#137 = ORIENTED_EDGE ( 'NONE', *, *, #1563, .T. ) ;
#138 = DIRECTION ( 'NONE',  ( 1.000000000000000000, 0.000000000000000000, 0.000000000000000000 ) ) ;
#139 = VERTEX_POINT ( 'NONE', #501 ) ;
#140 = EDGE_CURVE ( 'NONE', #1918, #3617, #523, .T. ) ;
#141 = CARTESIAN_POINT ( 'NONE',  ( 2.250000000000000444, 1.624999999999999112, -4.870572098594924348 ) ) ;
#142 = CARTESIAN_POINT ( 'NONE',  ( 1.749999999999999778, -4.376595925629559029E-16, 1.250000000000000222 ) ) ;
#143 = CARTESIAN_POINT ( 'NONE',  ( -4.250000000000000000, 5.100252258054534416, -0.7499999999999997780 ) ) ;
#144 = VERTEX_POINT ( 'NONE', #1480 ) ;
#145 = CARTESIAN_POINT ( 'NONE',  ( -2.250000000000000444, 6.499999999999998224, 0.7500000000000000000 ) ) ;
#146 = CARTESIAN_POINT ( 'NONE',  ( -3.802363520876768543, -2.869119849266601019, -0.8023635208767684324 ) ) ;
#147 = VECTOR ( 'NONE', #3537, 1000.000000000000000 ) ;
#148 = DIRECTION ( 'NONE',  ( 0.000000000000000000, -1.000000000000000000, 0.000000000000000000 ) ) ;
#149 = VERTEX_POINT ( 'NONE', #2768 ) ;
#150 = LINE ( 'NONE', #1453, #2826 ) ;
#151 =( NAMED_UNIT ( * ) SI_UNIT ( $, .STERADIAN. ) SOLID_ANGLE_UNIT ( ) );
#152 = ORIENTED_EDGE ( 'NONE', *, *, #1477, .T. ) ;
#153 = CARTESIAN_POINT ( 'NONE',  ( -4.250000000000000000, 6.499999999999997335, -0.7499999999999990008 ) ) ;
#154 = PRESENTATION_LAYER_ASSIGNMENT (  '', '', ( #3215 ) ) ;
#155 = CARTESIAN_POINT ( 'NONE',  ( -2.250000000000000444, -1.312978777688867807E-15, -1.249999999999999556 ) ) ;
#156 = CARTESIAN_POINT ( 'NONE',  ( -5.950000000000001066, 4.250000000000000000, -0.1000000000000004774 ) ) ;
#157 = DIRECTION ( 'NONE',  ( 0.000000000000000000, -1.000000000000000000, 0.000000000000000000 ) ) ;
#158 = ORIENTED_EDGE ( 'NONE', *, *, #878, .F. ) ;
#159 = AXIS2_PLACEMENT_3D ( 'NONE', #3748, #1718, #138 ) ;
#160 = ORIENTED_EDGE ( 'NONE', *, *, #2507, .F. ) ;
#161 = CARTESIAN_POINT ( 'NONE',  ( -4.250000000000000000, 1.624999999999998002, -4.870572098594923460 ) ) ;
#162 = LINE ( 'NONE', #3704, #3208 ) ;
#163 = LINE ( 'NONE', #3671, #1400 ) ;
#164 = VERTEX_POINT ( 'NONE', #3034 ) ;
#165 = ORIENTED_EDGE ( 'NONE', *, *, #4187, .F. ) ;
#166 = FACE_OUTER_BOUND ( 'NONE', #4234, .T. ) ;
#167 = CARTESIAN_POINT ( 'NONE',  ( -2.240000000000005986, 5.375000000000000000, 2.225000000000000089 ) ) ;
#168 = CARTESIAN_POINT ( 'NONE',  ( -4.250000000000000000, 1.624999999999999778, -1.249999999999999334 ) ) ;
#169 = EDGE_LOOP ( 'NONE', ( #1524, #2045, #236, #3801 ) ) ;
#170 = DIRECTION ( 'NONE',  ( -0.000000000000000000, -1.239088197126290669E-15, 1.000000000000000000 ) ) ;
#171 = DIRECTION ( 'NONE',  ( 1.000000000000000000, 0.000000000000000000, -0.000000000000000000 ) ) ;
#172 = EDGE_LOOP ( 'NONE', ( #2365, #3795, #1785, #3872, #4047, #4166 ) ) ;
#173 = DIRECTION ( 'NONE',  ( 0.000000000000000000, -0.000000000000000000, 1.000000000000000000 ) ) ;
#174 = FACE_OUTER_BOUND ( 'NONE', #17, .T. ) ;
#175 = DIRECTION ( 'NONE',  ( -0.000000000000000000, 1.000000000000000000, 0.000000000000000000 ) ) ;
#176 = PLANE ( 'NONE',  #546 ) ;
#177 = EDGE_CURVE ( 'NONE', #439, #164, #48, .T. ) ;
#178 = ORIENTED_EDGE ( 'NONE', *, *, #3836, .T. ) ;
#179 = VERTEX_POINT ( 'NONE', #480 ) ;
#180 = DIRECTION ( 'NONE',  ( 0.000000000000000000, -1.338521200599385475E-16, 1.000000000000000000 ) ) ;
#181 = DIRECTION ( 'NONE',  ( 1.000000000000000000, 0.000000000000000000, -0.000000000000000000 ) ) ;
#182 = ORIENTED_EDGE ( 'NONE', *, *, #3419, .F. ) ;
#183 = VECTOR ( 'NONE', #3116, 1000.000000000000000 ) ;
#184 = VERTEX_POINT ( 'NONE', #817 ) ;
#185 = PLANE ( 'NONE',  #3889 ) ;
#186 = LINE ( 'NONE', #589, #3109 ) ;
#187 = AXIS2_PLACEMENT_3D ( 'NONE', #32, #3042, #13 ) ;
#188 = EDGE_CURVE ( 'NONE', #347, #4109, #3444, .T. ) ;
#189 = FACE_OUTER_BOUND ( 'NONE', #2954, .T. ) ;
#190 = LINE ( 'NONE', #4240, #2758 ) ;
#191 = AXIS2_PLACEMENT_3D ( 'NONE', #3240, #2916, #173 ) ;
#192 = ADVANCED_FACE ( 'NONE', ( #4101 ), #1845, .F. ) ;
#193 = CARTESIAN_POINT ( 'NONE',  ( 5.450000000000000178, 6.500000000000000000, 2.225000000000000089 ) ) ;
#194 = EDGE_LOOP ( 'NONE', ( #3302, #3837, #1710, #208 ) ) ;
#195 = AXIS2_PLACEMENT_3D ( 'NONE', #1917, #1839, #2905 ) ;
#196 = CARTESIAN_POINT ( 'NONE',  ( -5.950000000000001066, 6.274999999999999467, -0.8500000000000005329 ) ) ;
#197 = CARTESIAN_POINT ( 'NONE',  ( -5.950000000000001066, 6.275000000000004796, -0.1000000000000002137 ) ) ;
#198 = DIRECTION ( 'NONE',  ( 0.000000000000000000, 0.000000000000000000, 1.000000000000000000 ) ) ;
#199 = DIRECTION ( 'NONE',  ( -0.000000000000000000, -0.000000000000000000, 1.000000000000000000 ) ) ;
#200 = EDGE_CURVE ( 'NONE', #3370, #1326, #1781, .T. ) ;
#201 = VERTEX_POINT ( 'NONE', #1829 ) ;
#202 = AXIS2_PLACEMENT_3D ( 'NONE', #1171, #3786, #2061 ) ;
#203 = EDGE_CURVE ( 'NONE', #3383, #987, #1808, .T. ) ;
#204 = ORIENTED_EDGE ( 'NONE', *, *, #119, .T. ) ;
#205 = ADVANCED_FACE ( 'NONE', ( #1098 ), #1522, .T. ) ;
#206 = AXIS2_PLACEMENT_3D ( 'NONE', #3254, #555, #3521 ) ;
#207 = CARTESIAN_POINT ( 'NONE',  ( -5.950000000000001066, 6.275000000000004796, -0.1000000000000002137 ) ) ;
#208 = ORIENTED_EDGE ( 'NONE', *, *, #251, .F. ) ;
#209 = ORIENTED_EDGE ( 'NONE', *, *, #569, .F. ) ;
#210 = DIRECTION ( 'NONE',  ( 1.000000000000000000, 0.000000000000000000, 0.000000000000000000 ) ) ;
#211 = DIRECTION ( 'NONE',  ( -0.000000000000000000, 0.000000000000000000, -1.000000000000000000 ) ) ;
#212 = EDGE_CURVE ( 'NONE', #1793, #1326, #134, .T. ) ;
#213 = VERTEX_POINT ( 'NONE', #578 ) ;
#214 = LINE ( 'NONE', #3260, #2398 ) ;
#215 = CARTESIAN_POINT ( 'NONE',  ( 1.465000000000000080, 1.624999999999999334, 0.7499999999999998890 ) ) ;
#216 = ORIENTED_EDGE ( 'NONE', *, *, #1215, .T. ) ;
#217 = EDGE_CURVE ( 'NONE', #3703, #4210, #917, .T. ) ;
#218 =( GEOMETRIC_REPRESENTATION_CONTEXT ( 3 ) GLOBAL_UNCERTAINTY_ASSIGNED_CONTEXT ( ( #1639 ) ) GLOBAL_UNIT_ASSIGNED_CONTEXT ( ( #228, #863, #2191 ) ) REPRESENTATION_CONTEXT ( 'NONE', 'WORKASPACE' ) );
#219 = CARTESIAN_POINT ( 'NONE',  ( -5.450000000000001954, 4.250000000000000000, -0.1000000000000004774 ) ) ;
#220 = ADVANCED_FACE ( 'NONE', ( #2211 ), #3288, .F. ) ;
#221 = CARTESIAN_POINT ( 'NONE',  ( -4.765000000000000568, 6.250000000000003553, -2.500000000000000000 ) ) ;
#222 = VECTOR ( 'NONE', #4241, 1000.000000000000000 ) ;
#223 = CARTESIAN_POINT ( 'NONE',  ( -1.749999999999999778, 6.499999999999998224, 0.7500000000000000000 ) ) ;
#224 = ADVANCED_FACE ( 'NONE', ( #561 ), #4268, .T. ) ;
#225 = ORIENTED_EDGE ( 'NONE', *, *, #1270, .F. ) ;
#226 = ORIENTED_EDGE ( 'NONE', *, *, #1546, .F. ) ;
#227 = DIRECTION ( 'NONE',  ( -0.000000000000000000, 0.000000000000000000, -1.000000000000000000 ) ) ;
#228 =( LENGTH_UNIT ( ) NAMED_UNIT ( * ) SI_UNIT ( .MILLI., .METRE. ) );
#229 = CARTESIAN_POINT ( 'NONE',  ( 5.950000000000000178, 6.500000000000000000, 2.500000000000000444 ) ) ;
#230 = ORIENTED_EDGE ( 'NONE', *, *, #1738, .T. ) ;
#231 = ORIENTED_EDGE ( 'NONE', *, *, #2202, .F. ) ;
#232 = FACE_OUTER_BOUND ( 'NONE', #2534, .T. ) ;
#233 = DIRECTION ( 'NONE',  ( 1.000000000000000000, -9.735864185311366195E-17, 0.000000000000000000 ) ) ;
#234 = DIRECTION ( 'NONE',  ( -0.3236155771181846164, -0.8891264907159893705, -0.3236155771181818963 ) ) ;
#235 = DIRECTION ( 'NONE',  ( 0.000000000000000000, -0.7071067811865393571, -0.7071067811865555663 ) ) ;
#236 = ORIENTED_EDGE ( 'NONE', *, *, #2071, .T. ) ;
#237 = CARTESIAN_POINT ( 'NONE',  ( -0.2500000000000002220, 1.625000000000000666, -1.249999999999999556 ) ) ;
#238 = CARTESIAN_POINT ( 'NONE',  ( -4.197636479123232789, 5.244119849266593469, -0.8023635208767667670 ) ) ;
#239 = CARTESIAN_POINT ( 'NONE',  ( -5.950000000000001066, 4.250000000000000000, -0.8500000000000005329 ) ) ;
#240 = ORIENTED_EDGE ( 'NONE', *, *, #725, .F. ) ;
#241 = EDGE_CURVE ( 'NONE', #1644, #4109, #2560, .T. ) ;
#242 = ORIENTED_EDGE ( 'NONE', *, *, #188, .T. ) ;
#243 = LINE ( 'NONE', #1548, #4041 ) ;
#244 =( NAMED_UNIT ( * ) PLANE_ANGLE_UNIT ( ) SI_UNIT ( $, .RADIAN. ) );
#245 = EDGE_CURVE ( 'NONE', #3128, #598, #3225, .T. ) ;
#246 = EDGE_LOOP ( 'NONE', ( #972, #300, #2477, #1615 ) ) ;
#247 = ORIENTED_EDGE ( 'NONE', *, *, #680, .T. ) ;
#248 = LINE ( 'NONE', #853, #818 ) ;
#249 = CARTESIAN_POINT ( 'NONE',  ( -0.2500000000000002220, 1.625000000000000666, 0.7499999999999997780 ) ) ;
#250 = AXIS2_PLACEMENT_3D ( 'NONE', #223, #1268, #301 ) ;
#251 = EDGE_CURVE ( 'NONE', #1420, #1250, #1248, .T. ) ;
#252 = EDGE_CURVE ( 'NONE', #4218, #3567, #3589, .T. ) ;
#253 = DIRECTION ( 'NONE',  ( 0.000000000000000000, -1.000000000000000000, 0.000000000000000000 ) ) ;
#254 = CARTESIAN_POINT ( 'NONE',  ( 3.750000000000000000, 0.000000000000000000, -0.7499999999999995559 ) ) ;
#255 = ORIENTED_EDGE ( 'NONE', *, *, #2942, .F. ) ;
#256 = DIRECTION ( 'NONE',  ( -1.000000000000000000, -2.168404344971008868E-16, 0.000000000000000000 ) ) ;
#257 = CARTESIAN_POINT ( 'NONE',  ( -3.750000000000000000, 1.624999999999997780, -4.870572098594923460 ) ) ;
#258 = AXIS2_PLACEMENT_3D ( 'NONE', #2854, #3914, #577 ) ;
#259 = DIRECTION ( 'NONE',  ( 0.000000000000000000, 1.000000000000000000, 0.000000000000000000 ) ) ;
#260 = ORIENTED_EDGE ( 'NONE', *, *, #3481, .T. ) ;
#261 = ORIENTED_EDGE ( 'NONE', *, *, #3862, .F. ) ;
#262 = VECTOR ( 'NONE', #436, 1000.000000000000000 ) ;
#263 = DIRECTION ( 'NONE',  ( -0.000000000000000000, -0.000000000000000000, 1.000000000000000000 ) ) ;
#264 = VECTOR ( 'NONE', #3824, 1000.000000000000000 ) ;
#265 = LINE ( 'NONE', #583, #894 ) ;
#266 = CARTESIAN_POINT ( 'NONE',  ( -5.450000000000001066, 1.624999999999999112, 2.225000000000000089 ) ) ;
#267 = ORIENTED_EDGE ( 'NONE', *, *, #1330, .T. ) ;
#268 = ADVANCED_FACE ( 'NONE', ( #3937 ), #880, .T. ) ;
#269 = VECTOR ( 'NONE', #707, 1000.000000000000000 ) ;
#270 = CARTESIAN_POINT ( 'NONE',  ( -4.500000000000000000, 3.649999999999999911, 2.500000000000000444 ) ) ;
#271 = EDGE_CURVE ( 'NONE', #3273, #3720, #1582, .T. ) ;
#272 = ORIENTED_EDGE ( 'NONE', *, *, #1148, .F. ) ;
#273 = PLANE ( 'NONE',  #206 ) ;
#274 = CARTESIAN_POINT ( 'NONE',  ( 3.689999999999999947, 5.375000000000000000, 2.224999999999999645 ) ) ;
#275 = AXIS2_PLACEMENT_3D ( 'NONE', #2591, #210, #3928 ) ;
#276 = EDGE_LOOP ( 'NONE', ( #1590, #4147, #1444, #3338, #2633, #1429 ) ) ;
#277 = CARTESIAN_POINT ( 'NONE',  ( -3.750000000000000000, -2.725252258054539745, -0.7499999999999997780 ) ) ;
#278 = LINE ( 'NONE', #929, #2471 ) ;
#279 = CARTESIAN_POINT ( 'NONE',  ( -3.465000000000000746, 5.150000000000005684, 2.500000000000000444 ) ) ;
#280 = ORIENTED_EDGE ( 'NONE', *, *, #3337, .T. ) ;
#281 = CARTESIAN_POINT ( 'NONE',  ( -0.2500000000000002220, 1.624999999999998890, -4.870572098594924348 ) ) ;
#282 = CARTESIAN_POINT ( 'NONE',  ( -5.950000000000001066, 0.4249999999999999889, 2.149999999999999911 ) ) ;
#283 = VECTOR ( 'NONE', #1474, 1000.000000000000000 ) ;
#284 = EDGE_LOOP ( 'NONE', ( #1734, #528, #3475, #231 ) ) ;
#285 = ORIENTED_EDGE ( 'NONE', *, *, #2889, .T. ) ;
#286 = CARTESIAN_POINT ( 'NONE',  ( 3.465000000000000746, 5.150000000000004796, 2.500000000000000444 ) ) ;
#287 = DIRECTION ( 'NONE',  ( -1.000000000000000000, 0.000000000000000000, -0.000000000000000000 ) ) ;
#288 = ORIENTED_EDGE ( 'NONE', *, *, #3284, .T. ) ;
#289 = DIRECTION ( 'NONE',  ( 1.000000000000000000, 9.605334861444114745E-17, 0.000000000000000000 ) ) ;
#290 = ORIENTED_EDGE ( 'NONE', *, *, #3627, .T. ) ;
#291 = CARTESIAN_POINT ( 'NONE',  ( -4.250000000000000000, 6.499999999999997335, -1.249999999999999334 ) ) ;
#292 = FACE_OUTER_BOUND ( 'NONE', #1865, .T. ) ;
#293 = EDGE_LOOP ( 'NONE', ( #1001, #2160, #2124, #1513 ) ) ;
#294 = CARTESIAN_POINT ( 'NONE',  ( -5.950000000000000178, 6.500000000000000000, 2.500000000000000444 ) ) ;
#295 = CARTESIAN_POINT ( 'NONE',  ( -0.2500000000000002220, 6.499999999999998224, -1.249999999999999556 ) ) ;
#296 = DIRECTION ( 'NONE',  ( 0.000000000000000000, 0.000000000000000000, -1.000000000000000000 ) ) ;
#297 = ORIENTED_EDGE ( 'NONE', *, *, #784, .T. ) ;
#298 = CARTESIAN_POINT ( 'NONE',  ( 5.450000000000000178, 6.500000000000000000, 2.225000000000000089 ) ) ;
#299 = CONTEXT_DEPENDENT_SHAPE_REPRESENTATION ( #2171, #4015 ) ;
#300 = ORIENTED_EDGE ( 'NONE', *, *, #2942, .T. ) ;
#301 = DIRECTION ( 'NONE',  ( 0.000000000000000000, 0.000000000000000000, 1.000000000000000000 ) ) ;
#302 = ORIENTED_EDGE ( 'NONE', *, *, #2964, .T. ) ;
#303 = VERTEX_POINT ( 'NONE', #282 ) ;
#304 = DIRECTION ( 'NONE',  ( -0.000000000000000000, -0.000000000000000000, 1.000000000000000000 ) ) ;
#305 = EDGE_CURVE ( 'NONE', #1758, #2495, #596, .T. ) ;
#306 = DIRECTION ( 'NONE',  ( 1.000000000000000000, 0.000000000000000000, 0.000000000000000000 ) ) ;
#307 = EDGE_LOOP ( 'NONE', ( #3071, #3242, #488, #3330 ) ) ;
#308 = DIRECTION ( 'NONE',  ( -0.000000000000000000, -0.000000000000000000, 1.000000000000000000 ) ) ;
#309 = ORIENTED_EDGE ( 'NONE', *, *, #3672, .T. ) ;
#310 = LINE ( 'NONE', #1308, #1168 ) ;
#311 = LINE ( 'NONE', #1661, #2691 ) ;
#312 = DIRECTION ( 'NONE',  ( 1.000000000000000000, 0.000000000000000000, 0.000000000000000000 ) ) ;
#313 = DIRECTION ( 'NONE',  ( 1.000000000000000000, 0.000000000000000000, 0.000000000000000000 ) ) ;
#314 = LINE ( 'NONE', #340, #1606 ) ;
#315 = EDGE_LOOP ( 'NONE', ( #3743, #2315, #2412, #3494 ) ) ;
#316 =( REPRESENTATION_RELATIONSHIP ('NONE','NONE', #1201, #2609 ) REPRESENTATION_RELATIONSHIP_WITH_TRANSFORMATION ( #981 )SHAPE_REPRESENTATION_RELATIONSHIP( ) );
#317 = ADVANCED_FACE ( 'NONE', ( #1607 ), #2939, .F. ) ;
#318 = VECTOR ( 'NONE', #1360, 1000.000000000000000 ) ;
#319 = CARTESIAN_POINT ( 'NONE',  ( 1.749999999999999778, -4.376595925629559029E-16, 0.7499999999999996669 ) ) ;
#320 = CONTEXT_DEPENDENT_SHAPE_REPRESENTATION ( #2091, #2840 ) ;
#321 = ORIENTED_EDGE ( 'NONE', *, *, #1578, .T. ) ;
#322 = EDGE_CURVE ( 'NONE', #1326, #2920, #2597, .T. ) ;
#323 = LINE ( 'NONE', #2692, #318 ) ;
#324 = ORIENTED_EDGE ( 'NONE', *, *, #4114, .F. ) ;
#325 = EDGE_CURVE ( 'NONE', #2350, #2906, #3917, .T. ) ;
#326 = VERTEX_POINT ( 'NONE', #3855 ) ;
#327 = AXIS2_PLACEMENT_3D ( 'NONE', #2285, #3630, #628 ) ;
#328 = LINE ( 'NONE', #1030, #2266 ) ;
#329 = EDGE_CURVE ( 'NONE', #2338, #1408, #2896, .T. ) ;
#330 = VECTOR ( 'NONE', #3285, 1000.000000000000000 ) ;
#331 = ORIENTED_EDGE ( 'NONE', *, *, #2305, .T. ) ;
#332 = VECTOR ( 'NONE', #4139, 1000.000000000000000 ) ;
#333 = FACE_OUTER_BOUND ( 'NONE', #1052, .T. ) ;
#334 = CARTESIAN_POINT ( 'NONE',  ( -4.250000000000000000, -1.750638370251823612E-15, 0.7500000000000001110 ) ) ;
#335 = DIRECTION ( 'NONE',  ( -0.7071067811865388020, 0.7071067811865563435, 0.000000000000000000 ) ) ;
#336 = AXIS2_PLACEMENT_3D ( 'NONE', #3812, #1124, #3279 ) ;
#337 = AXIS2_PLACEMENT_3D ( 'NONE', #145, #740, #2093 ) ;
#338 = CARTESIAN_POINT ( 'NONE',  ( 1.749999999999999778, 1.625000000000000222, -0.7499999999999997780 ) ) ;
#339 = CARTESIAN_POINT ( 'NONE',  ( -4.765000000000000568, 5.624999999999993783, -2.500000000000000000 ) ) ;
#340 = CARTESIAN_POINT ( 'NONE',  ( -4.500000000000000888, 2.299999999999999822, -4.870572098594924348 ) ) ;
#341 = ADVANCED_FACE ( 'NONE', ( #1869 ), #1229, .T. ) ;
#342 = DIRECTION ( 'NONE',  ( 0.000000000000000000, 0.000000000000000000, -1.000000000000000000 ) ) ;
#343 = ORIENTED_EDGE ( 'NONE', *, *, #1006, .F. ) ;
#344 = DIRECTION ( 'NONE',  ( -0.7071067811865561215, 0.7071067811865389130, 0.000000000000000000 ) ) ;
#345 = EDGE_CURVE ( 'NONE', #1544, #2393, #2584, .T. ) ;
#346 = ORIENTED_EDGE ( 'NONE', *, *, #2823, .F. ) ;
#347 = VERTEX_POINT ( 'NONE', #4201 ) ;
#348 = EDGE_CURVE ( 'NONE', #3969, #4225, #1208, .T. ) ;
#349 = DIRECTION ( 'NONE',  ( 7.228014483236699514E-16, 1.000000000000000000, 0.000000000000000000 ) ) ;
#350 = EDGE_CURVE ( 'NONE', #3805, #2657, #2336, .T. ) ;
#351 = VECTOR ( 'NONE', #2368, 1000.000000000000000 ) ;
#352 = CARTESIAN_POINT ( 'NONE',  ( 5.450000000000000178, 1.625000000000001332, 2.225000000000000089 ) ) ;
#353 = SURFACE_STYLE_USAGE ( .BOTH. , #1997 ) ;
#354 = VERTEX_POINT ( 'NONE', #2055 ) ;
#355 = CARTESIAN_POINT ( 'NONE',  ( -5.450000000000001954, 1.624999999999999778, 2.225000000000000089 ) ) ;
#356 = DIRECTION ( 'NONE',  ( 1.000000000000000000, -0.000000000000000000, -0.000000000000000000 ) ) ;
#357 = LINE ( 'NONE', #2001, #2626 ) ;
#358 = DIRECTION ( 'NONE',  ( 3.329861664059410138E-17, 0.3420201433256658263, -0.9396926207859095381 ) ) ;
#359 = CARTESIAN_POINT ( 'NONE',  ( 1.465000000000000080, 1.624999999999999334, 1.250000000000000444 ) ) ;
#360 = PLANE ( 'NONE',  #1154 ) ;
#361 = CARTESIAN_POINT ( 'NONE',  ( -0.2500000000000002220, -8.753191851259118059E-16, 0.7499999999999997780 ) ) ;
#362 = LINE ( 'NONE', #16, #873 ) ;
#363 = CONTEXT_DEPENDENT_SHAPE_REPRESENTATION ( #2709, #3045 ) ;
#364 = VERTEX_POINT ( 'NONE', #62 ) ;
#365 = LINE ( 'NONE', #37, #1430 ) ;
#366 = ORIENTED_EDGE ( 'NONE', *, *, #3921, .F. ) ;
#367 = ORIENTED_EDGE ( 'NONE', *, *, #711, .F. ) ;
#368 = CARTESIAN_POINT ( 'NONE',  ( -4.250000000000000000, -2.725252258054539745, -0.7499999999999997780 ) ) ;
#369 = LINE ( 'NONE', #3374, #3605 ) ;
#370 = SURFACE_STYLE_FILL_AREA ( #3990 ) ;
#371 = ORIENTED_EDGE ( 'NONE', *, *, #1638, .F. ) ;
#372 = DIRECTION ( 'NONE',  ( -0.000000000000000000, -0.000000000000000000, 1.000000000000000000 ) ) ;
#373 = DIRECTION ( 'NONE',  ( 1.000000000000000000, 0.000000000000000000, -0.000000000000000000 ) ) ;
#374 = EDGE_CURVE ( 'NONE', #2111, #1955, #2031, .T. ) ;
#375 = DIRECTION ( 'NONE',  ( -2.460600675144407758E-16, -1.000000000000000000, -0.000000000000000000 ) ) ;
#376 = DIRECTION ( 'NONE',  ( -1.000000000000000000, 0.000000000000000000, 0.000000000000000000 ) ) ;
#377 = EDGE_CURVE ( 'NONE', #2387, #2495, #1627, .T. ) ;
#378 = PLANE ( 'NONE',  #2775 ) ;
#379 = DIRECTION ( 'NONE',  ( -0.7071067811865389130, -0.7071067811865561215, 0.000000000000000000 ) ) ;
#380 = EDGE_CURVE ( 'NONE', #389, #1060, #1319, .T. ) ;
#381 = DIRECTION ( 'NONE',  ( 0.000000000000000000, 0.000000000000000000, -1.000000000000000000 ) ) ;
#382 = EDGE_CURVE ( 'NONE', #3358, #2428, #4028, .T. ) ;
#383 = CARTESIAN_POINT ( 'NONE',  ( -5.950000000000001066, 6.274999999999999467, -0.8500000000000005329 ) ) ;
#384 = EDGE_CURVE ( 'NONE', #987, #4210, #323, .T. ) ;
#385 = ITEM_DEFINED_TRANSFORMATION ( 'NONE', 'NONE', #2872,  #3349 ) ;
#386 = ORIENTED_EDGE ( 'NONE', *, *, #1298, .F. ) ;
#387 = CARTESIAN_POINT ( 'NONE',  ( -3.465000000000001190, 5.150000000000005684, 2.224999999999999645 ) ) ;
#388 = CARTESIAN_POINT ( 'NONE',  ( -5.124999999999999112, 3.649999999999999911, 2.224999999999999645 ) ) ;
#389 = VERTEX_POINT ( 'NONE', #1649 ) ;
#390 = ORIENTED_EDGE ( 'NONE', *, *, #2269, .F. ) ;
#391 = LINE ( 'NONE', #2382, #4226 ) ;
#392 = DIRECTION ( 'NONE',  ( 1.000000000000000000, 0.000000000000000000, 0.000000000000000000 ) ) ;
#393 = PRODUCT_CONTEXT ( 'NONE', #2482, 'mechanical' ) ;
#394 = VERTEX_POINT ( 'NONE', #1293 ) ;
#395 = VECTOR ( 'NONE', #717, 1000.000000000000000 ) ;
#396 = CARTESIAN_POINT ( 'NONE',  ( -3.465000000000000302, 1.624999999999999556, 2.225000000000000089 ) ) ;
#397 = AXIS2_PLACEMENT_3D ( 'NONE', #1723, #3082, #1419 ) ;
#398 = PRODUCT_DEFINITION_SHAPE ( 'NONE', 'NONE',  #2467 ) ;
#399 = CARTESIAN_POINT ( 'NONE',  ( 2.250000000000000444, 6.499999999999999112, -0.7499999999999994449 ) ) ;
#400 = PLANE ( 'NONE',  #397 ) ;
#401 = EDGE_CURVE ( 'NONE', #201, #1341, #1708, .T. ) ;
#402 = ORIENTED_EDGE ( 'NONE', *, *, #3974, .F. ) ;
#403 = AXIS2_PLACEMENT_3D ( 'NONE', #3294, #3601, #2926 ) ;
#404 = EDGE_CURVE ( 'NONE', #433, #3328, #1045, .T. ) ;
#405 = ORIENTED_EDGE ( 'NONE', *, *, #1466, .F. ) ;
#406 = EDGE_CURVE ( 'NONE', #149, #1502, #983, .T. ) ;
#407 = CARTESIAN_POINT ( 'NONE',  ( -3.464999999999999414, 6.500000000000000000, -2.500000000000000000 ) ) ;
#408 = DIRECTION ( 'NONE',  ( 0.5000000000000011102, -0.8660254037844380415, 0.000000000000000000 ) ) ;
#409 = VECTOR ( 'NONE', #31, 1000.000000000000000 ) ;
#410 = CARTESIAN_POINT ( 'NONE',  ( -5.950000000000001066, 6.500000000000000000, 0.1250000000000001110 ) ) ;
#411 = AXIS2_PLACEMENT_3D ( 'NONE', #1397, #4085, #2732 ) ;
#412 = CARTESIAN_POINT ( 'NONE',  ( -0.2500000000000002220, 1.624999999999998890, -4.870572098594924348 ) ) ;
#413 = VERTEX_POINT ( 'NONE', #2378 ) ;
#414 = LINE ( 'NONE', #746, #4219 ) ;
#415 = ORIENTED_EDGE ( 'NONE', *, *, #2528, .F. ) ;
#416 = ORIENTED_EDGE ( 'NONE', *, *, #530, .F. ) ;
#417 = CARTESIAN_POINT ( 'NONE',  ( 5.124999999999999112, 2.299999999999999822, 2.500000000000000444 ) ) ;
#418 = DIRECTION ( 'NONE',  ( 1.000000000000000000, -0.000000000000000000, -0.000000000000000000 ) ) ;
#419 = CARTESIAN_POINT ( 'NONE',  ( -4.250000000000000000, 6.499999999999997335, -0.7499999999999990008 ) ) ;
#420 = EDGE_LOOP ( 'NONE', ( #2231, #118, #1755, #3062 ) ) ;
#421 = PLANE ( 'NONE',  #2006 ) ;
#422 = FACE_BOUND ( 'NONE', #3448, .T. ) ;
#423 = VERTEX_POINT ( 'NONE', #3637 ) ;
#424 = PRESENTATION_LAYER_ASSIGNMENT (  '', '', ( #2083 ) ) ;
#425 = ORIENTED_EDGE ( 'NONE', *, *, #2324, .F. ) ;
#426 = DIRECTION ( 'NONE',  ( 0.000000000000000000, -1.000000000000000000, -1.338521200599385475E-16 ) ) ;
#427 = LINE ( 'NONE', #3778, #47 ) ;
#428 = AXIS2_PLACEMENT_3D ( 'NONE', #4149, #2329, #56 ) ;
#429 = CARTESIAN_POINT ( 'NONE',  ( -0.2500000000000002220, -8.753191851259118059E-16, -1.249999999999999556 ) ) ;
#430 = ORIENTED_EDGE ( 'NONE', *, *, #2026, .T. ) ;
#431 = AXIS2_PLACEMENT_3D ( 'NONE', #3120, #1393, #1460 ) ;
#432 = CARTESIAN_POINT ( 'NONE',  ( 5.015000000000000568, 6.499999999999999112, 2.225000000000000089 ) ) ;
#433 = VERTEX_POINT ( 'NONE', #3714 ) ;
#434 = EDGE_LOOP ( 'NONE', ( #3069, #4073, #2449, #2812 ) ) ;
#435 = DIRECTION ( 'NONE',  ( 1.000000000000000000, -6.424901762877063495E-16, 0.000000000000000000 ) ) ;
#436 = DIRECTION ( 'NONE',  ( 0.000000000000000000, -0.000000000000000000, 1.000000000000000000 ) ) ;
#437 = CARTESIAN_POINT ( 'NONE',  ( -4.765000000000000568, 6.250000000000003553, -2.500000000000000000 ) ) ;
#438 = DIRECTION ( 'NONE',  ( 1.000000000000000000, 0.000000000000000000, 0.000000000000000000 ) ) ;
#439 = VERTEX_POINT ( 'NONE', #387 ) ;
#440 = ADVANCED_FACE ( 'NONE', ( #2314 ), #960, .F. ) ;
#441 = DIRECTION ( 'NONE',  ( -1.000000000000000000, 0.000000000000000000, -0.000000000000000000 ) ) ;
#442 = DIRECTION ( 'NONE',  ( -0.7071067811865550112, -0.7071067811865400232, 0.000000000000000000 ) ) ;
#443 = CARTESIAN_POINT ( 'NONE',  ( 4.514999999999999680, 5.375000000000000000, 2.500000000000000444 ) ) ;
#444 = ORIENTED_EDGE ( 'NONE', *, *, #1507, .T. ) ;
#445 = VERTEX_POINT ( 'NONE', #3050 ) ;
#446 = DIRECTION ( 'NONE',  ( 0.000000000000000000, -0.3420201433256714885, -0.9396926207859074287 ) ) ;
#447 = LINE ( 'NONE', #2373, #395 ) ;
#448 = CARTESIAN_POINT ( 'NONE',  ( 0.000000000000000000, 6.500000000000000000, 0.000000000000000000 ) ) ;
#449 = DIRECTION ( 'NONE',  ( 0.000000000000000000, 0.000000000000000000, 1.000000000000000000 ) ) ;
#450 = ORIENTED_EDGE ( 'NONE', *, *, #1890, .F. ) ;
#451 = EDGE_CURVE ( 'NONE', #2805, #213, #721, .T. ) ;
#452 = CARTESIAN_POINT ( 'NONE',  ( 5.015000000000000568, 6.499999999999999112, 2.500000000000000444 ) ) ;
#453 = CARTESIAN_POINT ( 'NONE',  ( -5.950000000000001066, 6.275000000000004796, -0.1000000000000002137 ) ) ;
#454 = CARTESIAN_POINT ( 'NONE',  ( -3.690000000000000391, 5.375000000000000000, 2.224999999999999645 ) ) ;
#455 = CARTESIAN_POINT ( 'NONE',  ( -0.2500000000000002220, -8.753191851259118059E-16, 1.250000000000000444 ) ) ;
#456 = ORIENTED_EDGE ( 'NONE', *, *, #2810, .T. ) ;
#457 = DIRECTION ( 'NONE',  ( 1.000000000000000000, 0.000000000000000000, 0.000000000000000000 ) ) ;
#458 = ORIENTED_EDGE ( 'NONE', *, *, #3825, .T. ) ;
#459 = AXIS2_PLACEMENT_3D ( 'NONE', #3615, #3267, #900 ) ;
#460 = PLANE ( 'NONE',  #3536 ) ;
#461 = DIRECTION ( 'NONE',  ( 0.000000000000000000, -1.000000000000000000, 0.000000000000000000 ) ) ;
#462 = FACE_OUTER_BOUND ( 'NONE', #276, .T. ) ;
#463 = ORIENTED_EDGE ( 'NONE', *, *, #3214, .T. ) ;
#464 = VECTOR ( 'NONE', #1350, 1000.000000000000000 ) ;
#465 = VERTEX_POINT ( 'NONE', #676 ) ;
#466 = FACE_OUTER_BOUND ( 'NONE', #307, .T. ) ;
#467 = CARTESIAN_POINT ( 'NONE',  ( 4.765000000000000568, 5.624999999999994671, 2.500000000000000444 ) ) ;
#468 = VECTOR ( 'NONE', #132, 1000.000000000000000 ) ;
#469 = FACE_OUTER_BOUND ( 'NONE', #3453, .T. ) ;
#470 = ORIENTED_EDGE ( 'NONE', *, *, #851, .F. ) ;
#471 = AXIS2_PLACEMENT_3D ( 'NONE', #2862, #582, #3859 ) ;
#472 = PLANE ( 'NONE',  #43 ) ;
#473 = PLANE ( 'NONE',  #1535 ) ;
#474 = ORIENTED_EDGE ( 'NONE', *, *, #2774, .T. ) ;
#475 = AXIS2_PLACEMENT_3D ( 'NONE', #277, #3930, #2264 ) ;
#476 = FACE_OUTER_BOUND ( 'NONE', #2079, .T. ) ;
#477 = EDGE_CURVE ( 'NONE', #3089, #2735, #3327, .T. ) ;
#478 = LINE ( 'NONE', #3140, #1995 ) ;
#479 = ADVANCED_BREP_SHAPE_REPRESENTATION ( '', ( #3686, #3349 ), #2157 ) ;
#480 = CARTESIAN_POINT ( 'NONE',  ( -3.465000000000000746, 5.150000000000005684, 2.500000000000000444 ) ) ;
#481 = DIRECTION ( 'NONE',  ( 1.000000000000000000, 0.000000000000000000, 0.000000000000000000 ) ) ;
#482 = VECTOR ( 'NONE', #2707, 1000.000000000000000 ) ;
#483 = ORIENTED_EDGE ( 'NONE', *, *, #2687, .F. ) ;
#484 = ORIENTED_EDGE ( 'NONE', *, *, #1395, .T. ) ;
#485 = EDGE_CURVE ( 'NONE', #1928, #2232, #655, .T. ) ;
#486 = FACE_OUTER_BOUND ( 'NONE', #984, .T. ) ;
#487 = FACE_OUTER_BOUND ( 'NONE', #1769, .T. ) ;
#488 = ORIENTED_EDGE ( 'NONE', *, *, #1022, .F. ) ;
#489 = ORIENTED_EDGE ( 'NONE', *, *, #3790, .T. ) ;
#490 = DIRECTION ( 'NONE',  ( 0.000000000000000000, 0.000000000000000000, -1.000000000000000000 ) ) ;
#491 = LINE ( 'NONE', #3153, #3184 ) ;
#492 =( GEOMETRIC_REPRESENTATION_CONTEXT ( 3 ) GLOBAL_UNCERTAINTY_ASSIGNED_CONTEXT ( ( #2340 ) ) GLOBAL_UNIT_ASSIGNED_CONTEXT ( ( #3547, #2140, #151 ) ) REPRESENTATION_CONTEXT ( 'NONE', 'WORKASPACE' ) );
#493 = LINE ( 'NONE', #4233, #2909 ) ;
#494 = EDGE_CURVE ( 'NONE', #3986, #1269, #1670, .T. ) ;
#495 = VERTEX_POINT ( 'NONE', #1339 ) ;
#496 = LINE ( 'NONE', #4095, #3382 ) ;
#497 = PLANE ( 'NONE',  #3622 ) ;
#498 = ORIENTED_EDGE ( 'NONE', *, *, #2330, .F. ) ;
#499 = DIRECTION ( 'NONE',  ( 1.000000000000000000, 9.605334861444114745E-17, 0.000000000000000000 ) ) ;
#500 = PLANE ( 'NONE',  #1861 ) ;
#501 = CARTESIAN_POINT ( 'NONE',  ( 1.749999999999999778, 1.625000000000001110, 1.250000000000000222 ) ) ;
#502 = CARTESIAN_POINT ( 'NONE',  ( 5.950000000000000178, 0.4250000000000017653, 2.500000000000000444 ) ) ;
#503 = ORIENTED_EDGE ( 'NONE', *, *, #212, .F. ) ;
#504 = ORIENTED_EDGE ( 'NONE', *, *, #3111, .F. ) ;
#505 = PRODUCT_DEFINITION_SHAPE ( 'NONE', 'NONE',  #4156 ) ;
#506 = LINE ( 'NONE', #3517, #2999 ) ;
#507 = DIRECTION ( 'NONE',  ( 1.000000000000000000, 9.605334861444114745E-17, 0.000000000000000000 ) ) ;
#508 = ORIENTED_EDGE ( 'NONE', *, *, #1986, .T. ) ;
#509 = EDGE_CURVE ( 'NONE', #3567, #4097, #2667, .T. ) ;
#510 = EDGE_LOOP ( 'NONE', ( #3118, #2460, #1979, #1671 ) ) ;
#511 = LINE ( 'NONE', #1837, #2345 ) ;
#512 = CARTESIAN_POINT ( 'NONE',  ( 3.972363140661015368, 4.314340451562332923, 2.500000000000000444 ) ) ;
#513 = EDGE_CURVE ( 'NONE', #3941, #4087, #365, .T. ) ;
#514 = LINE ( 'NONE', #1306, #2839 ) ;
#515 = EDGE_CURVE ( 'NONE', #2500, #423, #3026, .T. ) ;
#516 = ADVANCED_FACE ( 'NONE', ( #2447 ), #3741, .T. ) ;
#517 = CARTESIAN_POINT ( 'NONE',  ( -5.450000000000001954, 4.250000000000000000, -0.8500000000000005329 ) ) ;
#518 = CARTESIAN_POINT ( 'NONE',  ( -5.015000000000000568, 6.499999999999998224, 2.500000000000000444 ) ) ;
#519 = ORIENTED_EDGE ( 'NONE', *, *, #3145, .T. ) ;
#520 = EDGE_CURVE ( 'NONE', #1467, #850, #150, .T. ) ;
#521 = CARTESIAN_POINT ( 'NONE',  ( -4.250000000000000000, -2.725252258054539745, -1.250000000000000222 ) ) ;
#522 = CARTESIAN_POINT ( 'NONE',  ( -4.150000000000000355, -3.000000000000000000, -0.8500000000000000888 ) ) ;
#523 = LINE ( 'NONE', #156, #992 ) ;
#524 = ORIENTED_EDGE ( 'NONE', *, *, #553, .T. ) ;
#525 = ORIENTED_EDGE ( 'NONE', *, *, #1107, .F. ) ;
#526 = CARTESIAN_POINT ( 'NONE',  ( -3.850000000000000089, -3.000000000000000000, -0.7499999999999997780 ) ) ;
#527 = LINE ( 'NONE', #2505, #2513 ) ;
#528 = ORIENTED_EDGE ( 'NONE', *, *, #322, .F. ) ;
#529 = VECTOR ( 'NONE', #3529, 1000.000000000000000 ) ;
#530 = EDGE_CURVE ( 'NONE', #2676, #326, #496, .T. ) ;
#531 = VERTEX_POINT ( 'NONE', #3135 ) ;
#532 = VECTOR ( 'NONE', #787, 1000.000000000000000 ) ;
#533 = CARTESIAN_POINT ( 'NONE',  ( -5.124999999999999112, 3.649999999999999911, -4.870572098594924348 ) ) ;
#534 = DIRECTION ( 'NONE',  ( -0.000000000000000000, 0.000000000000000000, 1.000000000000000000 ) ) ;
#535 = EDGE_CURVE ( 'NONE', #4097, #664, #2822, .T. ) ;
#536 = EDGE_CURVE ( 'NONE', #2941, #2118, #1824, .T. ) ;
#537 = LINE ( 'NONE', #3507, #728 ) ;
#538 = VECTOR ( 'NONE', #2628, 1000.000000000000000 ) ;
#539 = LINE ( 'NONE', #3180, #1182 ) ;
#540 = EDGE_LOOP ( 'NONE', ( #3722, #3851, #1048, #3579 ) ) ;
#541 = VECTOR ( 'NONE', #372, 1000.000000000000000 ) ;
#542 = FACE_BOUND ( 'NONE', #2749, .T. ) ;
#543 = CARTESIAN_POINT ( 'NONE',  ( -3.802363520876767655, 5.244119849266593469, -1.197636479123233233 ) ) ;
#544 = LINE ( 'NONE', #608, #1800 ) ;
#545 = VERTEX_POINT ( 'NONE', #1775 ) ;
#546 = AXIS2_PLACEMENT_3D ( 'NONE', #4146, #1481, #3834 ) ;
#547 = EDGE_LOOP ( 'NONE', ( #4265, #2141, #2784, #2517 ) ) ;
#548 = AXIS2_PLACEMENT_3D ( 'NONE', #2372, #3708, #3000 ) ;
#549 = DIRECTION ( 'NONE',  ( 0.000000000000000000, 2.188853373384111071E-19, -1.000000000000000000 ) ) ;
#550 = CARTESIAN_POINT ( 'NONE',  ( -5.450000000000001954, 4.250000000000000000, -0.1000000000000004774 ) ) ;
#551 = LINE ( 'NONE', #1897, #4123 ) ;
#552 = ORIENTED_EDGE ( 'NONE', *, *, #140, .F. ) ;
#553 = EDGE_CURVE ( 'NONE', #3461, #2012, #4118, .T. ) ;
#554 = ORIENTED_EDGE ( 'NONE', *, *, #2179, .F. ) ;
#555 = DIRECTION ( 'NONE',  ( -1.000000000000000000, -6.424901762877063495E-16, 0.000000000000000000 ) ) ;
#556 = FACE_OUTER_BOUND ( 'NONE', #4105, .T. ) ;
#557 = ORIENTED_EDGE ( 'NONE', *, *, #377, .F. ) ;
#558 = DIRECTION ( 'NONE',  ( 0.000000000000000000, 0.000000000000000000, 1.000000000000000000 ) ) ;
#559 = ORIENTED_EDGE ( 'NONE', *, *, #3156, .F. ) ;
#560 = CARTESIAN_POINT ( 'NONE',  ( 5.449999999999997513, 1.625000000000001332, -2.225000000000000089 ) ) ;
#561 = FACE_OUTER_BOUND ( 'NONE', #2966, .T. ) ;
#562 = VERTEX_POINT ( 'NONE', #1094 ) ;
#563 = ADVANCED_FACE ( 'NONE', ( #2139 ), #4141, .F. ) ;
#564 = ORIENTED_EDGE ( 'NONE', *, *, #4083, .T. ) ;
#565 = VECTOR ( 'NONE', #2977, 1000.000000000000000 ) ;
#566 = EDGE_CURVE ( 'NONE', #2461, #1539, #811, .T. ) ;
#567 = PLANE ( 'NONE',  #3632 ) ;
#568 = ORIENTED_EDGE ( 'NONE', *, *, #4114, .T. ) ;
#569 = EDGE_CURVE ( 'NONE', #2276, #1346, #3485, .T. ) ;
#570 = ORIENTED_EDGE ( 'NONE', *, *, #345, .T. ) ;
#571 = DIRECTION ( 'NONE',  ( 0.000000000000000000, 1.000000000000000000, 0.000000000000000000 ) ) ;
#572 = CARTESIAN_POINT ( 'NONE',  ( 0.2500000000000002220, 6.499999999999998224, -1.249999999999999556 ) ) ;
#573 = EDGE_LOOP ( 'NONE', ( #3335, #2647, #1028, #882 ) ) ;
#574 = PLANE ( 'NONE',  #1640 ) ;
#575 = LINE ( 'NONE', #254, #1186 ) ;
#576 = ORIENTED_EDGE ( 'NONE', *, *, #1815, .T. ) ;
#577 = DIRECTION ( 'NONE',  ( 0.000000000000000000, 0.000000000000000000, -1.000000000000000000 ) ) ;
#578 = CARTESIAN_POINT ( 'NONE',  ( 4.250000000000000000, 0.000000000000000000, 0.7499999999999995559 ) ) ;
#579 = EDGE_CURVE ( 'NONE', #2288, #394, #1756, .T. ) ;
#580 = ORIENTED_EDGE ( 'NONE', *, *, #1916, .F. ) ;
#581 = ORIENTED_EDGE ( 'NONE', *, *, #822, .T. ) ;
#582 = DIRECTION ( 'NONE',  ( -1.000000000000000000, 0.000000000000000000, -0.000000000000000000 ) ) ;
#583 = CARTESIAN_POINT ( 'NONE',  ( -2.250000000000000444, -1.312978777688867807E-15, 1.250000000000000444 ) ) ;
#584 = CARTESIAN_POINT ( 'NONE',  ( -2.250000000000000444, -1.312978777688867807E-15, 1.250000000000000444 ) ) ;
#585 = EDGE_LOOP ( 'NONE', ( #3409, #2539, #3202, #1149 ) ) ;
#586 = PLANE ( 'NONE',  #403 ) ;
#587 = LINE ( 'NONE', #2607, #926 ) ;
#588 = CARTESIAN_POINT ( 'NONE',  ( -5.950000000000001066, 4.250000000000000000, -0.1000000000000004774 ) ) ;
#589 = CARTESIAN_POINT ( 'NONE',  ( -3.465000000000000746, 5.150000000000005684, -4.870572098594924348 ) ) ;
#590 = AXIS2_PLACEMENT_3D ( 'NONE', #2186, #4246, #1907 ) ;
#591 = CARTESIAN_POINT ( 'NONE',  ( 3.465000000000001190, 5.150000000000004796, 2.224999999999999645 ) ) ;
#592 = CARTESIAN_POINT ( 'NONE',  ( 5.449999999999999289, 6.275000000000004796, -0.1000000000000002137 ) ) ;
#593 = ORIENTED_EDGE ( 'NONE', *, *, #1330, .F. ) ;
#594 = CARTESIAN_POINT ( 'NONE',  ( 3.750000000000000000, 6.500000000000000000, -0.7499999999999995559 ) ) ;
#595 = VECTOR ( 'NONE', #3634, 1000.000000000000000 ) ;
#596 = LINE ( 'NONE', #1191, #3586 ) ;
#597 = EDGE_LOOP ( 'NONE', ( #576, #3514, #2572, #3101 ) ) ;
#598 = VERTEX_POINT ( 'NONE', #2803 ) ;
#599 = VECTOR ( 'NONE', #639, 1000.000000000000000 ) ;
#600 = VECTOR ( 'NONE', #3259, 1000.000000000000000 ) ;
#601 = LINE ( 'NONE', #1612, #3138 ) ;
#602 = EDGE_LOOP ( 'NONE', ( #3144, #4202, #3886, #3313 ) ) ;
#603 = VECTOR ( 'NONE', #3296, 1000.000000000000000 ) ;
#604 = DIRECTION ( 'NONE',  ( -0.000000000000000000, -0.000000000000000000, 1.000000000000000000 ) ) ;
#605 = DIRECTION ( 'NONE',  ( 0.000000000000000000, -1.000000000000000000, 0.000000000000000000 ) ) ;
#606 = FACE_OUTER_BOUND ( 'NONE', #1626, .T. ) ;
#607 = CARTESIAN_POINT ( 'NONE',  ( -4.250000000000000000, -3.000000000000000000, -0.8500000000000000888 ) ) ;
#608 = CARTESIAN_POINT ( 'NONE',  ( -4.765000000000000568, 6.250000000000003553, -2.225000000000000089 ) ) ;
#609 = DIRECTION ( 'NONE',  ( 1.000000000000000000, -9.735864185311366195E-17, 0.000000000000000000 ) ) ;
#610 = CARTESIAN_POINT ( 'NONE',  ( -4.500000000000000000, 3.649999999999999911, -4.870572098594924348 ) ) ;
#611 = ORIENTED_EDGE ( 'NONE', *, *, #2107, .T. ) ;
#612 = EDGE_CURVE ( 'NONE', #562, #1728, #2161, .T. ) ;
#613 = LINE ( 'NONE', #958, #3112 ) ;
#614 = ORIENTED_EDGE ( 'NONE', *, *, #2698, .T. ) ;
#615 = CARTESIAN_POINT ( 'NONE',  ( -4.250000000000000000, -2.725252258054539745, -1.250000000000000222 ) ) ;
#616 = COLOUR_RGB ( '',0.7960784313725489669, 0.8235294117647058432, 0.9372549019607843146 ) ;
#617 = ORIENTED_EDGE ( 'NONE', *, *, #803, .F. ) ;
#618 = EDGE_LOOP ( 'NONE', ( #611, #780, #4204, #1130 ) ) ;
#619 = VECTOR ( 'NONE', #2222, 1000.000000000000000 ) ;
#620 = ORIENTED_EDGE ( 'NONE', *, *, #1742, .T. ) ;
#621 = ORIENTED_EDGE ( 'NONE', *, *, #66, .T. ) ;
#622 = CARTESIAN_POINT ( 'NONE',  ( 2.465000000000000302, 1.625000000000000000, 2.500000000000000444 ) ) ;
#623 = CARTESIAN_POINT ( 'NONE',  ( -3.749999999999999112, 5.100252258054534416, -1.250000000000000222 ) ) ;
#624 = EDGE_CURVE ( 'NONE', #3986, #598, #3764, .T. ) ;
#625 = EDGE_CURVE ( 'NONE', #2404, #1431, #3108, .T. ) ;
#626 = EDGE_LOOP ( 'NONE', ( #4007, #1770, #3993, #484 ) ) ;
#627 = CARTESIAN_POINT ( 'NONE',  ( 2.465000000000000302, 1.625000000000000000, -4.870572098594924348 ) ) ;
#628 = DIRECTION ( 'NONE',  ( -0.000000000000000000, 0.000000000000000000, -1.000000000000000000 ) ) ;
#629 = DIRECTION ( 'NONE',  ( 0.000000000000000000, -1.000000000000000000, 0.000000000000000000 ) ) ;
#630 = VERTEX_POINT ( 'NONE', #3459 ) ;
#631 = EDGE_CURVE ( 'NONE', #1431, #3617, #414, .T. ) ;
#632 = LINE ( 'NONE', #3935, #1713 ) ;
#633 = ITEM_DEFINED_TRANSFORMATION ( 'NONE', 'NONE', #1541,  #3349 ) ;
#634 = VERTEX_POINT ( 'NONE', #1473 ) ;
#635 = CARTESIAN_POINT ( 'NONE',  ( -4.250000000000000000, 6.499999999999997335, 0.7500000000000001110 ) ) ;
#636 = EDGE_CURVE ( 'NONE', #786, #3941, #2078, .T. ) ;
#637 = VERTEX_POINT ( 'NONE', #2741 ) ;
#638 = ORIENTED_EDGE ( 'NONE', *, *, #2269, .T. ) ;
#639 = DIRECTION ( 'NONE',  ( -1.000000000000000000, -0.000000000000000000, -0.000000000000000000 ) ) ;
#640 = LINE ( 'NONE', #1631, #2639 ) ;
#641 = VERTEX_POINT ( 'NONE', #3781 ) ;
#642 = ORIENTED_EDGE ( 'NONE', *, *, #2068, .T. ) ;
#643 = DIRECTION ( 'NONE',  ( -0.000000000000000000, -1.000000000000000000, -0.000000000000000000 ) ) ;
#644 = PLANE ( 'NONE',  #2331 ) ;
#645 = ADVANCED_FACE ( 'NONE', ( #4072 ), #472, .F. ) ;
#646 = ADVANCED_FACE ( 'NONE', ( #3416 ), #3931, .F. ) ;
#647 = LINE ( 'NONE', #1641, #3884 ) ;
#648 = LINE ( 'NONE', #1664, #3040 ) ;
#649 = CARTESIAN_POINT ( 'NONE',  ( 5.950000000000000178, 6.274999999999999467, -0.8500000000000005329 ) ) ;
#650 = EDGE_CURVE ( 'NONE', #2, #2487, #2205, .T. ) ;
#651 = AXIS2_PLACEMENT_3D ( 'NONE', #3241, #3551, #2230 ) ;
#652 = EDGE_CURVE ( 'NONE', #1603, #4218, #278, .T. ) ;
#653 = PLANE ( 'NONE',  #3947 ) ;
#654 = VERTEX_POINT ( 'NONE', #912 ) ;
#655 = LINE ( 'NONE', #1990, #1282 ) ;
#656 = VECTOR ( 'NONE', #767, 1000.000000000000114 ) ;
#657 = ORIENTED_EDGE ( 'NONE', *, *, #1242, .T. ) ;
#658 = VERTEX_POINT ( 'NONE', #591 ) ;
#659 = VECTOR ( 'NONE', #2887, 1000.000000000000000 ) ;
#660 = LINE ( 'NONE', #2990, #3952 ) ;
#661 = FACE_OUTER_BOUND ( 'NONE', #1622, .T. ) ;
#662 = VECTOR ( 'NONE', #3982, 1000.000000000000000 ) ;
#663 = SHAPE_REPRESENTATION_RELATIONSHIP ( 'NONE' , 'NONE' ,  #2609, #1035 ) ;
#664 = VERTEX_POINT ( 'NONE', #855 ) ;
#665 = AXIS2_PLACEMENT_3D ( 'NONE', #1151, #4106, #441 ) ;
#666 = LINE ( 'NONE', #1962, #2819 ) ;
#667 = DIRECTION ( 'NONE',  ( 1.000000000000000000, -0.000000000000000000, -0.000000000000000000 ) ) ;
#668 = CARTESIAN_POINT ( 'NONE',  ( 5.950000000000000178, 4.250000000000000000, -0.1000000000000004774 ) ) ;
#669 = AXIS2_PLACEMENT_3D ( 'NONE', #751, #4077, #4144 ) ;
#670 = VECTOR ( 'NONE', #667, 1000.000000000000000 ) ;
#671 = CARTESIAN_POINT ( 'NONE',  ( 5.950000000000000178, 0.000000000000000000, 2.500000000000000444 ) ) ;
#672 = DIRECTION ( 'NONE',  ( -1.000000000000000000, -0.000000000000000000, -0.000000000000000000 ) ) ;
#673 = PLANE ( 'NONE',  #428 ) ;
#674 = LINE ( 'NONE', #2007, #3803 ) ;
#675 = ORIENTED_EDGE ( 'NONE', *, *, #2026, .F. ) ;
#676 = CARTESIAN_POINT ( 'NONE',  ( 5.450000000000000178, 1.624999999999999778, 2.225000000000000089 ) ) ;
#677 = ORIENTED_EDGE ( 'NONE', *, *, #241, .F. ) ;
#678 = EDGE_LOOP ( 'NONE', ( #1383, #2875, #3431, #3326 ) ) ;
#679 = DIRECTION ( 'NONE',  ( -1.000000000000000000, -9.605334861444114745E-17, 0.000000000000000000 ) ) ;
#680 = EDGE_CURVE ( 'NONE', #3376, #2986, #1536, .T. ) ;
#681 = CARTESIAN_POINT ( 'NONE',  ( 0.000000000000000000, 6.500000000000000000, 0.000000000000000000 ) ) ;
#682 = VECTOR ( 'NONE', #2255, 1000.000000000000000 ) ;
#683 = DIRECTION ( 'NONE',  ( 1.000000000000000000, 9.605334861444114745E-17, 0.000000000000000000 ) ) ;
#684 = ADVANCED_FACE ( 'NONE', ( #3911 ), #2180, .T. ) ;
#685 = LINE ( 'NONE', #1254, #759 ) ;
#686 = VERTEX_POINT ( 'NONE', #1204 ) ;
#687 = CARTESIAN_POINT ( 'NONE',  ( 0.000000000000000000, 0.000000000000000000, 0.000000000000000000 ) ) ;
#688 = EDGE_LOOP ( 'NONE', ( #2040, #3590, #1127, #675 ) ) ;
#689 = ADVANCED_FACE ( 'NONE', ( #4263 ), #3892, .F. ) ;
#690 = PLANE ( 'NONE',  #2538 ) ;
#691 = LINE ( 'NONE', #3625, #1867 ) ;
#692 = LINE ( 'NONE', #2022, #125 ) ;
#693 = EDGE_CURVE ( 'NONE', #2786, #2097, #537, .T. ) ;
#694 = ORIENTED_EDGE ( 'NONE', *, *, #851, .T. ) ;
#695 = DIRECTION ( 'NONE',  ( 0.000000000000000000, -2.188853373384111071E-19, 1.000000000000000000 ) ) ;
#696 = CARTESIAN_POINT ( 'NONE',  ( -3.465000000000000302, 1.624999999999999778, 2.500000000000000444 ) ) ;
#697 = FACE_BOUND ( 'NONE', #3216, .T. ) ;
#698 = PRODUCT_DEFINITION_FORMATION_WITH_SPECIFIED_SOURCE ( 'ANY', '', #1161, .NOT_KNOWN. ) ;
#699 = PRODUCT_DEFINITION_SHAPE ( 'NONE', 'NONE',  #1379 ) ;
#700 = LINE ( 'NONE', #3738, #1993 ) ;
#701 = ORIENTED_EDGE ( 'NONE', *, *, #3792, .T. ) ;
#702 = DIRECTION ( 'NONE',  ( -0.000000000000000000, -0.000000000000000000, 1.000000000000000000 ) ) ;
#703 = VERTEX_POINT ( 'NONE', #3201 ) ;
#704 = ORIENTED_EDGE ( 'NONE', *, *, #1138, .F. ) ;
#705 = ADVANCED_FACE ( 'NONE', ( #3546 ), #2244, .F. ) ;
#706 = FACE_OUTER_BOUND ( 'NONE', #1210, .T. ) ;
#707 = DIRECTION ( 'NONE',  ( -1.000000000000000000, 0.000000000000000000, 0.000000000000000000 ) ) ;
#708 = ORIENTED_EDGE ( 'NONE', *, *, #4081, .F. ) ;
#709 = CARTESIAN_POINT ( 'NONE',  ( 8.000000000000000000, -4.163336342344335794E-17, 2.000000000000000000 ) ) ;
#710 = ORIENTED_EDGE ( 'NONE', *, *, #3477, .T. ) ;
#711 = EDGE_CURVE ( 'NONE', #1307, #531, #2221, .T. ) ;
#712 = CARTESIAN_POINT ( 'NONE',  ( 5.015000000000001457, 6.500000000000000000, 2.225000000000000089 ) ) ;
#713 = FACE_OUTER_BOUND ( 'NONE', #2859, .T. ) ;
#714 = ORIENTED_EDGE ( 'NONE', *, *, #569, .T. ) ;
#715 = VERTEX_POINT ( 'NONE', #517 ) ;
#716 = PLANE ( 'NONE',  #3129 ) ;
#717 = DIRECTION ( 'NONE',  ( 0.000000000000000000, 1.000000000000000000, 0.000000000000000000 ) ) ;
#718 = PLANE ( 'NONE',  #1470 ) ;
#719 = CARTESIAN_POINT ( 'NONE',  ( 2.240000000000007319, 4.775000000000000355, -2.500000000000002220 ) ) ;
#720 = ORIENTED_EDGE ( 'NONE', *, *, #3172, .T. ) ;
#721 = LINE ( 'NONE', #1972, #2602 ) ;
#722 = ORIENTED_EDGE ( 'NONE', *, *, #625, .T. ) ;
#723 = VECTOR ( 'NONE', #1498, 1000.000000000000000 ) ;
#724 = ORIENTED_EDGE ( 'NONE', *, *, #4121, .T. ) ;
#725 = EDGE_CURVE ( 'NONE', #3633, #2313, #214, .T. ) ;
#726 = FACE_BOUND ( 'NONE', #420, .T. ) ;
#727 = UNCERTAINTY_MEASURE_WITH_UNIT (LENGTH_MEASURE( 1.000000000000000082E-05 ), #3702, 'distance_accuracy_value', 'NONE');
#728 = VECTOR ( 'NONE', #3221, 1000.000000000000000 ) ;
#729 = ORIENTED_EDGE ( 'NONE', *, *, #3659, .F. ) ;
#730 = CARTESIAN_POINT ( 'NONE',  ( 4.000000000000000000, -2.081668171172167897E-17, 2.775557561562891351E-17 ) ) ;
#731 = ORIENTED_EDGE ( 'NONE', *, *, #1887, .T. ) ;
#732 = AXIS2_PLACEMENT_3D ( 'NONE', #2782, #806, #4112 ) ;
#733 = ADVANCED_FACE ( 'NONE', ( #1516 ), #1601, .F. ) ;
#734 = VECTOR ( 'NONE', #837, 1000.000000000000000 ) ;
#735 = CARTESIAN_POINT ( 'NONE',  ( 5.124999999999999112, 2.299999999999999822, 2.224999999999999645 ) ) ;
#736 = DIRECTION ( 'NONE',  ( 0.000000000000000000, 0.000000000000000000, 1.000000000000000000 ) ) ;
#737 = ORIENTED_EDGE ( 'NONE', *, *, #1795, .F. ) ;
#738 = VECTOR ( 'NONE', #1036, 1000.000000000000000 ) ;
#739 = VERTEX_POINT ( 'NONE', #1262 ) ;
#740 = DIRECTION ( 'NONE',  ( -0.000000000000000000, 0.000000000000000000, 1.000000000000000000 ) ) ;
#741 = CARTESIAN_POINT ( 'NONE',  ( 3.465000000000000302, 1.624999999999999778, -4.870572098594924348 ) ) ;
#742 = VECTOR ( 'NONE', #2789, 1000.000000000000000 ) ;
#743 = VECTOR ( 'NONE', #1117, 1000.000000000000000 ) ;
#744 = LINE ( 'NONE', #429, #1226 ) ;
#745 = EDGE_LOOP ( 'NONE', ( #3013, #2674, #3963, #3985 ) ) ;
#746 = CARTESIAN_POINT ( 'NONE',  ( -5.450000000000001954, 6.275000000000004796, -0.1000000000000002137 ) ) ;
#747 = VERTEX_POINT ( 'NONE', #2553 ) ;
#748 = ORIENTED_EDGE ( 'NONE', *, *, #2370, .F. ) ;
#749 = ADVANCED_FACE ( 'NONE', ( #3565 ), #574, .T. ) ;
#750 = LINE ( 'NONE', #3073, #3945 ) ;
#751 = CARTESIAN_POINT ( 'NONE',  ( -4.514999999999999680, 5.375000000000000000, -2.500000000000000000 ) ) ;
#752 = CARTESIAN_POINT ( 'NONE',  ( 3.750000000000000000, 6.500000000000000000, 1.250000000000000000 ) ) ;
#753 = DIRECTION ( 'NONE',  ( 1.000000000000000000, 0.000000000000000000, 0.000000000000000000 ) ) ;
#754 = ORIENTED_EDGE ( 'NONE', *, *, #944, .F. ) ;
#755 = DIRECTION ( 'NONE',  ( -1.000000000000000000, 0.000000000000000000, -0.000000000000000000 ) ) ;
#756 = PLANE ( 'NONE',  #885 ) ;
#757 = CARTESIAN_POINT ( 'NONE',  ( 2.250000000000000444, -4.376595925629559029E-16, 0.7499999999999996669 ) ) ;
#758 = ORIENTED_EDGE ( 'NONE', *, *, #830, .F. ) ;
#759 = VECTOR ( 'NONE', #2587, 1000.000000000000000 ) ;
#760 = EDGE_CURVE ( 'NONE', #1264, #3451, #1244, .T. ) ;
#761 = ORIENTED_EDGE ( 'NONE', *, *, #1203, .F. ) ;
#762 = CARTESIAN_POINT ( 'NONE',  ( -5.950000000000001066, 6.275000000000004796, -0.1000000000000002137 ) ) ;
#763 = FACE_BOUND ( 'NONE', #1593, .T. ) ;
#764 = COLOUR_RGB ( '',0.7960784313725489669, 0.8235294117647058432, 0.9372549019607843146 ) ;
#765 = CARTESIAN_POINT ( 'NONE',  ( -4.250000000000000000, 1.624999999999998002, -4.870572098594923460 ) ) ;
#766 = ORIENTED_EDGE ( 'NONE', *, *, #2237, .T. ) ;
#767 = DIRECTION ( 'NONE',  ( 0.000000000000000000, -0.7071067811865393571, -0.7071067811865555663 ) ) ;
#768 = EDGE_LOOP ( 'NONE', ( #1696, #3940, #2295, #1836 ) ) ;
#769 = LINE ( 'NONE', #67, #1508 ) ;
#770 = CARTESIAN_POINT ( 'NONE',  ( 4.250000000000000000, 1.624999999999999556, -4.870572098594924348 ) ) ;
#771 = CARTESIAN_POINT ( 'NONE',  ( 2.240000000000006875, 5.375000000000000000, -8.724999999999999645 ) ) ;
#772 = LINE ( 'NONE', #3701, #55 ) ;
#773 = ORIENTED_EDGE ( 'NONE', *, *, #3395, .F. ) ;
#774 = DIRECTION ( 'NONE',  ( 0.000000000000000000, 0.000000000000000000, 1.000000000000000000 ) ) ;
#775 = ORIENTED_EDGE ( 'NONE', *, *, #2958, .T. ) ;
#776 = LINE ( 'NONE', #526, #876 ) ;
#777 = CARTESIAN_POINT ( 'NONE',  ( 5.124999999999999112, 2.299999999999999822, 2.224999999999999645 ) ) ;
#778 = CARTESIAN_POINT ( 'NONE',  ( 0.000000000000000000, 6.500000000000000000, 0.000000000000000000 ) ) ;
#779 = ORIENTED_EDGE ( 'NONE', *, *, #2415, .F. ) ;
#780 = ORIENTED_EDGE ( 'NONE', *, *, #2370, .T. ) ;
#781 = LINE ( 'NONE', #1572, #3199 ) ;
#782 = FACE_OUTER_BOUND ( 'NONE', #4065, .T. ) ;
#783 = EDGE_CURVE ( 'NONE', #2694, #2371, #1840, .T. ) ;
#784 = EDGE_CURVE ( 'NONE', #1650, #795, #190, .T. ) ;
#785 = CARTESIAN_POINT ( 'NONE',  ( -5.950000000000001066, 6.500000000000000000, 0.1250000000000001110 ) ) ;
#786 = VERTEX_POINT ( 'NONE', #3649 ) ;
#787 = DIRECTION ( 'NONE',  ( -0.000000000000000000, -0.000000000000000000, 1.000000000000000000 ) ) ;
#788 = CARTESIAN_POINT ( 'NONE',  ( 3.690000000000000391, 5.375000000000000000, 2.500000000000000444 ) ) ;
#789 = ORIENTED_EDGE ( 'NONE', *, *, #2696, .F. ) ;
#790 = EDGE_CURVE ( 'NONE', #2843, #3383, #3669, .T. ) ;
#791 = DIRECTION ( 'NONE',  ( 0.000000000000000000, -1.000000000000000000, 0.000000000000000000 ) ) ;
#792 = CARTESIAN_POINT ( 'NONE',  ( -2.535000000000000142, 1.624999999999998446, 1.250000000000000666 ) ) ;
#793 = LINE ( 'NONE', #4125, #1637 ) ;
#794 = VECTOR ( 'NONE', #1371, 999.9999999999998863 ) ;
#795 = VERTEX_POINT ( 'NONE', #3956 ) ;
#796 = VERTEX_POINT ( 'NONE', #2712 ) ;
#797 = VECTOR ( 'NONE', #253, 1000.000000000000000 ) ;
#798 = CARTESIAN_POINT ( 'NONE',  ( -5.950000000000001066, 0.9250000000000000444, 2.149999999999999911 ) ) ;
#799 = LINE ( 'NONE', #2128, #3329 ) ;
#800 = VECTOR ( 'NONE', #1511, 1000.000000000000114 ) ;
#801 = PLANE ( 'NONE',  #3006 ) ;
#802 = VERTEX_POINT ( 'NONE', #696 ) ;
#803 = EDGE_CURVE ( 'NONE', #354, #1346, #1355, .T. ) ;
#804 = VECTOR ( 'NONE', #256, 1000.000000000000000 ) ;
#805 = DIRECTION ( 'NONE',  ( 0.000000000000000000, -1.000000000000000000, 0.000000000000000000 ) ) ;
#806 = DIRECTION ( 'NONE',  ( -0.000000000000000000, 0.000000000000000000, 1.000000000000000000 ) ) ;
#807 = VECTOR ( 'NONE', #22, 1000.000000000000000 ) ;
#808 = PLANE ( 'NONE',  #3879 ) ;
#809 = ORIENTED_EDGE ( 'NONE', *, *, #350, .T. ) ;
#810 = VECTOR ( 'NONE', #304, 1000.000000000000000 ) ;
#811 = LINE ( 'NONE', #1137, #532 ) ;
#812 = DIRECTION ( 'NONE',  ( 0.000000000000000000, 0.000000000000000000, -1.000000000000000000 ) ) ;
#813 = ORIENTED_EDGE ( 'NONE', *, *, #4053, .T. ) ;
#814 = VECTOR ( 'NONE', #2084, 1000.000000000000000 ) ;
#815 = DIRECTION ( 'NONE',  ( 0.000000000000000000, -2.188853373384111071E-19, 1.000000000000000000 ) ) ;
#816 = CARTESIAN_POINT ( 'NONE',  ( -1.749999999999999778, -1.312978777688867807E-15, -1.249999999999999556 ) ) ;
#817 = CARTESIAN_POINT ( 'NONE',  ( -4.150000000000000355, -3.000000000000000000, -1.149999999999999911 ) ) ;
#818 = VECTOR ( 'NONE', #3580, 1000.000000000000000 ) ;
#819 = ORIENTED_EDGE ( 'NONE', *, *, #3942, .T. ) ;
#820 = VERTEX_POINT ( 'NONE', #2662 ) ;
#821 = EDGE_CURVE ( 'NONE', #715, #144, #3001, .T. ) ;
#822 = EDGE_CURVE ( 'NONE', #1672, #1225, #1642, .T. ) ;
#823 = DIRECTION ( 'NONE',  ( 1.000000000000000000, 0.000000000000000000, 0.000000000000000000 ) ) ;
#824 = CARTESIAN_POINT ( 'NONE',  ( -3.690000000000000391, 5.375000000000000000, -4.870572098594924348 ) ) ;
#825 = EDGE_LOOP ( 'NONE', ( #3763, #4199, #2969, #1737 ) ) ;
#826 = ADVANCED_FACE ( 'NONE', ( #3999 ), #2308, .T. ) ;
#827 = EDGE_LOOP ( 'NONE', ( #3107, #3899, #819, #3620 ) ) ;
#828 = DIRECTION ( 'NONE',  ( 0.000000000000000000, -1.338521200599385475E-16, 1.000000000000000000 ) ) ;
#829 = CARTESIAN_POINT ( 'NONE',  ( -0.2500000000000002220, 1.625000000000000666, 1.250000000000000444 ) ) ;
#830 = EDGE_CURVE ( 'NONE', #2012, #2461, #2352, .T. ) ;
#831 = AXIS2_PLACEMENT_3D ( 'NONE', #3850, #834, #812 ) ;
#832 = CARTESIAN_POINT ( 'NONE',  ( -5.950000000000000178, 6.500000000000000000, 2.500000000000000444 ) ) ;
#833 = CARTESIAN_POINT ( 'NONE',  ( 5.450000000000000178, -10.14838099273102046, -2.225000000000000089 ) ) ;
#834 = DIRECTION ( 'NONE',  ( 1.000000000000000000, -0.000000000000000000, 0.000000000000000000 ) ) ;
#835 = VECTOR ( 'NONE', #629, 1000.000000000000000 ) ;
#836 = ORIENTED_EDGE ( 'NONE', *, *, #2687, .T. ) ;
#837 = DIRECTION ( 'NONE',  ( -0.000000000000000000, -0.000000000000000000, 1.000000000000000000 ) ) ;
#838 = VECTOR ( 'NONE', #849, 1000.000000000000000 ) ;
#839 = APPLICATION_CONTEXT ( 'automotive_design' ) ;
#840 = CARTESIAN_POINT ( 'NONE',  ( -3.750000000000000000, 6.499999999999997335, 1.250000000000000666 ) ) ;
#841 = CARTESIAN_POINT ( 'NONE',  ( 2.465000000000000746, 5.149999999999999467, 2.224999999999999645 ) ) ;
#842 = VERTEX_POINT ( 'NONE', #3691 ) ;
#843 = VERTEX_POINT ( 'NONE', #54 ) ;
#844 = EDGE_CURVE ( 'NONE', #2054, #2350, #1285, .T. ) ;
#845 = DIRECTION ( 'NONE',  ( -0.000000000000000000, 0.000000000000000000, -1.000000000000000000 ) ) ;
#846 = PRODUCT_DEFINITION_SHAPE ( 'NONE', 'NONE',  #4301 ) ;
#847 = CARTESIAN_POINT ( 'NONE',  ( 3.465000000000001634, 4.775000000000000355, -8.724999999999999645 ) ) ;
#848 = ADVANCED_FACE ( 'NONE', ( #2328 ), #955, .F. ) ;
#849 = DIRECTION ( 'NONE',  ( 2.460600675144407758E-16, 1.000000000000000000, -0.000000000000000000 ) ) ;
#850 = VERTEX_POINT ( 'NONE', #2975 ) ;
#851 = EDGE_CURVE ( 'NONE', #1937, #3137, #2265, .T. ) ;
#852 = ORIENTED_EDGE ( 'NONE', *, *, #509, .F. ) ;
#853 = CARTESIAN_POINT ( 'NONE',  ( 5.449999999999997513, 1.625000000000001332, 2.225000000000000089 ) ) ;
#854 = FACE_OUTER_BOUND ( 'NONE', #2569, .T. ) ;
#855 = CARTESIAN_POINT ( 'NONE',  ( -0.2500000000000002220, -8.753191851259118059E-16, 1.250000000000000444 ) ) ;
#856 = DIRECTION ( 'NONE',  ( -0.000000000000000000, 1.000000000000000000, -0.000000000000000000 ) ) ;
#857 = VERTEX_POINT ( 'NONE', #339 ) ;
#858 = LINE ( 'NONE', #877, #2613 ) ;
#859 = DIRECTION ( 'NONE',  ( -0.000000000000000000, -0.000000000000000000, 1.000000000000000000 ) ) ;
#860 = EDGE_CURVE ( 'NONE', #2710, #2702, #4281, .T. ) ;
#861 = ORIENTED_EDGE ( 'NONE', *, *, #1476, .F. ) ;
#862 = EDGE_LOOP ( 'NONE', ( #3857, #3371, #2634, #2798 ) ) ;
#863 =( NAMED_UNIT ( * ) PLANE_ANGLE_UNIT ( ) SI_UNIT ( $, .RADIAN. ) );
#864 = ORIENTED_EDGE ( 'NONE', *, *, #1727, .T. ) ;
#865 = VECTOR ( 'NONE', #2947, 999.9999999999998863 ) ;
#866 = ORIENTED_EDGE ( 'NONE', *, *, #3890, .T. ) ;
#867 = DIRECTION ( 'NONE',  ( -0.000000000000000000, -0.000000000000000000, 1.000000000000000000 ) ) ;
#868 = PLANE ( 'NONE',  #1288 ) ;
#869 = VECTOR ( 'NONE', #4091, 1000.000000000000000 ) ;
#870 = EDGE_CURVE ( 'NONE', #1250, #3328, #1984, .T. ) ;
#871 = ORIENTED_EDGE ( 'NONE', *, *, #760, .T. ) ;
#872 = DIRECTION ( 'NONE',  ( 1.000000000000000000, 0.000000000000000000, 0.000000000000000000 ) ) ;
#873 = VECTOR ( 'NONE', #3960, 1000.000000000000000 ) ;
#874 = LINE ( 'NONE', #2516, #3067 ) ;
#875 = VERTEX_POINT ( 'NONE', #977 ) ;
#876 = VECTOR ( 'NONE', #1177, 1000.000000000000000 ) ;
#877 = CARTESIAN_POINT ( 'NONE',  ( 1.749999999999999778, 1.624999999999999334, -4.870572098594924348 ) ) ;
#878 = EDGE_CURVE ( 'NONE', #2313, #3273, #648, .T. ) ;
#879 = FACE_OUTER_BOUND ( 'NONE', #3829, .T. ) ;
#880 = PLANE ( 'NONE',  #459 ) ;
#881 = ADVANCED_FACE ( 'NONE', ( #1703 ), #360, .F. ) ;
#882 = ORIENTED_EDGE ( 'NONE', *, *, #513, .T. ) ;
#883 = VECTOR ( 'NONE', #1342, 1000.000000000000000 ) ;
#884 = ORIENTED_EDGE ( 'NONE', *, *, #1658, .F. ) ;
#885 = AXIS2_PLACEMENT_3D ( 'NONE', #2751, #3793, #1105 ) ;
#886 = CARTESIAN_POINT ( 'NONE',  ( -4.250000000000000000, 5.100252258054534416, -1.250000000000000222 ) ) ;
#887 = LINE ( 'NONE', #1875, #3898 ) ;
#888 = DIRECTION ( 'NONE',  ( 1.000000000000000000, 2.168404344971008868E-16, 0.000000000000000000 ) ) ;
#889 = ORIENTED_EDGE ( 'NONE', *, *, #245, .T. ) ;
#890 = EDGE_LOOP ( 'NONE', ( #1691, #1461, #3149, #415 ) ) ;
#891 = DIRECTION ( 'NONE',  ( 0.000000000000000000, -1.000000000000000000, -0.000000000000000000 ) ) ;
#892 = CARTESIAN_POINT ( 'NONE',  ( -4.765000000000000568, 6.250000000000003553, 2.500000000000000444 ) ) ;
#893 = ADVANCED_FACE ( 'NONE', ( #1378 ), #1685, .T. ) ;
#894 = VECTOR ( 'NONE', #823, 1000.000000000000000 ) ;
#895 = DIRECTION ( 'NONE',  ( 1.000000000000000000, 9.605334861444114745E-17, 0.000000000000000000 ) ) ;
#896 = PLANE ( 'NONE',  #3628 ) ;
#897 = ORIENTED_EDGE ( 'NONE', *, *, #952, .F. ) ;
#898 = ORIENTED_EDGE ( 'NONE', *, *, #2250, .T. ) ;
#899 = LINE ( 'NONE', #3831, #734 ) ;
#900 = DIRECTION ( 'NONE',  ( -1.000000000000000000, 0.000000000000000000, -0.000000000000000000 ) ) ;
#901 = ORIENTED_EDGE ( 'NONE', *, *, #1543, .T. ) ;
#902 = ORIENTED_EDGE ( 'NONE', *, *, #950, .T. ) ;
#903 = AXIS2_PLACEMENT_3D ( 'NONE', #4282, #3301, #1643 ) ;
#904 = LINE ( 'NONE', #3575, #2695 ) ;
#905 = DIRECTION ( 'NONE',  ( 1.000000000000000000, -0.000000000000000000, -0.000000000000000000 ) ) ;
#906 = DIRECTION ( 'NONE',  ( 0.000000000000000000, 0.000000000000000000, -1.000000000000000000 ) ) ;
#907 = VERTEX_POINT ( 'NONE', #1966 ) ;
#908 = CARTESIAN_POINT ( 'NONE',  ( -5.450000000000001954, 6.500000000000000000, 2.225000000000000089 ) ) ;
#909 = VERTEX_POINT ( 'NONE', #1332 ) ;
#910 = LINE ( 'NONE', #3665, #482 ) ;
#911 = LINE ( 'NONE', #2243, #932 ) ;
#912 = CARTESIAN_POINT ( 'NONE',  ( 1.749999999999999778, -4.376595925629559029E-16, -1.249999999999999778 ) ) ;
#913 = FACE_OUTER_BOUND ( 'NONE', #4080, .T. ) ;
#914 = ORIENTED_EDGE ( 'NONE', *, *, #217, .T. ) ;
#915 = PLANE ( 'NONE',  #191 ) ;
#916 = CARTESIAN_POINT ( 'NONE',  ( -4.250000000000000000, -3.000000000000000000, -0.7499999999999997780 ) ) ;
#917 = LINE ( 'NONE', #2249, #529 ) ;
#918 = ORIENTED_EDGE ( 'NONE', *, *, #3145, .F. ) ;
#919 = ORIENTED_EDGE ( 'NONE', *, *, #878, .T. ) ;
#920 = CARTESIAN_POINT ( 'NONE',  ( 4.765000000000000568, 6.250000000000006217, -2.500000000000000000 ) ) ;
#921 = CARTESIAN_POINT ( 'NONE',  ( -4.514999999999999680, 5.375000000000000000, 2.500000000000000444 ) ) ;
#922 = ORIENTED_EDGE ( 'NONE', *, *, #1543, .F. ) ;
#923 = CARTESIAN_POINT ( 'NONE',  ( -3.465000000000001190, 5.375000000000000000, -2.225000000000000089 ) ) ;
#924 = LINE ( 'NONE', #1942, #1018 ) ;
#925 = FACE_OUTER_BOUND ( 'NONE', #4005, .T. ) ;
#926 = VECTOR ( 'NONE', #605, 1000.000000000000000 ) ;
#927 = EDGE_CURVE ( 'NONE', #3181, #3720, #2004, .T. ) ;
#928 = VECTOR ( 'NONE', #129, 1000.000000000000000 ) ;
#929 = CARTESIAN_POINT ( 'NONE',  ( 0.2500000000000002220, 6.499999999999998224, 1.250000000000000444 ) ) ;
#930 = CARTESIAN_POINT ( 'NONE',  ( -1.749999999999999778, 1.624999999999998224, -4.870572098594924348 ) ) ;
#931 = VERTEX_POINT ( 'NONE', #3709 ) ;
#932 = VECTOR ( 'NONE', #3175, 1000.000000000000000 ) ;
#933 = PLANE ( 'NONE',  #2263 ) ;
#934 = EDGE_LOOP ( 'NONE', ( #2163, #3813, #95, #3440 ) ) ;
#935 = VECTOR ( 'NONE', #2392, 1000.000000000000000 ) ;
#936 = CARTESIAN_POINT ( 'NONE',  ( -3.750000000000000000, 6.499999999999997335, 0.7500000000000001110 ) ) ;
#937 = EDGE_LOOP ( 'NONE', ( #2919, #2130, #748, #106 ) ) ;
#938 = EDGE_LOOP ( 'NONE', ( #4191, #568, #1197, #1002 ) ) ;
#939 = VECTOR ( 'NONE', #4256, 1000.000000000000000 ) ;
#940 = ADVANCED_FACE ( 'NONE', ( #3411 ), #1448, .T. ) ;
#941 = VECTOR ( 'NONE', #3029, 1000.000000000000114 ) ;
#942 = CARTESIAN_POINT ( 'NONE',  ( 4.765000000000000568, 6.250000000000006217, -2.500000000000000000 ) ) ;
#943 = FILL_AREA_STYLE_COLOUR ( '', #3497 ) ;
#944 = EDGE_CURVE ( 'NONE', #2920, #2313, #447, .T. ) ;
#945 = ORIENTED_EDGE ( 'NONE', *, *, #2442, .F. ) ;
#946 = AXIS2_PLACEMENT_3D ( 'NONE', #3759, #1447, #3104 ) ;
#947 = ORIENTED_EDGE ( 'NONE', *, *, #2855, .T. ) ;
#948 = CARTESIAN_POINT ( 'NONE',  ( 1.749999999999999778, 1.625000000000001110, -1.249999999999999778 ) ) ;
#949 = CARTESIAN_POINT ( 'NONE',  ( 4.514999999999999680, 5.375000000000000000, 2.225000000000000089 ) ) ;
#950 = EDGE_CURVE ( 'NONE', #2595, #857, #427, .T. ) ;
#951 = ADVANCED_FACE ( 'NONE', ( #782 ), #3456, .T. ) ;
#952 = EDGE_CURVE ( 'NONE', #739, #3907, #1751, .T. ) ;
#953 = ORIENTED_EDGE ( 'NONE', *, *, #113, .F. ) ;
#954 = DIRECTION ( 'NONE',  ( 1.000000000000000000, -2.168404344971009115E-16, 0.000000000000000000 ) ) ;
#955 = PLANE ( 'NONE',  #187 ) ;
#956 = CARTESIAN_POINT ( 'NONE',  ( -5.950000000000001066, 6.500000000000000000, 0.1250000000000001110 ) ) ;
#957 = ORIENTED_EDGE ( 'NONE', *, *, #1150, .T. ) ;
#958 = CARTESIAN_POINT ( 'NONE',  ( 4.250000000000000000, 6.500000000000000000, 0.7499999999999995559 ) ) ;
#959 = ORIENTED_EDGE ( 'NONE', *, *, #3023, .T. ) ;
#960 = PLANE ( 'NONE',  #3311 ) ;
#961 = VECTOR ( 'NONE', #3594, 1000.000000000000000 ) ;
#962 = ORIENTED_EDGE ( 'NONE', *, *, #2629, .T. ) ;
#963 = ORIENTED_EDGE ( 'NONE', *, *, #2955, .T. ) ;
#964 = CARTESIAN_POINT ( 'NONE',  ( -5.450000000000001954, 6.500000000000000888, 0.1250000000000007494 ) ) ;
#965 = EDGE_CURVE ( 'NONE', #1793, #3564, #1490, .T. ) ;
#966 = DIRECTION ( 'NONE',  ( 1.000000000000000000, 0.000000000000000000, 0.000000000000000000 ) ) ;
#967 =( GEOMETRIC_REPRESENTATION_CONTEXT ( 3 ) GLOBAL_UNCERTAINTY_ASSIGNED_CONTEXT ( ( #2649 ) ) GLOBAL_UNIT_ASSIGNED_CONTEXT ( ( #45, #6, #1936 ) ) REPRESENTATION_CONTEXT ( 'NONE', 'WORKASPACE' ) );
#968 = EDGE_LOOP ( 'NONE', ( #3699, #2454, #4242, #165, #813, #1394, #1613, #2589, #2146, #4212, #4027, #1956, #1175, #121 ) ) ;
#969 = EDGE_CURVE ( 'NONE', #796, #1359, #2801, .T. ) ;
#970 = DIRECTION ( 'NONE',  ( -1.000000000000000000, 2.168404344971009115E-16, 0.000000000000000000 ) ) ;
#971 = EDGE_CURVE ( 'NONE', #1459, #1539, #2463, .T. ) ;
#972 = ORIENTED_EDGE ( 'NONE', *, *, #520, .T. ) ;
#973 = LINE ( 'NONE', #622, #1679 ) ;
#974 = DIRECTION ( 'NONE',  ( -1.000000000000000000, 0.000000000000000000, -0.000000000000000000 ) ) ;
#975 = EDGE_CURVE ( 'NONE', #1307, #3739, #80, .T. ) ;
#976 = CARTESIAN_POINT ( 'NONE',  ( -0.2500000000000002220, 6.499999999999998224, -1.249999999999999556 ) ) ;
#977 = CARTESIAN_POINT ( 'NONE',  ( 3.750000000000000000, 0.000000000000000000, 1.250000000000000000 ) ) ;
#978 = DIRECTION ( 'NONE',  ( 1.000000000000000000, -0.000000000000000000, -0.000000000000000000 ) ) ;
#979 = ORIENTED_EDGE ( 'NONE', *, *, #3607, .F. ) ;
#980 = LINE ( 'NONE', #281, #3319 ) ;
#981 = ITEM_DEFINED_TRANSFORMATION ( 'NONE', 'NONE', #3979,  #3349 ) ;
#982 = ORIENTED_EDGE ( 'NONE', *, *, #101, .T. ) ;
#983 = LINE ( 'NONE', #2959, #2046 ) ;
#984 = EDGE_LOOP ( 'NONE', ( #617, #2815, #4289, #714 ) ) ;
#985 = ORIENTED_EDGE ( 'NONE', *, *, #1476, .T. ) ;
#986 = PLANE ( 'NONE',  #3830 ) ;
#987 = VERTEX_POINT ( 'NONE', #1424 ) ;
#988 = CARTESIAN_POINT ( 'NONE',  ( 3.626052147056688213, 4.914168687704686178, 2.400000000000000799 ) ) ;
#989 = CARTESIAN_POINT ( 'NONE',  ( -4.250000000000000000, -1.750638370251823612E-15, -1.249999999999999334 ) ) ;
#990 = CARTESIAN_POINT ( 'NONE',  ( 4.765000000000000568, 5.624999999999994671, -2.500000000000000000 ) ) ;
#991 = FACE_OUTER_BOUND ( 'NONE', #2418, .T. ) ;
#992 = VECTOR ( 'NONE', #3164, 1000.000000000000000 ) ;
#993 = LINE ( 'NONE', #2951, #2342 ) ;
#994 = DIRECTION ( 'NONE',  ( 0.000000000000000000, -1.000000000000000000, 0.000000000000000000 ) ) ;
#995 = DIRECTION ( 'NONE',  ( -0.000000000000000000, -0.000000000000000000, 1.000000000000000000 ) ) ;
#996 = EDGE_CURVE ( 'NONE', #2500, #2843, #1469, .T. ) ;
#997 = AXIS2_PLACEMENT_3D ( 'NONE', #2144, #175, #1172 ) ;
#998 = LINE ( 'NONE', #3694, #595 ) ;
#999 = EDGE_LOOP ( 'NONE', ( #1960, #836, #1610, #20 ) ) ;
#1000 = CARTESIAN_POINT ( 'NONE',  ( -0.2500000000000002220, -8.753191851259118059E-16, 0.7499999999999997780 ) ) ;
#1001 = ORIENTED_EDGE ( 'NONE', *, *, #1727, .F. ) ;
#1002 = ORIENTED_EDGE ( 'NONE', *, *, #3434, .F. ) ;
#1003 = EDGE_CURVE ( 'NONE', #2118, #3554, #2818, .T. ) ;
#1004 = VECTOR ( 'NONE', #3561, 1000.000000000000000 ) ;
#1005 = LINE ( 'NONE', #42, #4161 ) ;
#1006 = EDGE_CURVE ( 'NONE', #2251, #3924, #1730, .T. ) ;
#1007 = CARTESIAN_POINT ( 'NONE',  ( -3.750000000000000000, 6.499999999999997335, -0.7499999999999990008 ) ) ;
#1008 = CARTESIAN_POINT ( 'NONE',  ( -1.749999999999999778, 1.625000000000000222, -0.7499999999999991118 ) ) ;
#1009 = ORIENTED_EDGE ( 'NONE', *, *, #2361, .T. ) ;
#1010 = AXIS2_PLACEMENT_3D ( 'NONE', #1309, #2611, #974 ) ;
#1011 = ORIENTED_EDGE ( 'NONE', *, *, #3477, .F. ) ;
#1012 = VECTOR ( 'NONE', #549, 1000.000000000000000 ) ;
#1013 = DIRECTION ( 'NONE',  ( -0.000000000000000000, 1.000000000000000000, -0.000000000000000000 ) ) ;
#1014 = DIRECTION ( 'NONE',  ( 0.3236155771181869478, 0.8891264907159865949, -0.3236155771181869478 ) ) ;
#1015 = DIRECTION ( 'NONE',  ( -1.000000000000000000, 1.012575190423715687E-16, -6.938893903907228378E-18 ) ) ;
#1016 = CARTESIAN_POINT ( 'NONE',  ( 5.449999999999999289, 4.250000000000000000, -0.1000000000000004774 ) ) ;
#1017 = VECTOR ( 'NONE', #3117, 1000.000000000000000 ) ;
#1018 = VECTOR ( 'NONE', #1372, 1000.000000000000000 ) ;
#1019 = CARTESIAN_POINT ( 'NONE',  ( 5.950000000000000178, 4.775000000000000355, -2.500000000000000000 ) ) ;
#1020 = DIRECTION ( 'NONE',  ( 1.000000000000000000, -0.000000000000000000, -0.000000000000000000 ) ) ;
#1021 = DIRECTION ( 'NONE',  ( 0.7071067811865561215, -0.7071067811865389130, 0.000000000000000000 ) ) ;
#1022 = EDGE_CURVE ( 'NONE', #3091, #3703, #491, .T. ) ;
#1023 = CARTESIAN_POINT ( 'NONE',  ( 2.240000000000006430, 5.375000000000000000, 2.500000000000000444 ) ) ;
#1024 = VERTEX_POINT ( 'NONE', #167 ) ;
#1025 = CARTESIAN_POINT ( 'NONE',  ( 3.465000000000000302, 1.624999999999999778, -0.7499999999999997780 ) ) ;
#1026 = ADVANCED_FACE ( 'NONE', ( #1403, #1772, #102, #2094, #2422, #2738, #763, #4069, #3760, #1062, #3733 ), #3433, .F. ) ;
#1027 = DIRECTION ( 'NONE',  ( 0.000000000000000000, 1.000000000000000000, 0.000000000000000000 ) ) ;
#1028 = ORIENTED_EDGE ( 'NONE', *, *, #82, .T. ) ;
#1029 = ORIENTED_EDGE ( 'NONE', *, *, #401, .F. ) ;
#1030 = CARTESIAN_POINT ( 'NONE',  ( 5.449999999999999289, 6.500000000000000000, 0.1250000000000001110 ) ) ;
#1031 = COLOUR_RGB ( '',1.000000000000000000, 1.000000000000000000, 1.000000000000000000 ) ;
#1032 = CARTESIAN_POINT ( 'NONE',  ( 3.465000000000002078, 6.500000000000000000, -2.500000000000000000 ) ) ;
#1033 = PRESENTATION_STYLE_ASSIGNMENT (( #353 ) ) ;
#1034 = VERTEX_POINT ( 'NONE', #829 ) ;
#1035 = ADVANCED_BREP_SHAPE_REPRESENTATION ( '', ( #3839, #3349 ), #3282 ) ;
#1036 = DIRECTION ( 'NONE',  ( 1.000000000000000000, -2.168404344971009115E-16, 0.000000000000000000 ) ) ;
#1037 = DIRECTION ( 'NONE',  ( -1.000000000000000000, -9.605334861444114745E-17, 0.000000000000000000 ) ) ;
#1038 = CARTESIAN_POINT ( 'NONE',  ( -5.015000000000000568, 6.499999999999998224, -2.500000000000000000 ) ) ;
#1039 = VECTOR ( 'NONE', #381, 1000.000000000000000 ) ;
#1040 = EDGE_LOOP ( 'NONE', ( #247, #152, #4249, #1719 ) ) ;
#1041 = DIRECTION ( 'NONE',  ( -1.000000000000000000, 2.168404344971009115E-16, 0.000000000000000000 ) ) ;
#1042 = CARTESIAN_POINT ( 'NONE',  ( -4.250000000000000000, -2.725252258054539745, -0.7499999999999997780 ) ) ;
#1043 = CARTESIAN_POINT ( 'NONE',  ( 3.750000000000000000, 6.500000000000000000, -1.250000000000000000 ) ) ;
#1044 = EDGE_LOOP ( 'NONE', ( #3467, #884, #1176, #4089 ) ) ;
#1045 = LINE ( 'NONE', #635, #1777 ) ;
#1046 = SURFACE_SIDE_STYLE ('',( #4049 ) ) ;
#1047 = ORIENTED_EDGE ( 'NONE', *, *, #177, .T. ) ;
#1048 = ORIENTED_EDGE ( 'NONE', *, *, #3021, .F. ) ;
#1049 = DIRECTION ( 'NONE',  ( 1.000000000000000000, 0.000000000000000000, 0.000000000000000000 ) ) ;
#1050 = DIRECTION ( 'NONE',  ( 0.000000000000000000, 1.000000000000000000, 0.000000000000000000 ) ) ;
#1051 = DIRECTION ( 'NONE',  ( -1.000000000000000000, -0.000000000000000000, -0.000000000000000000 ) ) ;
#1052 = EDGE_LOOP ( 'NONE', ( #1318, #524, #104, #3515 ) ) ;
#1053 = CARTESIAN_POINT ( 'NONE',  ( 6.000000000000000000, -3.122502256758252154E-17, 4.163336342344337027E-17 ) ) ;
#1054 = VERTEX_POINT ( 'NONE', #1181 ) ;
#1055 =( REPRESENTATION_RELATIONSHIP ('NONE','NONE', #1201, #2609 ) REPRESENTATION_RELATIONSHIP_WITH_TRANSFORMATION ( #633 )SHAPE_REPRESENTATION_RELATIONSHIP( ) );
#1056 = LINE ( 'NONE', #355, #2549 ) ;
#1057 = CARTESIAN_POINT ( 'NONE',  ( -4.514999999999999680, 5.375000000000000000, 2.225000000000000089 ) ) ;
#1058 = CARTESIAN_POINT ( 'NONE',  ( -2.465000000000001190, 5.149999999999999467, 2.224999999999999645 ) ) ;
#1059 = ORIENTED_EDGE ( 'NONE', *, *, #3710, .T. ) ;
#1060 = VERTEX_POINT ( 'NONE', #892 ) ;
#1061 = DIRECTION ( 'NONE',  ( 1.000000000000000000, 0.000000000000000000, 0.000000000000000000 ) ) ;
#1062 = FACE_BOUND ( 'NONE', #825, .T. ) ;
#1063 = EDGE_CURVE ( 'NONE', #2487, #1426, #1241, .T. ) ;
#1064 = DIRECTION ( 'NONE',  ( 0.7071067811865400232, -0.7071067811865550112, 0.000000000000000000 ) ) ;
#1065 = VERTEX_POINT ( 'NONE', #2869 ) ;
#1066 = DIRECTION ( 'NONE',  ( 1.000000000000000000, 9.605334861444114745E-17, 0.000000000000000000 ) ) ;
#1067 = ORIENTED_EDGE ( 'NONE', *, *, #2632, .F. ) ;
#1068 = VECTOR ( 'NONE', #3875, 1000.000000000000000 ) ;
#1069 = ORIENTED_EDGE ( 'NONE', *, *, #3090, .F. ) ;
#1070 = CARTESIAN_POINT ( 'NONE',  ( 5.950000000000000178, 6.500000000000000000, -2.500000000000000000 ) ) ;
#1071 = PRODUCT_DEFINITION_CONTEXT ( 'detailed design', #2311, 'design' ) ;
#1072 = CARTESIAN_POINT ( 'NONE',  ( -5.950000000000001066, 0.4249999999999999889, 2.500000000000000000 ) ) ;
#1073 = CARTESIAN_POINT ( 'NONE',  ( 5.950000000000000178, 6.500000000000000000, -2.500000000000000000 ) ) ;
#1074 = DIRECTION ( 'NONE',  ( 1.000000000000000000, 0.000000000000000000, 0.000000000000000000 ) ) ;
#1075 = ORIENTED_EDGE ( 'NONE', *, *, #1921, .F. ) ;
#1076 = AXIS2_PLACEMENT_3D ( 'NONE', #741, #2075, #123 ) ;
#1077 = EDGE_CURVE ( 'NONE', #2443, #3181, #4236, .T. ) ;
#1078 = CARTESIAN_POINT ( 'NONE',  ( -3.750000000000000000, -3.000000000000000000, -1.149999999999999911 ) ) ;
#1079 = VECTOR ( 'NONE', #4162, 1000.000000000000000 ) ;
#1080 = PRODUCT_DEFINITION_SHAPE ( 'NONE', 'NONE',  #4304 ) ;
#1081 = ADVANCED_FACE ( 'NONE', ( #1533 ), #2178, .F. ) ;
#1082 = CARTESIAN_POINT ( 'NONE',  ( 0.2500000000000002220, 6.499999999999998224, -0.7499999999999993339 ) ) ;
#1083 = CARTESIAN_POINT ( 'NONE',  ( 1.749999999999999778, 6.499999999999999112, -1.249999999999999778 ) ) ;
#1084 = ORIENTED_EDGE ( 'NONE', *, *, #3926, .F. ) ;
#1085 = VECTOR ( 'NONE', #4038, 1000.000000000000000 ) ;
#1086 = ORIENTED_EDGE ( 'NONE', *, *, #3194, .T. ) ;
#1087 = DIRECTION ( 'NONE',  ( 0.000000000000000000, -1.000000000000000000, -1.338521200599385475E-16 ) ) ;
#1088 = DIRECTION ( 'NONE',  ( 0.7071067811865550112, 0.7071067811865400232, -0.000000000000000000 ) ) ;
#1089 = EDGE_CURVE ( 'NONE', #364, #4012, #4176, .T. ) ;
#1090 = VECTOR ( 'NONE', #954, 1000.000000000000000 ) ;
#1091 = AXIS2_PLACEMENT_3D ( 'NONE', #1423, #446, #1061 ) ;
#1092 = CARTESIAN_POINT ( 'NONE',  ( 5.950000000000000178, 4.774999999999999467, -2.500000000000000000 ) ) ;
#1093 = ORIENTED_EDGE ( 'NONE', *, *, #950, .F. ) ;
#1094 = CARTESIAN_POINT ( 'NONE',  ( 2.250000000000000444, 1.625000000000001110, -1.249999999999999778 ) ) ;
#1095 = ORIENTED_EDGE ( 'NONE', *, *, #515, .F. ) ;
#1096 = ORIENTED_EDGE ( 'NONE', *, *, #2629, .F. ) ;
#1097 = LINE ( 'NONE', #2431, #1231 ) ;
#1098 = FACE_OUTER_BOUND ( 'NONE', #1454, .T. ) ;
#1099 = DIRECTION ( 'NONE',  ( 0.000000000000000000, 0.000000000000000000, -1.000000000000000000 ) ) ;
#1100 = CARTESIAN_POINT ( 'NONE',  ( 2.000000000000000000, -1.040834085586083948E-17, 1.387778780781445676E-17 ) ) ;
#1101 = ORIENTED_EDGE ( 'NONE', *, *, #1333, .T. ) ;
#1102 = VECTOR ( 'NONE', #1302, 1000.000000000000000 ) ;
#1103 = EDGE_CURVE ( 'NONE', #3554, #4225, #2156, .T. ) ;
#1104 = PLANE ( 'NONE',  #2771 ) ;
#1105 = DIRECTION ( 'NONE',  ( 0.000000000000000000, -1.239088197126290866E-15, 1.000000000000000000 ) ) ;
#1106 = CARTESIAN_POINT ( 'NONE',  ( -4.514999999999999680, 5.375000000000000000, 2.500000000000000444 ) ) ;
#1107 = EDGE_CURVE ( 'NONE', #3137, #3614, #1920, .T. ) ;
#1108 = ORIENTED_EDGE ( 'NONE', *, *, #3790, .F. ) ;
#1109 = EDGE_CURVE ( 'NONE', #4225, #909, #3909, .T. ) ;
#1110 = ORIENTED_EDGE ( 'NONE', *, *, #3656, .T. ) ;
#1111 = EDGE_CURVE ( 'NONE', #2207, #2338, #1882, .T. ) ;
#1112 = DIRECTION ( 'NONE',  ( -0.000000000000000000, 0.000000000000000000, 1.000000000000000000 ) ) ;
#1113 = CARTESIAN_POINT ( 'NONE',  ( 3.465000000000000302, 1.624999999999999778, 0.7499999999999997780 ) ) ;
#1114 = AXIS2_PLACEMENT_3D ( 'NONE', #4045, #2005, #3148 ) ;
#1115 = DIRECTION ( 'NONE',  ( 0.000000000000000000, -0.000000000000000000, 1.000000000000000000 ) ) ;
#1116 = ORIENTED_EDGE ( 'NONE', *, *, #3758, .F. ) ;
#1117 = DIRECTION ( 'NONE',  ( 0.000000000000000000, 0.000000000000000000, -1.000000000000000000 ) ) ;
#1118 = CARTESIAN_POINT ( 'NONE',  ( -5.950000000000001066, 6.274999999999999467, -0.8500000000000005329 ) ) ;
#1119 = DIRECTION ( 'NONE',  ( 0.000000000000000000, -1.000000000000000000, 0.000000000000000000 ) ) ;
#1120 = ORIENTED_EDGE ( 'NONE', *, *, #322, .T. ) ;
#1121 = FACE_OUTER_BOUND ( 'NONE', #602, .T. ) ;
#1122 = DIRECTION ( 'NONE',  ( 0.000000000000000000, -1.000000000000000000, -0.000000000000000000 ) ) ;
#1123 = CARTESIAN_POINT ( 'NONE',  ( 5.449999999999999289, 6.275000000000004796, -0.1000000000000002137 ) ) ;
#1124 = DIRECTION ( 'NONE',  ( 0.000000000000000000, 0.000000000000000000, -1.000000000000000000 ) ) ;
#1125 = ORIENTED_EDGE ( 'NONE', *, *, #631, .T. ) ;
#1126 = DIRECTION ( 'NONE',  ( 1.000000000000000000, 0.000000000000000000, 0.000000000000000000 ) ) ;
#1127 = ORIENTED_EDGE ( 'NONE', *, *, #3172, .F. ) ;
#1128 = FACE_OUTER_BOUND ( 'NONE', #890, .T. ) ;
#1129 = FACE_BOUND ( 'NONE', #127, .T. ) ;
#1130 = ORIENTED_EDGE ( 'NONE', *, *, #4251, .T. ) ;
#1131 = VERTEX_POINT ( 'NONE', #274 ) ;
#1132 = LINE ( 'NONE', #3063, #1233 ) ;
#1133 = CARTESIAN_POINT ( 'NONE',  ( 3.690000000000000391, 5.375000000000000000, 2.500000000000000444 ) ) ;
#1134 = PRODUCT_RELATED_PRODUCT_CATEGORY ( 'part', '', ( #1826 ) ) ;
#1135 = DIRECTION ( 'NONE',  ( -0.000000000000000000, -0.000000000000000000, 1.000000000000000000 ) ) ;
#1136 = VERTEX_POINT ( 'NONE', #249 ) ;
#1137 = CARTESIAN_POINT ( 'NONE',  ( 4.765000000000000568, 5.624999999999994671, -2.500000000000000000 ) ) ;
#1138 = EDGE_CURVE ( 'NONE', #3358, #2676, #911, .T. ) ;
#1139 = LINE ( 'NONE', #2469, #3693 ) ;
#1140 = EDGE_LOOP ( 'NONE', ( #1338, #2833, #4155, #1968 ) ) ;
#1141 = EDGE_CURVE ( 'NONE', #439, #179, #186, .T. ) ;
#1142 = LINE ( 'NONE', #2745, #1922 ) ;
#1143 = CARTESIAN_POINT ( 'NONE',  ( 5.450000000000000178, -10.14838099273102046, -2.225000000000000089 ) ) ;
#1144 = LINE ( 'NONE', #771, #723 ) ;
#1145 = CARTESIAN_POINT ( 'NONE',  ( -4.500000000000000000, 3.649999999999999911, 2.500000000000000444 ) ) ;
#1146 = VECTOR ( 'NONE', #4182, 1000.000000000000000 ) ;
#1147 = ORIENTED_EDGE ( 'NONE', *, *, #3337, .F. ) ;
#1148 = EDGE_CURVE ( 'NONE', #1570, #1650, #3255, .T. ) ;
#1149 = ORIENTED_EDGE ( 'NONE', *, *, #530, .T. ) ;
#1150 = EDGE_CURVE ( 'NONE', #3554, #2941, #1595, .T. ) ;
#1151 = CARTESIAN_POINT ( 'NONE',  ( -0.2500000000000002220, 6.499999999999998224, 1.250000000000000444 ) ) ;
#1152 = ADVANCED_FACE ( 'NONE', ( #2847 ), #1159, .F. ) ;
#1153 = CARTESIAN_POINT ( 'NONE',  ( -3.850000000000000977, 5.375000000000000000, -1.149999999999999911 ) ) ;
#1154 = AXIS2_PLACEMENT_3D ( 'NONE', #2683, #379, #3321 ) ;
#1155 = LINE ( 'NONE', #3711, #2866 ) ;
#1156 = ORIENTED_EDGE ( 'NONE', *, *, #3278, .T. ) ;
#1157 = AXIS2_PLACEMENT_3D ( 'NONE', #3587, #2247, #3549 ) ;
#1158 = DIRECTION ( 'NONE',  ( 0.000000000000000000, 1.000000000000000000, 0.000000000000000000 ) ) ;
#1159 = PLANE ( 'NONE',  #120 ) ;
#1160 = VECTOR ( 'NONE', #1381, 1000.000000000000000 ) ;
#1161 = PRODUCT ( 'B10B-PHDSS-B(LF)(SN)', 'B10B-PHDSS-B(LF)(SN)', '', ( #393 ) ) ;
#1162 = FACE_OUTER_BOUND ( 'NONE', #1811, .T. ) ;
#1163 = AXIS2_PLACEMENT_3D ( 'NONE', #3466, #481, #1830 ) ;
#1164 = CARTESIAN_POINT ( 'NONE',  ( 4.318674134265341635, 4.914168687704686178, 2.400000000000000799 ) ) ;
#1165 = CARTESIAN_POINT ( 'NONE',  ( -5.950000000000001066, 6.500000000000000000, -1.074999999999995515 ) ) ;
#1166 = ORIENTED_EDGE ( 'NONE', *, *, #2550, .T. ) ;
#1167 = ADVANCED_FACE ( 'NONE', ( #854 ), #1901, .T. ) ;
#1168 = VECTOR ( 'NONE', #1963, 1000.000000000000000 ) ;
#1169 = DIRECTION ( 'NONE',  ( -1.000000000000000000, 0.000000000000000000, -0.000000000000000000 ) ) ;
#1170 = ADVANCED_FACE ( 'NONE', ( #2531 ), #868, .F. ) ;
#1171 = CARTESIAN_POINT ( 'NONE',  ( -4.250000000000000000, 6.499999999999997335, 0.7500000000000001110 ) ) ;
#1172 = DIRECTION ( 'NONE',  ( 0.000000000000000000, -0.000000000000000000, 1.000000000000000000 ) ) ;
#1173 = PLANE ( 'NONE',  #1163 ) ;
#1174 = ADVANCED_FACE ( 'NONE', ( #556 ), #1573, .F. ) ;
#1175 = ORIENTED_EDGE ( 'NONE', *, *, #2050, .F. ) ;
#1176 = ORIENTED_EDGE ( 'NONE', *, *, #2050, .T. ) ;
#1177 = DIRECTION ( 'NONE',  ( 0.000000000000000000, 0.000000000000000000, 1.000000000000000000 ) ) ;
#1178 = CARTESIAN_POINT ( 'NONE',  ( 4.250000000000000000, 6.500000000000000000, -0.7499999999999995559 ) ) ;
#1179 = ORIENTED_EDGE ( 'NONE', *, *, #3656, .F. ) ;
#1180 = DIRECTION ( 'NONE',  ( -1.000000000000000000, 0.000000000000000000, 0.000000000000000000 ) ) ;
#1181 = CARTESIAN_POINT ( 'NONE',  ( -2.240000000000005986, 5.375000000000000000, 2.500000000000000444 ) ) ;
#1182 = VECTOR ( 'NONE', #856, 1000.000000000000000 ) ;
#1183 = EDGE_CURVE ( 'NONE', #658, #2902, #3362, .T. ) ;
#1184 = DIRECTION ( 'NONE',  ( 0.000000000000000000, 0.000000000000000000, -1.000000000000000000 ) ) ;
#1185 = DIRECTION ( 'NONE',  ( -1.000000000000000000, 2.168404344971009115E-16, 0.000000000000000000 ) ) ;
#1186 = VECTOR ( 'NONE', #3957, 1000.000000000000000 ) ;
#1187 = EDGE_LOOP ( 'NONE', ( #2579, #2778, #216, #1101 ) ) ;
#1188 = FACE_OUTER_BOUND ( 'NONE', #3143, .T. ) ;
#1189 = VECTOR ( 'NONE', #888, 1000.000000000000000 ) ;
#1190 = DIRECTION ( 'NONE',  ( -0.000000000000000000, 0.000000000000000000, 1.000000000000000000 ) ) ;
#1191 = CARTESIAN_POINT ( 'NONE',  ( 4.500000000000000000, 3.649999999999999911, -4.870572098594924348 ) ) ;
#1192 = LINE ( 'NONE', #53, #1090 ) ;
#1193 = ORIENTED_EDGE ( 'NONE', *, *, #3806, .T. ) ;
#1194 = ORIENTED_EDGE ( 'NONE', *, *, #3214, .F. ) ;
#1195 = LINE ( 'NONE', #847, #1813 ) ;
#1196 = CARTESIAN_POINT ( 'NONE',  ( 2.465000000000000302, 1.625000000000000000, 2.224999999999999645 ) ) ;
#1197 = ORIENTED_EDGE ( 'NONE', *, *, #2680, .F. ) ;
#1198 = EDGE_LOOP ( 'NONE', ( #2092, #230, #4051, #3096 ) ) ;
#1199 = DIRECTION ( 'NONE',  ( 0.000000000000000000, 0.000000000000000000, -1.000000000000000000 ) ) ;
#1200 = CARTESIAN_POINT ( 'NONE',  ( -4.765000000000000568, 6.250000000000003553, -2.500000000000000000 ) ) ;
#1201 = SHAPE_REPRESENTATION ( 'B10B-PHDSS-B(LF)(SN)', ( #2582, #1885, #3219, #159, #3502, #1541, #3353, #1404, #431, #2872, #3979, #15 ), #2870 ) ;
#1202 =( REPRESENTATION_RELATIONSHIP ('NONE','NONE', #1201, #2609 ) REPRESENTATION_RELATIONSHIP_WITH_TRANSFORMATION ( #385 )SHAPE_REPRESENTATION_RELATIONSHIP( ) );
#1203 = EDGE_CURVE ( 'NONE', #658, #2251, #2262, .T. ) ;
#1204 = CARTESIAN_POINT ( 'NONE',  ( 5.950000000000000178, 6.500000000000000000, 0.1250000000000001110 ) ) ;
#1205 = CARTESIAN_POINT ( 'NONE',  ( -4.249999999999999112, 5.100252258054534416, -0.7499999999999997780 ) ) ;
#1206 = ORIENTED_EDGE ( 'NONE', *, *, #1787, .F. ) ;
#1207 = LINE ( 'NONE', #560, #804 ) ;
#1208 = LINE ( 'NONE', #2537, #1911 ) ;
#1209 = ORIENTED_EDGE ( 'NONE', *, *, #1003, .T. ) ;
#1210 = EDGE_LOOP ( 'NONE', ( #2301, #3520, #901, #570, #4275, #2742 ) ) ;
#1211 = FACE_OUTER_BOUND ( 'NONE', #1140, .T. ) ;
#1212 = DIRECTION ( 'NONE',  ( -1.000000000000000000, -0.000000000000000000, -0.000000000000000000 ) ) ;
#1213 = CARTESIAN_POINT ( 'NONE',  ( 3.465000000000000746, 5.150000000000004796, 2.500000000000000444 ) ) ;
#1214 = ORIENTED_EDGE ( 'NONE', *, *, #1753, .T. ) ;
#1215 = EDGE_CURVE ( 'NONE', #303, #2456, #1636, .T. ) ;
#1216 = VECTOR ( 'NONE', #3571, 1000.000000000000114 ) ;
#1217 = ORIENTED_EDGE ( 'NONE', *, *, #3354, .F. ) ;
#1218 = AXIS2_PLACEMENT_3D ( 'NONE', #4197, #2532, #558 ) ;
#1219 = CARTESIAN_POINT ( 'NONE',  ( -2.250000000000000444, 6.499999999999998224, 0.7500000000000000000 ) ) ;
#1220 = CARTESIAN_POINT ( 'NONE',  ( 4.765000000000000568, 5.624999999999994671, -2.500000000000000000 ) ) ;
#1221 = VECTOR ( 'NONE', #3318, 1000.000000000000000 ) ;
#1222 = DIRECTION ( 'NONE',  ( 0.7071067811865561215, 0.7071067811865389130, 0.000000000000000000 ) ) ;
#1223 = VECTOR ( 'NONE', #3705, 1000.000000000000000 ) ;
#1224 = DIRECTION ( 'NONE',  ( 0.000000000000000000, -0.000000000000000000, 1.000000000000000000 ) ) ;
#1225 = VERTEX_POINT ( 'NONE', #3844 ) ;
#1226 = VECTOR ( 'NONE', #126, 1000.000000000000000 ) ;
#1227 = FACE_BOUND ( 'NONE', #585, .T. ) ;
#1228 = PLANE ( 'NONE',  #3053 ) ;
#1229 = PLANE ( 'NONE',  #590 ) ;
#1230 = ORIENTED_EDGE ( 'NONE', *, *, #3200, .T. ) ;
#1231 = VECTOR ( 'NONE', #2121, 1000.000000000000000 ) ;
#1232 = EDGE_LOOP ( 'NONE', ( #285, #1368, #3765, #1583 ) ) ;
#1233 = VECTOR ( 'NONE', #2074, 1000.000000000000000 ) ;
#1234 = CARTESIAN_POINT ( 'NONE',  ( 5.450000000000000178, -10.14838099273102046, 2.225000000000000089 ) ) ;
#1235 = ORIENTED_EDGE ( 'NONE', *, *, #2305, .F. ) ;
#1236 = VECTOR ( 'NONE', #1119, 1000.000000000000000 ) ;
#1237 = CARTESIAN_POINT ( 'NONE',  ( 4.765000000000000568, 6.250000000000006217, 2.225000000000000089 ) ) ;
#1238 = ADVANCED_FACE ( 'NONE', ( #925 ), #644, .T. ) ;
#1239 = ORIENTED_EDGE ( 'NONE', *, *, #2389, .T. ) ;
#1240 = LINE ( 'NONE', #3560, #1376 ) ;
#1241 = LINE ( 'NONE', #2220, #1004 ) ;
#1242 = EDGE_CURVE ( 'NONE', #3771, #1250, #29, .T. ) ;
#1243 = VECTOR ( 'NONE', #1027, 1000.000000000000000 ) ;
#1244 = LINE ( 'NONE', #2850, #797 ) ;
#1245 = LINE ( 'NONE', #956, #1251 ) ;
#1246 = ORIENTED_EDGE ( 'NONE', *, *, #1409, .F. ) ;
#1247 = CARTESIAN_POINT ( 'NONE',  ( 4.765000000000000568, 5.624999999999994671, -2.500000000000000000 ) ) ;
#1248 = LINE ( 'NONE', #936, #3452 ) ;
#1249 = VERTEX_POINT ( 'NONE', #3626 ) ;
#1250 = VERTEX_POINT ( 'NONE', #1964 ) ;
#1251 = VECTOR ( 'NONE', #2577, 1000.000000000000114 ) ;
#1252 = PRODUCT_DEFINITION_CONTEXT ( 'detailed design', #2032, 'design' ) ;
#1253 = EDGE_CURVE ( 'NONE', #3564, #2619, #2949, .T. ) ;
#1254 = CARTESIAN_POINT ( 'NONE',  ( 3.465000000000000302, 1.624999999999999778, 2.500000000000000444 ) ) ;
#1255 = LINE ( 'NONE', #3192, #3696 ) ;
#1256 = VERTEX_POINT ( 'NONE', #949 ) ;
#1257 = PLANE ( 'NONE',  #3468 ) ;
#1258 = ORIENTED_EDGE ( 'NONE', *, *, #2985, .F. ) ;
#1259 = PLANE ( 'NONE',  #275 ) ;
#1260 = DIRECTION ( 'NONE',  ( -1.000000000000000000, 9.735864185311366195E-17, 0.000000000000000000 ) ) ;
#1261 = LINE ( 'NONE', #1924, #600 ) ;
#1262 = CARTESIAN_POINT ( 'NONE',  ( -4.250000000000000000, 1.624999999999999778, 1.250000000000000666 ) ) ;
#1263 = LINE ( 'NONE', #930, #3146 ) ;
#1264 = VERTEX_POINT ( 'NONE', #3929 ) ;
#1265 = DIRECTION ( 'NONE',  ( 0.000000000000000000, -0.000000000000000000, 1.000000000000000000 ) ) ;
#1266 = CARTESIAN_POINT ( 'NONE',  ( -0.2500000000000002220, 6.499999999999998224, 0.7499999999999997780 ) ) ;
#1267 = ADVANCED_FACE ( 'NONE', ( #991 ), #3018, .F. ) ;
#1268 = DIRECTION ( 'NONE',  ( -1.000000000000000000, 0.000000000000000000, 0.000000000000000000 ) ) ;
#1269 = VERTEX_POINT ( 'NONE', #4017 ) ;
#1270 = EDGE_CURVE ( 'NONE', #2885, #3188, #2322, .T. ) ;
#1271 = EDGE_LOOP ( 'NONE', ( #3121, #3636, #204, #4067, #4096, #3098 ) ) ;
#1272 = FACE_OUTER_BOUND ( 'NONE', #2722, .T. ) ;
#1273 = ADVANCED_FACE ( 'NONE', ( #4260 ), #10, .T. ) ;
#1274 = EDGE_CURVE ( 'NONE', #144, #1408, #4277, .T. ) ;
#1275 = CARTESIAN_POINT ( 'NONE',  ( -4.514999999999999680, 5.375000000000000000, -2.500000000000000000 ) ) ;
#1276 = ORIENTED_EDGE ( 'NONE', *, *, #536, .T. ) ;
#1277 = EDGE_CURVE ( 'NONE', #389, #2927, #311, .T. ) ;
#1278 = LINE ( 'NONE', #3800, #264 ) ;
#1279 = DIRECTION ( 'NONE',  ( 0.7071067811865365815, -0.7071067811865585639, 0.000000000000000000 ) ) ;
#1280 = CARTESIAN_POINT ( 'NONE',  ( -5.950000000000001066, 6.274999999999999467, -0.8500000000000005329 ) ) ;
#1281 = CARTESIAN_POINT ( 'NONE',  ( -4.250000000000000000, -1.750638370251823612E-15, 1.250000000000000666 ) ) ;
#1282 = VECTOR ( 'NONE', #344, 1000.000000000000000 ) ;
#1283 = VECTOR ( 'NONE', #449, 1000.000000000000000 ) ;
#1284 = FACE_OUTER_BOUND ( 'NONE', #3207, .T. ) ;
#1285 = LINE ( 'NONE', #3610, #2260 ) ;
#1286 = FACE_OUTER_BOUND ( 'NONE', #2310, .T. ) ;
#1287 = ORIENTED_EDGE ( 'NONE', *, *, #4056, .T. ) ;
#1288 = AXIS2_PLACEMENT_3D ( 'NONE', #3888, #2200, #3543 ) ;
#1289 = CARTESIAN_POINT ( 'NONE',  ( -2.250000000000000444, 1.624999999999998446, -4.870572098594924348 ) ) ;
#1290 = SHAPE_DEFINITION_REPRESENTATION ( #398, #2609 ) ;
#1291 = ORIENTED_EDGE ( 'NONE', *, *, #2304, .T. ) ;
#1292 = VECTOR ( 'NONE', #3666, 1000.000000000000000 ) ;
#1293 = CARTESIAN_POINT ( 'NONE',  ( 5.450000000000000178, 6.500000000000000000, -2.225000000000000089 ) ) ;
#1294 = EDGE_CURVE ( 'NONE', #1495, #3771, #2972, .T. ) ;
#1295 = ORIENTED_EDGE ( 'NONE', *, *, #3599, .T. ) ;
#1296 = EDGE_LOOP ( 'NONE', ( #1898, #3946, #2420, #3484 ) ) ;
#1297 = VECTOR ( 'NONE', #74, 1000.000000000000000 ) ;
#1298 = EDGE_CURVE ( 'NONE', #857, #3826, #2636, .T. ) ;
#1299 = DIRECTION ( 'NONE',  ( 0.000000000000000000, 0.000000000000000000, -1.000000000000000000 ) ) ;
#1300 = ADVANCED_FACE ( 'NONE', ( #292 ), #3340, .T. ) ;
#1301 = VECTOR ( 'NONE', #199, 1000.000000000000000 ) ;
#1302 = DIRECTION ( 'NONE',  ( 0.000000000000000000, 0.000000000000000000, -1.000000000000000000 ) ) ;
#1303 =( NAMED_UNIT ( * ) PLANE_ANGLE_UNIT ( ) SI_UNIT ( $, .RADIAN. ) );
#1304 = ORIENTED_EDGE ( 'NONE', *, *, #844, .T. ) ;
#1305 = VECTOR ( 'NONE', #3998, 1000.000000000000000 ) ;
#1306 = CARTESIAN_POINT ( 'NONE',  ( 3.626052147056688213, 4.914168687704686178, 2.400000000000000799 ) ) ;
#1307 = VERTEX_POINT ( 'NONE', #2998 ) ;
#1308 = CARTESIAN_POINT ( 'NONE',  ( -4.535000000000000142, 1.624999999999998002, 0.7500000000000003331 ) ) ;
#1309 = CARTESIAN_POINT ( 'NONE',  ( 1.749999999999999778, 6.499999999999999112, 1.250000000000000222 ) ) ;
#1310 = DIRECTION ( 'NONE',  ( 0.4999999999999996669, 0.8660254037844388186, 0.000000000000000000 ) ) ;
#1311 = CARTESIAN_POINT ( 'NONE',  ( 5.950000000000000178, 6.500000000000000000, -2.500000000000000000 ) ) ;
#1312 = CARTESIAN_POINT ( 'NONE',  ( -4.250000000000000000, -2.725252258054539745, -1.250000000000000222 ) ) ;
#1313 = ORIENTED_EDGE ( 'NONE', *, *, #860, .T. ) ;
#1314 = EDGE_CURVE ( 'NONE', #1978, #3128, #3688, .T. ) ;
#1315 = MECHANICAL_DESIGN_GEOMETRIC_PRESENTATION_REPRESENTATION (  '', ( #2083 ), #218 ) ;
#1316 = DIRECTION ( 'NONE',  ( 0.000000000000000000, 0.000000000000000000, 1.000000000000000000 ) ) ;
#1317 = ITEM_DEFINED_TRANSFORMATION ( 'NONE', 'NONE', #431,  #3349 ) ;
#1318 = ORIENTED_EDGE ( 'NONE', *, *, #4037, .F. ) ;
#1319 = LINE ( 'NONE', #2719, #4215 ) ;
#1320 = VERTEX_POINT ( 'NONE', #1016 ) ;
#1321 = ORIENTED_EDGE ( 'NONE', *, *, #3563, .T. ) ;
#1322 = CARTESIAN_POINT ( 'NONE',  ( -5.950000000000001066, 6.500000000000000000, -2.500000000000000000 ) ) ;
#1323 = CARTESIAN_POINT ( 'NONE',  ( -4.250000000000000000, -1.750638370251823612E-15, -0.7499999999999990008 ) ) ;
#1324 = CARTESIAN_POINT ( 'NONE',  ( 5.124999999999999112, 3.649999999999999911, 2.500000000000000444 ) ) ;
#1325 = VECTOR ( 'NONE', #3518, 1000.000000000000000 ) ;
#1326 = VERTEX_POINT ( 'NONE', #1682 ) ;
#1327 = EDGE_LOOP ( 'NONE', ( #425, #1206, #2236, #450 ) ) ;
#1328 = CARTESIAN_POINT ( 'NONE',  ( 4.514999999999999680, 5.375000000000000000, 2.500000000000000444 ) ) ;
#1329 = CARTESIAN_POINT ( 'NONE',  ( -5.950000000000001066, 0.4249999999999999889, 2.149999999999999911 ) ) ;
#1330 = EDGE_CURVE ( 'NONE', #1264, #2387, #692, .T. ) ;
#1331 = LINE ( 'NONE', #2661, #1305 ) ;
#1332 = CARTESIAN_POINT ( 'NONE',  ( 4.318674134265341635, 4.914168687704686178, 2.500000000000000444 ) ) ;
#1333 = EDGE_CURVE ( 'NONE', #2456, #2276, #1768, .T. ) ;
#1334 = LINE ( 'NONE', #2544, #2296 ) ;
#1335 = EDGE_CURVE ( 'NONE', #46, #637, #4108, .T. ) ;
#1336 = FACE_OUTER_BOUND ( 'NONE', #1040, .T. ) ;
#1337 = SHAPE_DEFINITION_REPRESENTATION ( #505, #1726 ) ;
#1338 = ORIENTED_EDGE ( 'NONE', *, *, #3011, .T. ) ;
#1339 = CARTESIAN_POINT ( 'NONE',  ( 5.950000000000000178, 6.275000000000004796, -0.1000000000000002137 ) ) ;
#1340 = VERTEX_POINT ( 'NONE', #1106 ) ;
#1341 = VERTEX_POINT ( 'NONE', #3450 ) ;
#1342 = DIRECTION ( 'NONE',  ( -1.000000000000000000, -9.605334861444114745E-17, 0.000000000000000000 ) ) ;
#1343 = DIRECTION ( 'NONE',  ( 0.000000000000000000, 0.000000000000000000, -1.000000000000000000 ) ) ;
#1344 = ORIENTED_EDGE ( 'NONE', *, *, #325, .F. ) ;
#1345 = FILL_AREA_STYLE_COLOUR ( '', #764 ) ;
#1346 = VERTEX_POINT ( 'NONE', #76 ) ;
#1347 = CARTESIAN_POINT ( 'NONE',  ( -4.250000000000000000, 5.375000000000000000, -1.149999999999999911 ) ) ;
#1348 = VERTEX_POINT ( 'NONE', #2777 ) ;
#1349 = LINE ( 'NONE', #50, #2915 ) ;
#1350 = DIRECTION ( 'NONE',  ( -0.000000000000000000, -0.000000000000000000, -1.000000000000000000 ) ) ;
#1351 = EDGE_CURVE ( 'NONE', #2198, #2225, #3060, .T. ) ;
#1352 = EDGE_LOOP ( 'NONE', ( #2364, #581, #3559, #525 ) ) ;
#1353 = CLOSED_SHELL ( 'NONE', ( #4239, #2366, #2289, #2524, #224, #1812, #1167, #3065, #2501, #2195, #124, #2612, #1598, #1026, #2686, #1561, #951, #2744, #3756, #2991, #4135, #3471, #205, #826, #2903, #2575, #2073, #645, #3750, #3160, #3080, #3621, #2508, #3039, #3122, #1412, #3286, #3891, #4195, #2425, #2105, #2095, #1847, #2197, #1976, #1732, #317, #1608, #4192, #3470, #2229, #2551, #23, #881, #1081, #1605, #848, #733, #3754, #646, #3441, #705, #563, #2472, #4062, #3482, #2651, #3513, #4184, #1174, #440, #3123, #1923, #4247, #3176, #2010, #2858, #3967, #4203, #3938, #1870, #3178, #2853, #220, #2561, #4066, #1440, #4261, #689, #3996, #1940, #2405, #3057, #1267, #1152, #2967, #1170, #3869, #1596, #749, #2834, #2014, #2253, #516, #3210, #1623, #2238, #3150, #1866, #268, #1238, #893, #1300, #684 ) ) ;
#1354 = LINE ( 'NONE', #627, #1933 ) ;
#1355 = LINE ( 'NONE', #1947, #1780 ) ;
#1356 = DIRECTION ( 'NONE',  ( 0.000000000000000000, -1.000000000000000000, 0.000000000000000000 ) ) ;
#1357 = DIRECTION ( 'NONE',  ( -0.000000000000000000, 1.000000000000000000, 0.000000000000000000 ) ) ;
#1358 = CONTEXT_DEPENDENT_SHAPE_REPRESENTATION ( #3965, #4131 ) ;
#1359 = VERTEX_POINT ( 'NONE', #3774 ) ;
#1360 = DIRECTION ( 'NONE',  ( 0.000000000000000000, -1.000000000000000000, 0.000000000000000000 ) ) ;
#1361 = AXIS2_PLACEMENT_3D ( 'NONE', #2908, #3218, #2548 ) ;
#1362 = EDGE_LOOP ( 'NONE', ( #4116, #1998, #1096, #386 ) ) ;
#1363 = ORIENTED_EDGE ( 'NONE', *, *, #2837, .T. ) ;
#1364 = VECTOR ( 'NONE', #1540, 1000.000000000000000 ) ;
#1365 = CARTESIAN_POINT ( 'NONE',  ( -5.450000000000001954, 6.500000000000000000, -2.225000000000000089 ) ) ;
#1366 = CARTESIAN_POINT ( 'NONE',  ( 4.500000000000000888, 2.299999999999999822, 2.500000000000000444 ) ) ;
#1367 = VECTOR ( 'NONE', #1705, 1000.000000000000000 ) ;
#1368 = ORIENTED_EDGE ( 'NONE', *, *, #3531, .T. ) ;
#1369 = VECTOR ( 'NONE', #1391, 1000.000000000000000 ) ;
#1370 = LINE ( 'NONE', #4061, #3740 ) ;
#1371 = DIRECTION ( 'NONE',  ( -0.7071067811865563435, 0.7071067811865388020, 0.000000000000000000 ) ) ;
#1372 = DIRECTION ( 'NONE',  ( 0.000000000000000000, 0.000000000000000000, -1.000000000000000000 ) ) ;
#1373 = DIRECTION ( 'NONE',  ( 0.000000000000000000, -0.000000000000000000, 1.000000000000000000 ) ) ;
#1374 = VECTOR ( 'NONE', #3422, 1000.000000000000000 ) ;
#1375 = EDGE_LOOP ( 'NONE', ( #3991, #19, #463, #1295 ) ) ;
#1376 = VECTOR ( 'NONE', #1900, 1000.000000000000114 ) ;
#1377 = DIRECTION ( 'NONE',  ( 1.000000000000000000, 0.000000000000000000, 0.000000000000000000 ) ) ;
#1378 = FACE_OUTER_BOUND ( 'NONE', #999, .T. ) ;
#1379 = PRODUCT_DEFINITION ( 'UNKNOWN', '', #698, #1071 ) ;
#1380 = LINE ( 'NONE', #1043, #2087 ) ;
#1381 = DIRECTION ( 'NONE',  ( -0.000000000000000000, -0.000000000000000000, 1.000000000000000000 ) ) ;
#1382 = ITEM_DEFINED_TRANSFORMATION ( 'NONE', 'NONE', #3219,  #3349 ) ;
#1383 = ORIENTED_EDGE ( 'NONE', *, *, #2119, .T. ) ;
#1384 = DIRECTION ( 'NONE',  ( -1.000000000000000000, 0.000000000000000000, 0.000000000000000000 ) ) ;
#1385 = FILL_AREA_STYLE_COLOUR ( '', #616 ) ;
#1386 = ORIENTED_EDGE ( 'NONE', *, *, #3226, .T. ) ;
#1387 = ORIENTED_EDGE ( 'NONE', *, *, #1515, .T. ) ;
#1388 = DIRECTION ( 'NONE',  ( 0.000000000000000000, 0.000000000000000000, -1.000000000000000000 ) ) ;
#1389 = CARTESIAN_POINT ( 'NONE',  ( -3.750000000000000000, 5.100252258054534416, -0.7499999999999997780 ) ) ;
#1390 = AXIS2_PLACEMENT_3D ( 'NONE', #207, #180, #4189 ) ;
#1391 = DIRECTION ( 'NONE',  ( -0.000000000000000000, -0.000000000000000000, -1.000000000000000000 ) ) ;
#1392 = ORIENTED_EDGE ( 'NONE', *, *, #2660, .F. ) ;
#1393 = DIRECTION ( 'NONE',  ( 0.000000000000000000, 0.000000000000000000, 1.000000000000000000 ) ) ;
#1394 = ORIENTED_EDGE ( 'NONE', *, *, #1752, .T. ) ;
#1395 = EDGE_CURVE ( 'NONE', #2852, #2456, #2440, .T. ) ;
#1396 = CARTESIAN_POINT ( 'NONE',  ( 2.465000000000001190, 5.149999999999999467, 2.500000000000000444 ) ) ;
#1397 = CARTESIAN_POINT ( 'NONE',  ( -1.749999999999999778, 6.499999999999998224, -0.7499999999999991118 ) ) ;
#1398 = DIRECTION ( 'NONE',  ( -0.000000000000000000, 1.000000000000000000, -0.000000000000000000 ) ) ;
#1399 = ORIENTED_EDGE ( 'NONE', *, *, #2174, .T. ) ;
#1400 = VECTOR ( 'NONE', #2814, 1000.000000000000000 ) ;
#1401 = ORIENTED_EDGE ( 'NONE', *, *, #3726, .T. ) ;
#1402 = PLANE ( 'NONE',  #1091 ) ;
#1403 = FACE_BOUND ( 'NONE', #3493, .T. ) ;
#1404 = AXIS2_PLACEMENT_3D ( 'NONE', #2772, #3721, #2411 ) ;
#1405 = CARTESIAN_POINT ( 'NONE',  ( -5.950000000000001066, 0.9250000000000000444, 2.149999999999999911 ) ) ;
#1406 = ORIENTED_EDGE ( 'NONE', *, *, #1752, .F. ) ;
#1407 = DIRECTION ( 'NONE',  ( 0.000000000000000000, -1.000000000000000000, 0.000000000000000000 ) ) ;
#1408 = VERTEX_POINT ( 'NONE', #51 ) ;
#1409 = EDGE_CURVE ( 'NONE', #3352, #875, #3036, .T. ) ;
#1410 = ORIENTED_EDGE ( 'NONE', *, *, #2837, .F. ) ;
#1411 = CARTESIAN_POINT ( 'NONE',  ( -4.250000000000000000, 5.100252258054534416, -1.250000000000000222 ) ) ;
#1412 = ADVANCED_FACE ( 'NONE', ( #462 ), #4086, .T. ) ;
#1413 = CARTESIAN_POINT ( 'NONE',  ( 4.765000000000000568, 5.624999999999994671, 2.225000000000000089 ) ) ;
#1414 = CARTESIAN_POINT ( 'NONE',  ( 5.950000000000000178, 6.500000000000000000, 2.500000000000000444 ) ) ;
#1415 = ORIENTED_EDGE ( 'NONE', *, *, #2871, .F. ) ;
#1416 = EDGE_CURVE ( 'NONE', #3376, #654, #116, .T. ) ;
#1417 = LINE ( 'NONE', #141, #3119 ) ;
#1418 = PLANE ( 'NONE',  #411 ) ;
#1419 = DIRECTION ( 'NONE',  ( 1.000000000000000000, 0.000000000000000000, -0.000000000000000000 ) ) ;
#1420 = VERTEX_POINT ( 'NONE', #3429 ) ;
#1421 = EDGE_CURVE ( 'NONE', #1024, #2112, #3406, .T. ) ;
#1422 = ORIENTED_EDGE ( 'NONE', *, *, #1077, .F. ) ;
#1423 = CARTESIAN_POINT ( 'NONE',  ( -3.750000000000000000, -2.725252258054539745, -1.250000000000000222 ) ) ;
#1424 = CARTESIAN_POINT ( 'NONE',  ( -2.250000000000000444, 1.625000000000000222, 1.250000000000000444 ) ) ;
#1425 = CARTESIAN_POINT ( 'NONE',  ( 5.015000000000001457, 6.500000000000000000, -2.225000000000000089 ) ) ;
#1426 = VERTEX_POINT ( 'NONE', #3753 ) ;
#1427 = CARTESIAN_POINT ( 'NONE',  ( -0.2500000000000002220, -8.753191851259118059E-16, 0.7499999999999997780 ) ) ;
#1428 =( REPRESENTATION_RELATIONSHIP ('NONE','NONE', #1201, #2609 ) REPRESENTATION_RELATIONSHIP_WITH_TRANSFORMATION ( #3047 )SHAPE_REPRESENTATION_RELATIONSHIP( ) );
#1429 = ORIENTED_EDGE ( 'NONE', *, *, #3737, .F. ) ;
#1430 = VECTOR ( 'NONE', #1689, 1000.000000000000000 ) ;
#1431 = VERTEX_POINT ( 'NONE', #4064 ) ;
#1432 = EDGE_CURVE ( 'NONE', #89, #4093, #1700, .T. ) ;
#1433 = LINE ( 'NONE', #2788, #2127 ) ;
#1434 = EDGE_CURVE ( 'NONE', #1320, #1978, #2708, .T. ) ;
#1435 = CARTESIAN_POINT ( 'NONE',  ( 5.950000000000000178, 0.4249999999999999889, 2.149999999999999911 ) ) ;
#1436 = CARTESIAN_POINT ( 'NONE',  ( -1.749999999999999778, -1.312978777688867807E-15, -0.7499999999999991118 ) ) ;
#1437 = ORIENTED_EDGE ( 'NONE', *, *, #2823, .T. ) ;
#1438 = EDGE_CURVE ( 'NONE', #2845, #2173, #3381, .T. ) ;
#1439 = VECTOR ( 'NONE', #2756, 1000.000000000000114 ) ;
#1440 = ADVANCED_FACE ( 'NONE', ( #422, #713 ), #400, .F. ) ;
#1441 = VECTOR ( 'NONE', #2417, 999.9999999999998863 ) ;
#1442 = FACE_OUTER_BOUND ( 'NONE', #2983, .T. ) ;
#1443 = LINE ( 'NONE', #1322, #538 ) ;
#1444 = ORIENTED_EDGE ( 'NONE', *, *, #3659, .T. ) ;
#1445 = VECTOR ( 'NONE', #3457, 1000.000000000000000 ) ;
#1446 = ORIENTED_EDGE ( 'NONE', *, *, #1294, .T. ) ;
#1447 = DIRECTION ( 'NONE',  ( 1.000000000000000000, -1.230300337572202153E-16, 0.000000000000000000 ) ) ;
#1448 = PLANE ( 'NONE',  #2543 ) ;
#1449 = VECTOR ( 'NONE', #3400, 1000.000000000000000 ) ;
#1450 = VECTOR ( 'NONE', #3197, 1000.000000000000000 ) ;
#1451 = FACE_OUTER_BOUND ( 'NONE', #688, .T. ) ;
#1452 = ORIENTED_EDGE ( 'NONE', *, *, #200, .T. ) ;
#1453 = CARTESIAN_POINT ( 'NONE',  ( 2.250000000000000444, 1.624999999999999112, -4.870572098594924348 ) ) ;
#1454 = EDGE_LOOP ( 'NONE', ( #519, #1321, #2257, #2446 ) ) ;
#1455 = LINE ( 'NONE', #1070, #2406 ) ;
#1456 = DIRECTION ( 'NONE',  ( -1.000000000000000000, 2.168404344971009115E-16, 0.000000000000000000 ) ) ;
#1457 = DIRECTION ( 'NONE',  ( -0.000000000000000000, -0.000000000000000000, 1.000000000000000000 ) ) ;
#1458 = DIRECTION ( 'NONE',  ( -0.000000000000000000, 1.000000000000000000, -0.000000000000000000 ) ) ;
#1459 = VERTEX_POINT ( 'NONE', #443 ) ;
#1460 = DIRECTION ( 'NONE',  ( 1.000000000000000000, 0.000000000000000000, 0.000000000000000000 ) ) ;
#1461 = ORIENTED_EDGE ( 'NONE', *, *, #4081, .T. ) ;
#1462 = VECTOR ( 'NONE', #2922, 1000.000000000000000 ) ;
#1463 = CARTESIAN_POINT ( 'NONE',  ( 1.749999999999999778, -4.376595925629559029E-16, 0.7499999999999996669 ) ) ;
#1464 = LINE ( 'NONE', #2796, #1039 ) ;
#1465 = EDGE_LOOP ( 'NONE', ( #1871, #1120, #2867, #919 ) ) ;
#1466 = EDGE_CURVE ( 'NONE', #1544, #201, #1443, .T. ) ;
#1467 = VERTEX_POINT ( 'NONE', #2035 ) ;
#1468 = PLANE ( 'NONE',  #3401 ) ;
#1469 = LINE ( 'NONE', #4138, #869 ) ;
#1470 = AXIS2_PLACEMENT_3D ( 'NONE', #410, #33, #2483 ) ;
#1471 = ORIENTED_EDGE ( 'NONE', *, *, #3792, .F. ) ;
#1472 = EDGE_CURVE ( 'NONE', #1256, #1131, #21, .T. ) ;
#1473 = CARTESIAN_POINT ( 'NONE',  ( -2.240000000000006430, 4.774999999999999467, -2.500000000000002220 ) ) ;
#1474 = DIRECTION ( 'NONE',  ( 0.7071067811865561215, -0.7071067811865389130, 0.000000000000000000 ) ) ;
#1475 = ORIENTED_EDGE ( 'NONE', *, *, #3354, .T. ) ;
#1476 = EDGE_CURVE ( 'NONE', #1758, #1264, #1692, .T. ) ;
#1477 = EDGE_CURVE ( 'NONE', #2986, #747, #391, .T. ) ;
#1478 = CARTESIAN_POINT ( 'NONE',  ( 3.750000000000000000, 6.500000000000000000, 0.7499999999999995559 ) ) ;
#1479 = CARTESIAN_POINT ( 'NONE',  ( -5.015000000000000568, 6.499999999999998224, -2.500000000000000000 ) ) ;
#1480 = CARTESIAN_POINT ( 'NONE',  ( -5.450000000000001954, 6.274999999999999467, -0.8500000000000005329 ) ) ;
#1481 = DIRECTION ( 'NONE',  ( 1.000000000000000000, 0.000000000000000000, 0.000000000000000000 ) ) ;
#1482 = EDGE_LOOP ( 'NONE', ( #3821, #1776, #3612 ) ) ;
#1483 = ORIENTED_EDGE ( 'NONE', *, *, #4284, .F. ) ;
#1484 = LINE ( 'NONE', #777, #2217 ) ;
#1485 = DIRECTION ( 'NONE',  ( 1.000000000000000000, -2.168404344971009115E-16, 0.000000000000000000 ) ) ;
#1486 = ORIENTED_EDGE ( 'NONE', *, *, #252, .F. ) ;
#1487 = ADVANCED_FACE ( 'NONE', ( #4143 ), #1827, .T. ) ;
#1488 = ORIENTED_EDGE ( 'NONE', *, *, #2637, .F. ) ;
#1489 = LINE ( 'NONE', #407, #1519 ) ;
#1490 = LINE ( 'NONE', #146, #1439 ) ;
#1491 = EDGE_CURVE ( 'NONE', #2710, #2111, #3463, .T. ) ;
#1492 = PLANE ( 'NONE',  #2976 ) ;
#1493 = DIRECTION ( 'NONE',  ( -0.7071067811865584529, -0.7071067811865364705, 0.000000000000000000 ) ) ;
#1494 = CARTESIAN_POINT ( 'NONE',  ( -5.950000000000001066, 6.500000000000000000, 0.1250000000000001110 ) ) ;
#1495 = VERTEX_POINT ( 'NONE', #1761 ) ;
#1496 = LINE ( 'NONE', #2184, #1854 ) ;
#1497 = CARTESIAN_POINT ( 'NONE',  ( -5.950000000000001066, 6.500000000000000000, 0.1250000000000001110 ) ) ;
#1498 = DIRECTION ( 'NONE',  ( -0.000000000000000000, -0.000000000000000000, 1.000000000000000000 ) ) ;
#1499 = FACE_OUTER_BOUND ( 'NONE', #862, .T. ) ;
#1500 = VECTOR ( 'NONE', #3369, 1000.000000000000000 ) ;
#1501 = VERTEX_POINT ( 'NONE', #417 ) ;
#1502 = VERTEX_POINT ( 'NONE', #452 ) ;
#1503 = VECTOR ( 'NONE', #2117, 1000.000000000000000 ) ;
#1504 = SURFACE_STYLE_USAGE ( .BOTH. , #3555 ) ;
#1505 = CARTESIAN_POINT ( 'NONE',  ( -5.950000000000001066, 6.275000000000004796, -0.1000000000000002137 ) ) ;
#1506 = ORIENTED_EDGE ( 'NONE', *, *, #350, .F. ) ;
#1507 = EDGE_CURVE ( 'NONE', #634, #61, #1142, .T. ) ;
#1508 = VECTOR ( 'NONE', #1388, 1000.000000000000000 ) ;
#1509 = VERTEX_POINT ( 'NONE', #2473 ) ;
#1510 = DIRECTION ( 'NONE',  ( -1.000000000000000000, 0.000000000000000000, -0.000000000000000000 ) ) ;
#1511 = DIRECTION ( 'NONE',  ( 0.4999999999999997224, 0.8660254037844388186, 0.000000000000000000 ) ) ;
#1512 = VECTOR ( 'NONE', #2239, 1000.000000000000000 ) ;
#1513 = ORIENTED_EDGE ( 'NONE', *, *, #3591, .T. ) ;
#1514 = VECTOR ( 'NONE', #4262, 1000.000000000000000 ) ;
#1515 = EDGE_CURVE ( 'NONE', #630, #164, #769, .T. ) ;
#1516 = FACE_OUTER_BOUND ( 'NONE', #3964, .T. ) ;
#1517 = PLANE ( 'NONE',  #1945 ) ;
#1518 = ORIENTED_EDGE ( 'NONE', *, *, #3568, .T. ) ;
#1519 = VECTOR ( 'NONE', #805, 1000.000000000000000 ) ;
#1520 = DIRECTION ( 'NONE',  ( 0.000000000000000000, -0.7071067811865390240, -0.7071067811865561215 ) ) ;
#1521 = DIRECTION ( 'NONE',  ( 1.230300337572201660E-16, -1.000000000000000000, 0.000000000000000000 ) ) ;
#1522 = PLANE ( 'NONE',  #3523 ) ;
#1523 = LINE ( 'NONE', #1145, #131 ) ;
#1524 = ORIENTED_EDGE ( 'NONE', *, *, #3194, .F. ) ;
#1525 = ORIENTED_EDGE ( 'NONE', *, *, #553, .F. ) ;
#1526 = CARTESIAN_POINT ( 'NONE',  ( -4.514999999999999680, 5.375000000000000000, -2.500000000000000000 ) ) ;
#1527 = LINE ( 'NONE', #2542, #2354 ) ;
#1528 = LINE ( 'NONE', #1196, #838 ) ;
#1529 = EDGE_LOOP ( 'NONE', ( #3645, #614, #1246, #4148 ) ) ;
#1530 = EDGE_CURVE ( 'NONE', #1340, #630, #4099, .T. ) ;
#1531 = ORIENTED_EDGE ( 'NONE', *, *, #1274, .T. ) ;
#1532 = DIRECTION ( 'NONE',  ( 0.000000000000000000, 0.000000000000000000, 1.000000000000000000 ) ) ;
#1533 = FACE_OUTER_BOUND ( 'NONE', #87, .T. ) ;
#1534 = VECTOR ( 'NONE', #442, 1000.000000000000000 ) ;
#1535 = AXIS2_PLACEMENT_3D ( 'NONE', #1205, #1804, #3136 ) ;
#1536 = LINE ( 'NONE', #2873, #2326 ) ;
#1537 = DIRECTION ( 'NONE',  ( 1.000000000000000000, -0.000000000000000000, -0.000000000000000000 ) ) ;
#1538 =( GEOMETRIC_REPRESENTATION_CONTEXT ( 3 ) GLOBAL_UNCERTAINTY_ASSIGNED_CONTEXT ( ( #3398 ) ) GLOBAL_UNIT_ASSIGNED_CONTEXT ( ( #2993, #2278, #3660 ) ) REPRESENTATION_CONTEXT ( 'NONE', 'WORKASPACE' ) );
#1539 = VERTEX_POINT ( 'NONE', #3113 ) ;
#1540 = DIRECTION ( 'NONE',  ( 0.000000000000000000, 0.000000000000000000, -1.000000000000000000 ) ) ;
#1541 = AXIS2_PLACEMENT_3D ( 'NONE', #730, #1784, #3425 ) ;
#1542 = CARTESIAN_POINT ( 'NONE',  ( -5.950000000000000178, 6.500000000000000000, 2.500000000000000444 ) ) ;
#1543 = EDGE_CURVE ( 'NONE', #2845, #1544, #1455, .T. ) ;
#1544 = VERTEX_POINT ( 'NONE', #4075 ) ;
#1545 = ORIENTED_EDGE ( 'NONE', *, *, #2964, .F. ) ;
#1546 = EDGE_CURVE ( 'NONE', #931, #795, #108, .T. ) ;
#1547 = LINE ( 'NONE', #2881, #1579 ) ;
#1548 = CARTESIAN_POINT ( 'NONE',  ( 4.765000000000000568, 5.624999999999994671, 2.225000000000000089 ) ) ;
#1549 = DIRECTION ( 'NONE',  ( -0.000000000000000000, -1.000000000000000000, -0.000000000000000000 ) ) ;
#1550 = ORIENTED_EDGE ( 'NONE', *, *, #348, .T. ) ;
#1551 = EDGE_LOOP ( 'NONE', ( #2931, #3532, #3243, #402 ) ) ;
#1552 = CARTESIAN_POINT ( 'NONE',  ( 4.514999999999999680, 5.375000000000000000, -2.500000000000000000 ) ) ;
#1553 = DIRECTION ( 'NONE',  ( 0.4999999999999997224, 0.8660254037844388186, 0.000000000000000000 ) ) ;
#1554 = ORIENTED_EDGE ( 'NONE', *, *, #965, .T. ) ;
#1555 = CARTESIAN_POINT ( 'NONE',  ( 4.765000000000000568, 5.624999999999994671, -2.500000000000000000 ) ) ;
#1556 = ORIENTED_EDGE ( 'NONE', *, *, #2512, .T. ) ;
#1557 = LINE ( 'NONE', #2518, #1079 ) ;
#1558 = CARTESIAN_POINT ( 'NONE',  ( 3.750000000000000000, 0.000000000000000000, -1.250000000000000000 ) ) ;
#1559 = DIRECTION ( 'NONE',  ( -1.000000000000000000, 0.000000000000000000, -0.000000000000000000 ) ) ;
#1560 = EDGE_LOOP ( 'NONE', ( #1550, #4295, #3776, #3775 ) ) ;
#1561 = ADVANCED_FACE ( 'NONE', ( #1121 ), #2120, .T. ) ;
#1562 = ORIENTED_EDGE ( 'NONE', *, *, #2325, .T. ) ;
#1563 = EDGE_CURVE ( 'NONE', #4034, #1644, #750, .T. ) ;
#1564 = CARTESIAN_POINT ( 'NONE',  ( -4.250000000000000000, 6.499999999999997335, 0.7500000000000001110 ) ) ;
#1565 = AXIS2_PLACEMENT_3D ( 'NONE', #239, #3204, #1559 ) ;
#1566 = DIRECTION ( 'NONE',  ( 2.460600675144407758E-16, -1.000000000000000000, 0.000000000000000000 ) ) ;
#1567 = ORIENTED_EDGE ( 'NONE', *, *, #30, .T. ) ;
#1568 = EDGE_CURVE ( 'NONE', #2182, #439, #1433, .T. ) ;
#1569 = PLANE ( 'NONE',  #195 ) ;
#1570 = VERTEX_POINT ( 'NONE', #3717 ) ;
#1571 = VECTOR ( 'NONE', #2912, 1000.000000000000000 ) ;
#1572 = CARTESIAN_POINT ( 'NONE',  ( -5.950000000000001066, 4.250000000000000000, -0.8500000000000005329 ) ) ;
#1573 = PLANE ( 'NONE',  #1361 ) ;
#1574 = CARTESIAN_POINT ( 'NONE',  ( 4.765000000000000568, 6.250000000000006217, -2.500000000000000000 ) ) ;
#1575 = VECTOR ( 'NONE', #2089, 1000.000000000000000 ) ;
#1576 = CARTESIAN_POINT ( 'NONE',  ( 2.240000000000007319, 4.775000000000000355, -2.225000000000000089 ) ) ;
#1577 = ORIENTED_EDGE ( 'NONE', *, *, #1141, .F. ) ;
#1578 = EDGE_CURVE ( 'NONE', #1060, #2825, #4122, .T. ) ;
#1579 = VECTOR ( 'NONE', #2601, 1000.000000000000000 ) ;
#1580 = FACE_BOUND ( 'NONE', #2627, .T. ) ;
#1581 = DIRECTION ( 'NONE',  ( 0.000000000000000000, 0.000000000000000000, -1.000000000000000000 ) ) ;
#1582 = LINE ( 'NONE', #543, #1216 ) ;
#1583 = ORIENTED_EDGE ( 'NONE', *, *, #1477, .F. ) ;
#1584 = VECTOR ( 'NONE', #1779, 1000.000000000000000 ) ;
#1585 = ORIENTED_EDGE ( 'NONE', *, *, #382, .T. ) ;
#1586 = VECTOR ( 'NONE', #1684, 1000.000000000000000 ) ;
#1587 = CARTESIAN_POINT ( 'NONE',  ( -4.250000000000000000, 5.100252258054534416, -1.250000000000000222 ) ) ;
#1588 = DIRECTION ( 'NONE',  ( 1.000000000000000000, 9.605334861444114745E-17, 0.000000000000000000 ) ) ;
#1589 = DIRECTION ( 'NONE',  ( 0.000000000000000000, -1.000000000000000000, 0.000000000000000000 ) ) ;
#1590 = ORIENTED_EDGE ( 'NONE', *, *, #1757, .F. ) ;
#1591 = EDGE_CURVE ( 'NONE', #2920, #1651, #2450, .T. ) ;
#1592 = LINE ( 'NONE', #2968, #939 ) ;
#1593 = EDGE_LOOP ( 'NONE', ( #2080, #4036, #160, #1258 ) ) ;
#1594 = PLANE ( 'NONE',  #4030 ) ;
#1595 = LINE ( 'NONE', #4154, #800 ) ;
#1596 = ADVANCED_FACE ( 'NONE', ( #476 ), #3785, .T. ) ;
#1597 = VECTOR ( 'NONE', #3817, 1000.000000000000000 ) ;
#1598 = ADVANCED_FACE ( 'NONE', ( #726, #2060, #3397, #91, #4220, #3162, #1227, #542, #1580, #1843, #2226 ), #915, .F. ) ;
#1599 = ORIENTED_EDGE ( 'NONE', *, *, #271, .F. ) ;
#1600 = CARTESIAN_POINT ( 'NONE',  ( -5.015000000000000568, 6.499999999999998224, -2.500000000000000000 ) ) ;
#1601 = PLANE ( 'NONE',  #3527 ) ;
#1602 = CARTESIAN_POINT ( 'NONE',  ( -4.500000000000000000, 3.649999999999999911, -4.870572098594924348 ) ) ;
#1603 = VERTEX_POINT ( 'NONE', #1905 ) ;
#1604 = DIRECTION ( 'NONE',  ( 0.000000000000000000, 0.000000000000000000, 1.000000000000000000 ) ) ;
#1605 = ADVANCED_FACE ( 'NONE', ( #3569 ), #3853, .F. ) ;
#1606 = VECTOR ( 'NONE', #3237, 1000.000000000000000 ) ;
#1607 = FACE_OUTER_BOUND ( 'NONE', #3442, .T. ) ;
#1608 = ADVANCED_FACE ( 'NONE', ( #3873 ), #2581, .F. ) ;
#1609 = ORIENTED_EDGE ( 'NONE', *, *, #4083, .F. ) ;
#1610 = ORIENTED_EDGE ( 'NONE', *, *, #2888, .F. ) ;
#1611 = STYLED_ITEM ( 'NONE', ( #1033 ), #479 ) ;
#1612 = CARTESIAN_POINT ( 'NONE',  ( 4.318674134265341635, 4.914168687704686178, 2.500000000000000444 ) ) ;
#1613 = ORIENTED_EDGE ( 'NONE', *, *, #3250, .T. ) ;
#1614 = DIRECTION ( 'NONE',  ( 0.000000000000000000, 0.000000000000000000, -1.000000000000000000 ) ) ;
#1615 = ORIENTED_EDGE ( 'NONE', *, *, #1887, .F. ) ;
#1616 = CARTESIAN_POINT ( 'NONE',  ( -4.765000000000000568, 6.250000000000003553, -2.225000000000000089 ) ) ;
#1617 = CARTESIAN_POINT ( 'NONE',  ( 2.465000000000001190, 5.149999999999999467, 2.224999999999999645 ) ) ;
#1618 = EDGE_CURVE ( 'NONE', #2288, #2207, #1207, .T. ) ;
#1619 = DIRECTION ( 'NONE',  ( -1.000000000000000000, 0.000000000000000000, -0.000000000000000000 ) ) ;
#1620 = DIRECTION ( 'NONE',  ( -1.000000000000000000, -0.000000000000000000, -0.000000000000000000 ) ) ;
#1621 = PLANE ( 'NONE',  #3074 ) ;
#1622 = EDGE_LOOP ( 'NONE', ( #3677, #4186, #2704, #889 ) ) ;
#1623 = ADVANCED_FACE ( 'NONE', ( #1188 ), #4243, .T. ) ;
#1624 = EDGE_CURVE ( 'NONE', #2906, #2791, #4181, .T. ) ;
#1625 = LINE ( 'NONE', #2290, #3595 ) ;
#1626 = EDGE_LOOP ( 'NONE', ( #1009, #1655, #2287, #2212 ) ) ;
#1627 = LINE ( 'NONE', #4004, #1701 ) ;
#1628 = ORIENTED_EDGE ( 'NONE', *, *, #1759, .F. ) ;
#1629 = ORIENTED_EDGE ( 'NONE', *, *, #4211, .T. ) ;
#1630 = LINE ( 'NONE', #2298, #3251 ) ;
#1631 = CARTESIAN_POINT ( 'NONE',  ( -3.465000000000000746, 5.375000000000000000, -8.724999999999999645 ) ) ;
#1632 = ORIENTED_EDGE ( 'NONE', *, *, #975, .T. ) ;
#1633 = DIRECTION ( 'NONE',  ( -0.000000000000000000, -1.000000000000000000, -0.000000000000000000 ) ) ;
#1634 = LINE ( 'NONE', #4298, #3103 ) ;
#1635 = DIRECTION ( 'NONE',  ( 7.228014483236698528E-16, -1.000000000000000000, 0.000000000000000000 ) ) ;
#1636 = LINE ( 'NONE', #1329, #1786 ) ;
#1637 = VECTOR ( 'NONE', #3833, 1000.000000000000000 ) ;
#1638 = EDGE_CURVE ( 'NONE', #184, #2920, #1888, .T. ) ;
#1639 = UNCERTAINTY_MEASURE_WITH_UNIT (LENGTH_MEASURE( 1.000000000000000082E-05 ), #228, 'distance_accuracy_value', 'NONE');
#1640 = AXIS2_PLACEMENT_3D ( 'NONE', #2593, #1902, #3236 ) ;
#1641 = CARTESIAN_POINT ( 'NONE',  ( 2.250000000000000444, 6.499999999999999112, 0.7499999999999996669 ) ) ;
#1642 = LINE ( 'NONE', #295, #3038 ) ;
#1643 = DIRECTION ( 'NONE',  ( 0.7071067811865584529, 0.7071067811865364705, 0.000000000000000000 ) ) ;
#1644 = VERTEX_POINT ( 'NONE', #3895 ) ;
#1645 = VECTOR ( 'NONE', #233, 1000.000000000000000 ) ;
#1646 = FACE_OUTER_BOUND ( 'NONE', #4168, .T. ) ;
#1647 = ORIENTED_EDGE ( 'NONE', *, *, #3782, .F. ) ;
#1648 = VECTOR ( 'NONE', #2752, 1000.000000000000000 ) ;
#1649 = CARTESIAN_POINT ( 'NONE',  ( -4.765000000000000568, 6.250000000000003553, 2.225000000000000089 ) ) ;
#1650 = VERTEX_POINT ( 'NONE', #1247 ) ;
#1651 = VERTEX_POINT ( 'NONE', #2536 ) ;
#1652 = VECTOR ( 'NONE', #1773, 1000.000000000000000 ) ;
#1653 = CARTESIAN_POINT ( 'NONE',  ( -4.514999999999999680, 5.375000000000000000, -2.225000000000000089 ) ) ;
#1654 = VECTOR ( 'NONE', #2583, 1000.000000000000000 ) ;
#1655 = ORIENTED_EDGE ( 'NONE', *, *, #1077, .T. ) ;
#1656 = VECTOR ( 'NONE', #4213, 1000.000000000000000 ) ;
#1657 = CARTESIAN_POINT ( 'NONE',  ( -2.465000000000000746, 5.149999999999999467, 2.224999999999999645 ) ) ;
#1658 = EDGE_CURVE ( 'NONE', #3905, #2852, #1496, .T. ) ;
#1659 = CARTESIAN_POINT ( 'NONE',  ( -2.240000000000004210, 6.500000000000005329, -2.500000000000000000 ) ) ;
#1660 = LINE ( 'NONE', #2997, #3820 ) ;
#1661 = CARTESIAN_POINT ( 'NONE',  ( -5.015000000000000568, 6.499999999999998224, 2.225000000000000089 ) ) ;
#1662 = EDGE_CURVE ( 'NONE', #1065, #139, #858, .T. ) ;
#1663 = LINE ( 'NONE', #1702, #3476 ) ;
#1664 = CARTESIAN_POINT ( 'NONE',  ( -3.750000000000000000, 5.100252258054534416, -1.250000000000000222 ) ) ;
#1665 = DIRECTION ( 'NONE',  ( 0.7071067811865563435, -0.7071067811865388020, 0.000000000000000000 ) ) ;
#1666 = VECTOR ( 'NONE', #461, 1000.000000000000000 ) ;
#1667 = CARTESIAN_POINT ( 'NONE',  ( 5.950000000000000178, 6.500000000000000000, 2.500000000000000444 ) ) ;
#1668 = CONTEXT_DEPENDENT_SHAPE_REPRESENTATION ( #1055, #1080 ) ;
#1669 = ORIENTED_EDGE ( 'NONE', *, *, #2979, .T. ) ;
#1670 = LINE ( 'NONE', #3007, #3724 ) ;
#1671 = ORIENTED_EDGE ( 'NONE', *, *, #2485, .F. ) ;
#1672 = VERTEX_POINT ( 'NONE', #237 ) ;
#1673 = EDGE_CURVE ( 'NONE', #795, #3343, #1557, .T. ) ;
#1674 = DIRECTION ( 'NONE',  ( 0.000000000000000000, 2.188853373384111071E-19, -1.000000000000000000 ) ) ;
#1675 = LINE ( 'NONE', #3357, #2502 ) ;
#1676 = SHAPE_REPRESENTATION_RELATIONSHIP ( 'NONE' , 'NONE' ,  #1726, #479 ) ;
#1677 = VECTOR ( 'NONE', #2459, 1000.000000000000000 ) ;
#1678 = ORIENTED_EDGE ( 'NONE', *, *, #3572, .F. ) ;
#1679 = VECTOR ( 'NONE', #375, 1000.000000000000000 ) ;
#1680 = ORIENTED_EDGE ( 'NONE', *, *, #3531, .F. ) ;
#1681 = CARTESIAN_POINT ( 'NONE',  ( -0.5349999999999999201, 1.624999999999998890, -1.249999999999999778 ) ) ;
#1682 = CARTESIAN_POINT ( 'NONE',  ( -3.750000000000000000, -2.725252258054539745, -1.250000000000000222 ) ) ;
#1683 = ORIENTED_EDGE ( 'NONE', *, *, #844, .F. ) ;
#1684 = DIRECTION ( 'NONE',  ( 1.000000000000000000, -2.168404344971009115E-16, 0.000000000000000000 ) ) ;
#1685 = PLANE ( 'NONE',  #327 ) ;
#1686 = CARTESIAN_POINT ( 'NONE',  ( 0.2500000000000002220, 1.625000000000000666, 0.7499999999999997780 ) ) ;
#1687 = CARTESIAN_POINT ( 'NONE',  ( -3.750000000000000000, -2.725252258054539745, -0.7499999999999997780 ) ) ;
#1688 = ORIENTED_EDGE ( 'NONE', *, *, #2346, .T. ) ;
#1689 = DIRECTION ( 'NONE',  ( 1.000000000000000000, 0.000000000000000000, 0.000000000000000000 ) ) ;
#1690 = ORIENTED_EDGE ( 'NONE', *, *, #2442, .T. ) ;
#1691 = ORIENTED_EDGE ( 'NONE', *, *, #1438, .T. ) ;
#1692 = LINE ( 'NONE', #3987, #3387 ) ;
#1693 = PLANE ( 'NONE',  #2700 ) ;
#1694 = DIRECTION ( 'NONE',  ( 0.000000000000000000, 0.000000000000000000, 1.000000000000000000 ) ) ;
#1695 = SURFACE_SIDE_STYLE ('',( #370 ) ) ;
#1696 = ORIENTED_EDGE ( 'NONE', *, *, #952, .T. ) ;
#1697 = PRODUCT_RELATED_PRODUCT_CATEGORY ( 'part', '', ( #1161 ) ) ;
#1698 = CARTESIAN_POINT ( 'NONE',  ( 5.450000000000000178, 6.499999999999999112, -1.074999999999994627 ) ) ;
#1699 = LINE ( 'NONE', #3035, #603 ) ;
#1700 = LINE ( 'NONE', #97, #935 ) ;
#1701 = VECTOR ( 'NONE', #1384, 1000.000000000000000 ) ;
#1702 = CARTESIAN_POINT ( 'NONE',  ( -3.750000000000000000, 5.100252258054534416, -0.7499999999999997780 ) ) ;
#1703 = FACE_OUTER_BOUND ( 'NONE', #1973, .T. ) ;
#1704 = LINE ( 'NONE', #3386, #1677 ) ;
#1705 = DIRECTION ( 'NONE',  ( 0.000000000000000000, 0.000000000000000000, -1.000000000000000000 ) ) ;
#1706 = CONTEXT_DEPENDENT_SHAPE_REPRESENTATION ( #316, #3388 ) ;
#1707 = ORIENTED_EDGE ( 'NONE', *, *, #3037, .F. ) ;
#1708 = LINE ( 'NONE', #3984, #1500 ) ;
#1709 = AXIS2_PLACEMENT_3D ( 'NONE', #1200, #1838, #534 ) ;
#1710 = ORIENTED_EDGE ( 'NONE', *, *, #870, .F. ) ;
#1711 = ORIENTED_EDGE ( 'NONE', *, *, #1183, .T. ) ;
#1712 = EDGE_CURVE ( 'NONE', #1359, #3352, #4200, .T. ) ;
#1713 = VECTOR ( 'NONE', #3265, 1000.000000000000000 ) ;
#1714 = PRODUCT_DEFINITION_SHAPE ( 'NONE', 'NONE',  #4308 ) ;
#1715 = CARTESIAN_POINT ( 'NONE',  ( 4.250000000000000000, 1.625000000000001332, -0.7499999999999995559 ) ) ;
#1716 = CARTESIAN_POINT ( 'NONE',  ( 5.449999999999997513, 1.625000000000001332, 2.225000000000000089 ) ) ;
#1717 = VECTOR ( 'NONE', #2697, 1000.000000000000000 ) ;
#1718 = DIRECTION ( 'NONE',  ( 0.000000000000000000, 0.000000000000000000, 1.000000000000000000 ) ) ;
#1719 = ORIENTED_EDGE ( 'NONE', *, *, #1416, .F. ) ;
#1720 = VECTOR ( 'NONE', #3896, 1000.000000000000000 ) ;
#1721 = LINE ( 'NONE', #3058, #1297 ) ;
#1722 = CARTESIAN_POINT ( 'NONE',  ( 3.750000000000000000, 0.000000000000000000, 0.7499999999999995559 ) ) ;
#1723 = CARTESIAN_POINT ( 'NONE',  ( 5.450000000000000178, -10.14838099273102046, 2.225000000000000089 ) ) ;
#1724 = ORIENTED_EDGE ( 'NONE', *, *, #965, .F. ) ;
#1725 = VECTOR ( 'NONE', #2281, 1000.000000000000000 ) ;
#1726 = SHAPE_REPRESENTATION ( 'BxB-PHDSS_10', ( #3349 ), #2157 ) ;
#1727 = EDGE_CURVE ( 'NONE', #703, #2718, #899, .T. ) ;
#1728 = VERTEX_POINT ( 'NONE', #2164 ) ;
#1729 = DIRECTION ( 'NONE',  ( 0.000000000000000000, -1.000000000000000000, -0.000000000000000000 ) ) ;
#1730 = LINE ( 'NONE', #1133, #3874 ) ;
#1731 = FACE_BOUND ( 'NONE', #2673, .T. ) ;
#1732 = ADVANCED_FACE ( 'NONE', ( #3182 ), #3510, .F. ) ;
#1733 = LINE ( 'NONE', #3068, #332 ) ;
#1734 = ORIENTED_EDGE ( 'NONE', *, *, #1638, .T. ) ;
#1735 = DIRECTION ( 'NONE',  ( 0.7071067811865561215, -0.7071067811865389130, 0.000000000000000000 ) ) ;
#1736 = ORIENTED_EDGE ( 'NONE', *, *, #2701, .T. ) ;
#1737 = ORIENTED_EDGE ( 'NONE', *, *, #203, .F. ) ;
#1738 = EDGE_CURVE ( 'NONE', #3617, #715, #3528, .T. ) ;
#1739 = EDGE_CURVE ( 'NONE', #4279, #2011, #674, .T. ) ;
#1740 = DIRECTION ( 'NONE',  ( -0.000000000000000000, -0.000000000000000000, 1.000000000000000000 ) ) ;
#1741 = FACE_OUTER_BOUND ( 'NONE', #626, .T. ) ;
#1742 = EDGE_CURVE ( 'NONE', #2885, #2194, #2688, .T. ) ;
#1743 = AXIS2_PLACEMENT_3D ( 'NONE', #3271, #3012, #287 ) ;
#1744 = PLANE ( 'NONE',  #2135 ) ;
#1745 = DIRECTION ( 'NONE',  ( 0.000000000000000000, 0.000000000000000000, 1.000000000000000000 ) ) ;
#1746 = ORIENTED_EDGE ( 'NONE', *, *, #3408, .T. ) ;
#1747 = CARTESIAN_POINT ( 'NONE',  ( -5.015000000000000568, 6.499999999999998224, -2.500000000000000000 ) ) ;
#1748 = DIRECTION ( 'NONE',  ( 0.000000000000000000, 1.000000000000000000, 0.000000000000000000 ) ) ;
#1749 = EDGE_LOOP ( 'NONE', ( #77, #390, #3028, #3689 ) ) ;
#1750 = PLANE ( 'NONE',  #946 ) ;
#1751 = LINE ( 'NONE', #2397, #3593 ) ;
#1752 = EDGE_CURVE ( 'NONE', #4273, #1918, #998, .T. ) ;
#1753 = EDGE_CURVE ( 'NONE', #2, #820, #2621, .T. ) ;
#1754 = DIRECTION ( 'NONE',  ( 1.000000000000000000, 0.000000000000000000, 0.000000000000000000 ) ) ;
#1755 = ORIENTED_EDGE ( 'NONE', *, *, #1351, .T. ) ;
#1756 = LINE ( 'NONE', #833, #4288 ) ;
#1757 = EDGE_CURVE ( 'NONE', #3461, #1853, #4285, .T. ) ;
#1758 = VERTEX_POINT ( 'NONE', #1930 ) ;
#1759 = EDGE_CURVE ( 'NONE', #796, #213, #613, .T. ) ;
#1760 = EDGE_LOOP ( 'NONE', ( #2763, #1422, #1872, #3852 ) ) ;
#1761 = CARTESIAN_POINT ( 'NONE',  ( -4.250000000000000000, -1.750638370251823612E-15, 1.250000000000000666 ) ) ;
#1762 = CARTESIAN_POINT ( 'NONE',  ( 0.2500000000000002220, 6.499999999999998224, 0.7499999999999997780 ) ) ;
#1763 = LINE ( 'NONE', #455, #3324 ) ;
#1764 = DIRECTION ( 'NONE',  ( 0.000000000000000000, 0.000000000000000000, 1.000000000000000000 ) ) ;
#1765 = VERTEX_POINT ( 'NONE', #3347 ) ;
#1766 = DIRECTION ( 'NONE',  ( -0.000000000000000000, 0.000000000000000000, 1.000000000000000000 ) ) ;
#1767 = DIRECTION ( 'NONE',  ( 1.000000000000000000, 9.605334861444114745E-17, 0.000000000000000000 ) ) ;
#1768 = LINE ( 'NONE', #2110, #4092 ) ;
#1769 = EDGE_LOOP ( 'NONE', ( #1166, #722, #945, #2802 ) ) ;
#1770 = ORIENTED_EDGE ( 'NONE', *, *, #1893, .F. ) ;
#1771 = DIRECTION ( 'NONE',  ( 0.000000000000000000, -0.000000000000000000, 1.000000000000000000 ) ) ;
#1772 = FACE_BOUND ( 'NONE', #2623, .T. ) ;
#1773 = DIRECTION ( 'NONE',  ( 1.000000000000000000, -0.000000000000000000, -0.000000000000000000 ) ) ;
#1774 = ORIENTED_EDGE ( 'NONE', *, *, #1472, .T. ) ;
#1775 = CARTESIAN_POINT ( 'NONE',  ( 2.250000000000000444, 1.625000000000001110, -0.7499999999999994449 ) ) ;
#1776 = ORIENTED_EDGE ( 'NONE', *, *, #3825, .F. ) ;
#1777 = VECTOR ( 'NONE', #2646, 1000.000000000000000 ) ;
#1778 = CARTESIAN_POINT ( 'NONE',  ( -4.514999999999999680, 5.375000000000000000, 2.500000000000000444 ) ) ;
#1779 = DIRECTION ( 'NONE',  ( 0.000000000000000000, 0.000000000000000000, -1.000000000000000000 ) ) ;
#1780 = VECTOR ( 'NONE', #1020, 1000.000000000000000 ) ;
#1781 = LINE ( 'NONE', #3465, #3796 ) ;
#1782 = CARTESIAN_POINT ( 'NONE',  ( 5.950000000000000178, 0.000000000000000000, -2.500000000000000000 ) ) ;
#1783 = ORIENTED_EDGE ( 'NONE', *, *, #1578, .F. ) ;
#1784 = DIRECTION ( 'NONE',  ( 0.000000000000000000, 0.000000000000000000, 1.000000000000000000 ) ) ;
#1785 = ORIENTED_EDGE ( 'NONE', *, *, #2550, .F. ) ;
#1786 = VECTOR ( 'NONE', #3995, 1000.000000000000000 ) ;
#1787 = EDGE_CURVE ( 'NONE', #1603, #4129, #362, .T. ) ;
#1788 = FACE_OUTER_BOUND ( 'NONE', #3393, .T. ) ;
#1789 = VECTOR ( 'NONE', #2369, 1000.000000000000000 ) ;
#1790 = PRODUCT_DEFINITION_SHAPE ( 'NONE', 'NONE',  #4310 ) ;
#1791 = LINE ( 'NONE', #1463, #4113 ) ;
#1792 = DIRECTION ( 'NONE',  ( 0.000000000000000000, -1.000000000000000000, 0.000000000000000000 ) ) ;
#1793 = VERTEX_POINT ( 'NONE', #1687 ) ;
#1794 = VECTOR ( 'NONE', #3270, 1000.000000000000000 ) ;
#1795 = EDGE_CURVE ( 'NONE', #1269, #1320, #1625, .T. ) ;
#1796 = EDGE_LOOP ( 'NONE', ( #1878, #2892, #2770, #2360 ) ) ;
#1797 = CARTESIAN_POINT ( 'NONE',  ( -1.749999999999999778, -1.312978777688867807E-15, 0.7500000000000000000 ) ) ;
#1798 = CARTESIAN_POINT ( 'NONE',  ( 5.449999999999997513, 1.625000000000001332, 2.225000000000000089 ) ) ;
#1799 = EDGE_CURVE ( 'NONE', #394, #1955, #632, .T. ) ;
#1800 = VECTOR ( 'NONE', #157, 1000.000000000000000 ) ;
#1801 = VECTOR ( 'NONE', #3503, 1000.000000000000000 ) ;
#1802 = VERTEX_POINT ( 'NONE', #1969 ) ;
#1803 = DIRECTION ( 'NONE',  ( 9.605334861444114745E-17, -1.000000000000000000, 0.000000000000000000 ) ) ;
#1804 = DIRECTION ( 'NONE',  ( 3.329861664059410138E-17, 0.3420201433256658263, 0.9396926207859095381 ) ) ;
#1805 = ORIENTED_EDGE ( 'NONE', *, *, #1757, .T. ) ;
#1806 = DIRECTION ( 'NONE',  ( -1.000000000000000000, 0.000000000000000000, 0.000000000000000000 ) ) ;
#1807 = PLANE ( 'NONE',  #3540 ) ;
#1808 = LINE ( 'NONE', #3185, #2464 ) ;
#1809 = LINE ( 'NONE', #1600, #1301 ) ;
#1810 = ORIENTED_EDGE ( 'NONE', *, *, #1089, .F. ) ;
#1811 = EDGE_LOOP ( 'NONE', ( #1556, #3008, #3031, #3027 ) ) ;
#1812 = ADVANCED_FACE ( 'NONE', ( #90 ), #933, .T. ) ;
#1813 = VECTOR ( 'NONE', #3169, 1000.000000000000000 ) ;
#1814 = DIRECTION ( 'NONE',  ( 1.000000000000000000, 2.460600675144407758E-16, 0.000000000000000000 ) ) ;
#1815 = EDGE_CURVE ( 'NONE', #1672, #786, #980, .T. ) ;
#1816 = FACE_OUTER_BOUND ( 'NONE', #934, .T. ) ;
#1817 = VERTEX_POINT ( 'NONE', #319 ) ;
#1818 = VERTEX_POINT ( 'NONE', #1023 ) ;
#1819 = DIRECTION ( 'NONE',  ( 9.605334861444114745E-17, -1.000000000000000000, 0.000000000000000000 ) ) ;
#1820 = DIRECTION ( 'NONE',  ( 0.000000000000000000, -0.3420201433256714885, 0.9396926207859074287 ) ) ;
#1821 = AXIS2_PLACEMENT_3D ( 'NONE', #2883, #3212, #1852 ) ;
#1822 = CARTESIAN_POINT ( 'NONE',  ( 5.950000000000000178, 6.500000000000000000, 2.500000000000000444 ) ) ;
#1823 = ORIENTED_EDGE ( 'NONE', *, *, #2528, .T. ) ;
#1824 = LINE ( 'NONE', #1164, #4152 ) ;
#1825 = ORIENTED_EDGE ( 'NONE', *, *, #380, .T. ) ;
#1826 = PRODUCT ( 'BxB-PHDSS_10', 'BxB-PHDSS_10', '', ( #1970 ) ) ;
#1827 = PLANE ( 'NONE',  #2685 ) ;
#1828 = CARTESIAN_POINT ( 'NONE',  ( 4.500000000000000000, 3.649999999999999911, 2.500000000000000444 ) ) ;
#1829 = CARTESIAN_POINT ( 'NONE',  ( -5.950000000000001066, 0.000000000000000000, -2.500000000000000000 ) ) ;
#1830 = DIRECTION ( 'NONE',  ( 0.000000000000000000, 0.000000000000000000, -1.000000000000000000 ) ) ;
#1831 = ORIENTED_EDGE ( 'NONE', *, *, #1109, .T. ) ;
#1832 = ORIENTED_EDGE ( 'NONE', *, *, #3499, .T. ) ;
#1833 = CARTESIAN_POINT ( 'NONE',  ( -2.465000000000000302, 1.625000000000000000, 2.224999999999999645 ) ) ;
#1834 = DIRECTION ( 'NONE',  ( 1.000000000000000000, 0.000000000000000000, 0.000000000000000000 ) ) ;
#1835 = ORIENTED_EDGE ( 'NONE', *, *, #2234, .F. ) ;
#1836 = ORIENTED_EDGE ( 'NONE', *, *, #3481, .F. ) ;
#1837 = CARTESIAN_POINT ( 'NONE',  ( 5.450000000000000178, 6.500000000000000000, 2.225000000000000089 ) ) ;
#1838 = DIRECTION ( 'NONE',  ( -1.000000000000000000, 0.000000000000000000, -0.000000000000000000 ) ) ;
#1839 = DIRECTION ( 'NONE',  ( -1.000000000000000000, 0.000000000000000000, 0.000000000000000000 ) ) ;
#1840 = LINE ( 'NONE', #3179, #1571 ) ;
#1841 = DIRECTION ( 'NONE',  ( 0.7071067811865563435, -0.7071067811865388020, 0.000000000000000000 ) ) ;
#1842 = ORIENTED_EDGE ( 'NONE', *, *, #4024, .F. ) ;
#1843 = FACE_BOUND ( 'NONE', #4160, .T. ) ;
#1844 = CARTESIAN_POINT ( 'NONE',  ( 5.449999999999999289, 6.274999999999999467, -0.8500000000000005329 ) ) ;
#1845 = PLANE ( 'NONE',  #997 ) ;
#1846 = VECTOR ( 'NONE', #2009, 1000.000000000000000 ) ;
#1847 = ADVANCED_FACE ( 'NONE', ( #1646 ), #2981, .F. ) ;
#1848 = ORIENTED_EDGE ( 'NONE', *, *, #4232, .F. ) ;
#1849 = ORIENTED_EDGE ( 'NONE', *, *, #4244, .F. ) ;
#1850 = AXIS2_PLACEMENT_3D ( 'NONE', #4044, #313, #2641 ) ;
#1851 = FACE_OUTER_BOUND ( 'NONE', #1187, .T. ) ;
#1852 = DIRECTION ( 'NONE',  ( 0.000000000000000000, 0.000000000000000000, 1.000000000000000000 ) ) ;
#1853 = VERTEX_POINT ( 'NONE', #3003 ) ;
#1854 = VECTOR ( 'NONE', #2827, 1000.000000000000000 ) ;
#1855 = ORIENTED_EDGE ( 'NONE', *, *, #2526, .T. ) ;
#1856 = CARTESIAN_POINT ( 'NONE',  ( 2.240000000000005986, 5.375000000000000000, 2.225000000000000089 ) ) ;
#1857 = CARTESIAN_POINT ( 'NONE',  ( 4.318674134265341635, 4.914168687704686178, 2.400000000000000799 ) ) ;
#1858 = AXIS2_PLACEMENT_3D ( 'NONE', #1667, #3024, #1316 ) ;
#1859 = EDGE_CURVE ( 'NONE', #2941, #909, #2356, .T. ) ;
#1860 = ORIENTED_EDGE ( 'NONE', *, *, #3591, .F. ) ;
#1861 = AXIS2_PLACEMENT_3D ( 'NONE', #1762, #2746, #3745 ) ;
#1862 = CARTESIAN_POINT ( 'NONE',  ( -2.250000000000000444, 6.499999999999998224, -1.249999999999999556 ) ) ;
#1863 = EDGE_CURVE ( 'NONE', #2619, #184, #3651, .T. ) ;
#1864 = LINE ( 'NONE', #2206, #1236 ) ;
#1865 = EDGE_LOOP ( 'NONE', ( #3598, #731, #1678, #483 ) ) ;
#1866 = ADVANCED_FACE ( 'NONE', ( #1336 ), #653, .T. ) ;
#1867 = VECTOR ( 'NONE', #2610, 1000.000000000000000 ) ;
#1868 = DIRECTION ( 'NONE',  ( 1.000000000000000000, 0.000000000000000000, 0.000000000000000000 ) ) ;
#1869 = FACE_OUTER_BOUND ( 'NONE', #1796, .T. ) ;
#1870 = ADVANCED_FACE ( 'NONE', ( #2664 ), #4001, .F. ) ;
#1871 = ORIENTED_EDGE ( 'NONE', *, *, #3435, .F. ) ;
#1872 = ORIENTED_EDGE ( 'NONE', *, *, #2580, .T. ) ;
#1873 = EDGE_CURVE ( 'NONE', #1341, #3585, #2596, .T. ) ;
#1874 = PLANE ( 'NONE',  #3600 ) ;
#1875 = CARTESIAN_POINT ( 'NONE',  ( 1.749999999999999778, 6.499999999999999112, 0.7499999999999996669 ) ) ;
#1876 =( REPRESENTATION_RELATIONSHIP ('NONE','NONE', #1201, #2609 ) REPRESENTATION_RELATIONSHIP_WITH_TRANSFORMATION ( #1382 )SHAPE_REPRESENTATION_RELATIONSHIP( ) );
#1877 = LINE ( 'NONE', #1213, #1325 ) ;
#1878 = ORIENTED_EDGE ( 'NONE', *, *, #2654, .F. ) ;
#1879 = MECHANICAL_DESIGN_GEOMETRIC_PRESENTATION_REPRESENTATION (  '', ( #3970 ), #492 ) ;
#1880 = ORIENTED_EDGE ( 'NONE', *, *, #1859, .F. ) ;
#1881 = LINE ( 'NONE', #1552, #58 ) ;
#1882 = LINE ( 'NONE', #3823, #4222 ) ;
#1883 = EDGE_CURVE ( 'NONE', #303, #2268, #2716, .T. ) ;
#1884 = DIRECTION ( 'NONE',  ( 9.605334861444114745E-17, -1.000000000000000000, 0.000000000000000000 ) ) ;
#1885 = AXIS2_PLACEMENT_3D ( 'NONE', #687, #2748, #4079 ) ;
#1886 = VERTEX_POINT ( 'NONE', #719 ) ;
#1887 = EDGE_CURVE ( 'NONE', #1467, #46, #59, .T. ) ;
#1888 = LINE ( 'NONE', #521, #3736 ) ;
#1889 = ORIENTED_EDGE ( 'NONE', *, *, #1298, .T. ) ;
#1890 = EDGE_CURVE ( 'NONE', #1136, #1034, #3762, .T. ) ;
#1891 = LINE ( 'NONE', #197, #2227 ) ;
#1892 = CARTESIAN_POINT ( 'NONE',  ( 3.465000000000001634, 4.775000000000000355, -2.225000000000000089 ) ) ;
#1893 = EDGE_CURVE ( 'NONE', #3905, #303, #2423, .T. ) ;
#1894 = ORIENTED_EDGE ( 'NONE', *, *, #3111, .T. ) ;
#1895 = ORIENTED_EDGE ( 'NONE', *, *, #2656, .T. ) ;
#1896 = PRESENTATION_STYLE_ASSIGNMENT (( #1504 ) ) ;
#1897 = CARTESIAN_POINT ( 'NONE',  ( 4.250000000000000000, 0.000000000000000000, -0.7499999999999995559 ) ) ;
#1898 = ORIENTED_EDGE ( 'NONE', *, *, #2638, .T. ) ;
#1899 = ORIENTED_EDGE ( 'NONE', *, *, #2989, .F. ) ;
#1900 = DIRECTION ( 'NONE',  ( 0.000000000000000000, -0.7071067811865393571, -0.7071067811865555663 ) ) ;
#1901 = PLANE ( 'NONE',  #3244 ) ;
#1902 = DIRECTION ( 'NONE',  ( 1.000000000000000000, 0.000000000000000000, -0.000000000000000000 ) ) ;
#1903 = LINE ( 'NONE', #1602, #4046 ) ;
#1904 = ORIENTED_EDGE ( 'NONE', *, *, #485, .F. ) ;
#1905 = CARTESIAN_POINT ( 'NONE',  ( 0.2500000000000002220, 1.624999999999998668, 1.250000000000000666 ) ) ;
#1906 = FACE_OUTER_BOUND ( 'NONE', #2734, .T. ) ;
#1907 = DIRECTION ( 'NONE',  ( 1.000000000000000000, 0.000000000000000000, -0.000000000000000000 ) ) ;
#1908 = EDGE_LOOP ( 'NONE', ( #1577, #1047, #2216, #2884 ) ) ;
#1909 = ORIENTED_EDGE ( 'NONE', *, *, #927, .F. ) ;
#1910 = CARTESIAN_POINT ( 'NONE',  ( 5.450000000000000178, 1.625000000000001332, -2.225000000000000977 ) ) ;
#1911 = VECTOR ( 'NONE', #3962, 1000.000000000000114 ) ;
#1912 = DIRECTION ( 'NONE',  ( 0.000000000000000000, -1.000000000000000000, 0.000000000000000000 ) ) ;
#1913 = LINE ( 'NONE', #4254, #11 ) ;
#1914 = EDGE_CURVE ( 'NONE', #641, #2906, #700, .T. ) ;
#1915 = ORIENTED_EDGE ( 'NONE', *, *, #969, .F. ) ;
#1916 = EDGE_CURVE ( 'NONE', #2182, #802, #3712, .T. ) ;
#1917 = CARTESIAN_POINT ( 'NONE',  ( 4.250000000000000000, 6.500000000000000000, 0.7499999999999995559 ) ) ;
#1918 = VERTEX_POINT ( 'NONE', #3389 ) ;
#1919 = FACE_OUTER_BOUND ( 'NONE', #3913, .T. ) ;
#1920 = LINE ( 'NONE', #572, #2681 ) ;
#1921 = EDGE_CURVE ( 'NONE', #1256, #1459, #1733, .T. ) ;
#1922 = VECTOR ( 'NONE', #1740, 1000.000000000000000 ) ;
#1923 = ADVANCED_FACE ( 'NONE', ( #469 ), #3086, .F. ) ;
#1924 = CARTESIAN_POINT ( 'NONE',  ( 5.950000000000000178, 0.000000000000000000, -2.500000000000000000 ) ) ;
#1925 = DIRECTION ( 'NONE',  ( -0.000000000000000000, -0.000000000000000000, 1.000000000000000000 ) ) ;
#1926 = VECTOR ( 'NONE', #1013, 1000.000000000000000 ) ;
#1927 = LINE ( 'NONE', #649, #619 ) ;
#1928 = VERTEX_POINT ( 'NONE', #3106 ) ;
#1929 = AXIS2_PLACEMENT_3D ( 'NONE', #3550, #2185, #1190 ) ;
#1930 = CARTESIAN_POINT ( 'NONE',  ( 4.500000000000000000, 3.649999999999999911, 2.224999999999999645 ) ) ;
#1931 = CARTESIAN_POINT ( 'NONE',  ( 5.950000000000000178, 4.250000000000000000, -0.8500000000000005329 ) ) ;
#1932 = ORIENTED_EDGE ( 'NONE', *, *, #1921, .T. ) ;
#1933 = VECTOR ( 'NONE', #2682, 1000.000000000000000 ) ;
#1934 = ORIENTED_EDGE ( 'NONE', *, *, #1421, .F. ) ;
#1935 = DIRECTION ( 'NONE',  ( 0.000000000000000000, 0.000000000000000000, -1.000000000000000000 ) ) ;
#1936 =( NAMED_UNIT ( * ) SI_UNIT ( $, .STERADIAN. ) SOLID_ANGLE_UNIT ( ) );
#1937 = VERTEX_POINT ( 'NONE', #2399 ) ;
#1938 = EDGE_CURVE ( 'NONE', #3614, #1225, #744, .T. ) ;
#1939 = FACE_OUTER_BOUND ( 'NONE', #1991, .T. ) ;
#1940 = ADVANCED_FACE ( 'NONE', ( #1451 ), #2096, .F. ) ;
#1941 = CARTESIAN_POINT ( 'NONE',  ( -2.465000000000001190, 5.149999999999999467, 2.500000000000000444 ) ) ;
#1942 = CARTESIAN_POINT ( 'NONE',  ( -3.750000000000000000, -1.750638370251823612E-15, -0.7499999999999990008 ) ) ;
#1943 = DIRECTION ( 'NONE',  ( -0.7071067811865561215, 0.7071067811865389130, 0.000000000000000000 ) ) ;
#1944 = EDGE_CURVE ( 'NONE', #364, #634, #2465, .T. ) ;
#1945 = AXIS2_PLACEMENT_3D ( 'NONE', #2533, #2851, #171 ) ;
#1946 = LINE ( 'NONE', #2476, #2486 ) ;
#1947 = CARTESIAN_POINT ( 'NONE',  ( -5.950000000000001066, 0.9249999999999996003, 2.500000000000000000 ) ) ;
#1948 = CARTESIAN_POINT ( 'NONE',  ( 5.449999999999999289, 6.274999999999999467, -0.8500000000000005329 ) ) ;
#1949 = EDGE_LOOP ( 'NONE', ( #371, #2598, #3644, #2334 ) ) ;
#1950 = CARTESIAN_POINT ( 'NONE',  ( 2.465000000000001190, 5.149999999999999467, -4.870572098594924348 ) ) ;
#1951 = ITEM_DEFINED_TRANSFORMATION ( 'NONE', 'NONE', #1885,  #3349 ) ;
#1952 = EDGE_LOOP ( 'NONE', ( #3541, #1904, #2427, #2994, #3780, #3155, #3134, #1156, #2523 ) ) ;
#1953 = VECTOR ( 'NONE', #3912, 1000.000000000000000 ) ;
#1954 = CARTESIAN_POINT ( 'NONE',  ( -5.124999999999999112, 3.649999999999999911, 2.500000000000000444 ) ) ;
#1955 = VERTEX_POINT ( 'NONE', #1425 ) ;
#1956 = ORIENTED_EDGE ( 'NONE', *, *, #401, .T. ) ;
#1957 = PLANE ( 'NONE',  #471 ) ;
#1958 = EDGE_CURVE ( 'NONE', #2097, #3171, #2783, .T. ) ;
#1959 = DIRECTION ( 'NONE',  ( 1.000000000000000000, 0.000000000000000000, 0.000000000000000000 ) ) ;
#1960 = ORIENTED_EDGE ( 'NONE', *, *, #1662, .T. ) ;
#1961 = CARTESIAN_POINT ( 'NONE',  ( 2.240000000000006875, 5.375000000000000000, -2.225000000000000089 ) ) ;
#1962 = CARTESIAN_POINT ( 'NONE',  ( -5.950000000000001066, 4.250000000000000000, -0.8500000000000005329 ) ) ;
#1963 = DIRECTION ( 'NONE',  ( -1.000000000000000000, 2.168404344971009115E-16, 0.000000000000000000 ) ) ;
#1964 = CARTESIAN_POINT ( 'NONE',  ( -3.750000000000000000, -1.750638370251823612E-15, 0.7500000000000001110 ) ) ;
#1965 = LINE ( 'NONE', #1019, #2270 ) ;
#1966 = CARTESIAN_POINT ( 'NONE',  ( 2.465000000000000302, 1.625000000000000000, 2.500000000000000444 ) ) ;
#1967 = DIRECTION ( 'NONE',  ( 6.424901762877063495E-16, 1.000000000000000000, 0.000000000000000000 ) ) ;
#1968 = ORIENTED_EDGE ( 'NONE', *, *, #3723, .F. ) ;
#1969 = CARTESIAN_POINT ( 'NONE',  ( -3.750000000000000000, -1.750638370251823612E-15, -1.249999999999999334 ) ) ;
#1970 = PRODUCT_CONTEXT ( 'NONE', #839, 'mechanical' ) ;
#1971 = ORIENTED_EDGE ( 'NONE', *, *, #821, .F. ) ;
#1972 = CARTESIAN_POINT ( 'NONE',  ( 4.250000000000000000, 0.000000000000000000, 0.7499999999999995559 ) ) ;
#1973 = EDGE_LOOP ( 'NONE', ( #3293, #2272, #947, #3706 ) ) ;
#1974 = ORIENTED_EDGE ( 'NONE', *, *, #1673, .F. ) ;
#1975 = FACE_OUTER_BOUND ( 'NONE', #2879, .T. ) ;
#1976 = ADVANCED_FACE ( 'NONE', ( #3366 ), #3436, .T. ) ;
#1977 = DIRECTION ( 'NONE',  ( -0.000000000000000000, -0.000000000000000000, 1.000000000000000000 ) ) ;
#1978 = VERTEX_POINT ( 'NONE', #2445 ) ;
#1979 = ORIENTED_EDGE ( 'NONE', *, *, #680, .F. ) ;
#1980 = CARTESIAN_POINT ( 'NONE',  ( -3.850000000000000089, -3.000000000000000000, -1.149999999999999911 ) ) ;
#1981 = CARTESIAN_POINT ( 'NONE',  ( -4.765000000000000568, 5.624999999999993783, -2.500000000000000000 ) ) ;
#1982 = AXIS2_PLACEMENT_3D ( 'NONE', #2493, #4157, #105 ) ;
#1983 = PLANE ( 'NONE',  #1999 ) ;
#1984 = LINE ( 'NONE', #3976, #4291 ) ;
#1985 = CARTESIAN_POINT ( 'NONE',  ( -3.465000000000000746, 4.774999999999999467, -2.225000000000000089 ) ) ;
#1986 = EDGE_CURVE ( 'NONE', #1348, #686, #3779, .T. ) ;
#1987 = DIRECTION ( 'NONE',  ( 1.000000000000000000, 0.000000000000000000, 0.000000000000000000 ) ) ;
#1988 = ORIENTED_EDGE ( 'NONE', *, *, #3723, .T. ) ;
#1989 = VECTOR ( 'NONE', #3297, 1000.000000000000000 ) ;
#1990 = CARTESIAN_POINT ( 'NONE',  ( -4.765000000000000568, 5.624999999999993783, 2.225000000000000089 ) ) ;
#1991 = EDGE_LOOP ( 'NONE', ( #3269, #2148, #3592, #953 ) ) ;
#1992 = ORIENTED_EDGE ( 'NONE', *, *, #3304, .F. ) ;
#1993 = VECTOR ( 'NONE', #1135, 1000.000000000000000 ) ;
#1994 = CARTESIAN_POINT ( 'NONE',  ( -2.240000000000005986, 5.375000000000000000, -8.724999999999999645 ) ) ;
#1995 = VECTOR ( 'NONE', #3768, 1000.000000000000000 ) ;
#1996 = DIRECTION ( 'NONE',  ( -1.000000000000000000, 0.000000000000000000, -0.000000000000000000 ) ) ;
#1997 = SURFACE_SIDE_STYLE ('',( #3643 ) ) ;
#1998 = ORIENTED_EDGE ( 'NONE', *, *, #783, .T. ) ;
#1999 = AXIS2_PLACEMENT_3D ( 'NONE', #4043, #3955, #1310 ) ;
#2000 = VERTEX_POINT ( 'NONE', #383 ) ;
#2001 = CARTESIAN_POINT ( 'NONE',  ( -5.124999999999999112, 3.649999999999999911, 2.224999999999999645 ) ) ;
#2002 = DIRECTION ( 'NONE',  ( 0.000000000000000000, 0.000000000000000000, -1.000000000000000000 ) ) ;
#2003 = FACE_OUTER_BOUND ( 'NONE', #2509, .T. ) ;
#2004 = LINE ( 'NONE', #3345, #2762 ) ;
#2005 = DIRECTION ( 'NONE',  ( 0.000000000000000000, 0.000000000000000000, 1.000000000000000000 ) ) ;
#2006 = AXIS2_PLACEMENT_3D ( 'NONE', #4063, #1814, #4132 ) ;
#2007 = CARTESIAN_POINT ( 'NONE',  ( -5.450000000000001954, -10.14838099273102046, 2.225000000000000089 ) ) ;
#2008 = ORIENTED_EDGE ( 'NONE', *, *, #4173, .F. ) ;
#2009 = DIRECTION ( 'NONE',  ( -1.000000000000000000, -0.000000000000000000, -0.000000000000000000 ) ) ;
#2010 = ADVANCED_FACE ( 'NONE', ( #189 ), #586, .F. ) ;
#2011 = VERTEX_POINT ( 'NONE', #908 ) ;
#2012 = VERTEX_POINT ( 'NONE', #1237 ) ;
#2013 = DIRECTION ( 'NONE',  ( 0.000000000000000000, -0.000000000000000000, 1.000000000000000000 ) ) ;
#2014 = ADVANCED_FACE ( 'NONE', ( #1162 ), #1569, .T. ) ;
#2015 = DIRECTION ( 'NONE',  ( 0.000000000000000000, -1.000000000000000000, 0.000000000000000000 ) ) ;
#2016 = CARTESIAN_POINT ( 'NONE',  ( -5.950000000000001066, 4.250000000000000000, -0.8500000000000005329 ) ) ;
#2017 = PRESENTATION_STYLE_ASSIGNMENT (( #3334 ) ) ;
#2018 = ORIENTED_EDGE ( 'NONE', *, *, #3545, .T. ) ;
#2019 = CARTESIAN_POINT ( 'NONE',  ( 5.450000000000000178, -10.14838099273102046, 2.225000000000000089 ) ) ;
#2020 = CARTESIAN_POINT ( 'NONE',  ( -3.750000000000000000, 5.100252258054534416, -0.7499999999999997780 ) ) ;
#2021 = LINE ( 'NONE', #4276, #2208 ) ;
#2022 = CARTESIAN_POINT ( 'NONE',  ( 5.124999999999999112, 3.649999999999999911, -4.870572098594924348 ) ) ;
#2023 = ORIENTED_EDGE ( 'NONE', *, *, #1434, .T. ) ;
#2024 = FACE_OUTER_BOUND ( 'NONE', #1465, .T. ) ;
#2025 = CARTESIAN_POINT ( 'NONE',  ( -5.450000000000001954, 4.250000000000000000, -0.8500000000000005329 ) ) ;
#2026 = EDGE_CURVE ( 'NONE', #2044, #1886, #493, .T. ) ;
#2027 = DIRECTION ( 'NONE',  ( 0.000000000000000000, -0.000000000000000000, -1.000000000000000000 ) ) ;
#2028 = DIRECTION ( 'NONE',  ( 0.000000000000000000, 0.000000000000000000, 1.000000000000000000 ) ) ;
#2029 = CONTEXT_DEPENDENT_SHAPE_REPRESENTATION ( #1202, #1714 ) ;
#2030 = VERTEX_POINT ( 'NONE', #1961 ) ;
#2031 = LINE ( 'NONE', #4048, #3658 ) ;
#2032 = APPLICATION_CONTEXT ( 'automotive_design' ) ;
#2033 = ORIENTED_EDGE ( 'NONE', *, *, #536, .F. ) ;
#2034 = ORIENTED_EDGE ( 'NONE', *, *, #4238, .F. ) ;
#2035 = CARTESIAN_POINT ( 'NONE',  ( 2.250000000000000444, 1.625000000000000000, 1.250000000000000222 ) ) ;
#2036 = FACE_OUTER_BOUND ( 'NONE', #768, .T. ) ;
#2037 = FACE_OUTER_BOUND ( 'NONE', #678, .T. ) ;
#2038 = EDGE_LOOP ( 'NONE', ( #1690, #1125, #552, #1406 ) ) ;
#2039 = CARTESIAN_POINT ( 'NONE',  ( 0.000000000000000000, 0.000000000000000000, 0.000000000000000000 ) ) ;
#2040 = ORIENTED_EDGE ( 'NONE', *, *, #113, .T. ) ;
#2041 = EDGE_CURVE ( 'NONE', #1651, #1793, #2137, .T. ) ;
#2042 = DIRECTION ( 'NONE',  ( 6.424901762877063495E-16, -1.000000000000000000, 0.000000000000000000 ) ) ;
#2043 = DIRECTION ( 'NONE',  ( -0.000000000000000000, -0.000000000000000000, 1.000000000000000000 ) ) ;
#2044 = VERTEX_POINT ( 'NONE', #3578 ) ;
#2045 = ORIENTED_EDGE ( 'NONE', *, *, #485, .T. ) ;
#2046 = VECTOR ( 'NONE', #2624, 1000.000000000000114 ) ;
#2047 = DIRECTION ( 'NONE',  ( 0.000000000000000000, -1.000000000000000000, 0.000000000000000000 ) ) ;
#2048 = DIRECTION ( 'NONE',  ( 0.000000000000000000, -1.000000000000000000, 0.000000000000000000 ) ) ;
#2049 = EDGE_CURVE ( 'NONE', #2118, #3969, #514, .T. ) ;
#2050 = EDGE_CURVE ( 'NONE', #3905, #1341, #2606, .T. ) ;
#2051 = DIRECTION ( 'NONE',  ( -0.7071067811865388020, -0.7071067811865563435, 0.000000000000000000 ) ) ;
#2052 = EDGE_CURVE ( 'NONE', #4012, #61, #1278, .T. ) ;
#2053 = CARTESIAN_POINT ( 'NONE',  ( 5.950000000000000178, 0.000000000000000000, 2.500000000000000444 ) ) ;
#2054 = VERTEX_POINT ( 'NONE', #270 ) ;
#2055 = CARTESIAN_POINT ( 'NONE',  ( -5.950000000000001066, 0.9249999999999996003, 2.500000000000000000 ) ) ;
#2056 = SURFACE_STYLE_USAGE ( .BOTH. , #1046 ) ;
#2057 = ORIENTED_EDGE ( 'NONE', *, *, #4208, .F. ) ;
#2058 = ORIENTED_EDGE ( 'NONE', *, *, #579, .F. ) ;
#2059 = AXIS2_PLACEMENT_3D ( 'NONE', #1478, #2806, #1049 ) ;
#2060 = FACE_BOUND ( 'NONE', #618, .T. ) ;
#2061 = DIRECTION ( 'NONE',  ( 1.000000000000000000, 0.000000000000000000, 0.000000000000000000 ) ) ;
#2062 = VECTOR ( 'NONE', #2028, 1000.000000000000000 ) ;
#2063 = DIRECTION ( 'NONE',  ( 1.000000000000000000, 0.000000000000000000, 0.000000000000000000 ) ) ;
#2064 = ORIENTED_EDGE ( 'NONE', *, *, #88, .T. ) ;
#2065 = AXIS2_PLACEMENT_3D ( 'NONE', #681, #1050, #2013 ) ;
#2066 = DIRECTION ( 'NONE',  ( 0.7071067811865561215, 0.7071067811865389130, 0.000000000000000000 ) ) ;
#2067 = CARTESIAN_POINT ( 'NONE',  ( 3.750000000000000000, 0.000000000000000000, 0.7499999999999995559 ) ) ;
#2068 = EDGE_CURVE ( 'NONE', #747, #8, #1592, .T. ) ;
#2069 = ORIENTED_EDGE ( 'NONE', *, *, #1314, .F. ) ;
#2070 = VECTOR ( 'NONE', #426, 1000.000000000000000 ) ;
#2071 = EDGE_CURVE ( 'NONE', #2232, #2825, #4297, .T. ) ;
#2072 = ORIENTED_EDGE ( 'NONE', *, *, #1591, .T. ) ;
#2073 = ADVANCED_FACE ( 'NONE', ( #1939 ), #1257, .F. ) ;
#2074 = DIRECTION ( 'NONE',  ( 0.000000000000000000, 0.000000000000000000, -1.000000000000000000 ) ) ;
#2075 = DIRECTION ( 'NONE',  ( -2.168404344971008868E-16, -1.000000000000000000, 0.000000000000000000 ) ) ;
#2076 = CARTESIAN_POINT ( 'NONE',  ( 2.240000000000006875, 5.375000000000000000, -8.724999999999999645 ) ) ;
#2077 = ORIENTED_EDGE ( 'NONE', *, *, #2832, .T. ) ;
#2078 = LINE ( 'NONE', #3070, #2190 ) ;
#2079 = EDGE_LOOP ( 'NONE', ( #2470, #64, #1011, #1628 ) ) ;
#2080 = ORIENTED_EDGE ( 'NONE', *, *, #3011, .F. ) ;
#2081 = CARTESIAN_POINT ( 'NONE',  ( -4.765000000000000568, 6.250000000000003553, 2.500000000000000444 ) ) ;
#2082 = DIRECTION ( 'NONE',  ( 0.000000000000000000, 0.000000000000000000, -1.000000000000000000 ) ) ;
#2083 = STYLED_ITEM ( 'NONE', ( #1896 ), #3686 ) ;
#2084 = DIRECTION ( 'NONE',  ( 0.000000000000000000, -1.000000000000000000, 0.000000000000000000 ) ) ;
#2085 = CARTESIAN_POINT ( 'NONE',  ( 6.000000000000000000, -3.122502256758252154E-17, 2.000000000000000000 ) ) ;
#2086 = ORIENTED_EDGE ( 'NONE', *, *, #1563, .F. ) ;
#2087 = VECTOR ( 'NONE', #3794, 1000.000000000000000 ) ;
#2088 = DIRECTION ( 'NONE',  ( -0.7071067811865389130, -0.7071067811865561215, 0.000000000000000000 ) ) ;
#2089 = DIRECTION ( 'NONE',  ( -0.000000000000000000, -0.000000000000000000, -1.000000000000000000 ) ) ;
#2090 = EDGE_LOOP ( 'NONE', ( #3843, #3151, #898, #430, #963, #474, #489, #2880, #866, #3715, #2899, #1313, #2077, #405, #922, #1823, #902, #1889, #3308, #3730 ) ) ;
#2091 =( REPRESENTATION_RELATIONSHIP ('NONE','NONE', #1201, #2609 ) REPRESENTATION_RELATIONSHIP_WITH_TRANSFORMATION ( #2982 )SHAPE_REPRESENTATION_RELATIONSHIP( ) );
#2092 = ORIENTED_EDGE ( 'NONE', *, *, #140, .T. ) ;
#2093 = DIRECTION ( 'NONE',  ( 1.000000000000000000, 0.000000000000000000, 0.000000000000000000 ) ) ;
#2094 = FACE_BOUND ( 'NONE', #510, .T. ) ;
#2095 = ADVANCED_FACE ( 'NONE', ( #2491 ), #808, .F. ) ;
#2096 = PLANE ( 'NONE',  #3391 ) ;
#2097 = VERTEX_POINT ( 'NONE', #168 ) ;
#2098 = DIRECTION ( 'NONE',  ( -0.000000000000000000, 1.000000000000000000, -0.000000000000000000 ) ) ;
#2099 = ORIENTED_EDGE ( 'NONE', *, *, #3298, .F. ) ;
#2100 = DIRECTION ( 'NONE',  ( -0.9396926207859085389, 0.3420201433256683798, 7.486319444837063816E-20 ) ) ;
#2101 = LINE ( 'NONE', #770, #1584 ) ;
#2102 = LINE ( 'NONE', #2432, #112 ) ;
#2103 = LINE ( 'NONE', #752, #814 ) ;
#2104 = EDGE_LOOP ( 'NONE', ( #1934, #779, #225, #3501, #4299, #2176 ) ) ;
#2105 = ADVANCED_FACE ( 'NONE', ( #3948 ), #1492, .F. ) ;
#2106 = ORIENTED_EDGE ( 'NONE', *, *, #971, .T. ) ;
#2107 = EDGE_CURVE ( 'NONE', #2657, #2562, #1370, .T. ) ;
#2108 = CARTESIAN_POINT ( 'NONE',  ( -4.765000000000000568, 5.624999999999993783, 2.225000000000000089 ) ) ;
#2109 = CARTESIAN_POINT ( 'NONE',  ( 4.500000000000000000, 3.649999999999999911, 2.500000000000000444 ) ) ;
#2110 = CARTESIAN_POINT ( 'NONE',  ( 5.950000000000000178, 0.9250000000000000444, 2.149999999999999911 ) ) ;
#2111 = VERTEX_POINT ( 'NONE', #2655 ) ;
#2112 = VERTEX_POINT ( 'NONE', #1657 ) ;
#2113 = LINE ( 'NONE', #100, #136 ) ;
#2114 = DIRECTION ( 'NONE',  ( 0.000000000000000000, 2.188853373384111071E-19, -1.000000000000000000 ) ) ;
#2115 = DIRECTION ( 'NONE',  ( 1.000000000000000000, -0.000000000000000000, -0.000000000000000000 ) ) ;
#2116 = ORIENTED_EDGE ( 'NONE', *, *, #3264, .F. ) ;
#2117 = DIRECTION ( 'NONE',  ( 0.000000000000000000, -1.000000000000000000, 0.000000000000000000 ) ) ;
#2118 = VERTEX_POINT ( 'NONE', #988 ) ;
#2119 = EDGE_CURVE ( 'NONE', #3171, #3089, #2319, .T. ) ;
#2120 = PLANE ( 'NONE',  #4018 ) ;
#2121 = DIRECTION ( 'NONE',  ( 0.000000000000000000, 1.000000000000000000, 0.000000000000000000 ) ) ;
#2122 = VECTOR ( 'NONE', #408, 1000.000000000000114 ) ;
#2123 = LINE ( 'NONE', #1123, #183 ) ;
#2124 = ORIENTED_EDGE ( 'NONE', *, *, #305, .T. ) ;
#2125 = ORIENTED_EDGE ( 'NONE', *, *, #1618, .F. ) ;
#2126 = LINE ( 'NONE', #161, #3322 ) ;
#2127 = VECTOR ( 'NONE', #2725, 1000.000000000000000 ) ;
#2128 = CARTESIAN_POINT ( 'NONE',  ( -4.250000000000000000, 6.499999999999997335, 1.250000000000000666 ) ) ;
#2129 = DIRECTION ( 'NONE',  ( 0.000000000000000000, 0.000000000000000000, -1.000000000000000000 ) ) ;
#2130 = ORIENTED_EDGE ( 'NONE', *, *, #650, .T. ) ;
#2131 = VECTOR ( 'NONE', #1754, 1000.000000000000000 ) ;
#2132 = ORIENTED_EDGE ( 'NONE', *, *, #88, .F. ) ;
#2133 = FACE_OUTER_BOUND ( 'NONE', #3553, .T. ) ;
#2134 = DIRECTION ( 'NONE',  ( -1.000000000000000000, 2.168404344971009115E-16, 0.000000000000000000 ) ) ;
#2135 = AXIS2_PLACEMENT_3D ( 'NONE', #3770, #1099, #3719 ) ;
#2136 = AXIS2_PLACEMENT_3D ( 'NONE', #2817, #1158, #1771 ) ;
#2137 = LINE ( 'NONE', #2820, #1512 ) ;
#2138 = ORIENTED_EDGE ( 'NONE', *, *, #384, .T. ) ;
#2139 = FACE_OUTER_BOUND ( 'NONE', #1362, .T. ) ;
#2140 =( NAMED_UNIT ( * ) PLANE_ANGLE_UNIT ( ) SI_UNIT ( $, .RADIAN. ) );
#2141 = ORIENTED_EDGE ( 'NONE', *, *, #2637, .T. ) ;
#2142 = DIRECTION ( 'NONE',  ( 0.000000000000000000, 0.000000000000000000, -1.000000000000000000 ) ) ;
#2143 = CARTESIAN_POINT ( 'NONE',  ( 3.750000000000000000, 1.624999999999999778, -4.870572098594924348 ) ) ;
#2144 = CARTESIAN_POINT ( 'NONE',  ( 0.000000000000000000, -3.000000000000000000, 0.000000000000000000 ) ) ;
#2145 = CARTESIAN_POINT ( 'NONE',  ( -3.750000000000000000, 1.624999999999999778, -1.249999999999999334 ) ) ;
#2146 = ORIENTED_EDGE ( 'NONE', *, *, #3412, .T. ) ;
#2147 = EDGE_CURVE ( 'NONE', #3720, #3633, #2300, .T. ) ;
#2148 = ORIENTED_EDGE ( 'NONE', *, *, #2306, .T. ) ;
#2149 = VECTOR ( 'NONE', #4159, 1000.000000000000000 ) ;
#2150 = PLANE ( 'NONE',  #3670 ) ;
#2151 = DIRECTION ( 'NONE',  ( 1.000000000000000000, 9.605334861444114745E-17, 0.000000000000000000 ) ) ;
#2152 = PLANE ( 'NONE',  #2438 ) ;
#2153 = VERTEX_POINT ( 'NONE', #3725 ) ;
#2154 = ORIENTED_EDGE ( 'NONE', *, *, #4244, .T. ) ;
#2155 = LINE ( 'NONE', #1219, #1801 ) ;
#2156 = LINE ( 'NONE', #3581, #659 ) ;
#2157 =( GEOMETRIC_REPRESENTATION_CONTEXT ( 3 ) GLOBAL_UNCERTAINTY_ASSIGNED_CONTEXT ( ( #2565 ) ) GLOBAL_UNIT_ASSIGNED_CONTEXT ( ( #4190, #244, #3881 ) ) REPRESENTATION_CONTEXT ( 'NONE', 'WORKASPACE' ) );
#2158 = DIRECTION ( 'NONE',  ( 1.000000000000000000, 0.000000000000000000, -1.734723475976807341E-16 ) ) ;
#2159 = EDGE_CURVE ( 'NONE', #2207, #4279, #1056, .T. ) ;
#2160 = ORIENTED_EDGE ( 'NONE', *, *, #3926, .T. ) ;
#2161 = LINE ( 'NONE', #2468, #1503 ) ;
#2162 = FACE_OUTER_BOUND ( 'NONE', #2940, .T. ) ;
#2163 = ORIENTED_EDGE ( 'NONE', *, *, #3942, .F. ) ;
#2164 = CARTESIAN_POINT ( 'NONE',  ( 2.250000000000000444, -4.376595925629559029E-16, -1.249999999999999778 ) ) ;
#2165 = LINE ( 'NONE', #238, #2844 ) ;
#2166 = DIRECTION ( 'NONE',  ( -0.000000000000000000, -0.000000000000000000, 1.000000000000000000 ) ) ;
#2167 = LINE ( 'NONE', #2857, #4167 ) ;
#2168 = EDGE_LOOP ( 'NONE', ( #498, #366, #3757, #2563, #1179, #4185, #346, #708, #3061, #2400, #2125, #3997, #2648, #1235, #1974, #226, #1392, #677, #2086, #3130 ) ) ;
#2169 = EDGE_LOOP ( 'NONE', ( #2241, #2506, #1724, #3861 ) ) ;
#2170 = LINE ( 'NONE', #1833, #3552 ) ;
#2171 =( REPRESENTATION_RELATIONSHIP ('NONE','NONE', #1201, #2609 ) REPRESENTATION_RELATIONSHIP_WITH_TRANSFORMATION ( #1317 )SHAPE_REPRESENTATION_RELATIONSHIP( ) );
#2172 = DIRECTION ( 'NONE',  ( -0.7071067811865563435, -0.7071067811865388020, 0.000000000000000000 ) ) ;
#2173 = VERTEX_POINT ( 'NONE', #26 ) ;
#2174 = EDGE_CURVE ( 'NONE', #465, #1853, #3404, .T. ) ;
#2175 = EDGE_CURVE ( 'NONE', #2404, #2011, #3684, .T. ) ;
#2176 = ORIENTED_EDGE ( 'NONE', *, *, #3672, .F. ) ;
#2177 = DIRECTION ( 'NONE',  ( 0.000000000000000000, -0.7071067811865390240, -0.7071067811865561215 ) ) ;
#2178 = PLANE ( 'NONE',  #1709 ) ;
#2179 = EDGE_CURVE ( 'NONE', #4129, #3567, #2706, .T. ) ;
#2180 = PLANE ( 'NONE',  #1218 ) ;
#2181 = FACE_OUTER_BOUND ( 'NONE', #745, .T. ) ;
#2182 = VERTEX_POINT ( 'NONE', #396 ) ;
#2183 = EDGE_CURVE ( 'NONE', #4087, #3614, #1721, .T. ) ;
#2184 = CARTESIAN_POINT ( 'NONE',  ( -5.950000000000001066, 0.4249999999999999889, 2.500000000000000000 ) ) ;
#2185 = DIRECTION ( 'NONE',  ( -1.000000000000000000, 0.000000000000000000, -0.000000000000000000 ) ) ;
#2186 = CARTESIAN_POINT ( 'NONE',  ( -4.250000000000000000, -3.000000000000000000, -0.7499999999999997780 ) ) ;
#2187 = VECTOR ( 'NONE', #3897, 1000.000000000000000 ) ;
#2188 = ORIENTED_EDGE ( 'NONE', *, *, #2175, .T. ) ;
#2189 = ORIENTED_EDGE ( 'NONE', *, *, #3737, .T. ) ;
#2190 = VECTOR ( 'NONE', #1407, 1000.000000000000000 ) ;
#2191 =( NAMED_UNIT ( * ) SI_UNIT ( $, .STERADIAN. ) SOLID_ANGLE_UNIT ( ) );
#2192 = VECTOR ( 'NONE', #1553, 1000.000000000000114 ) ;
#2193 = DIRECTION ( 'NONE',  ( -0.3236155771181846719, 0.8891264907159894815, -0.3236155771181818408 ) ) ;
#2194 = VERTEX_POINT ( 'NONE', #1396 ) ;
#2195 = ADVANCED_FACE ( 'NONE', ( #1788 ), #3516, .T. ) ;
#2196 = VECTOR ( 'NONE', #3728, 1000.000000000000000 ) ;
#2197 = ADVANCED_FACE ( 'NONE', ( #4130 ), #1104, .F. ) ;
#2198 = VERTEX_POINT ( 'NONE', #2457 ) ;
#2199 = CARTESIAN_POINT ( 'NONE',  ( -4.250000000000000000, 1.624999999999998002, -0.7499999999999992228 ) ) ;
#2200 = DIRECTION ( 'NONE',  ( -0.8660254037844380415, -0.5000000000000011102, 0.000000000000000000 ) ) ;
#2201 = VECTOR ( 'NONE', #2333, 1000.000000000000000 ) ;
#2202 = EDGE_CURVE ( 'NONE', #184, #3370, #3168, .T. ) ;
#2203 = EDGE_CURVE ( 'NONE', #3370, #3564, #776, .T. ) ;
#2204 = VECTOR ( 'NONE', #110, 1000.000000000000000 ) ;
#2205 = LINE ( 'NONE', #1862, #2679 ) ;
#2206 = CARTESIAN_POINT ( 'NONE',  ( -1.749999999999999778, 6.499999999999998224, 0.7500000000000000000 ) ) ;
#2207 = VERTEX_POINT ( 'NONE', #3427 ) ;
#2208 = VECTOR ( 'NONE', #3687, 1000.000000000000000 ) ;
#2209 = CARTESIAN_POINT ( 'NONE',  ( 3.750000000000000000, 6.500000000000000000, 0.7499999999999995559 ) ) ;
#2210 = CARTESIAN_POINT ( 'NONE',  ( -4.514999999999999680, 5.375000000000000000, -2.500000000000000000 ) ) ;
#2211 = FACE_OUTER_BOUND ( 'NONE', #2668, .T. ) ;
#2212 = ORIENTED_EDGE ( 'NONE', *, *, #2147, .T. ) ;
#2213 = ORIENTED_EDGE ( 'NONE', *, *, #3623, .F. ) ;
#2214 = FILL_AREA_STYLE_COLOUR ( '', #1031 ) ;
#2215 = PLANE ( 'NONE',  #3558 ) ;
#2216 = ORIENTED_EDGE ( 'NONE', *, *, #1515, .F. ) ;
#2217 = VECTOR ( 'NONE', #3081, 1000.000000000000000 ) ;
#2218 = ORIENTED_EDGE ( 'NONE', *, *, #1742, .F. ) ;
#2219 = CARTESIAN_POINT ( 'NONE',  ( -3.750000000000000000, 5.100252258054534416, -1.250000000000000222 ) ) ;
#2220 = CARTESIAN_POINT ( 'NONE',  ( -2.250000000000000444, -1.312978777688867807E-15, -0.7499999999999991118 ) ) ;
#2221 = LINE ( 'NONE', #3524, #3105 ) ;
#2222 = DIRECTION ( 'NONE',  ( 0.000000000000000000, 0.7071067811865561215, -0.7071067811865390240 ) ) ;
#2223 = PRESENTATION_LAYER_ASSIGNMENT (  '', '', ( #1611 ) ) ;
#2224 = EDGE_LOOP ( 'NONE', ( #2436, #1401, #775, #642 ) ) ;
#2225 = VERTEX_POINT ( 'NONE', #2503 ) ;
#2226 = FACE_BOUND ( 'NONE', #3283, .T. ) ;
#2227 = VECTOR ( 'NONE', #2895, 1000.000000000000000 ) ;
#2228 = LINE ( 'NONE', #2210, #1654 ) ;
#2229 = ADVANCED_FACE ( 'NONE', ( #1851 ), #460, .F. ) ;
#2230 = DIRECTION ( 'NONE',  ( -0.000000000000000000, 0.000000000000000000, 1.000000000000000000 ) ) ;
#2231 = ORIENTED_EDGE ( 'NONE', *, *, #3304, .T. ) ;
#2232 = VERTEX_POINT ( 'NONE', #2108 ) ;
#2233 = CARTESIAN_POINT ( 'NONE',  ( 5.950000000000000178, 0.9250000000000000444, 2.149999999999999911 ) ) ;
#2234 = EDGE_CURVE ( 'NONE', #433, #739, #2126, .T. ) ;
#2235 = CARTESIAN_POINT ( 'NONE',  ( -4.149999999999999467, 5.375000000000000000, -1.149999999999999911 ) ) ;
#2236 = ORIENTED_EDGE ( 'NONE', *, *, #4121, .F. ) ;
#2237 = EDGE_CURVE ( 'NONE', #545, #562, #1417, .T. ) ;
#2238 = ADVANCED_FACE ( 'NONE', ( #2414 ), #2150, .T. ) ;
#2239 = DIRECTION ( 'NONE',  ( 1.000000000000000000, 0.000000000000000000, 0.000000000000000000 ) ) ;
#2240 = DIRECTION ( 'NONE',  ( 7.228014483236698528E-16, 1.000000000000000000, 0.000000000000000000 ) ) ;
#2241 = ORIENTED_EDGE ( 'NONE', *, *, #2429, .T. ) ;
#2242 = DIRECTION ( 'NONE',  ( -0.000000000000000000, -0.000000000000000000, 1.000000000000000000 ) ) ;
#2243 = CARTESIAN_POINT ( 'NONE',  ( 3.750000000000000000, 6.500000000000000000, -0.7499999999999995559 ) ) ;
#2244 = PLANE ( 'NONE',  #2900 ) ;
#2245 = DIRECTION ( 'NONE',  ( 0.000000000000000000, -1.000000000000000000, 0.000000000000000000 ) ) ;
#2246 = ORIENTED_EDGE ( 'NONE', *, *, #1335, .T. ) ;
#2247 = DIRECTION ( 'NONE',  ( -0.7071067811865389130, -0.7071067811865561215, 0.000000000000000000 ) ) ;
#2248 = PLANE ( 'NONE',  #3673 ) ;
#2249 = CARTESIAN_POINT ( 'NONE',  ( -2.250000000000000444, -1.312978777688867807E-15, 0.7500000000000000000 ) ) ;
#2250 = EDGE_CURVE ( 'NONE', #842, #2044, #114, .T. ) ;
#2251 = VERTEX_POINT ( 'NONE', #286 ) ;
#2252 = EDGE_LOOP ( 'NONE', ( #1029, #4286, #73, #3009 ) ) ;
#2253 = ADVANCED_FACE ( 'NONE', ( #1211 ), #1957, .T. ) ;
#2254 = VECTOR ( 'NONE', #2280, 1000.000000000000000 ) ;
#2255 = DIRECTION ( 'NONE',  ( -0.000000000000000000, -0.000000000000000000, 1.000000000000000000 ) ) ;
#2256 = PLANE ( 'NONE',  #1821 ) ;
#2257 = ORIENTED_EDGE ( 'NONE', *, *, #513, .F. ) ;
#2258 = AXIS2_PLACEMENT_3D ( 'NONE', #2426, #3827, #1735 ) ;
#2259 = PLANE ( 'NONE',  #3934 ) ;
#2260 = VECTOR ( 'NONE', #1620, 1000.000000000000000 ) ;
#2261 = CARTESIAN_POINT ( 'NONE',  ( 3.750000000000000000, 0.000000000000000000, 0.7499999999999995559 ) ) ;
#2262 = LINE ( 'NONE', #3973, #3664 ) ;
#2263 = AXIS2_PLACEMENT_3D ( 'NONE', #3305, #342, #3613 ) ;
#2264 = DIRECTION ( 'NONE',  ( 0.000000000000000000, 0.000000000000000000, 1.000000000000000000 ) ) ;
#2265 = LINE ( 'NONE', #3364, #4013 ) ;
#2266 = VECTOR ( 'NONE', #3680, 1000.000000000000114 ) ;
#2267 = DIRECTION ( 'NONE',  ( 0.000000000000000000, 0.000000000000000000, -1.000000000000000000 ) ) ;
#2268 = VERTEX_POINT ( 'NONE', #4271 ) ;
#2269 = EDGE_CURVE ( 'NONE', #4093, #2313, #3535, .T. ) ;
#2270 = VECTOR ( 'NONE', #1377, 1000.000000000000000 ) ;
#2271 = DIRECTION ( 'NONE',  ( 0.000000000000000000, 0.000000000000000000, 1.000000000000000000 ) ) ;
#2272 = ORIENTED_EDGE ( 'NONE', *, *, #1277, .T. ) ;
#2273 = DIRECTION ( 'NONE',  ( 0.000000000000000000, -1.000000000000000000, 0.000000000000000000 ) ) ;
#2274 = ORIENTED_EDGE ( 'NONE', *, *, #3545, .F. ) ;
#2275 = AXIS2_PLACEMENT_3D ( 'NONE', #990, #2321, #2066 ) ;
#2276 = VERTEX_POINT ( 'NONE', #2233 ) ;
#2277 = LINE ( 'NONE', #1324, #1462 ) ;
#2278 =( NAMED_UNIT ( * ) PLANE_ANGLE_UNIT ( ) SI_UNIT ( $, .RADIAN. ) );
#2279 = ORIENTED_EDGE ( 'NONE', *, *, #4117, .F. ) ;
#2280 = DIRECTION ( 'NONE',  ( -1.000000000000000000, -0.000000000000000000, -0.000000000000000000 ) ) ;
#2281 = DIRECTION ( 'NONE',  ( 0.000000000000000000, 1.000000000000000000, 0.000000000000000000 ) ) ;
#2282 = CARTESIAN_POINT ( 'NONE',  ( 1.749999999999999778, 6.499999999999999112, 0.7499999999999996669 ) ) ;
#2283 = ORIENTED_EDGE ( 'NONE', *, *, #3848, .T. ) ;
#2284 = DIRECTION ( 'NONE',  ( -1.000000000000000000, 0.000000000000000000, 0.000000000000000000 ) ) ;
#2285 = CARTESIAN_POINT ( 'NONE',  ( 1.749999999999999778, 6.499999999999999112, 0.7499999999999996669 ) ) ;
#2286 = CARTESIAN_POINT ( 'NONE',  ( 5.124999999999999112, 3.649999999999999911, -4.870572098594924348 ) ) ;
#2287 = ORIENTED_EDGE ( 'NONE', *, *, #927, .T. ) ;
#2288 = VERTEX_POINT ( 'NONE', #1910 ) ;
#2289 = ADVANCED_FACE ( 'NONE', ( #1272 ), #1874, .T. ) ;
#2290 = CARTESIAN_POINT ( 'NONE',  ( 5.449999999999999289, 4.250000000000000000, -0.1000000000000004774 ) ) ;
#2291 = ITEM_DEFINED_TRANSFORMATION ( 'NONE', 'NONE', #3353,  #3349 ) ;
#2292 = ORIENTED_EDGE ( 'NONE', *, *, #1914, .F. ) ;
#2293 = DIRECTION ( 'NONE',  ( 1.000000000000000000, -2.168404344971009115E-16, 0.000000000000000000 ) ) ;
#2294 = ORIENTED_EDGE ( 'NONE', *, *, #3735, .F. ) ;
#2295 = ORIENTED_EDGE ( 'NONE', *, *, #1294, .F. ) ;
#2296 = VECTOR ( 'NONE', #3248, 1000.000000000000000 ) ;
#2297 = CARTESIAN_POINT ( 'NONE',  ( -4.514999999999999680, 5.375000000000000000, 2.225000000000000089 ) ) ;
#2298 = CARTESIAN_POINT ( 'NONE',  ( -2.535000000000000142, 1.624999999999998446, -0.7499999999999993339 ) ) ;
#2299 = VERTEX_POINT ( 'NONE', #2566 ) ;
#2300 = LINE ( 'NONE', #1347, #128 ) ;
#2301 = ORIENTED_EDGE ( 'NONE', *, *, #3161, .F. ) ;
#2302 = LINE ( 'NONE', #1280, #4103 ) ;
#2303 = CARTESIAN_POINT ( 'NONE',  ( -3.465000000000000746, 4.774999999999999467, -8.724999999999999645 ) ) ;
#2304 = EDGE_CURVE ( 'NONE', #2957, #354, #1547, .T. ) ;
#2305 = EDGE_CURVE ( 'NONE', #3343, #1955, #4206, .T. ) ;
#2306 = EDGE_CURVE ( 'NONE', #842, #3083, #904, .T. ) ;
#2307 = CARTESIAN_POINT ( 'NONE',  ( -5.015000000000002345, 6.500000000000000000, 2.225000000000000089 ) ) ;
#2308 = PLANE ( 'NONE',  #1850 ) ;
#2309 = CARTESIAN_POINT ( 'NONE',  ( -5.950000000000001066, 0.9249999999999996003, 2.500000000000000000 ) ) ;
#2310 = EDGE_LOOP ( 'NONE', ( #720, #137, #2213, #2669 ) ) ;
#2311 = APPLICATION_CONTEXT ( 'automotive_design' ) ;
#2312 = CARTESIAN_POINT ( 'NONE',  ( 4.318674134265341635, 4.914168687704686178, 2.400000000000000799 ) ) ;
#2313 = VERTEX_POINT ( 'NONE', #1587 ) ;
#2314 = FACE_OUTER_BOUND ( 'NONE', #4174, .T. ) ;
#2315 = ORIENTED_EDGE ( 'NONE', *, *, #2052, .T. ) ;
#2316 = ORIENTED_EDGE ( 'NONE', *, *, #2383, .T. ) ;
#2317 = CARTESIAN_POINT ( 'NONE',  ( -4.250000000000000000, 6.499999999999997335, 1.250000000000000666 ) ) ;
#2318 = ORIENTED_EDGE ( 'NONE', *, *, #4076, .F. ) ;
#2319 = LINE ( 'NONE', #3378, #738 ) ;
#2320 = ORIENTED_EDGE ( 'NONE', *, *, #535, .T. ) ;
#2321 = DIRECTION ( 'NONE',  ( 0.7071067811865389130, -0.7071067811865561215, 0.000000000000000000 ) ) ;
#2322 = LINE ( 'NONE', #1617, #3462 ) ;
#2323 = VECTOR ( 'NONE', #3307, 1000.000000000000000 ) ;
#2324 = EDGE_CURVE ( 'NONE', #4129, #1136, #2921, .T. ) ;
#2325 = EDGE_CURVE ( 'NONE', #3451, #1501, #2670, .T. ) ;
#2326 = VECTOR ( 'NONE', #2515, 1000.000000000000000 ) ;
#2327 = FACE_OUTER_BOUND ( 'NONE', #3766, .T. ) ;
#2328 = FACE_OUTER_BOUND ( 'NONE', #1375, .T. ) ;
#2329 = DIRECTION ( 'NONE',  ( -0.000000000000000000, 0.000000000000000000, 1.000000000000000000 ) ) ;
#2330 = EDGE_CURVE ( 'NONE', #3083, #2030, #3310, .T. ) ;
#2331 = AXIS2_PLACEMENT_3D ( 'NONE', #2282, #3647, #2678 ) ;
#2332 = EDGE_CURVE ( 'NONE', #2225, #2735, #4292, .T. ) ;
#2333 = DIRECTION ( 'NONE',  ( 0.000000000000000000, 0.000000000000000000, -1.000000000000000000 ) ) ;
#2334 = ORIENTED_EDGE ( 'NONE', *, *, #1591, .F. ) ;
#2335 = VECTOR ( 'NONE', #679, 1000.000000000000000 ) ;
#2336 = LINE ( 'NONE', #3676, #3032 ) ;
#2337 = ORIENTED_EDGE ( 'NONE', *, *, #3806, .F. ) ;
#2338 = VERTEX_POINT ( 'NONE', #1365 ) ;
#2339 = VECTOR ( 'NONE', #2115, 1000.000000000000000 ) ;
#2340 = UNCERTAINTY_MEASURE_WITH_UNIT (LENGTH_MEASURE( 1.000000000000000082E-05 ), #3547, 'distance_accuracy_value', 'NONE');
#2341 = DIRECTION ( 'NONE',  ( -1.000000000000000000, 0.000000000000000000, -0.000000000000000000 ) ) ;
#2342 = VECTOR ( 'NONE', #4280, 1000.000000000000000 ) ;
#2343 = LINE ( 'NONE', #3682, #3205 ) ;
#2344 = ORIENTED_EDGE ( 'NONE', *, *, #30, .F. ) ;
#2345 = VECTOR ( 'NONE', #3174, 1000.000000000000000 ) ;
#2346 = EDGE_CURVE ( 'NONE', #820, #3805, #1630, .T. ) ;
#2347 = DIRECTION ( 'NONE',  ( 0.000000000000000000, 0.000000000000000000, -1.000000000000000000 ) ) ;
#2348 = DIRECTION ( 'NONE',  ( -1.012575190423715687E-16, -1.000000000000000000, -2.188853373384111552E-19 ) ) ;
#2349 = CARTESIAN_POINT ( 'NONE',  ( -3.750000000000000000, -1.750638370251823612E-15, 0.7500000000000001110 ) ) ;
#2350 = VERTEX_POINT ( 'NONE', #3010 ) ;
#2351 = LINE ( 'NONE', #3363, #4237 ) ;
#2352 = LINE ( 'NONE', #3020, #3454 ) ;
#2353 = DIRECTION ( 'NONE',  ( 1.734723475976806848E-16, -0.000000000000000000, 1.000000000000000000 ) ) ;
#2354 = VECTOR ( 'NONE', #4207, 1000.000000000000000 ) ;
#2355 = PRODUCT_RELATED_PRODUCT_CATEGORY ( 'part', '', ( #3505 ) ) ;
#2356 = LINE ( 'NONE', #2312, #3807 ) ;
#2357 = ORIENTED_EDGE ( 'NONE', *, *, #821, .T. ) ;
#2358 = DIRECTION ( 'NONE',  ( -2.460600675144407758E-16, -1.000000000000000000, 0.000000000000000000 ) ) ;
#2359 = ORIENTED_EDGE ( 'NONE', *, *, #3597, .T. ) ;
#2360 = ORIENTED_EDGE ( 'NONE', *, *, #1432, .T. ) ;
#2361 = EDGE_CURVE ( 'NONE', #3633, #2443, #1005, .T. ) ;
#2362 = LINE ( 'NONE', #4054, #883 ) ;
#2363 = DIRECTION ( 'NONE',  ( 0.000000000000000000, 1.000000000000000000, 0.000000000000000000 ) ) ;
#2364 = ORIENTED_EDGE ( 'NONE', *, *, #3303, .T. ) ;
#2365 = ORIENTED_EDGE ( 'NONE', *, *, #3278, .F. ) ;
#2366 = ADVANCED_FACE ( 'NONE', ( #2036 ), #3718, .T. ) ;
#2367 = PRODUCT_DEFINITION_SHAPE ( 'NONE', 'NONE',  #4305 ) ;
#2368 = DIRECTION ( 'NONE',  ( 0.000000000000000000, 0.000000000000000000, 1.000000000000000000 ) ) ;
#2369 = DIRECTION ( 'NONE',  ( -0.000000000000000000, -0.000000000000000000, 1.000000000000000000 ) ) ;
#2370 = EDGE_CURVE ( 'NONE', #2562, #2487, #3640, .T. ) ;
#2371 = VERTEX_POINT ( 'NONE', #3657 ) ;
#2372 = CARTESIAN_POINT ( 'NONE',  ( -2.250000000000000444, 6.499999999999998224, -0.7499999999999991118 ) ) ;
#2373 = CARTESIAN_POINT ( 'NONE',  ( -4.250000000000000000, -3.000000000000000000, -1.250000000000000222 ) ) ;
#2374 = FACE_OUTER_BOUND ( 'NONE', #1908, .T. ) ;
#2375 = CARTESIAN_POINT ( 'NONE',  ( 2.250000000000000444, 6.499999999999999112, 1.250000000000000222 ) ) ;
#2376 = APPLICATION_PROTOCOL_DEFINITION ( 'draft international standard', 'automotive_design', 1998, #3079 ) ;
#2377 = EDGE_LOOP ( 'NONE', ( #1386, #3731, #111, #272 ) ) ;
#2378 = CARTESIAN_POINT ( 'NONE',  ( -5.124999999999999112, 3.649999999999999911, 2.224999999999999645 ) ) ;
#2379 = PRESENTATION_STYLE_ASSIGNMENT (( #2056 ) ) ;
#2380 = ORIENTED_EDGE ( 'NONE', *, *, #612, .F. ) ;
#2381 = ORIENTED_EDGE ( 'NONE', *, *, #3284, .F. ) ;
#2382 = CARTESIAN_POINT ( 'NONE',  ( 1.749999999999999778, 6.499999999999999112, -0.7499999999999994449 ) ) ;
#2383 = EDGE_CURVE ( 'NONE', #3953, #1348, #328, .T. ) ;
#2384 = DIRECTION ( 'NONE',  ( -1.000000000000000000, 0.000000000000000000, -0.000000000000000000 ) ) ;
#2385 = DIRECTION ( 'NONE',  ( 0.000000000000000000, 1.000000000000000000, 0.000000000000000000 ) ) ;
#2386 = DIRECTION ( 'NONE',  ( 0.000000000000000000, 0.000000000000000000, 1.000000000000000000 ) ) ;
#2387 = VERTEX_POINT ( 'NONE', #4032 ) ;
#2388 = ADVANCED_FACE ( 'NONE', ( #1975 ), #3373, .T. ) ;
#2389 = EDGE_CURVE ( 'NONE', #820, #1426, #660, .T. ) ;
#2390 = CARTESIAN_POINT ( 'NONE',  ( 0.2500000000000002220, 6.499999999999998224, 0.7499999999999997780 ) ) ;
#2391 = PLANE ( 'NONE',  #2848 ) ;
#2392 = DIRECTION ( 'NONE',  ( -1.000000000000000000, 9.735864185311366195E-17, 0.000000000000000000 ) ) ;
#2393 = VERTEX_POINT ( 'NONE', #2726 ) ;
#2394 = ORIENTED_EDGE ( 'NONE', *, *, #66, .F. ) ;
#2395 = VECTOR ( 'NONE', #2240, 1000.000000000000000 ) ;
#2396 = CARTESIAN_POINT ( 'NONE',  ( 5.950000000000000178, 6.500000000000000000, 2.500000000000000444 ) ) ;
#2397 = CARTESIAN_POINT ( 'NONE',  ( -4.535000000000000142, 1.624999999999998002, 1.250000000000000888 ) ) ;
#2398 = VECTOR ( 'NONE', #234, 1000.000000000000114 ) ;
#2399 = CARTESIAN_POINT ( 'NONE',  ( 0.2500000000000002220, 1.625000000000000666, -0.7499999999999993339 ) ) ;
#2400 = ORIENTED_EDGE ( 'NONE', *, *, #1111, .F. ) ;
#2401 = CARTESIAN_POINT ( 'NONE',  ( -4.514999999999999680, 5.375000000000000000, -2.500000000000000000 ) ) ;
#2402 = VECTOR ( 'NONE', #3385, 1000.000000000000000 ) ;
#2403 = ORIENTED_EDGE ( 'NONE', *, *, #625, .F. ) ;
#2404 = VERTEX_POINT ( 'NONE', #964 ) ;
#2405 = ADVANCED_FACE ( 'NONE', ( #5 ), #1693, .F. ) ;
#2406 = VECTOR ( 'NONE', #1806, 1000.000000000000000 ) ;
#2407 = PRODUCT_DEFINITION_SHAPE ( 'NONE', 'NONE',  #4300 ) ;
#2408 = DIRECTION ( 'NONE',  ( -0.000000000000000000, 0.000000000000000000, 1.000000000000000000 ) ) ;
#2409 = LINE ( 'NONE', #3681, #3816 ) ;
#2410 = AXIS2_PLACEMENT_3D ( 'NONE', #448, #4115, #1115 ) ;
#2411 = DIRECTION ( 'NONE',  ( 1.000000000000000000, 0.000000000000000000, 0.000000000000000000 ) ) ;
#2412 = ORIENTED_EDGE ( 'NONE', *, *, #1507, .F. ) ;
#2413 = VECTOR ( 'NONE', #1581, 1000.000000000000000 ) ;
#2414 = FACE_OUTER_BOUND ( 'NONE', #2835, .T. ) ;
#2415 = EDGE_CURVE ( 'NONE', #3188, #1024, #2362, .T. ) ;
#2416 = CARTESIAN_POINT ( 'NONE',  ( -3.850000000000000089, -3.000000000000000000, -0.8500000000000000888 ) ) ;
#2417 = DIRECTION ( 'NONE',  ( -0.7071067811865388020, -0.7071067811865563435, 0.000000000000000000 ) ) ;
#2418 = EDGE_LOOP ( 'NONE', ( #3437, #3695, #1810, #1069 ) ) ;
#2419 = AXIS2_PLACEMENT_3D ( 'NONE', #1328, #2348, #1015 ) ;
#2420 = ORIENTED_EDGE ( 'NONE', *, *, #1242, .F. ) ;
#2421 = LINE ( 'NONE', #2396, #3263 ) ;
#2422 = FACE_BOUND ( 'NONE', #3845, .T. ) ;
#2423 = LINE ( 'NONE', #2739, #1367 ) ;
#2424 = VERTEX_POINT ( 'NONE', #4008 ) ;
#2425 = ADVANCED_FACE ( 'NONE', ( #706 ), #3700, .T. ) ;
#2426 = CARTESIAN_POINT ( 'NONE',  ( -4.765000000000000568, 5.624999999999993783, -2.500000000000000000 ) ) ;
#2427 = ORIENTED_EDGE ( 'NONE', *, *, #3499, .F. ) ;
#2428 = VERTEX_POINT ( 'NONE', #1715 ) ;
#2429 = EDGE_CURVE ( 'NONE', #1651, #2619, #3355, .T. ) ;
#2430 = VECTOR ( 'NONE', #1037, 1000.000000000000000 ) ;
#2431 = CARTESIAN_POINT ( 'NONE',  ( -3.750000000000000000, -3.000000000000000000, -0.7499999999999997780 ) ) ;
#2432 = CARTESIAN_POINT ( 'NONE',  ( -2.465000000000001190, 5.149999999999999467, -4.870572098594924348 ) ) ;
#2433 = CARTESIAN_POINT ( 'NONE',  ( 3.750000000000000000, 0.000000000000000000, -0.7499999999999995559 ) ) ;
#2434 = ORIENTED_EDGE ( 'NONE', *, *, #2071, .F. ) ;
#2435 = DIRECTION ( 'NONE',  ( 0.000000000000000000, 0.000000000000000000, 1.000000000000000000 ) ) ;
#2436 = ORIENTED_EDGE ( 'NONE', *, *, #3093, .T. ) ;
#2437 = CARTESIAN_POINT ( 'NONE',  ( 5.950000000000000178, 6.500000000000000000, -2.500000000000000000 ) ) ;
#2438 = AXIS2_PLACEMENT_3D ( 'NONE', #824, #2051, #1665 ) ;
#2439 = CARTESIAN_POINT ( 'NONE',  ( 3.750000000000000000, 1.624999999999999778, -4.870572098594924348 ) ) ;
#2440 = LINE ( 'NONE', #4040, #1648 ) ;
#2441 = ORIENTED_EDGE ( 'NONE', *, *, #2203, .F. ) ;
#2442 = EDGE_CURVE ( 'NONE', #4273, #1431, #3054, .T. ) ;
#2443 = VERTEX_POINT ( 'NONE', #2828 ) ;
#2444 = PLANE ( 'NONE',  #2136 ) ;
#2445 = CARTESIAN_POINT ( 'NONE',  ( 5.950000000000000178, 4.250000000000000000, -0.1000000000000004774 ) ) ;
#2446 = ORIENTED_EDGE ( 'NONE', *, *, #636, .F. ) ;
#2447 = FACE_OUTER_BOUND ( 'NONE', #938, .T. ) ;
#2448 = CARTESIAN_POINT ( 'NONE',  ( -3.750000000000000000, 1.624999999999997780, 1.250000000000000888 ) ) ;
#2449 = ORIENTED_EDGE ( 'NONE', *, *, #1253, .T. ) ;
#2450 = LINE ( 'NONE', #3420, #262 ) ;
#2451 = LINE ( 'NONE', #2767, #2980 ) ;
#2452 = DIRECTION ( 'NONE',  ( -0.000000000000000000, -0.000000000000000000, 1.000000000000000000 ) ) ;
#2453 = CARTESIAN_POINT ( 'NONE',  ( -1.749999999999999778, 1.625000000000000222, 0.7500000000000000000 ) ) ;
#2454 = ORIENTED_EDGE ( 'NONE', *, *, #3981, .T. ) ;
#2455 =( NAMED_UNIT ( * ) PLANE_ANGLE_UNIT ( ) SI_UNIT ( $, .RADIAN. ) );
#2456 = VERTEX_POINT ( 'NONE', #1435 ) ;
#2457 = CARTESIAN_POINT ( 'NONE',  ( -4.250000000000000000, -1.750638370251823612E-15, -1.249999999999999334 ) ) ;
#2458 = LINE ( 'NONE', #1082, #2787 ) ;
#2459 = DIRECTION ( 'NONE',  ( 1.000000000000000000, -0.000000000000000000, -0.000000000000000000 ) ) ;
#2460 = ORIENTED_EDGE ( 'NONE', *, *, #2889, .F. ) ;
#2461 = VERTEX_POINT ( 'NONE', #1413 ) ;
#2462 = CARTESIAN_POINT ( 'NONE',  ( -4.514999999999999680, 5.375000000000000000, -2.500000000000000000 ) ) ;
#2463 = LINE ( 'NONE', #467, #2402 ) ;
#2464 = VECTOR ( 'NONE', #198, 1000.000000000000000 ) ;
#2465 = LINE ( 'NONE', #1092, #2131 ) ;
#2466 = EDGE_LOOP ( 'NONE', ( #3290, #3351, #2023, #3228 ) ) ;
#2467 = PRODUCT_DEFINITION ( 'UNKNOWN', '', #3562, #2600 ) ;
#2468 = CARTESIAN_POINT ( 'NONE',  ( 2.250000000000000444, 6.499999999999999112, -1.249999999999999778 ) ) ;
#2469 = CARTESIAN_POINT ( 'NONE',  ( 4.500000000000000000, 3.649999999999999911, 2.224999999999999645 ) ) ;
#2470 = ORIENTED_EDGE ( 'NONE', *, *, #969, .T. ) ;
#2471 = VECTOR ( 'NONE', #2576, 1000.000000000000000 ) ;
#2472 = ADVANCED_FACE ( 'NONE', ( #3163 ), #3490, .F. ) ;
#2473 = CARTESIAN_POINT ( 'NONE',  ( 3.465000000000001634, 4.775000000000000355, -2.500000000000002220 ) ) ;
#2474 = DIRECTION ( 'NONE',  ( -0.000000000000000000, 0.000000000000000000, -1.000000000000000000 ) ) ;
#2475 = CARTESIAN_POINT ( 'NONE',  ( -4.500000000000000000, 3.649999999999999911, 2.224999999999999645 ) ) ;
#2476 = CARTESIAN_POINT ( 'NONE',  ( -4.765000000000000568, 6.250000000000003553, 2.225000000000000089 ) ) ;
#2477 = ORIENTED_EDGE ( 'NONE', *, *, #1335, .F. ) ;
#2478 = EDGE_LOOP ( 'NONE', ( #302, #1531, #3231, #4230 ) ) ;
#2479 = VECTOR ( 'NONE', #499, 1000.000000000000000 ) ;
#2480 = AXIS2_PLACEMENT_3D ( 'NONE', #3674, #1357, #1265 ) ;
#2481 = LINE ( 'NONE', #1178, #1597 ) ;
#2482 = APPLICATION_CONTEXT ( 'automotive_design' ) ;
#2483 = DIRECTION ( 'NONE',  ( 0.000000000000000000, -0.7071067811865393571, -0.7071067811865555663 ) ) ;
#2484 = ORIENTED_EDGE ( 'NONE', *, *, #1815, .F. ) ;
#2485 = EDGE_CURVE ( 'NONE', #562, #3376, #2451, .T. ) ;
#2486 = VECTOR ( 'NONE', #3186, 1000.000000000000000 ) ;
#2487 = VERTEX_POINT ( 'NONE', #155 ) ;
#2488 = FACE_OUTER_BOUND ( 'NONE', #2499, .T. ) ;
#2489 = DIRECTION ( 'NONE',  ( 0.7071067811865561215, 0.7071067811865389130, -0.000000000000000000 ) ) ;
#2490 = VECTOR ( 'NONE', #2971, 1000.000000000000000 ) ;
#2491 = FACE_OUTER_BOUND ( 'NONE', #1044, .T. ) ;
#2492 = ORIENTED_EDGE ( 'NONE', *, *, #1624, .F. ) ;
#2493 = CARTESIAN_POINT ( 'NONE',  ( 3.750000000000000000, 6.500000000000000000, -1.250000000000000000 ) ) ;
#2494 = PLANE ( 'NONE',  #831 ) ;
#2495 = VERTEX_POINT ( 'NONE', #1828 ) ;
#2496 = CARTESIAN_POINT ( 'NONE',  ( -5.124999999999999112, 2.299999999999999822, 2.500000000000000444 ) ) ;
#2497 = LINE ( 'NONE', #2143, #2620 ) ;
#2498 = LINE ( 'NONE', #3491, #4006 ) ;
#2499 = EDGE_LOOP ( 'NONE', ( #761, #1711, #621, #3661 ) ) ;
#2500 = VERTEX_POINT ( 'NONE', #2807 ) ;
#2501 = ADVANCED_FACE ( 'NONE', ( #174 ), #500, .T. ) ;
#2502 = VECTOR ( 'NONE', #1588, 1000.000000000000000 ) ;
#2503 = CARTESIAN_POINT ( 'NONE',  ( -4.250000000000000000, -1.750638370251823612E-15, -0.7499999999999990008 ) ) ;
#2504 = LINE ( 'NONE', #3642, #3761 ) ;
#2505 = CARTESIAN_POINT ( 'NONE',  ( -2.250000000000000444, -1.312978777688867807E-15, -0.7499999999999991118 ) ) ;
#2506 = ORIENTED_EDGE ( 'NONE', *, *, #1253, .F. ) ;
#2507 = EDGE_CURVE ( 'NONE', #3533, #3358, #2497, .T. ) ;
#2508 = ADVANCED_FACE ( 'NONE', ( #3115 ), #4163, .F. ) ;
#2509 = EDGE_LOOP ( 'NONE', ( #754, #2072, #3961, #638 ) ) ;
#2510 = LINE ( 'NONE', #4175, #3747 ) ;
#2511 = DIRECTION ( 'NONE',  ( 0.000000000000000000, -1.000000000000000000, 0.000000000000000000 ) ) ;
#2512 = EDGE_CURVE ( 'NONE', #3755, #796, #2101, .T. ) ;
#2513 = VECTOR ( 'NONE', #1834, 1000.000000000000000 ) ;
#2514 = EDGE_CURVE ( 'NONE', #2299, #2251, #1877, .T. ) ;
#2515 = DIRECTION ( 'NONE',  ( 0.000000000000000000, 0.000000000000000000, 1.000000000000000000 ) ) ;
#2516 = CARTESIAN_POINT ( 'NONE',  ( -3.690000000000000391, 5.375000000000000000, 2.500000000000000444 ) ) ;
#2517 = ORIENTED_EDGE ( 'NONE', *, *, #4022, .T. ) ;
#2518 = CARTESIAN_POINT ( 'NONE',  ( 4.765000000000000568, 6.250000000000006217, -2.225000000000000089 ) ) ;
#2519 = DIRECTION ( 'NONE',  ( -0.000000000000000000, -0.000000000000000000, 1.000000000000000000 ) ) ;
#2520 = FACE_OUTER_BOUND ( 'NONE', #4110, .T. ) ;
#2521 = ORIENTED_EDGE ( 'NONE', *, *, #1022, .T. ) ;
#2522 = EDGE_CURVE ( 'NONE', #531, #2666, #478, .T. ) ;
#2523 = ORIENTED_EDGE ( 'NONE', *, *, #1277, .F. ) ;
#2524 = ADVANCED_FACE ( 'NONE', ( #3094 ), #3832, .T. ) ;
#2525 = FACE_OUTER_BOUND ( 'NONE', #2038, .T. ) ;
#2526 = EDGE_CURVE ( 'NONE', #987, #2500, #133, .T. ) ;
#2527 = ORIENTED_EDGE ( 'NONE', *, *, #3423, .F. ) ;
#2528 = EDGE_CURVE ( 'NONE', #2845, #2595, #3399, .T. ) ;
#2529 = ORIENTED_EDGE ( 'NONE', *, *, #2507, .T. ) ;
#2530 = CARTESIAN_POINT ( 'NONE',  ( -3.850000000000000977, 5.375000000000000000, -0.8500000000000000888 ) ) ;
#2531 = FACE_OUTER_BOUND ( 'NONE', #1560, .T. ) ;
#2532 = DIRECTION ( 'NONE',  ( -1.000000000000000000, 0.000000000000000000, 0.000000000000000000 ) ) ;
#2533 = CARTESIAN_POINT ( 'NONE',  ( 0.000000000000000000, 0.000000000000000000, 2.400000000000000799 ) ) ;
#2534 = EDGE_LOOP ( 'NONE', ( #2529, #2936, #1842, #324 ) ) ;
#2535 = ORIENTED_EDGE ( 'NONE', *, *, #760, .F. ) ;
#2536 = CARTESIAN_POINT ( 'NONE',  ( -4.250000000000000000, -2.725252258054539745, -0.7499999999999997780 ) ) ;
#2537 = CARTESIAN_POINT ( 'NONE',  ( 3.626052147056688213, 4.914168687704686178, 2.500000000000000444 ) ) ;
#2538 = AXIS2_PLACEMENT_3D ( 'NONE', #3511, #373, #2830 ) ;
#2539 = ORIENTED_EDGE ( 'NONE', *, *, #2680, .T. ) ;
#2540 = VERTEX_POINT ( 'NONE', #4124 ) ;
#2541 = VECTOR ( 'NONE', #170, 1000.000000000000000 ) ;
#2542 = CARTESIAN_POINT ( 'NONE',  ( -4.514999999999999680, 5.375000000000000000, 2.500000000000000444 ) ) ;
#2543 = AXIS2_PLACEMENT_3D ( 'NONE', #1042, #1820, #3799 ) ;
#2544 = CARTESIAN_POINT ( 'NONE',  ( -2.535000000000000142, 1.624999999999998446, -1.249999999999999778 ) ) ;
#2545 = ORIENTED_EDGE ( 'NONE', *, *, #3423, .T. ) ;
#2546 = AXIS2_PLACEMENT_3D ( 'NONE', #594, #2557, #1169 ) ;
#2547 = ORIENTED_EDGE ( 'NONE', *, *, #2346, .F. ) ;
#2548 = DIRECTION ( 'NONE',  ( 0.7071067811865388020, 0.7071067811865563435, 0.000000000000000000 ) ) ;
#2549 = VECTOR ( 'NONE', #3014, 1000.000000000000000 ) ;
#2550 = EDGE_CURVE ( 'NONE', #2424, #2404, #109, .T. ) ;
#2551 = ADVANCED_FACE ( 'NONE', ( #1741 ), #3075, .F. ) ;
#2552 = VECTOR ( 'NONE', #418, 1000.000000000000000 ) ;
#2553 = CARTESIAN_POINT ( 'NONE',  ( 1.749999999999999778, -4.376595925629559029E-16, -0.7499999999999994449 ) ) ;
#2554 = CARTESIAN_POINT ( 'NONE',  ( 2.240000000000007319, 4.775000000000000355, -8.724999999999999645 ) ) ;
#2555 = ORIENTED_EDGE ( 'NONE', *, *, #3726, .F. ) ;
#2556 = AXIS2_PLACEMENT_3D ( 'NONE', #3822, #1729, #4137 ) ;
#2557 = DIRECTION ( 'NONE',  ( 0.000000000000000000, 0.000000000000000000, -1.000000000000000000 ) ) ;
#2558 = EDGE_CURVE ( 'NONE', #1793, #89, #1097, .T. ) ;
#2559 = DIRECTION ( 'NONE',  ( -0.000000000000000000, 0.000000000000000000, 1.000000000000000000 ) ) ;
#2560 = LINE ( 'NONE', #1892, #3177 ) ;
#2561 = ADVANCED_FACE ( 'NONE', ( #3464 ), #1807, .F. ) ;
#2562 = VERTEX_POINT ( 'NONE', #816 ) ;
#2563 = ORIENTED_EDGE ( 'NONE', *, *, #2720, .F. ) ;
#2564 =( REPRESENTATION_RELATIONSHIP ('NONE','NONE', #1201, #1726 ) REPRESENTATION_RELATIONSHIP_WITH_TRANSFORMATION ( #1951 )SHAPE_REPRESENTATION_RELATIONSHIP( ) );
#2565 = UNCERTAINTY_MEASURE_WITH_UNIT (LENGTH_MEASURE( 1.000000000000000082E-05 ), #4190, 'distance_accuracy_value', 'NONE');
#2566 = CARTESIAN_POINT ( 'NONE',  ( 3.465000000000000302, 1.624999999999999778, 2.500000000000000444 ) ) ;
#2567 = CARTESIAN_POINT ( 'NONE',  ( 5.950000000000000178, 6.500000000000000000, 2.500000000000000444 ) ) ;
#2568 = LINE ( 'NONE', #2588, #3906 ) ;
#2569 = EDGE_LOOP ( 'NONE', ( #2754, #2138, #3858, #2116 ) ) ;
#2570 = VECTOR ( 'NONE', #1343, 1000.000000000000000 ) ;
#2571 = VERTEX_POINT ( 'NONE', #3854 ) ;
#2572 = ORIENTED_EDGE ( 'NONE', *, *, #82, .F. ) ;
#2573 = CARTESIAN_POINT ( 'NONE',  ( -5.950000000000001066, 6.274999999999999467, -0.8500000000000005329 ) ) ;
#2574 = CARTESIAN_POINT ( 'NONE',  ( -3.465000000000000746, 4.774999999999999467, -8.724999999999999645 ) ) ;
#2575 = ADVANCED_FACE ( 'NONE', ( #1906 ), #3266, .T. ) ;
#2576 = DIRECTION ( 'NONE',  ( 0.000000000000000000, -1.000000000000000000, 0.000000000000000000 ) ) ;
#2577 = DIRECTION ( 'NONE',  ( 0.000000000000000000, -0.7071067811865393571, -0.7071067811865555663 ) ) ;
#2578 = AXIS2_PLACEMENT_3D ( 'NONE', #14, #1356, #2027 ) ;
#2579 = ORIENTED_EDGE ( 'NONE', *, *, #3977, .F. ) ;
#2580 = EDGE_CURVE ( 'NONE', #2443, #4093, #2165, .T. ) ;
#2581 = PLANE ( 'NONE',  #258 ) ;
#2582 = AXIS2_PLACEMENT_3D ( 'NONE', #2039, #1745, #457 ) ;
#2583 = DIRECTION ( 'NONE',  ( -0.000000000000000000, -0.000000000000000000, 1.000000000000000000 ) ) ;
#2584 = LINE ( 'NONE', #1542, #39 ) ;
#2585 = ORIENTED_EDGE ( 'NONE', *, *, #1421, .T. ) ;
#2586 = EDGE_LOOP ( 'NONE', ( #1849, #343, #2599, #2337, #2527, #2294, #3652, #3958, #3078, #2693, #2978, #2724, #4290, #261, #1783, #182, #2318, #1291, #3072, #2034, #729, #3539, #1410, #3213 ) ) ;
#2587 = DIRECTION ( 'NONE',  ( 1.000000000000000000, -2.168404344971008868E-16, -0.000000000000000000 ) ) ;
#2588 = CARTESIAN_POINT ( 'NONE',  ( -3.750000000000000000, 5.100252258054534416, -0.7499999999999997780 ) ) ;
#2589 = ORIENTED_EDGE ( 'NONE', *, *, #3156, .T. ) ;
#2590 = ORIENTED_EDGE ( 'NONE', *, *, #4, .T. ) ;
#2591 = CARTESIAN_POINT ( 'NONE',  ( 3.750000000000000000, 6.500000000000000000, -0.7499999999999995559 ) ) ;
#2592 = DIRECTION ( 'NONE',  ( -1.000000000000000000, 0.000000000000000000, 0.000000000000000000 ) ) ;
#2593 = CARTESIAN_POINT ( 'NONE',  ( 3.750000000000000000, 6.500000000000000000, 0.7499999999999995559 ) ) ;
#2594 = CARTESIAN_POINT ( 'NONE',  ( 3.626052147056688213, 4.914168687704686178, 2.500000000000000444 ) ) ;
#2595 = VERTEX_POINT ( 'NONE', #221 ) ;
#2596 = LINE ( 'NONE', #2053, #1652 ) ;
#2597 = LINE ( 'NONE', #615, #3377 ) ;
#2598 = ORIENTED_EDGE ( 'NONE', *, *, #1863, .F. ) ;
#2599 = ORIENTED_EDGE ( 'NONE', *, *, #2514, .F. ) ;
#2600 = PRODUCT_DEFINITION_CONTEXT ( 'detailed design', #3079, 'design' ) ;
#2601 = DIRECTION ( 'NONE',  ( -0.000000000000000000, -1.000000000000000000, -0.000000000000000000 ) ) ;
#2602 = VECTOR ( 'NONE', #1, 1000.000000000000000 ) ;
#2603 = LINE ( 'NONE', #388, #1243 ) ;
#2604 =( NAMED_UNIT ( * ) SI_UNIT ( $, .STERADIAN. ) SOLID_ANGLE_UNIT ( ) );
#2605 = ORIENTED_EDGE ( 'NONE', *, *, #1183, .F. ) ;
#2606 = LINE ( 'NONE', #4274, #2617 ) ;
#2607 = CARTESIAN_POINT ( 'NONE',  ( -3.750000000000000000, 6.499999999999997335, -1.249999999999999334 ) ) ;
#2608 = VECTOR ( 'NONE', #2616, 1000.000000000000000 ) ;
#2609 = SHAPE_REPRESENTATION ( 'pin^BxB-PHDSS ass', ( #3349 ), #3282 ) ;
#2610 = DIRECTION ( 'NONE',  ( 0.7071067811865561215, -0.7071067811865389130, 0.000000000000000000 ) ) ;
#2611 = DIRECTION ( 'NONE',  ( 0.000000000000000000, 0.000000000000000000, -1.000000000000000000 ) ) ;
#2612 = ADVANCED_FACE ( 'NONE', ( #879 ), #1228, .T. ) ;
#2613 = VECTOR ( 'NONE', #2876, 1000.000000000000000 ) ;
#2614 = VERTEX_POINT ( 'NONE', #1558 ) ;
#2615 = FACE_OUTER_BOUND ( 'NONE', #1352, .T. ) ;
#2616 = DIRECTION ( 'NONE',  ( -0.000000000000000000, -1.000000000000000000, -0.000000000000000000 ) ) ;
#2617 = VECTOR ( 'NONE', #1633, 1000.000000000000000 ) ;
#2618 = LINE ( 'NONE', #2309, #1953 ) ;
#2619 = VERTEX_POINT ( 'NONE', #522 ) ;
#2620 = VECTOR ( 'NONE', #4100, 1000.000000000000000 ) ;
#2621 = LINE ( 'NONE', #1289, #330 ) ;
#2622 = APPLICATION_PROTOCOL_DEFINITION ( 'draft international standard', 'automotive_design', 1998, #2032 ) ;
#2623 = EDGE_LOOP ( 'NONE', ( #2753, #2547, #3548, #38 ) ) ;
#2624 = DIRECTION ( 'NONE',  ( 0.7071067811865584529, 0.7071067811865364705, -0.000000000000000000 ) ) ;
#2625 = ORIENTED_EDGE ( 'NONE', *, *, #2119, .F. ) ;
#2626 = VECTOR ( 'NONE', #3603, 1000.000000000000000 ) ;
#2627 = EDGE_LOOP ( 'NONE', ( #3819, #2320, #2792, #2690 ) ) ;
#2628 = DIRECTION ( 'NONE',  ( -0.000000000000000000, -1.000000000000000000, -0.000000000000000000 ) ) ;
#2629 = EDGE_CURVE ( 'NONE', #3826, #2371, #2228, .T. ) ;
#2630 = CARTESIAN_POINT ( 'NONE',  ( -2.250000000000000444, -1.312978777688867807E-15, -1.249999999999999556 ) ) ;
#2631 = FACE_OUTER_BOUND ( 'NONE', #3557, .T. ) ;
#2632 = EDGE_CURVE ( 'NONE', #3953, #495, #1891, .T. ) ;
#2633 = ORIENTED_EDGE ( 'NONE', *, *, #1986, .F. ) ;
#2634 = ORIENTED_EDGE ( 'NONE', *, *, #2723, .F. ) ;
#2635 = DIRECTION ( 'NONE',  ( 0.000000000000000000, 0.7071067811865561215, -0.7071067811865390240 ) ) ;
#2636 = LINE ( 'NONE', #1981, #1292 ) ;
#2637 = EDGE_CURVE ( 'NONE', #130, #3986, #4221, .T. ) ;
#2638 = EDGE_CURVE ( 'NONE', #3907, #1420, #3570, .T. ) ;
#2639 = VECTOR ( 'NONE', #1977, 1000.000000000000000 ) ;
#2640 = CARTESIAN_POINT ( 'NONE',  ( -5.124999999999999112, 2.299999999999999822, 2.500000000000000444 ) ) ;
#2641 = DIRECTION ( 'NONE',  ( 0.000000000000000000, 0.000000000000000000, -1.000000000000000000 ) ) ;
#2642 = LINE ( 'NONE', #3893, #3838 ) ;
#2643 = ORIENTED_EDGE ( 'NONE', *, *, #3439, .T. ) ;
#2644 = DIRECTION ( 'NONE',  ( 1.000000000000000000, -0.000000000000000000, -0.000000000000000000 ) ) ;
#2645 = ORIENTED_EDGE ( 'NONE', *, *, #3303, .F. ) ;
#2646 = DIRECTION ( 'NONE',  ( 0.000000000000000000, -1.000000000000000000, 0.000000000000000000 ) ) ;
#2647 = ORIENTED_EDGE ( 'NONE', *, *, #1938, .T. ) ;
#2648 = ORIENTED_EDGE ( 'NONE', *, *, #1799, .T. ) ;
#2649 = UNCERTAINTY_MEASURE_WITH_UNIT (LENGTH_MEASURE( 1.000000000000000082E-05 ), #45, 'distance_accuracy_value', 'NONE');
#2650 = DIRECTION ( 'NONE',  ( 1.000000000000000000, -2.168404344971009115E-16, 0.000000000000000000 ) ) ;
#2651 = ADVANCED_FACE ( 'NONE', ( #2917 ), #2248, .F. ) ;
#2652 = LINE ( 'NONE', #352, #2570 ) ;
#2653 = ORIENTED_EDGE ( 'NONE', *, *, #3974, .T. ) ;
#2654 = EDGE_CURVE ( 'NONE', #1651, #4093, #3915, .T. ) ;
#2655 = CARTESIAN_POINT ( 'NONE',  ( 5.015000000000000568, 6.499999999999999112, -2.500000000000000000 ) ) ;
#2656 = EDGE_CURVE ( 'NONE', #423, #3091, #3746, .T. ) ;
#2657 = VERTEX_POINT ( 'NONE', #1436 ) ;
#2658 = PLANE ( 'NONE',  #2275 ) ;
#2659 = DIRECTION ( 'NONE',  ( -0.000000000000000000, -0.000000000000000000, 1.000000000000000000 ) ) ;
#2660 = EDGE_CURVE ( 'NONE', #4109, #931, #369, .T. ) ;
#2661 = CARTESIAN_POINT ( 'NONE',  ( 4.250000000000000000, 1.624999999999999556, -4.870572098594924348 ) ) ;
#2662 = CARTESIAN_POINT ( 'NONE',  ( -2.250000000000000444, 1.624999999999998446, -0.7499999999999993339 ) ) ;
#2663 = LINE ( 'NONE', #3365, #4188 ) ;
#2664 = FACE_OUTER_BOUND ( 'NONE', #3639, .T. ) ;
#2665 = CONTEXT_DEPENDENT_SHAPE_REPRESENTATION ( #1876, #846 ) ;
#2666 = VERTEX_POINT ( 'NONE', #2699 ) ;
#2667 = LINE ( 'NONE', #1000, #1846 ) ;
#2668 = EDGE_LOOP ( 'NONE', ( #1971, #2898, #3478, #2403, #2188, #3679, #3784, #4150, #3573, #3773 ) ) ;
#2669 = ORIENTED_EDGE ( 'NONE', *, *, #2955, .F. ) ;
#2670 = LINE ( 'NONE', #3292, #810 ) ;
#2671 = CARTESIAN_POINT ( 'NONE',  ( -5.124999999999999112, 2.299999999999999822, 2.224999999999999645 ) ) ;
#2672 = LINE ( 'NONE', #4010, #961 ) ;
#2673 = EDGE_LOOP ( 'NONE', ( #1415, #2492, #1344, #1683 ) ) ;
#2674 = ORIENTED_EDGE ( 'NONE', *, *, #212, .T. ) ;
#2675 = VECTOR ( 'NONE', #859, 1000.000000000000000 ) ;
#2676 = VERTEX_POINT ( 'NONE', #2433 ) ;
#2677 = LINE ( 'NONE', #3994, #670 ) ;
#2678 = DIRECTION ( 'NONE',  ( 1.000000000000000000, 0.000000000000000000, 0.000000000000000000 ) ) ;
#2679 = VECTOR ( 'NONE', #2933, 1000.000000000000000 ) ;
#2680 = EDGE_CURVE ( 'NONE', #3877, #2614, #772, .T. ) ;
#2681 = VECTOR ( 'NONE', #2511, 1000.000000000000000 ) ;
#2682 = DIRECTION ( 'NONE',  ( -0.000000000000000000, -0.000000000000000000, 1.000000000000000000 ) ) ;
#2683 = CARTESIAN_POINT ( 'NONE',  ( -5.015000000000000568, 6.499999999999998224, -2.500000000000000000 ) ) ;
#2684 = PLANE ( 'NONE',  #1114 ) ;
#2685 = AXIS2_PLACEMENT_3D ( 'NONE', #1411, #2100, #815 ) ;
#2686 = ADVANCED_FACE ( 'NONE', ( #2037 ), #1744, .T. ) ;
#2687 = EDGE_CURVE ( 'NONE', #139, #445, #4102, .T. ) ;
#2688 = LINE ( 'NONE', #1950, #662 ) ;
#2689 = ITEM_DEFINED_TRANSFORMATION ( 'NONE', 'NONE', #159,  #3349 ) ;
#2690 = ORIENTED_EDGE ( 'NONE', *, *, #252, .T. ) ;
#2691 = VECTOR ( 'NONE', #1943, 1000.000000000000000 ) ;
#2692 = CARTESIAN_POINT ( 'NONE',  ( -2.250000000000000444, 6.499999999999998224, 1.250000000000000444 ) ) ;
#2693 = ORIENTED_EDGE ( 'NONE', *, *, #4278, .F. ) ;
#2694 = VERTEX_POINT ( 'NONE', #3076 ) ;
#2695 = VECTOR ( 'NONE', #263, 1000.000000000000000 ) ;
#2696 = EDGE_CURVE ( 'NONE', #664, #4218, #1763, .T. ) ;
#2697 = DIRECTION ( 'NONE',  ( -1.000000000000000000, 2.168404344971009115E-16, 0.000000000000000000 ) ) ;
#2698 = EDGE_CURVE ( 'NONE', #2540, #875, #2103, .T. ) ;
#2699 = CARTESIAN_POINT ( 'NONE',  ( -2.465000000000001190, 5.149999999999999467, 2.500000000000000444 ) ) ;
#2700 = AXIS2_PLACEMENT_3D ( 'NONE', #1994, #3331, #349 ) ;
#2701 = EDGE_CURVE ( 'NONE', #2902, #465, #3095, .T. ) ;
#2702 = VERTEX_POINT ( 'NONE', #1782 ) ;
#2703 = DIRECTION ( 'NONE',  ( 0.000000000000000000, 0.000000000000000000, 1.000000000000000000 ) ) ;
#2704 = ORIENTED_EDGE ( 'NONE', *, *, #57, .T. ) ;
#2705 = VECTOR ( 'NONE', #2736, 1000.000000000000000 ) ;
#2706 = LINE ( 'NONE', #2390, #1085 ) ;
#2707 = DIRECTION ( 'NONE',  ( 0.000000000000000000, -1.000000000000000000, 0.000000000000000000 ) ) ;
#2708 = LINE ( 'NONE', #3100, #2196 ) ;
#2709 =( REPRESENTATION_RELATIONSHIP ('NONE','NONE', #1201, #2609 ) REPRESENTATION_RELATIONSHIP_WITH_TRANSFORMATION ( #2689 )SHAPE_REPRESENTATION_RELATIONSHIP( ) );
#2710 = VERTEX_POINT ( 'NONE', #1073 ) ;
#2711 = DIRECTION ( 'NONE',  ( 0.000000000000000000, 0.000000000000000000, -1.000000000000000000 ) ) ;
#2712 = CARTESIAN_POINT ( 'NONE',  ( 4.250000000000000000, 1.625000000000001332, 0.7499999999999995559 ) ) ;
#2713 = LINE ( 'NONE', #3043, #2935 ) ;
#2714 = EDGE_CURVE ( 'NONE', #3171, #2225, #2727, .T. ) ;
#2715 = VECTOR ( 'NONE', #4198, 1000.000000000000000 ) ;
#2716 = LINE ( 'NONE', #1405, #3049 ) ;
#2717 = APPLICATION_PROTOCOL_DEFINITION ( 'draft international standard', 'automotive_design', 1998, #839 ) ;
#2718 = VERTEX_POINT ( 'NONE', #1366 ) ;
#2719 = CARTESIAN_POINT ( 'NONE',  ( -4.765000000000000568, 6.250000000000003553, -2.500000000000000000 ) ) ;
#2720 = EDGE_CURVE ( 'NONE', #24, #4012, #3356, .T. ) ;
#2721 = FILL_AREA_STYLE ('',( #1385 ) ) ;
#2722 = EDGE_LOOP ( 'NONE', ( #3446, #260, #1609, #3469 ) ) ;
#2723 = EDGE_CURVE ( 'NONE', #875, #2805, #4033, .T. ) ;
#2724 = ORIENTED_EDGE ( 'NONE', *, *, #3885, .F. ) ;
#2725 = DIRECTION ( 'NONE',  ( -1.230300337572201660E-16, 1.000000000000000000, 0.000000000000000000 ) ) ;
#2726 = CARTESIAN_POINT ( 'NONE',  ( -5.950000000000001066, 6.500000000000000000, -1.074999999999995515 ) ) ;
#2727 = LINE ( 'NONE', #419, #1017 ) ;
#2728 = EDGE_LOOP ( 'NONE', ( #1688, #809, #3638, #2910 ) ) ;
#2729 = SHAPE_DEFINITION_REPRESENTATION ( #699, #1201 ) ;
#2730 = VECTOR ( 'NONE', #507, 1000.000000000000000 ) ;
#2731 = ORIENTED_EDGE ( 'NONE', *, *, #2324, .T. ) ;
#2732 = DIRECTION ( 'NONE',  ( -0.000000000000000000, 0.000000000000000000, 1.000000000000000000 ) ) ;
#2733 = CARTESIAN_POINT ( 'NONE',  ( -4.250000000000000000, -1.750638370251823612E-15, -0.7499999999999990008 ) ) ;
#2734 = EDGE_LOOP ( 'NONE', ( #694, #3394, #4011, #3418 ) ) ;
#2735 = VERTEX_POINT ( 'NONE', #94 ) ;
#2736 = DIRECTION ( 'NONE',  ( -0.000000000000000000, -0.000000000000000000, 1.000000000000000000 ) ) ;
#2737 = EDGE_CURVE ( 'NONE', #1249, #641, #2769, .T. ) ;
#2738 = FACE_OUTER_BOUND ( 'NONE', #4196, .T. ) ;
#2739 = CARTESIAN_POINT ( 'NONE',  ( -5.950000000000001066, 0.4249999999999999889, 2.500000000000000000 ) ) ;
#2740 = ORIENTED_EDGE ( 'NONE', *, *, #2306, .F. ) ;
#2741 = CARTESIAN_POINT ( 'NONE',  ( 2.250000000000000444, 0.000000000000000000, 0.7499999999999996669 ) ) ;
#2742 = ORIENTED_EDGE ( 'NONE', *, *, #329, .F. ) ;
#2743 = VERTEX_POINT ( 'NONE', #1414 ) ;
#2744 = ADVANCED_FACE ( 'NONE', ( #4009 ), #2747, .T. ) ;
#2745 = CARTESIAN_POINT ( 'NONE',  ( -2.240000000000006430, 4.774999999999999467, -8.724999999999999645 ) ) ;
#2746 = DIRECTION ( 'NONE',  ( -1.000000000000000000, 0.000000000000000000, 0.000000000000000000 ) ) ;
#2747 = PLANE ( 'NONE',  #2911 ) ;
#2748 = DIRECTION ( 'NONE',  ( 9.020562075079396891E-17, -6.259272319258516522E-34, -1.000000000000000222 ) ) ;
#2749 = EDGE_LOOP ( 'NONE', ( #2359, #2760, #4140, #2246 ) ) ;
#2750 = DIRECTION ( 'NONE',  ( 0.000000000000000000, -0.000000000000000000, 1.000000000000000000 ) ) ;
#2751 = CARTESIAN_POINT ( 'NONE',  ( -5.950000000000001066, 0.9249999999999996003, 2.500000000000000000 ) ) ;
#2752 = DIRECTION ( 'NONE',  ( 0.000000000000000000, 0.000000000000000000, -1.000000000000000000 ) ) ;
#2753 = ORIENTED_EDGE ( 'NONE', *, *, #4060, .F. ) ;
#2754 = ORIENTED_EDGE ( 'NONE', *, *, #203, .T. ) ;
#2755 = FACE_OUTER_BOUND ( 'NONE', #1271, .T. ) ;
#2756 = DIRECTION ( 'NONE',  ( -0.3236155771181869478, -0.8891264907159865949, -0.3236155771181869478 ) ) ;
#2757 = EDGE_CURVE ( 'NONE', #1131, #3924, #2409, .T. ) ;
#2758 = VECTOR ( 'NONE', #3849, 1000.000000000000000 ) ;
#2759 = DIRECTION ( 'NONE',  ( 7.228014483236699514E-16, -1.000000000000000000, 0.000000000000000000 ) ) ;
#2760 = ORIENTED_EDGE ( 'NONE', *, *, #2888, .T. ) ;
#2761 = DIRECTION ( 'NONE',  ( 0.000000000000000000, -1.000000000000000000, 0.000000000000000000 ) ) ;
#2762 = VECTOR ( 'NONE', #2114, 1000.000000000000000 ) ;
#2763 = ORIENTED_EDGE ( 'NONE', *, *, #4232, .T. ) ;
#2764 = ORIENTED_EDGE ( 'NONE', *, *, #3758, .T. ) ;
#2765 = VECTOR ( 'NONE', #2644, 1000.000000000000000 ) ;
#2766 = DIRECTION ( 'NONE',  ( 0.000000000000000000, -1.000000000000000000, 0.000000000000000000 ) ) ;
#2767 = CARTESIAN_POINT ( 'NONE',  ( 1.465000000000000080, 1.624999999999999334, -1.250000000000000000 ) ) ;
#2768 = CARTESIAN_POINT ( 'NONE',  ( 4.765000000000000568, 6.250000000000006217, 2.500000000000000444 ) ) ;
#2769 = LINE ( 'NONE', #2671, #269 ) ;
#2770 = ORIENTED_EDGE ( 'NONE', *, *, #2558, .T. ) ;
#2771 = AXIS2_PLACEMENT_3D ( 'NONE', #2437, #2750, #4170 ) ;
#2772 = CARTESIAN_POINT ( 'NONE',  ( 8.000000000000000000, -4.163336342344335794E-17, 5.551115123125782702E-17 ) ) ;
#2773 = ORIENTED_EDGE ( 'NONE', *, *, #1916, .T. ) ;
#2774 = EDGE_CURVE ( 'NONE', #1509, #347, #3030, .T. ) ;
#2775 = AXIS2_PLACEMENT_3D ( 'NONE', #976, #12, #312 ) ;
#2776 = LINE ( 'NONE', #2109, #3413 ) ;
#2777 = CARTESIAN_POINT ( 'NONE',  ( 5.450000000000000178, 6.500000000000000888, 0.1250000000000007494 ) ) ;
#2778 = ORIENTED_EDGE ( 'NONE', *, *, #1883, .F. ) ;
#2779 = VECTOR ( 'NONE', #3059, 1000.000000000000000 ) ;
#2780 = ORIENTED_EDGE ( 'NONE', *, *, #2701, .F. ) ;
#2781 = DIRECTION ( 'NONE',  ( 1.000000000000000000, -2.168404344971009115E-16, 0.000000000000000000 ) ) ;
#2782 = CARTESIAN_POINT ( 'NONE',  ( -4.250000000000000000, 6.499999999999997335, -1.249999999999999334 ) ) ;
#2783 = LINE ( 'NONE', #765, #2062 ) ;
#2784 = ORIENTED_EDGE ( 'NONE', *, *, #624, .T. ) ;
#2785 = DIRECTION ( 'NONE',  ( 0.000000000000000000, 0.000000000000000000, -1.000000000000000000 ) ) ;
#2786 = VERTEX_POINT ( 'NONE', #2145 ) ;
#2787 = VECTOR ( 'NONE', #4039, 1000.000000000000000 ) ;
#2788 = CARTESIAN_POINT ( 'NONE',  ( -3.465000000000000746, 5.150000000000005684, 2.224999999999999645 ) ) ;
#2789 = DIRECTION ( 'NONE',  ( 1.000000000000000000, -2.168404344971009115E-16, 0.000000000000000000 ) ) ;
#2790 = LINE ( 'NONE', #2475, #2897 ) ;
#2791 = VERTEX_POINT ( 'NONE', #4126 ) ;
#2792 = ORIENTED_EDGE ( 'NONE', *, *, #2696, .T. ) ;
#2793 = MECHANICAL_DESIGN_GEOMETRIC_PRESENTATION_REPRESENTATION (  '', ( #1611 ), #967 ) ;
#2794 = LINE ( 'NONE', #3473, #1534 ) ;
#2795 = ADVANCED_FACE ( 'NONE', ( #2520 ), #3530, .T. ) ;
#2796 = CARTESIAN_POINT ( 'NONE',  ( 2.240000000000005986, 5.375000000000000000, -2.500000000000000000 ) ) ;
#2797 = ORIENTED_EDGE ( 'NONE', *, *, #2632, .T. ) ;
#2798 = ORIENTED_EDGE ( 'NONE', *, *, #2698, .F. ) ;
#2799 = EDGE_CURVE ( 'NONE', #2232, #389, #1946, .T. ) ;
#2800 = PLANE ( 'NONE',  #2556 ) ;
#2801 = LINE ( 'NONE', #1113, #2970 ) ;
#2802 = ORIENTED_EDGE ( 'NONE', *, *, #4053, .F. ) ;
#2803 = CARTESIAN_POINT ( 'NONE',  ( 5.950000000000000178, 6.274999999999999467, -0.8500000000000005329 ) ) ;
#2804 = DIRECTION ( 'NONE',  ( 0.000000000000000000, -0.7071067811865556774, 0.7071067811865394681 ) ) ;
#2805 = VERTEX_POINT ( 'NONE', #4165 ) ;
#2806 = DIRECTION ( 'NONE',  ( -0.000000000000000000, 0.000000000000000000, 1.000000000000000000 ) ) ;
#2807 = CARTESIAN_POINT ( 'NONE',  ( -1.749999999999999778, 1.624999999999998224, 1.250000000000000666 ) ) ;
#2808 = DIRECTION ( 'NONE',  ( -1.000000000000000000, 0.000000000000000000, -0.000000000000000000 ) ) ;
#2809 = PLANE ( 'NONE',  #336 ) ;
#2810 = EDGE_CURVE ( 'NONE', #2595, #3306, #2932, .T. ) ;
#2811 = ORIENTED_EDGE ( 'NONE', *, *, #693, .F. ) ;
#2812 = ORIENTED_EDGE ( 'NONE', *, *, #1863, .T. ) ;
#2813 = SURFACE_STYLE_FILL_AREA ( #3902 ) ;
#2814 = DIRECTION ( 'NONE',  ( 0.000000000000000000, 0.000000000000000000, 1.000000000000000000 ) ) ;
#2815 = ORIENTED_EDGE ( 'NONE', *, *, #3981, .F. ) ;
#2816 = ORIENTED_EDGE ( 'NONE', *, *, #1203, .T. ) ;
#2817 = CARTESIAN_POINT ( 'NONE',  ( 0.000000000000000000, 6.500000000000000000, 0.000000000000000000 ) ) ;
#2818 = LINE ( 'NONE', #3480, #2122 ) ;
#2819 = VECTOR ( 'NONE', #356, 1000.000000000000000 ) ;
#2820 = CARTESIAN_POINT ( 'NONE',  ( -3.750000000000000000, -2.725252258054539745, -0.7499999999999997780 ) ) ;
#2821 = ORIENTED_EDGE ( 'NONE', *, *, #2159, .T. ) ;
#2822 = LINE ( 'NONE', #1427, #1283 ) ;
#2823 = EDGE_CURVE ( 'NONE', #3306, #2694, #544, .T. ) ;
#2824 = CARTESIAN_POINT ( 'NONE',  ( -5.950000000000001066, 0.4249999999999999889, 2.500000000000000000 ) ) ;
#2825 = VERTEX_POINT ( 'NONE', #3856 ) ;
#2826 = VECTOR ( 'NONE', #2785, 1000.000000000000000 ) ;
#2827 = DIRECTION ( 'NONE',  ( 1.000000000000000000, -0.000000000000000000, -0.000000000000000000 ) ) ;
#2828 = CARTESIAN_POINT ( 'NONE',  ( -4.149999999999999467, 5.375000000000000000, -0.8500000000000000888 ) ) ;
#2829 = VECTOR ( 'NONE', #3132, 1000.000000000000000 ) ;
#2830 = DIRECTION ( 'NONE',  ( -0.000000000000000000, 0.000000000000000000, -1.000000000000000000 ) ) ;
#2831 = DIRECTION ( 'NONE',  ( 6.424901762877063495E-16, 1.000000000000000000, -0.000000000000000000 ) ) ;
#2832 = EDGE_CURVE ( 'NONE', #2702, #201, #1261, .T. ) ;
#2833 = ORIENTED_EDGE ( 'NONE', *, *, #3434, .T. ) ;
#2834 = ADVANCED_FACE ( 'NONE', ( #1499 ), #2809, .T. ) ;
#2835 = EDGE_LOOP ( 'NONE', ( #766, #3936, #2849, #1680 ) ) ;
#2836 = AXIS2_PLACEMENT_3D ( 'NONE', #623, #358, #1260 ) ;
#2837 = EDGE_CURVE ( 'NONE', #1539, #149, #3492, .T. ) ;
#2838 = DIRECTION ( 'NONE',  ( 1.000000000000000000, 0.000000000000000000, 0.000000000000000000 ) ) ;
#2839 = VECTOR ( 'NONE', #308, 1000.000000000000000 ) ;
#2840 = PRODUCT_DEFINITION_SHAPE ( 'NONE', 'NONE',  #4303 ) ;
#2841 = LINE ( 'NONE', #3229, #2861 ) ;
#2842 = CARTESIAN_POINT ( 'NONE',  ( 2.465000000000001190, 5.149999999999999467, -4.870572098594924348 ) ) ;
#2843 = VERTEX_POINT ( 'NONE', #2453 ) ;
#2844 = VECTOR ( 'NONE', #3588, 999.9999999999998863 ) ;
#2845 = VERTEX_POINT ( 'NONE', #3165 ) ;
#2846 = CARTESIAN_POINT ( 'NONE',  ( -5.950000000000001066, 4.250000000000000000, -0.1000000000000004774 ) ) ;
#2847 = FACE_OUTER_BOUND ( 'NONE', #2865, .T. ) ;
#2848 = AXIS2_PLACEMENT_3D ( 'NONE', #1747, #2088, #3405 ) ;
#2849 = ORIENTED_EDGE ( 'NONE', *, *, #3093, .F. ) ;
#2850 = CARTESIAN_POINT ( 'NONE',  ( 5.124999999999999112, 3.649999999999999911, 2.224999999999999645 ) ) ;
#2851 = DIRECTION ( 'NONE',  ( 0.000000000000000000, 0.000000000000000000, 1.000000000000000000 ) ) ;
#2852 = VERTEX_POINT ( 'NONE', #502 ) ;
#2853 = ADVANCED_FACE ( 'NONE', ( #3788 ), #1173, .F. ) ;
#2854 = CARTESIAN_POINT ( 'NONE',  ( -5.950000000000001066, 4.250000000000000000, -0.1000000000000004774 ) ) ;
#2855 = EDGE_CURVE ( 'NONE', #2927, #3882, #1809, .T. ) ;
#2856 = CARTESIAN_POINT ( 'NONE',  ( 0.2500000000000002220, -8.753191851259118059E-16, 0.7499999999999997780 ) ) ;
#2857 = CARTESIAN_POINT ( 'NONE',  ( 1.749999999999999778, -4.376595925629559029E-16, 0.7499999999999996669 ) ) ;
#2858 = ADVANCED_FACE ( 'NONE', ( #3142 ), #176, .F. ) ;
#2859 = EDGE_LOOP ( 'NONE', ( #1805, #2860, #2780, #2605, #3458, #3238, #36, #758, #1525 ) ) ;
#2860 = ORIENTED_EDGE ( 'NONE', *, *, #2174, .F. ) ;
#2861 = VECTOR ( 'NONE', #905, 1000.000000000000000 ) ;
#2862 = CARTESIAN_POINT ( 'NONE',  ( 4.250000000000000000, 6.500000000000000000, -0.7499999999999995559 ) ) ;
#2863 = CARTESIAN_POINT ( 'NONE',  ( 0.2500000000000002220, -8.753191851259118059E-16, -1.249999999999999556 ) ) ;
#2864 = CARTESIAN_POINT ( 'NONE',  ( -3.465000000000000302, 1.624999999999999778, 2.500000000000000444 ) ) ;
#2865 = EDGE_LOOP ( 'NONE', ( #458, #3102, #2033, #3707 ) ) ;
#2866 = VECTOR ( 'NONE', #2353, 1000.000000000000000 ) ;
#2867 = ORIENTED_EDGE ( 'NONE', *, *, #944, .T. ) ;
#2868 = CARTESIAN_POINT ( 'NONE',  ( -2.240000000000005986, 5.375000000000000000, -2.500000000000000000 ) ) ;
#2869 = CARTESIAN_POINT ( 'NONE',  ( 1.749999999999999778, 1.625000000000001110, 0.7499999999999996669 ) ) ;
#2870 =( GEOMETRIC_REPRESENTATION_CONTEXT ( 3 ) GLOBAL_UNCERTAINTY_ASSIGNED_CONTEXT ( ( #727 ) ) GLOBAL_UNIT_ASSIGNED_CONTEXT ( ( #3702, #2455, #3097 ) ) REPRESENTATION_CONTEXT ( 'NONE', 'WORKASPACE' ) );
#2871 = EDGE_CURVE ( 'NONE', #2791, #2054, #1523, .T. ) ;
#2872 = AXIS2_PLACEMENT_3D ( 'NONE', #4128, #2435, #1126 ) ;
#2873 = CARTESIAN_POINT ( 'NONE',  ( 1.749999999999999778, 1.624999999999999334, -4.870572098594924348 ) ) ;
#2874 = LINE ( 'NONE', #3783, #3904 ) ;
#2875 = ORIENTED_EDGE ( 'NONE', *, *, #477, .T. ) ;
#2876 = DIRECTION ( 'NONE',  ( 0.000000000000000000, 0.000000000000000000, 1.000000000000000000 ) ) ;
#2877 = DIRECTION ( 'NONE',  ( 1.000000000000000000, 0.000000000000000000, 0.000000000000000000 ) ) ;
#2878 = DIRECTION ( 'NONE',  ( 1.734723475976806848E-16, -0.000000000000000000, 1.000000000000000000 ) ) ;
#2879 = EDGE_LOOP ( 'NONE', ( #3815, #1909, #1848, #1899 ) ) ;
#2880 = ORIENTED_EDGE ( 'NONE', *, *, #1148, .T. ) ;
#2881 = CARTESIAN_POINT ( 'NONE',  ( -5.950000000000000178, 6.500000000000000000, 2.500000000000000444 ) ) ;
#2882 = CARTESIAN_POINT ( 'NONE',  ( -2.250000000000000444, -1.312978777688867807E-15, 0.7500000000000000000 ) ) ;
#2883 = CARTESIAN_POINT ( 'NONE',  ( -3.750000000000000000, 6.499999999999997335, 0.7500000000000001110 ) ) ;
#2884 = ORIENTED_EDGE ( 'NONE', *, *, #3885, .T. ) ;
#2885 = VERTEX_POINT ( 'NONE', #841 ) ;
#2886 = LINE ( 'NONE', #2846, #1656 ) ;
#2887 = DIRECTION ( 'NONE',  ( -0.000000000000000000, -0.000000000000000000, 1.000000000000000000 ) ) ;
#2888 = EDGE_CURVE ( 'NONE', #1817, #445, #2167, .T. ) ;
#2889 = EDGE_CURVE ( 'NONE', #2986, #545, #1192, .T. ) ;
#2890 = DIRECTION ( 'NONE',  ( 1.000000000000000000, -0.000000000000000000, 0.000000000000000000 ) ) ;
#2891 = DIRECTION ( 'NONE',  ( 0.000000000000000000, 1.000000000000000000, 0.000000000000000000 ) ) ;
#2892 = ORIENTED_EDGE ( 'NONE', *, *, #2041, .T. ) ;
#2893 = VECTOR ( 'NONE', #3685, 1000.000000000000000 ) ;
#2894 = DIRECTION ( 'NONE',  ( 0.000000000000000000, -1.000000000000000000, 0.000000000000000000 ) ) ;
#2895 = DIRECTION ( 'NONE',  ( 1.000000000000000000, -0.000000000000000000, -0.000000000000000000 ) ) ;
#2896 = LINE ( 'NONE', #4223, #2675 ) ;
#2897 = VECTOR ( 'NONE', #3811, 1000.000000000000000 ) ;
#2898 = ORIENTED_EDGE ( 'NONE', *, *, #1738, .F. ) ;
#2899 = ORIENTED_EDGE ( 'NONE', *, *, #1491, .F. ) ;
#2900 = AXIS2_PLACEMENT_3D ( 'NONE', #3583, #1884, #895 ) ;
#2901 = VECTOR ( 'NONE', #376, 1000.000000000000000 ) ;
#2902 = VERTEX_POINT ( 'NONE', #2974 ) ;
#2903 = ADVANCED_FACE ( 'NONE', ( #2615 ), #378, .T. ) ;
#2904 = AXIS2_PLACEMENT_3D ( 'NONE', #2303, #2592, #2929 ) ;
#2905 = DIRECTION ( 'NONE',  ( 0.000000000000000000, 0.000000000000000000, 1.000000000000000000 ) ) ;
#2906 = VERTEX_POINT ( 'NONE', #2640 ) ;
#2907 = DIRECTION ( 'NONE',  ( -0.000000000000000000, 0.000000000000000000, 1.000000000000000000 ) ) ;
#2908 = CARTESIAN_POINT ( 'NONE',  ( -2.465000000000001190, 5.149999999999999467, -4.870572098594924348 ) ) ;
#2909 = VECTOR ( 'NONE', #3252, 1000.000000000000000 ) ;
#2910 = ORIENTED_EDGE ( 'NONE', *, *, #2389, .F. ) ;
#2911 = AXIS2_PLACEMENT_3D ( 'NONE', #1007, #2341, #4078 ) ;
#2912 = DIRECTION ( 'NONE',  ( 0.7071067811865561215, -0.7071067811865389130, 0.000000000000000000 ) ) ;
#2913 = DIRECTION ( 'NONE',  ( -0.000000000000000000, -0.000000000000000000, 1.000000000000000000 ) ) ;
#2914 = ORIENTED_EDGE ( 'NONE', *, *, #2638, .F. ) ;
#2915 = VECTOR ( 'NONE', #1635, 1000.000000000000000 ) ;
#2916 = DIRECTION ( 'NONE',  ( 0.000000000000000000, 1.000000000000000000, 0.000000000000000000 ) ) ;
#2917 = FACE_OUTER_BOUND ( 'NONE', #3519, .T. ) ;
#2918 = DIRECTION ( 'NONE',  ( -1.000000000000000000, 0.000000000000000000, 0.000000000000000000 ) ) ;
#2919 = ORIENTED_EDGE ( 'NONE', *, *, #4205, .T. ) ;
#2920 = VERTEX_POINT ( 'NONE', #3975 ) ;
#2921 = LINE ( 'NONE', #4252, #1717 ) ;
#2922 = DIRECTION ( 'NONE',  ( -0.000000000000000000, 1.000000000000000000, -0.000000000000000000 ) ) ;
#2923 = CARTESIAN_POINT ( 'NONE',  ( 3.972363140661015368, 4.314340451562332923, 2.500000000000000444 ) ) ;
#2924 = ORIENTED_EDGE ( 'NONE', *, *, #870, .T. ) ;
#2925 = VECTOR ( 'NONE', #3147, 1000.000000000000000 ) ;
#2926 = DIRECTION ( 'NONE',  ( 0.000000000000000000, 0.000000000000000000, -1.000000000000000000 ) ) ;
#2927 = VERTEX_POINT ( 'NONE', #2307 ) ;
#2928 = CARTESIAN_POINT ( 'NONE',  ( 2.240000000000007319, 4.775000000000000355, -8.724999999999999645 ) ) ;
#2929 = DIRECTION ( 'NONE',  ( 0.000000000000000000, 0.000000000000000000, 1.000000000000000000 ) ) ;
#2930 = ADVANCED_FACE ( 'NONE', ( #2024 ), #4019, .T. ) ;
#2931 = ORIENTED_EDGE ( 'NONE', *, *, #1890, .T. ) ;
#2932 = LINE ( 'NONE', #3609, #1514 ) ;
#2933 = DIRECTION ( 'NONE',  ( 0.000000000000000000, -1.000000000000000000, 0.000000000000000000 ) ) ;
#2934 = CARTESIAN_POINT ( 'NONE',  ( 5.015000000000000568, 6.499999999999999112, -2.500000000000000000 ) ) ;
#2935 = VECTOR ( 'NONE', #1485, 1000.000000000000000 ) ;
#2936 = ORIENTED_EDGE ( 'NONE', *, *, #1138, .T. ) ;
#2937 =( REPRESENTATION_RELATIONSHIP ('NONE','NONE', #1201, #2609 ) REPRESENTATION_RELATIONSHIP_WITH_TRANSFORMATION ( #2291 )SHAPE_REPRESENTATION_RELATIONSHIP( ) );
#2938 = CARTESIAN_POINT ( 'NONE',  ( -4.150000000000000355, -3.000000000000000000, -1.250000000000000222 ) ) ;
#2939 = PLANE ( 'NONE',  #1565 ) ;
#2940 = EDGE_LOOP ( 'NONE', ( #1276, #1209, #957 ) ) ;
#2941 = VERTEX_POINT ( 'NONE', #3690 ) ;
#2942 = EDGE_CURVE ( 'NONE', #850, #637, #647, .T. ) ;
#2943 = DIRECTION ( 'NONE',  ( -1.000000000000000000, -1.252287328451658890E-15, 0.000000000000000000 ) ) ;
#2944 = CARTESIAN_POINT ( 'NONE',  ( 0.000000000000000000, 0.000000000000000000, 0.000000000000000000 ) ) ;
#2945 = ORIENTED_EDGE ( 'NONE', *, *, #69, .F. ) ;
#2946 = CARTESIAN_POINT ( 'NONE',  ( -4.765000000000000568, 5.624999999999993783, -2.500000000000000000 ) ) ;
#2947 = DIRECTION ( 'NONE',  ( 0.7071067811865388020, 0.7071067811865563435, 0.000000000000000000 ) ) ;
#2948 = CARTESIAN_POINT ( 'NONE',  ( -2.250000000000000444, 1.625000000000000222, 0.7500000000000000000 ) ) ;
#2949 = LINE ( 'NONE', #607, #2901 ) ;
#2950 = ORIENTED_EDGE ( 'NONE', *, *, #3959, .T. ) ;
#2951 = CARTESIAN_POINT ( 'NONE',  ( -5.950000000000001066, 6.274999999999999467, -0.8500000000000005329 ) ) ;
#2952 = DIRECTION ( 'NONE',  ( 0.000000000000000000, 1.000000000000000000, 0.000000000000000000 ) ) ;
#2953 = PLANE ( 'NONE',  #903 ) ;
#2954 = EDGE_LOOP ( 'NONE', ( #3509, #2018, #864, #280 ) ) ;
#2955 = EDGE_CURVE ( 'NONE', #1886, #1509, #1965, .T. ) ;
#2956 = DIRECTION ( 'NONE',  ( -0.000000000000000000, 1.000000000000000000, -0.000000000000000000 ) ) ;
#2957 = VERTEX_POINT ( 'NONE', #294 ) ;
#2958 = EDGE_CURVE ( 'NONE', #654, #747, #3668, .T. ) ;
#2959 = CARTESIAN_POINT ( 'NONE',  ( 5.015000000000000568, 6.499999999999999112, 2.500000000000000444 ) ) ;
#2960 = ORIENTED_EDGE ( 'NONE', *, *, #2757, .T. ) ;
#2961 = ORIENTED_EDGE ( 'NONE', *, *, #494, .F. ) ;
#2962 = DIRECTION ( 'NONE',  ( 0.000000000000000000, -2.188853373384111071E-19, 1.000000000000000000 ) ) ;
#2963 = VECTOR ( 'NONE', #2293, 1000.000000000000000 ) ;
#2964 = EDGE_CURVE ( 'NONE', #2000, #144, #993, .T. ) ;
#2965 = CARTESIAN_POINT ( 'NONE',  ( 5.450000000000000178, 6.500000000000000000, 2.225000000000000089 ) ) ;
#2966 = EDGE_LOOP ( 'NONE', ( #4179, #3309, #4003, #1095 ) ) ;
#2967 = ADVANCED_FACE ( 'NONE', ( #1284 ), #1983, .F. ) ;
#2968 = CARTESIAN_POINT ( 'NONE',  ( 1.749999999999999778, -4.376595925629559029E-16, -0.7499999999999994449 ) ) ;
#2969 = ORIENTED_EDGE ( 'NONE', *, *, #2526, .F. ) ;
#2970 = VECTOR ( 'NONE', #2134, 1000.000000000000000 ) ;
#2971 = DIRECTION ( 'NONE',  ( -1.000000000000000000, 2.168404344971009115E-16, 0.000000000000000000 ) ) ;
#2972 = LINE ( 'NONE', #1281, #3044 ) ;
#2973 = VECTOR ( 'NONE', #2766, 1000.000000000000000 ) ;
#2974 = CARTESIAN_POINT ( 'NONE',  ( 3.465000000000000302, 1.625000000000001110, 2.225000000000000089 ) ) ;
#2975 = CARTESIAN_POINT ( 'NONE',  ( 2.250000000000000444, 1.625000000000001110, 0.7499999999999996669 ) ) ;
#2976 = AXIS2_PLACEMENT_3D ( 'NONE', #832, #2158, #3033 ) ;
#2977 = DIRECTION ( 'NONE',  ( 1.230300337572201660E-16, -1.000000000000000000, 0.000000000000000000 ) ) ;
#2978 = ORIENTED_EDGE ( 'NONE', *, *, #4056, .F. ) ;
#2979 = EDGE_CURVE ( 'NONE', #3585, #2702, #3320, .T. ) ;
#2980 = VECTOR ( 'NONE', #1456, 1000.000000000000000 ) ;
#2981 = PLANE ( 'NONE',  #1858 ) ;
#2982 = ITEM_DEFINED_TRANSFORMATION ( 'NONE', 'NONE', #3502,  #3349 ) ;
#2983 = EDGE_LOOP ( 'NONE', ( #2132, #309, #71, #3015 ) ) ;
#2984 = DIRECTION ( 'NONE',  ( 0.000000000000000000, -1.000000000000000000, 0.000000000000000000 ) ) ;
#2985 = EDGE_CURVE ( 'NONE', #3159, #3533, #2351, .T. ) ;
#2986 = VERTEX_POINT ( 'NONE', #338 ) ;
#2987 = VECTOR ( 'NONE', #1532, 1000.000000000000000 ) ;
#2988 = ORIENTED_EDGE ( 'NONE', *, *, #650, .F. ) ;
#2989 = EDGE_CURVE ( 'NONE', #3273, #89, #1663, .T. ) ;
#2990 = CARTESIAN_POINT ( 'NONE',  ( -2.250000000000000444, 6.499999999999998224, -0.7499999999999991118 ) ) ;
#2991 = ADVANCED_FACE ( 'NONE', ( #2327 ), #3629, .T. ) ;
#2992 = CARTESIAN_POINT ( 'NONE',  ( -3.750000000000000000, -1.750638370251823612E-15, 1.250000000000000666 ) ) ;
#2993 =( LENGTH_UNIT ( ) NAMED_UNIT ( * ) SI_UNIT ( .MILLI., .METRE. ) );
#2994 = ORIENTED_EDGE ( 'NONE', *, *, #177, .F. ) ;
#2995 = APPLICATION_CONTEXT ( 'automotive_design' ) ;
#2996 = LINE ( 'NONE', #989, #2254 ) ;
#2997 = CARTESIAN_POINT ( 'NONE',  ( 3.465000000000000302, 1.624999999999999778, 1.250000000000000222 ) ) ;
#2998 = CARTESIAN_POINT ( 'NONE',  ( -2.465000000000001190, 1.624999999999999778, 2.225000000000000089 ) ) ;
#2999 = VECTOR ( 'NONE', #2151, 1000.000000000000000 ) ;
#3000 = DIRECTION ( 'NONE',  ( 0.000000000000000000, 0.000000000000000000, -1.000000000000000000 ) ) ;
#3001 = LINE ( 'NONE', #2025, #3729 ) ;
#3002 = DIRECTION ( 'NONE',  ( -1.000000000000000000, 0.000000000000000000, -0.000000000000000000 ) ) ;
#3003 = CARTESIAN_POINT ( 'NONE',  ( 5.450000000000000178, 6.500000000000000000, 2.225000000000000089 ) ) ;
#3004 = CONTEXT_DEPENDENT_SHAPE_REPRESENTATION ( #2937, #2367 ) ;
#3005 = EDGE_LOOP ( 'NONE', ( #3749, #3390, #3698, #1506 ) ) ;
#3006 = AXIS2_PLACEMENT_3D ( 'NONE', #3127, #2129, #3002 ) ;
#3007 = CARTESIAN_POINT ( 'NONE',  ( 5.449999999999999289, 4.250000000000000000, -0.8500000000000005329 ) ) ;
#3008 = ORIENTED_EDGE ( 'NONE', *, *, #1759, .T. ) ;
#3009 = ORIENTED_EDGE ( 'NONE', *, *, #1873, .F. ) ;
#3010 = CARTESIAN_POINT ( 'NONE',  ( -5.124999999999999112, 3.649999999999999911, 2.500000000000000444 ) ) ;
#3011 = EDGE_CURVE ( 'NONE', #2428, #3159, #1331, .T. ) ;
#3012 = DIRECTION ( 'NONE',  ( 0.000000000000000000, 0.000000000000000000, -1.000000000000000000 ) ) ;
#3013 = ORIENTED_EDGE ( 'NONE', *, *, #2558, .F. ) ;
#3014 = DIRECTION ( 'NONE',  ( 0.000000000000000000, 0.000000000000000000, 1.000000000000000000 ) ) ;
#3015 = ORIENTED_EDGE ( 'NONE', *, *, #2522, .T. ) ;
#3016 = ADVANCED_FACE ( 'NONE', ( #2003 ), #716, .T. ) ;
#3017 = LINE ( 'NONE', #3646, #4169 ) ;
#3018 = PLANE ( 'NONE',  #2904 ) ;
#3019 = CARTESIAN_POINT ( 'NONE',  ( 1.749999999999999778, -4.376595925629559029E-16, -0.7499999999999994449 ) ) ;
#3020 = CARTESIAN_POINT ( 'NONE',  ( 4.765000000000000568, 6.250000000000006217, 2.225000000000000089 ) ) ;
#3021 = EDGE_CURVE ( 'NONE', #139, #1467, #3344, .T. ) ;
#3022 = FACE_OUTER_BOUND ( 'NONE', #937, .T. ) ;
#3023 = EDGE_CURVE ( 'NONE', #3739, #907, #1354, .T. ) ;
#3024 = DIRECTION ( 'NONE',  ( -1.000000000000000000, 0.000000000000000000, 0.000000000000000000 ) ) ;
#3025 = ORIENTED_EDGE ( 'NONE', *, *, #515, .T. ) ;
#3026 = LINE ( 'NONE', #3697, #3868 ) ;
#3027 = ORIENTED_EDGE ( 'NONE', *, *, #3332, .F. ) ;
#3028 = ORIENTED_EDGE ( 'NONE', *, *, #2580, .F. ) ;
#3029 = DIRECTION ( 'NONE',  ( 0.3236155771181869478, -0.8891264907159865949, -0.3236155771181869478 ) ) ;
#3030 = LINE ( 'NONE', #1032, #3814 ) ;
#3031 = ORIENTED_EDGE ( 'NONE', *, *, #451, .F. ) ;
#3032 = VECTOR ( 'NONE', #2984, 1000.000000000000000 ) ;
#3033 = DIRECTION ( 'NONE',  ( -1.734723475976807341E-16, 0.000000000000000000, -1.000000000000000000 ) ) ;
#3034 = CARTESIAN_POINT ( 'NONE',  ( -3.689999999999999947, 5.375000000000000000, 2.224999999999999645 ) ) ;
#3035 = CARTESIAN_POINT ( 'NONE',  ( 4.250000000000000000, 6.500000000000000000, 1.250000000000000000 ) ) ;
#3036 = LINE ( 'NONE', #2067, #4158 ) ;
#3037 = EDGE_CURVE ( 'NONE', #2743, #686, #2421, .T. ) ;
#3038 = VECTOR ( 'NONE', #4020, 1000.000000000000000 ) ;
#3039 = ADVANCED_FACE ( 'NONE', ( #4153 ), #1468, .F. ) ;
#3040 = VECTOR ( 'NONE', #609, 1000.000000000000000 ) ;
#3041 = DIRECTION ( 'NONE',  ( 0.000000000000000000, 0.000000000000000000, 1.000000000000000000 ) ) ;
#3042 = DIRECTION ( 'NONE',  ( 9.605334861444114745E-17, -1.000000000000000000, 0.000000000000000000 ) ) ;
#3043 = CARTESIAN_POINT ( 'NONE',  ( -0.5349999999999999201, 1.624999999999998890, 1.250000000000000666 ) ) ;
#3044 = VECTOR ( 'NONE', #3277, 1000.000000000000000 ) ;
#3045 = PRODUCT_DEFINITION_SHAPE ( 'NONE', 'NONE',  #4302 ) ;
#3046 = DIRECTION ( 'NONE',  ( -0.000000000000000000, 1.000000000000000000, -0.000000000000000000 ) ) ;
#3047 = ITEM_DEFINED_TRANSFORMATION ( 'NONE', 'NONE', #15,  #3349 ) ;
#3048 = ORIENTED_EDGE ( 'NONE', *, *, #1958, .F. ) ;
#3049 = VECTOR ( 'NONE', #3046, 1000.000000000000000 ) ;
#3050 = CARTESIAN_POINT ( 'NONE',  ( 1.749999999999999778, -4.376595925629559029E-16, 1.250000000000000222 ) ) ;
#3051 = EDGE_LOOP ( 'NONE', ( #240, #4172, #1599, #158 ) ) ;
#3052 = ORIENTED_EDGE ( 'NONE', *, *, #3606, .F. ) ;
#3053 = AXIS2_PLACEMENT_3D ( 'NONE', #1266, #2559, #2877 ) ;
#3054 = LINE ( 'NONE', #453, #3396 ) ;
#3055 = AXIS2_PLACEMENT_3D ( 'NONE', #762, #828, #1087 ) ;
#3056 = ORIENTED_EDGE ( 'NONE', *, *, #3133, .T. ) ;
#3057 = ADVANCED_FACE ( 'NONE', ( #3798 ), #2800, .F. ) ;
#3058 = CARTESIAN_POINT ( 'NONE',  ( 0.2500000000000002220, -8.753191851259118059E-16, -0.7499999999999993339 ) ) ;
#3059 = DIRECTION ( 'NONE',  ( -1.000000000000000000, -0.000000000000000000, -0.000000000000000000 ) ) ;
#3060 = LINE ( 'NONE', #2733, #1223 ) ;
#3061 = ORIENTED_EDGE ( 'NONE', *, *, #3161, .T. ) ;
#3062 = ORIENTED_EDGE ( 'NONE', *, *, #2332, .T. ) ;
#3063 = CARTESIAN_POINT ( 'NONE',  ( 2.250000000000000444, -4.376595925629559029E-16, -0.7499999999999994449 ) ) ;
#3064 = DIRECTION ( 'NONE',  ( 1.000000000000000000, -2.168404344971009115E-16, 0.000000000000000000 ) ) ;
#3065 = ADVANCED_FACE ( 'NONE', ( #466 ), #3152, .T. ) ;
#3066 = EDGE_LOOP ( 'NONE', ( #3087, #4224, #3430, #4283 ) ) ;
#3067 = VECTOR ( 'NONE', #1841, 999.9999999999998863 ) ;
#3068 = CARTESIAN_POINT ( 'NONE',  ( 4.514999999999999680, 5.375000000000000000, -2.500000000000000000 ) ) ;
#3069 = ORIENTED_EDGE ( 'NONE', *, *, #2202, .T. ) ;
#3070 = CARTESIAN_POINT ( 'NONE',  ( -0.2500000000000002220, 6.499999999999998224, -0.7499999999999993339 ) ) ;
#3071 = ORIENTED_EDGE ( 'NONE', *, *, #790, .T. ) ;
#3072 = ORIENTED_EDGE ( 'NONE', *, *, #803, .T. ) ;
#3073 = CARTESIAN_POINT ( 'NONE',  ( 2.240000000000007319, 4.775000000000000355, -2.225000000000000089 ) ) ;
#3074 = AXIS2_PLACEMENT_3D ( 'NONE', #2286, #2891, #1224 ) ;
#3075 = PLANE ( 'NONE',  #3124 ) ;
#3076 = CARTESIAN_POINT ( 'NONE',  ( -4.765000000000000568, 5.624999999999993783, -2.225000000000000089 ) ) ;
#3077 = CARTESIAN_POINT ( 'NONE',  ( 0.000000000000000000, 0.000000000000000000, 0.000000000000000000 ) ) ;
#3078 = ORIENTED_EDGE ( 'NONE', *, *, #2522, .F. ) ;
#3079 = APPLICATION_CONTEXT ( 'automotive_design' ) ;
#3080 = ADVANCED_FACE ( 'NONE', ( #166 ), #3384, .F. ) ;
#3081 = DIRECTION ( 'NONE',  ( -1.000000000000000000, 0.000000000000000000, 0.000000000000000000 ) ) ;
#3082 = DIRECTION ( 'NONE',  ( 0.000000000000000000, 0.000000000000000000, 1.000000000000000000 ) ) ;
#3083 = VERTEX_POINT ( 'NONE', #3432 ) ;
#3084 = CARTESIAN_POINT ( 'NONE',  ( 0.2500000000000002220, 1.625000000000000666, -1.249999999999999556 ) ) ;
#3085 = DIRECTION ( 'NONE',  ( -1.000000000000000000, -0.000000000000000000, -0.000000000000000000 ) ) ;
#3086 = PLANE ( 'NONE',  #4296 ) ;
#3087 = ORIENTED_EDGE ( 'NONE', *, *, #3623, .T. ) ;
#3088 = CARTESIAN_POINT ( 'NONE',  ( -5.450000000000001954, 6.500000000000000000, 0.1250000000000001110 ) ) ;
#3089 = VERTEX_POINT ( 'NONE', #4068 ) ;
#3090 = EDGE_CURVE ( 'NONE', #2153, #364, #1489, .T. ) ;
#3091 = VERTEX_POINT ( 'NONE', #1797 ) ;
#3092 = CARTESIAN_POINT ( 'NONE',  ( 4.765000000000000568, 5.624999999999994671, -2.225000000000000089 ) ) ;
#3093 = EDGE_CURVE ( 'NONE', #8, #1728, #1132, .T. ) ;
#3094 = FACE_OUTER_BOUND ( 'NONE', #194, .T. ) ;
#3095 = LINE ( 'NONE', #1716, #2204 ) ;
#3096 = ORIENTED_EDGE ( 'NONE', *, *, #3250, .F. ) ;
#3097 =( NAMED_UNIT ( * ) SI_UNIT ( $, .STERADIAN. ) SOLID_ANGLE_UNIT ( ) );
#3098 = ORIENTED_EDGE ( 'NONE', *, *, #1799, .F. ) ;
#3099 = CARTESIAN_POINT ( 'NONE',  ( 5.950000000000000178, 0.000000000000000000, 2.500000000000000444 ) ) ;
#3100 = CARTESIAN_POINT ( 'NONE',  ( -5.950000000000001066, 4.250000000000000000, -0.1000000000000004774 ) ) ;
#3101 = ORIENTED_EDGE ( 'NONE', *, *, #822, .F. ) ;
#3102 = ORIENTED_EDGE ( 'NONE', *, *, #2049, .F. ) ;
#3103 = VECTOR ( 'NONE', #3787, 1000.000000000000000 ) ;
#3104 = DIRECTION ( 'NONE',  ( 1.230300337572202153E-16, 1.000000000000000000, 0.000000000000000000 ) ) ;
#3105 = VECTOR ( 'NONE', #1925, 1000.000000000000000 ) ;
#3106 = CARTESIAN_POINT ( 'NONE',  ( -4.514999999999999680, 5.375000000000000000, 2.225000000000000089 ) ) ;
#3107 = ORIENTED_EDGE ( 'NONE', *, *, #3959, .F. ) ;
#3108 = LINE ( 'NONE', #3088, #656 ) ;
#3109 = VECTOR ( 'NONE', #4214, 1000.000000000000000 ) ;
#3110 = ORIENTED_EDGE ( 'NONE', *, *, #2660, .T. ) ;
#3111 = EDGE_CURVE ( 'NONE', #843, #3343, #3455, .T. ) ;
#3112 = VECTOR ( 'NONE', #4026, 1000.000000000000000 ) ;
#3113 = CARTESIAN_POINT ( 'NONE',  ( 4.765000000000000568, 5.624999999999994671, 2.500000000000000444 ) ) ;
#3114 = ADVANCED_FACE ( 'NONE', ( #79 ), #1402, .T. ) ;
#3115 = FACE_OUTER_BOUND ( 'NONE', #3227, .T. ) ;
#3116 = DIRECTION ( 'NONE',  ( -0.000000000000000000, 1.000000000000000000, 1.338521200599385475E-16 ) ) ;
#3117 = DIRECTION ( 'NONE',  ( 0.000000000000000000, -1.000000000000000000, 0.000000000000000000 ) ) ;
#3118 = ORIENTED_EDGE ( 'NONE', *, *, #2237, .F. ) ;
#3119 = VECTOR ( 'NONE', #4084, 1000.000000000000000 ) ;
#3120 = CARTESIAN_POINT ( 'NONE',  ( 2.000000000000000000, -1.040834085586083948E-17, 2.000000000000000000 ) ) ;
#3121 = ORIENTED_EDGE ( 'NONE', *, *, #3848, .F. ) ;
#3122 = ADVANCED_FACE ( 'NONE', ( #2755 ), #2444, .T. ) ;
#3123 = ADVANCED_FACE ( 'NONE', ( #2488 ), #1750, .F. ) ;
#3124 = AXIS2_PLACEMENT_3D ( 'NONE', #1072, #1122, #2082 ) ;
#3125 = DIRECTION ( 'NONE',  ( 0.000000000000000000, 0.000000000000000000, 1.000000000000000000 ) ) ;
#3126 = CARTESIAN_POINT ( 'NONE',  ( 3.750000000000000000, 1.625000000000001332, -1.250000000000000000 ) ) ;
#3127 = CARTESIAN_POINT ( 'NONE',  ( 5.950000000000000178, 6.500000000000000000, 2.500000000000000444 ) ) ;
#3128 = VERTEX_POINT ( 'NONE', #3732 ) ;
#3129 = AXIS2_PLACEMENT_3D ( 'NONE', #3299, #2284, #3041 ) ;
#3130 = ORIENTED_EDGE ( 'NONE', *, *, #3341, .F. ) ;
#3131 = CARTESIAN_POINT ( 'NONE',  ( 1.749999999999999778, 6.499999999999999112, -1.249999999999999778 ) ) ;
#3132 = DIRECTION ( 'NONE',  ( 1.000000000000000000, 2.168404344971008868E-16, -0.000000000000000000 ) ) ;
#3133 = EDGE_CURVE ( 'NONE', #495, #1978, #4111, .T. ) ;
#3134 = ORIENTED_EDGE ( 'NONE', *, *, #1739, .T. ) ;
#3135 = CARTESIAN_POINT ( 'NONE',  ( -2.465000000000000302, 1.625000000000000000, 2.500000000000000444 ) ) ;
#3136 = DIRECTION ( 'NONE',  ( 1.000000000000000000, -9.735864185311366195E-17, 0.000000000000000000 ) ) ;
#3137 = VERTEX_POINT ( 'NONE', #3084 ) ;
#3138 = VECTOR ( 'NONE', #2943, 1000.000000000000000 ) ;
#3139 = DIRECTION ( 'NONE',  ( -1.000000000000000000, 0.000000000000000000, 0.000000000000000000 ) ) ;
#3140 = CARTESIAN_POINT ( 'NONE',  ( -2.465000000000000302, 1.625000000000000000, 2.500000000000000444 ) ) ;
#3141 = CARTESIAN_POINT ( 'NONE',  ( -0.2500000000000002220, 6.499999999999998224, -0.7499999999999993339 ) ) ;
#3142 = FACE_OUTER_BOUND ( 'NONE', #3713, .T. ) ;
#3143 = EDGE_LOOP ( 'NONE', ( #1585, #1988, #416, #704 ) ) ;
#3144 = ORIENTED_EDGE ( 'NONE', *, *, #1958, .T. ) ;
#3145 = EDGE_CURVE ( 'NONE', #786, #1937, #2113, .T. ) ;
#3146 = VECTOR ( 'NONE', #2267, 1000.000000000000000 ) ;
#3147 = DIRECTION ( 'NONE',  ( 1.000000000000000000, 0.000000000000000000, 0.000000000000000000 ) ) ;
#3148 = DIRECTION ( 'NONE',  ( 1.000000000000000000, 0.000000000000000000, -0.000000000000000000 ) ) ;
#3149 = ORIENTED_EDGE ( 'NONE', *, *, #2810, .F. ) ;
#3150 = ADVANCED_FACE ( 'NONE', ( #2133 ), #3479, .T. ) ;
#3151 = ORIENTED_EDGE ( 'NONE', *, *, #25, .T. ) ;
#3152 = PLANE ( 'NONE',  #337 ) ;
#3153 = CARTESIAN_POINT ( 'NONE',  ( -2.250000000000000444, -1.312978777688867807E-15, 0.7500000000000000000 ) ) ;
#3154 = DIRECTION ( 'NONE',  ( -1.000000000000000000, 0.000000000000000000, -0.000000000000000000 ) ) ;
#3155 = ORIENTED_EDGE ( 'NONE', *, *, #3200, .F. ) ;
#3156 = EDGE_CURVE ( 'NONE', #2571, #2000, #781, .T. ) ;
#3157 = DIRECTION ( 'NONE',  ( -1.000000000000000000, -1.252287328451658890E-15, 0.000000000000000000 ) ) ;
#3158 = LINE ( 'NONE', #1165, #2715 ) ;
#3159 = VERTEX_POINT ( 'NONE', #3865 ) ;
#3160 = ADVANCED_FACE ( 'NONE', ( #3217 ), #3887, .F. ) ;
#3161 = EDGE_CURVE ( 'NONE', #2173, #2338, #2510, .T. ) ;
#3162 = FACE_OUTER_BOUND ( 'NONE', #2252, .T. ) ;
#3163 = FACE_OUTER_BOUND ( 'NONE', #3426, .T. ) ;
#3164 = DIRECTION ( 'NONE',  ( 1.000000000000000000, -0.000000000000000000, -0.000000000000000000 ) ) ;
#3165 = CARTESIAN_POINT ( 'NONE',  ( -5.015000000000000568, 6.499999999999998224, -2.500000000000000000 ) ) ;
#3166 = ORIENTED_EDGE ( 'NONE', *, *, #3916, .T. ) ;
#3167 = ORIENTED_EDGE ( 'NONE', *, *, #3582, .F. ) ;
#3168 = LINE ( 'NONE', #1078, #4227 ) ;
#3169 = DIRECTION ( 'NONE',  ( -0.000000000000000000, -0.000000000000000000, 1.000000000000000000 ) ) ;
#3170 = DIRECTION ( 'NONE',  ( 0.000000000000000000, 0.000000000000000000, 1.000000000000000000 ) ) ;
#3171 = VERTEX_POINT ( 'NONE', #2199 ) ;
#3172 = EDGE_CURVE ( 'NONE', #1886, #4034, #4235, .T. ) ;
#3173 = ORIENTED_EDGE ( 'NONE', *, *, #1434, .F. ) ;
#3174 = DIRECTION ( 'NONE',  ( 1.000000000000000000, -0.000000000000000000, -0.000000000000000000 ) ) ;
#3175 = DIRECTION ( 'NONE',  ( 0.000000000000000000, -1.000000000000000000, 0.000000000000000000 ) ) ;
#3176 = ADVANCED_FACE ( 'NONE', ( #3542 ), #273, .F. ) ;
#3177 = VECTOR ( 'NONE', #259, 1000.000000000000000 ) ;
#3178 = ADVANCED_FACE ( 'NONE', ( #1919 ), #1594, .F. ) ;
#3179 = CARTESIAN_POINT ( 'NONE',  ( -4.765000000000000568, 5.624999999999993783, -2.225000000000000089 ) ) ;
#3180 = CARTESIAN_POINT ( 'NONE',  ( 4.765000000000000568, 6.250000000000006217, -2.500000000000000000 ) ) ;
#3181 = VERTEX_POINT ( 'NONE', #2530 ) ;
#3182 = FACE_OUTER_BOUND ( 'NONE', #2478, .T. ) ;
#3183 = CARTESIAN_POINT ( 'NONE',  ( -3.465000000000000746, 5.150000000000005684, -4.870572098594924348 ) ) ;
#3184 = VECTOR ( 'NONE', #3085, 1000.000000000000000 ) ;
#3185 = CARTESIAN_POINT ( 'NONE',  ( -2.250000000000000444, 1.624999999999998446, -4.870572098594924348 ) ) ;
#3186 = DIRECTION ( 'NONE',  ( 0.000000000000000000, 1.000000000000000000, 0.000000000000000000 ) ) ;
#3187 = ORIENTED_EDGE ( 'NONE', *, *, #4238, .T. ) ;
#3188 = VERTEX_POINT ( 'NONE', #1856 ) ;
#3189 = VECTOR ( 'NONE', #1868, 1000.000000000000000 ) ;
#3190 = DIRECTION ( 'NONE',  ( -1.000000000000000000, 0.000000000000000000, 0.000000000000000000 ) ) ;
#3191 = VECTOR ( 'NONE', #604, 1000.000000000000000 ) ;
#3192 = CARTESIAN_POINT ( 'NONE',  ( 5.015000000000000568, 6.499999999999999112, -2.500000000000000000 ) ) ;
#3193 = EDGE_LOOP ( 'NONE', ( #444, #4255, #2740, #4042 ) ) ;
#3194 = EDGE_CURVE ( 'NONE', #1928, #1340, #4259, .T. ) ;
#3195 = VECTOR ( 'NONE', #2015, 1000.000000000000000 ) ;
#3196 = ORIENTED_EDGE ( 'NONE', *, *, #2737, .F. ) ;
#3197 = DIRECTION ( 'NONE',  ( -0.000000000000000000, -0.000000000000000000, 1.000000000000000000 ) ) ;
#3198 = DIRECTION ( 'NONE',  ( 1.000000000000000000, 0.000000000000000000, -0.000000000000000000 ) ) ;
#3199 = VECTOR ( 'NONE', #571, 1000.000000000000000 ) ;
#3200 = EDGE_CURVE ( 'NONE', #4279, #2182, #248, .T. ) ;
#3201 = CARTESIAN_POINT ( 'NONE',  ( 4.500000000000000888, 2.299999999999999822, 2.224999999999999645 ) ) ;
#3202 = ORIENTED_EDGE ( 'NONE', *, *, #4024, .T. ) ;
#3203 = DIRECTION ( 'NONE',  ( 0.000000000000000000, 0.7071067811865561215, -0.7071067811865390240 ) ) ;
#3204 = DIRECTION ( 'NONE',  ( 0.000000000000000000, 0.000000000000000000, -1.000000000000000000 ) ) ;
#3205 = VECTOR ( 'NONE', #3944, 999.9999999999998863 ) ;
#3206 = ORIENTED_EDGE ( 'NONE', *, *, #451, .T. ) ;
#3207 = EDGE_LOOP ( 'NONE', ( #1831, #1880, #3663, #4071 ) ) ;
#3208 = VECTOR ( 'NONE', #1767, 1000.000000000000000 ) ;
#3209 = DIRECTION ( 'NONE',  ( 1.000000000000000000, 0.000000000000000000, -0.000000000000000000 ) ) ;
#3210 = ADVANCED_FACE ( 'NONE', ( #232 ), #1259, .T. ) ;
#3211 = LINE ( 'NONE', #2567, #3342 ) ;
#3212 = DIRECTION ( 'NONE',  ( -1.000000000000000000, 0.000000000000000000, 0.000000000000000000 ) ) ;
#3213 = ORIENTED_EDGE ( 'NONE', *, *, #971, .F. ) ;
#3214 = EDGE_CURVE ( 'NONE', #1024, #1054, #4193, .T. ) ;
#3215 = STYLED_ITEM ( 'NONE', ( #2017 ), #1035 ) ;
#3216 = EDGE_LOOP ( 'NONE', ( #1147, #1860, #557, #1116 ) ) ;
#3217 = FACE_OUTER_BOUND ( 'NONE', #1198, .T. ) ;
#3218 = DIRECTION ( 'NONE',  ( 0.7071067811865563435, -0.7071067811865388020, 0.000000000000000000 ) ) ;
#3219 = AXIS2_PLACEMENT_3D ( 'NONE', #3077, #2386, #753 ) ;
#3220 = ORIENTED_EDGE ( 'NONE', *, *, #3226, .F. ) ;
#3221 = DIRECTION ( 'NONE',  ( -1.000000000000000000, 2.168404344971009115E-16, 0.000000000000000000 ) ) ;
#3222 = FACE_OUTER_BOUND ( 'NONE', #3487, .T. ) ;
#3223 = ORIENTED_EDGE ( 'NONE', *, *, #2799, .T. ) ;
#3224 = DIRECTION ( 'NONE',  ( -0.3236155771181869478, 0.8891264907159865949, -0.3236155771181869478 ) ) ;
#3225 = LINE ( 'NONE', #1931, #1068 ) ;
#3226 = EDGE_CURVE ( 'NONE', #1570, #931, #1881, .T. ) ;
#3227 = EDGE_LOOP ( 'NONE', ( #1075, #1774, #2960, #2154 ) ) ;
#3228 = ORIENTED_EDGE ( 'NONE', *, *, #1314, .T. ) ;
#3229 = CARTESIAN_POINT ( 'NONE',  ( -5.950000000000001066, 4.250000000000000000, -0.8500000000000005329 ) ) ;
#3230 = FACE_OUTER_BOUND ( 'NONE', #99, .T. ) ;
#3231 = ORIENTED_EDGE ( 'NONE', *, *, #3863, .F. ) ;
#3232 = ORIENTED_EDGE ( 'NONE', *, *, #1568, .T. ) ;
#3233 = FACE_OUTER_BOUND ( 'NONE', #547, .T. ) ;
#3234 = DIRECTION ( 'NONE',  ( -0.000000000000000000, 1.000000000000000000, -0.000000000000000000 ) ) ;
#3235 = EDGE_LOOP ( 'NONE', ( #773, #2914, #897, #1835 ) ) ;
#3236 = DIRECTION ( 'NONE',  ( -0.000000000000000000, 0.000000000000000000, -1.000000000000000000 ) ) ;
#3237 = DIRECTION ( 'NONE',  ( -0.000000000000000000, -0.000000000000000000, 1.000000000000000000 ) ) ;
#3238 = ORIENTED_EDGE ( 'NONE', *, *, #1472, .F. ) ;
#3239 = VECTOR ( 'NONE', #2452, 1000.000000000000000 ) ;
#3240 = CARTESIAN_POINT ( 'NONE',  ( 0.000000000000000000, 0.000000000000000000, 0.000000000000000000 ) ) ;
#3241 = CARTESIAN_POINT ( 'NONE',  ( -5.450000000000001954, -10.14838099273102046, 2.225000000000000089 ) ) ;
#3242 = ORIENTED_EDGE ( 'NONE', *, *, #3264, .T. ) ;
#3243 = ORIENTED_EDGE ( 'NONE', *, *, #535, .F. ) ;
#3244 = AXIS2_PLACEMENT_3D ( 'NONE', #3522, #3198, #211 ) ;
#3245 = DIRECTION ( 'NONE',  ( 0.7071067811865584529, 0.7071067811865364705, 0.000000000000000000 ) ) ;
#3246 = PLANE ( 'NONE',  #1390 ) ;
#3247 = AXIS2_PLACEMENT_3D ( 'NONE', #196, #1520, #3203 ) ;
#3248 = DIRECTION ( 'NONE',  ( -1.000000000000000000, 2.168404344971009115E-16, 0.000000000000000000 ) ) ;
#3249 = ORIENTED_EDGE ( 'NONE', *, *, #3597, .F. ) ;
#3250 = EDGE_CURVE ( 'NONE', #1918, #2571, #2886, .T. ) ;
#3251 = VECTOR ( 'NONE', #2650, 1000.000000000000000 ) ;
#3252 = DIRECTION ( 'NONE',  ( 7.228014483236698528E-16, -1.000000000000000000, 0.000000000000000000 ) ) ;
#3253 = ORIENTED_EDGE ( 'NONE', *, *, #3809, .F. ) ;
#3254 = CARTESIAN_POINT ( 'NONE',  ( 4.500000000000000000, 3.649999999999999911, -4.870572098594924348 ) ) ;
#3255 = LINE ( 'NONE', #1220, #3316 ) ;
#3256 = VECTOR ( 'NONE', #3988, 1000.000000000000000 ) ;
#3257 = ORIENTED_EDGE ( 'NONE', *, *, #1416, .T. ) ;
#3258 = VECTOR ( 'NONE', #3424, 1000.000000000000000 ) ;
#3259 = DIRECTION ( 'NONE',  ( -1.000000000000000000, 0.000000000000000000, 0.000000000000000000 ) ) ;
#3260 = CARTESIAN_POINT ( 'NONE',  ( -4.197636479123232789, 5.244119849266595246, -1.197636479123232789 ) ) ;
#3261 = LINE ( 'NONE', #279, #565 ) ;
#3262 = ORIENTED_EDGE ( 'NONE', *, *, #2485, .T. ) ;
#3263 = VECTOR ( 'NONE', #490, 1000.000000000000000 ) ;
#3264 = EDGE_CURVE ( 'NONE', #3383, #3703, #2155, .T. ) ;
#3265 = DIRECTION ( 'NONE',  ( -1.000000000000000000, 0.000000000000000000, 0.000000000000000000 ) ) ;
#3266 = PLANE ( 'NONE',  #1929 ) ;
#3267 = DIRECTION ( 'NONE',  ( 0.000000000000000000, 0.000000000000000000, -1.000000000000000000 ) ) ;
#3268 = ORIENTED_EDGE ( 'NONE', *, *, #3606, .T. ) ;
#3269 = ORIENTED_EDGE ( 'NONE', *, *, #2250, .F. ) ;
#3270 = DIRECTION ( 'NONE',  ( 1.000000000000000000, 9.605334861444114745E-17, 0.000000000000000000 ) ) ;
#3271 = CARTESIAN_POINT ( 'NONE',  ( -2.250000000000000444, 6.499999999999998224, -0.7499999999999991118 ) ) ;
#3272 =( LENGTH_UNIT ( ) NAMED_UNIT ( * ) SI_UNIT ( .MILLI., .METRE. ) );
#3273 = VERTEX_POINT ( 'NONE', #2219 ) ;
#3274 = DIRECTION ( 'NONE',  ( 9.605334861444114745E-17, -1.000000000000000000, 0.000000000000000000 ) ) ;
#3275 = CARTESIAN_POINT ( 'NONE',  ( -2.250000000000000444, 1.625000000000000222, -1.249999999999999556 ) ) ;
#3276 = PLANE ( 'NONE',  #2419 ) ;
#3277 = DIRECTION ( 'NONE',  ( 1.000000000000000000, 0.000000000000000000, 0.000000000000000000 ) ) ;
#3278 = EDGE_CURVE ( 'NONE', #2011, #2927, #511, .T. ) ;
#3279 = DIRECTION ( 'NONE',  ( -1.000000000000000000, 0.000000000000000000, -0.000000000000000000 ) ) ;
#3280 = DIRECTION ( 'NONE',  ( 0.000000000000000000, 0.000000000000000000, -1.000000000000000000 ) ) ;
#3281 = FACE_OUTER_BOUND ( 'NONE', #3291, .T. ) ;
#3282 =( GEOMETRIC_REPRESENTATION_CONTEXT ( 3 ) GLOBAL_UNCERTAINTY_ASSIGNED_CONTEXT ( ( #92 ) ) GLOBAL_UNIT_ASSIGNED_CONTEXT ( ( #3272, #1303, #2604 ) ) REPRESENTATION_CONTEXT ( 'NONE', 'WORKASPACE' ) );
#3283 = EDGE_LOOP ( 'NONE', ( #2924, #564, #1446, #657 ) ) ;
#3284 = EDGE_CURVE ( 'NONE', #686, #495, #1240, .T. ) ;
#3285 = DIRECTION ( 'NONE',  ( 0.000000000000000000, 0.000000000000000000, 1.000000000000000000 ) ) ;
#3286 = ADVANCED_FACE ( 'NONE', ( #3233 ), #185, .F. ) ;
#3287 = ORIENTED_EDGE ( 'NONE', *, *, #3890, .F. ) ;
#3288 = PLANE ( 'NONE',  #651 ) ;
#3289 = EDGE_CURVE ( 'NONE', #4250, #2562, #910, .T. ) ;
#3290 = ORIENTED_EDGE ( 'NONE', *, *, #57, .F. ) ;
#3291 = EDGE_LOOP ( 'NONE', ( #1894, #331, #3835, #2057 ) ) ;
#3292 = CARTESIAN_POINT ( 'NONE',  ( 5.124999999999999112, 2.299999999999999822, -4.870572098594924348 ) ) ;
#3293 = ORIENTED_EDGE ( 'NONE', *, *, #380, .F. ) ;
#3294 = CARTESIAN_POINT ( 'NONE',  ( 5.124999999999999112, 2.299999999999999822, -4.870572098594924348 ) ) ;
#3295 = CARTESIAN_POINT ( 'NONE',  ( -2.240000000000006430, 4.774999999999999467, -2.225000000000000089 ) ) ;
#3296 = DIRECTION ( 'NONE',  ( 0.000000000000000000, -1.000000000000000000, 0.000000000000000000 ) ) ;
#3297 = DIRECTION ( 'NONE',  ( 0.000000000000000000, 0.7071067811865561215, -0.7071067811865390240 ) ) ;
#3298 = EDGE_CURVE ( 'NONE', #2540, #3755, #1660, .T. ) ;
#3299 = CARTESIAN_POINT ( 'NONE',  ( -4.250000000000000000, -3.000000000000000000, -1.250000000000000222 ) ) ;
#3300 = CARTESIAN_POINT ( 'NONE',  ( -2.535000000000000142, 1.624999999999998446, 0.7500000000000002220 ) ) ;
#3301 = DIRECTION ( 'NONE',  ( 0.7071067811865365815, -0.7071067811865585639, 0.000000000000000000 ) ) ;
#3302 = ORIENTED_EDGE ( 'NONE', *, *, #3395, .T. ) ;
#3303 = EDGE_CURVE ( 'NONE', #3137, #1672, #3910, .T. ) ;
#3304 = EDGE_CURVE ( 'NONE', #2735, #1802, #924, .T. ) ;
#3305 = CARTESIAN_POINT ( 'NONE',  ( -2.250000000000000444, 6.499999999999998224, 1.250000000000000444 ) ) ;
#3306 = VERTEX_POINT ( 'NONE', #1616 ) ;
#3307 = DIRECTION ( 'NONE',  ( 0.000000000000000000, -1.000000000000000000, 0.000000000000000000 ) ) ;
#3308 = ORIENTED_EDGE ( 'NONE', *, *, #3582, .T. ) ;
#3309 = ORIENTED_EDGE ( 'NONE', *, *, #3919, .T. ) ;
#3310 = LINE ( 'NONE', #1653, #3256 ) ;
#3311 = AXIS2_PLACEMENT_3D ( 'NONE', #3392, #3653, #2358 ) ;
#3312 = PLANE ( 'NONE',  #1743 ) ;
#3313 = ORIENTED_EDGE ( 'NONE', *, *, #3408, .F. ) ;
#3314 = VECTOR ( 'NONE', #1493, 1000.000000000000114 ) ;
#3315 = LINE ( 'NONE', #1941, #865 ) ;
#3316 = VECTOR ( 'NONE', #2489, 1000.000000000000000 ) ;
#3317 = FACE_OUTER_BOUND ( 'NONE', #2377, .T. ) ;
#3318 = DIRECTION ( 'NONE',  ( -1.230300337572202153E-16, -1.000000000000000000, 0.000000000000000000 ) ) ;
#3319 = VECTOR ( 'NONE', #1604, 1000.000000000000000 ) ;
#3320 = LINE ( 'NONE', #671, #743 ) ;
#3321 = DIRECTION ( 'NONE',  ( 0.7071067811865561215, -0.7071067811865389130, 0.000000000000000000 ) ) ;
#3322 = VECTOR ( 'NONE', #3125, 1000.000000000000000 ) ;
#3323 = FACE_OUTER_BOUND ( 'NONE', #827, .T. ) ;
#3324 = VECTOR ( 'NONE', #392, 1000.000000000000000 ) ;
#3325 = DIRECTION ( 'NONE',  ( 0.000000000000000000, 0.000000000000000000, -1.000000000000000000 ) ) ;
#3326 = ORIENTED_EDGE ( 'NONE', *, *, #2714, .F. ) ;
#3327 = LINE ( 'NONE', #3350, #2323 ) ;
#3328 = VERTEX_POINT ( 'NONE', #334 ) ;
#3329 = VECTOR ( 'NONE', #3380, 1000.000000000000000 ) ;
#3330 = ORIENTED_EDGE ( 'NONE', *, *, #3919, .F. ) ;
#3331 = DIRECTION ( 'NONE',  ( 1.000000000000000000, -7.228014483236699514E-16, 0.000000000000000000 ) ) ;
#3332 = EDGE_CURVE ( 'NONE', #3755, #2805, #1699, .T. ) ;
#3333 = FACE_OUTER_BOUND ( 'NONE', #2728, .T. ) ;
#3334 = SURFACE_STYLE_USAGE ( .BOTH. , #1695 ) ;
#3335 = ORIENTED_EDGE ( 'NONE', *, *, #2183, .T. ) ;
#3336 = DIRECTION ( 'NONE',  ( -1.000000000000000000, 9.735864185311366195E-17, 0.000000000000000000 ) ) ;
#3337 = EDGE_CURVE ( 'NONE', #2718, #1501, #2677, .T. ) ;
#3338 = ORIENTED_EDGE ( 'NONE', *, *, #3037, .T. ) ;
#3339 = LINE ( 'NONE', #291, #3608 ) ;
#3340 = PLANE ( 'NONE',  #1010 ) ;
#3341 = EDGE_CURVE ( 'NONE', #2030, #4034, #1349, .T. ) ;
#3342 = VECTOR ( 'NONE', #3498, 1000.000000000000000 ) ;
#3343 = VERTEX_POINT ( 'NONE', #4016 ) ;
#3344 = LINE ( 'NONE', #359, #1586 ) ;
#3345 = CARTESIAN_POINT ( 'NONE',  ( -3.850000000000000977, 5.375000000000000000, -1.250000000000000222 ) ) ;
#3346 = CARTESIAN_POINT ( 'NONE',  ( -4.765000000000000568, 5.624999999999993783, -2.500000000000000000 ) ) ;
#3347 = CARTESIAN_POINT ( 'NONE',  ( -4.500000000000000000, 3.649999999999999911, 2.224999999999999645 ) ) ;
#3348 = ORIENTED_EDGE ( 'NONE', *, *, #2723, .T. ) ;
#3349 = AXIS2_PLACEMENT_3D ( 'NONE', #3619, #4035, #306 ) ;
#3350 = CARTESIAN_POINT ( 'NONE',  ( -3.750000000000000000, 6.499999999999997335, -0.7499999999999990008 ) ) ;
#3351 = ORIENTED_EDGE ( 'NONE', *, *, #1795, .T. ) ;
#3352 = VERTEX_POINT ( 'NONE', #2261 ) ;
#3353 = AXIS2_PLACEMENT_3D ( 'NONE', #1053, #3447, #1074 ) ;
#3354 = EDGE_CURVE ( 'NONE', #413, #1765, #357, .T. ) ;
#3355 = LINE ( 'NONE', #368, #941 ) ;
#3356 = LINE ( 'NONE', #4055, #3258 ) ;
#3357 = CARTESIAN_POINT ( 'NONE',  ( -4.514999999999999680, 5.375000000000000000, -2.500000000000000000 ) ) ;
#3358 = VERTEX_POINT ( 'NONE', #9 ) ;
#3359 = CARTESIAN_POINT ( 'NONE',  ( -5.450000000000001954, 6.500000000000000000, 2.225000000000000089 ) ) ;
#3360 = FACE_OUTER_BOUND ( 'NONE', #1551, .T. ) ;
#3361 = LINE ( 'NONE', #3950, #1725 ) ;
#3362 = LINE ( 'NONE', #3951, #1221 ) ;
#3363 = CARTESIAN_POINT ( 'NONE',  ( 3.465000000000000302, 1.624999999999999778, -1.250000000000000222 ) ) ;
#3364 = CARTESIAN_POINT ( 'NONE',  ( 0.2500000000000002220, 1.624999999999998668, -4.870572098594924348 ) ) ;
#3365 = CARTESIAN_POINT ( 'NONE',  ( -5.015000000000000568, 6.499999999999998224, -2.225000000000000089 ) ) ;
#3366 = FACE_OUTER_BOUND ( 'NONE', #172, .T. ) ;
#3367 = CONTEXT_DEPENDENT_SHAPE_REPRESENTATION ( #2564, #2407 ) ;
#3368 = ORIENTED_EDGE ( 'NONE', *, *, #377, .T. ) ;
#3369 = DIRECTION ( 'NONE',  ( 1.734723475976806848E-16, -0.000000000000000000, 1.000000000000000000 ) ) ;
#3370 = VERTEX_POINT ( 'NONE', #1980 ) ;
#3371 = ORIENTED_EDGE ( 'NONE', *, *, #3332, .T. ) ;
#3372 = DIRECTION ( 'NONE',  ( 1.000000000000000000, 0.000000000000000000, 0.000000000000000000 ) ) ;
#3373 = PLANE ( 'NONE',  #4231 ) ;
#3374 = CARTESIAN_POINT ( 'NONE',  ( -4.514999999999999680, 5.375000000000000000, -2.225000000000000089 ) ) ;
#3375 = APPLICATION_PROTOCOL_DEFINITION ( 'draft international standard', 'automotive_design', 1998, #2482 ) ;
#3376 = VERTEX_POINT ( 'NONE', #948 ) ;
#3377 = VECTOR ( 'NONE', #2918, 1000.000000000000000 ) ;
#3378 = CARTESIAN_POINT ( 'NONE',  ( -4.535000000000000142, 1.624999999999998002, -0.7499999999999992228 ) ) ;
#3379 = ADVANCED_FACE ( 'NONE', ( #606 ), #3276, .F. ) ;
#3380 = DIRECTION ( 'NONE',  ( 0.000000000000000000, -1.000000000000000000, 0.000000000000000000 ) ) ;
#3381 = LINE ( 'NONE', #1038, #1789 ) ;
#3382 = VECTOR ( 'NONE', #3802, 1000.000000000000000 ) ;
#3383 = VERTEX_POINT ( 'NONE', #2948 ) ;
#3384 = PLANE ( 'NONE',  #3055 ) ;
#3385 = DIRECTION ( 'NONE',  ( 0.7071067811865561215, 0.7071067811865389130, -0.000000000000000000 ) ) ;
#3386 = CARTESIAN_POINT ( 'NONE',  ( 5.950000000000000178, 6.500000000000000000, 2.500000000000000444 ) ) ;
#3387 = VECTOR ( 'NONE', #3372, 1000.000000000000000 ) ;
#3388 = PRODUCT_DEFINITION_SHAPE ( 'NONE', 'NONE',  #4309 ) ;
#3389 = CARTESIAN_POINT ( 'NONE',  ( -5.950000000000001066, 4.250000000000000000, -0.1000000000000004774 ) ) ;
#3390 = ORIENTED_EDGE ( 'NONE', *, *, #3289, .T. ) ;
#3391 = AXIS2_PLACEMENT_3D ( 'NONE', #2076, #3414, #2759 ) ;
#3392 = CARTESIAN_POINT ( 'NONE',  ( 2.465000000000000302, 1.625000000000000000, -4.870572098594924348 ) ) ;
#3393 = EDGE_LOOP ( 'NONE', ( #724, #3402, #789, #1483 ) ) ;
#3394 = ORIENTED_EDGE ( 'NONE', *, *, #1107, .T. ) ;
#3395 = EDGE_CURVE ( 'NONE', #1420, #433, #310, .T. ) ;
#3396 = VECTOR ( 'NONE', #3443, 1000.000000000000000 ) ;
#3397 = FACE_BOUND ( 'NONE', #573, .T. ) ;
#3398 = UNCERTAINTY_MEASURE_WITH_UNIT (LENGTH_MEASURE( 1.000000000000000082E-05 ), #2993, 'distance_accuracy_value', 'NONE');
#3399 = LINE ( 'NONE', #1479, #1374 ) ;
#3400 = DIRECTION ( 'NONE',  ( 1.000000000000000000, 0.000000000000000000, 0.000000000000000000 ) ) ;
#3401 = AXIS2_PLACEMENT_3D ( 'NONE', #2462, #1819, #4090 ) ;
#3402 = ORIENTED_EDGE ( 'NONE', *, *, #652, .T. ) ;
#3403 = ORIENTED_EDGE ( 'NONE', *, *, #305, .F. ) ;
#3404 = LINE ( 'NONE', #2019, #1926 ) ;
#3405 = DIRECTION ( 'NONE',  ( 0.7071067811865561215, -0.7071067811865389130, 0.000000000000000000 ) ) ;
#3406 = LINE ( 'NONE', #1058, #1441 ) ;
#3407 = ORIENTED_EDGE ( 'NONE', *, *, #2383, .F. ) ;
#3408 = EDGE_CURVE ( 'NONE', #2097, #2198, #3339, .T. ) ;
#3409 = ORIENTED_EDGE ( 'NONE', *, *, #4266, .T. ) ;
#3410 = CARTESIAN_POINT ( 'NONE',  ( 5.950000000000000178, 6.275000000000004796, -0.1000000000000002137 ) ) ;
#3411 = FACE_OUTER_BOUND ( 'NONE', #2169, .T. ) ;
#3412 = EDGE_CURVE ( 'NONE', #2000, #2393, #2302, .T. ) ;
#3413 = VECTOR ( 'NONE', #2042, 1000.000000000000000 ) ;
#3414 = DIRECTION ( 'NONE',  ( -1.000000000000000000, -7.228014483236699514E-16, 0.000000000000000000 ) ) ;
#3415 = EDGE_LOOP ( 'NONE', ( #297, #84, #504, #3287 ) ) ;
#3416 = FACE_OUTER_BOUND ( 'NONE', #3415, .T. ) ;
#3417 = ORIENTED_EDGE ( 'NONE', *, *, #325, .T. ) ;
#3418 = ORIENTED_EDGE ( 'NONE', *, *, #3563, .F. ) ;
#3419 = EDGE_CURVE ( 'NONE', #3882, #1060, #691, .T. ) ;
#3420 = CARTESIAN_POINT ( 'NONE',  ( -4.250000000000000000, -2.725252258054539745, -0.7499999999999997780 ) ) ;
#3421 = MECHANICAL_DESIGN_GEOMETRIC_PRESENTATION_REPRESENTATION (  '', ( #3215 ), #1538 ) ;
#3422 = DIRECTION ( 'NONE',  ( 0.7071067811865561215, -0.7071067811865389130, 0.000000000000000000 ) ) ;
#3423 = EDGE_CURVE ( 'NONE', #2194, #907, #973, .T. ) ;
#3424 = DIRECTION ( 'NONE',  ( -0.000000000000000000, -1.000000000000000000, -0.000000000000000000 ) ) ;
#3425 = DIRECTION ( 'NONE',  ( 1.000000000000000000, 0.000000000000000000, 0.000000000000000000 ) ) ;
#3426 = EDGE_LOOP ( 'NONE', ( #456, #1437, #2279, #1093 ) ) ;
#3427 = CARTESIAN_POINT ( 'NONE',  ( -5.450000000000001066, 1.624999999999999112, -2.225000000000000089 ) ) ;
#3428 = LINE ( 'NONE', #1057, #2430 ) ;
#3429 = CARTESIAN_POINT ( 'NONE',  ( -3.750000000000000000, 1.624999999999999778, 0.7500000000000001110 ) ) ;
#3430 = ORIENTED_EDGE ( 'NONE', *, *, #188, .F. ) ;
#3431 = ORIENTED_EDGE ( 'NONE', *, *, #2332, .F. ) ;
#3432 = CARTESIAN_POINT ( 'NONE',  ( -2.240000000000005986, 5.375000000000000000, -2.225000000000000089 ) ) ;
#3433 = PLANE ( 'NONE',  #1076 ) ;
#3434 = EDGE_CURVE ( 'NONE', #3159, #3877, #2021, .T. ) ;
#3435 = EDGE_CURVE ( 'NONE', #1326, #3273, #3361, .T. ) ;
#3436 = PLANE ( 'NONE',  #2410 ) ;
#3437 = ORIENTED_EDGE ( 'NONE', *, *, #3734, .T. ) ;
#3438 = DIRECTION ( 'NONE',  ( 0.000000000000000000, -1.000000000000000000, -1.338521200599385475E-16 ) ) ;
#3439 = EDGE_CURVE ( 'NONE', #2852, #3585, #3017, .T. ) ;
#3440 = ORIENTED_EDGE ( 'NONE', *, *, #1624, .T. ) ;
#3441 = ADVANCED_FACE ( 'NONE', ( #3317 ), #2658, .F. ) ;
#3442 = EDGE_LOOP ( 'NONE', ( #1059, #2357, #1545, #559 ) ) ;
#3443 = DIRECTION ( 'NONE',  ( 1.000000000000000000, -0.000000000000000000, -0.000000000000000000 ) ) ;
#3444 = LINE ( 'NONE', #4014, #3239 ) ;
#3445 = CARTESIAN_POINT ( 'NONE',  ( -1.749999999999999778, -1.312978777688867807E-15, 0.7500000000000000000 ) ) ;
#3446 = ORIENTED_EDGE ( 'NONE', *, *, #2234, .T. ) ;
#3447 = DIRECTION ( 'NONE',  ( 0.000000000000000000, 0.000000000000000000, 1.000000000000000000 ) ) ;
#3448 = EDGE_LOOP ( 'NONE', ( #2274, #2535, #861, #1084 ) ) ;
#3449 = LINE ( 'NONE', #2439, #351 ) ;
#3450 = CARTESIAN_POINT ( 'NONE',  ( -5.950000000000000178, 0.000000000000000000, 2.500000000000000444 ) ) ;
#3451 = VERTEX_POINT ( 'NONE', #735 ) ;
#3452 = VECTOR ( 'NONE', #2273, 1000.000000000000000 ) ;
#3453 = EDGE_LOOP ( 'NONE', ( #3675, #1518, #2816, #4270 ) ) ;
#3454 = VECTOR ( 'NONE', #994, 1000.000000000000000 ) ;
#3455 = LINE ( 'NONE', #122, #2705 ) ;
#3456 = PLANE ( 'NONE',  #732 ) ;
#3457 = DIRECTION ( 'NONE',  ( 0.000000000000000000, 0.000000000000000000, 1.000000000000000000 ) ) ;
#3458 = ORIENTED_EDGE ( 'NONE', *, *, #3568, .F. ) ;
#3459 = CARTESIAN_POINT ( 'NONE',  ( -3.690000000000000391, 5.375000000000000000, 2.500000000000000444 ) ) ;
#3460 = FACE_OUTER_BOUND ( 'NONE', #1760, .T. ) ;
#3461 = VERTEX_POINT ( 'NONE', #712 ) ;
#3462 = VECTOR ( 'NONE', #335, 999.9999999999998863 ) ;
#3463 = LINE ( 'NONE', #4052, #3667 ) ;
#3464 = FACE_OUTER_BOUND ( 'NONE', #2168, .T. ) ;
#3465 = CARTESIAN_POINT ( 'NONE',  ( -3.750000000000000000, -2.725252258054539745, -1.250000000000000222 ) ) ;
#3466 = CARTESIAN_POINT ( 'NONE',  ( 5.450000000000000178, -10.14838099273102046, 2.225000000000000089 ) ) ;
#3467 = ORIENTED_EDGE ( 'NONE', *, *, #3439, .F. ) ;
#3468 = AXIS2_PLACEMENT_3D ( 'NONE', #3483, #3274, #289 ) ;
#3469 = ORIENTED_EDGE ( 'NONE', *, *, #404, .F. ) ;
#3470 = ADVANCED_FACE ( 'NONE', ( #486 ), #756, .F. ) ;
#3471 = ADVANCED_FACE ( 'NONE', ( #4107 ), #1418, .T. ) ;
#3472 = VECTOR ( 'NONE', #1458, 1000.000000000000000 ) ;
#3473 = CARTESIAN_POINT ( 'NONE',  ( 3.690000000000000391, 5.375000000000000000, 2.224999999999999645 ) ) ;
#3474 = LINE ( 'NONE', #3346, #3840 ) ;
#3475 = ORIENTED_EDGE ( 'NONE', *, *, #200, .F. ) ;
#3476 = VECTOR ( 'NONE', #695, 1000.000000000000000 ) ;
#3477 = EDGE_CURVE ( 'NONE', #213, #3352, #75, .T. ) ;
#3478 = ORIENTED_EDGE ( 'NONE', *, *, #631, .F. ) ;
#3479 = PLANE ( 'NONE',  #3678 ) ;
#3480 = CARTESIAN_POINT ( 'NONE',  ( 3.626052147056688213, 4.914168687704686178, 2.400000000000000799 ) ) ;
#3481 = EDGE_CURVE ( 'NONE', #739, #1495, #799, .T. ) ;
#3482 = ADVANCED_FACE ( 'NONE', ( #1128 ), #2391, .F. ) ;
#3483 = CARTESIAN_POINT ( 'NONE',  ( -4.514999999999999680, 5.375000000000000000, -2.500000000000000000 ) ) ;
#3484 = ORIENTED_EDGE ( 'NONE', *, *, #86, .F. ) ;
#3485 = LINE ( 'NONE', #85, #2541 ) ;
#3486 = LINE ( 'NONE', #3828, #283 ) ;
#3487 = EDGE_LOOP ( 'NONE', ( #1067, #2316, #508, #288 ) ) ;
#3488 = PRESENTATION_LAYER_ASSIGNMENT (  '', '', ( #3970 ) ) ;
#3489 = DIRECTION ( 'NONE',  ( 1.000000000000000000, 0.000000000000000000, 0.000000000000000000 ) ) ;
#3490 = PLANE ( 'NONE',  #3744 ) ;
#3491 = CARTESIAN_POINT ( 'NONE',  ( -0.2500000000000002220, -8.753191851259118059E-16, -0.7499999999999993339 ) ) ;
#3492 = LINE ( 'NONE', #3512, #3472 ) ;
#3493 = EDGE_LOOP ( 'NONE', ( #1471, #2625, #3048, #2811 ) ) ;
#3494 = ORIENTED_EDGE ( 'NONE', *, *, #1944, .F. ) ;
#3495 = AXIS2_PLACEMENT_3D ( 'NONE', #610, #435, #1967 ) ;
#3496 = EDGE_CURVE ( 'NONE', #1359, #2540, #3449, .T. ) ;
#3497 = COLOUR_RGB ( '',1.000000000000000000, 1.000000000000000000, 1.000000000000000000 ) ;
#3498 = DIRECTION ( 'NONE',  ( 1.000000000000000000, -0.000000000000000000, -0.000000000000000000 ) ) ;
#3499 = EDGE_CURVE ( 'NONE', #164, #1928, #3428, .T. ) ;
#3500 = FACE_OUTER_BOUND ( 'NONE', #2586, .T. ) ;
#3501 = ORIENTED_EDGE ( 'NONE', *, *, #4211, .F. ) ;
#3502 = AXIS2_PLACEMENT_3D ( 'NONE', #1100, #4104, #438 ) ;
#3503 = DIRECTION ( 'NONE',  ( 0.000000000000000000, -1.000000000000000000, 0.000000000000000000 ) ) ;
#3504 = CARTESIAN_POINT ( 'NONE',  ( -3.750000000000000000, 5.375000000000000000, -0.8500000000000000888 ) ) ;
#3505 = PRODUCT ( 'pin^BxB-PHDSS ass', 'pin^BxB-PHDSS ass', '', ( #35 ) ) ;
#3506 = ORIENTED_EDGE ( 'NONE', *, *, #1063, .F. ) ;
#3507 = CARTESIAN_POINT ( 'NONE',  ( -4.535000000000000142, 1.624999999999998002, -1.249999999999999556 ) ) ;
#3508 = CARTESIAN_POINT ( 'NONE',  ( 4.250000000000000000, 0.000000000000000000, -1.250000000000000000 ) ) ;
#3509 = ORIENTED_EDGE ( 'NONE', *, *, #2325, .F. ) ;
#3510 = PLANE ( 'NONE',  #3247 ) ;
#3511 = CARTESIAN_POINT ( 'NONE',  ( -0.2500000000000002220, 6.499999999999998224, 0.7499999999999997780 ) ) ;
#3512 = CARTESIAN_POINT ( 'NONE',  ( 4.765000000000000568, 6.250000000000006217, 2.500000000000000444 ) ) ;
#3513 = ADVANCED_FACE ( 'NONE', ( #1442 ), #421, .F. ) ;
#3514 = ORIENTED_EDGE ( 'NONE', *, *, #636, .T. ) ;
#3515 = ORIENTED_EDGE ( 'NONE', *, *, #406, .T. ) ;
#3516 = PLANE ( 'NONE',  #665 ) ;
#3517 = CARTESIAN_POINT ( 'NONE',  ( -4.514999999999999680, 5.375000000000000000, -2.225000000000000089 ) ) ;
#3518 = DIRECTION ( 'NONE',  ( 1.230300337572202153E-16, 1.000000000000000000, -0.000000000000000000 ) ) ;
#3519 = EDGE_LOOP ( 'NONE', ( #580, #3232, #3983, #1287 ) ) ;
#3520 = ORIENTED_EDGE ( 'NONE', *, *, #1438, .F. ) ;
#3521 = DIRECTION ( 'NONE',  ( 6.424901762877063495E-16, -1.000000000000000000, 0.000000000000000000 ) ) ;
#3522 = CARTESIAN_POINT ( 'NONE',  ( -2.250000000000000444, 6.499999999999998224, 0.7500000000000000000 ) ) ;
#3523 = AXIS2_PLACEMENT_3D ( 'NONE', #3141, #3769, #2808 ) ;
#3524 = CARTESIAN_POINT ( 'NONE',  ( -2.465000000000000302, 1.625000000000000000, -4.870572098594924348 ) ) ;
#3525 = LINE ( 'NONE', #4119, #78 ) ;
#3526 = ORIENTED_EDGE ( 'NONE', *, *, #477, .F. ) ;
#3527 = AXIS2_PLACEMENT_3D ( 'NONE', #1555, #4216, #1222 ) ;
#3528 = LINE ( 'NONE', #219, #1364 ) ;
#3529 = DIRECTION ( 'NONE',  ( 0.000000000000000000, 0.000000000000000000, 1.000000000000000000 ) ) ;
#3530 = PLANE ( 'NONE',  #475 ) ;
#3531 = EDGE_CURVE ( 'NONE', #545, #8, #3727, .T. ) ;
#3532 = ORIENTED_EDGE ( 'NONE', *, *, #4284, .T. ) ;
#3533 = VERTEX_POINT ( 'NONE', #3126 ) ;
#3534 = VECTOR ( 'NONE', #1792, 1000.000000000000000 ) ;
#3535 = LINE ( 'NONE', #886, #1012 ) ;
#3536 = AXIS2_PLACEMENT_3D ( 'NONE', #798, #845, #3190 ) ;
#3537 = DIRECTION ( 'NONE',  ( -0.000000000000000000, -0.000000000000000000, 1.000000000000000000 ) ) ;
#3538 = FACE_OUTER_BOUND ( 'NONE', #1296, .T. ) ;
#3539 = ORIENTED_EDGE ( 'NONE', *, *, #406, .F. ) ;
#3540 = AXIS2_PLACEMENT_3D ( 'NONE', #1143, #2474, #3810 ) ;
#3541 = ORIENTED_EDGE ( 'NONE', *, *, #2799, .F. ) ;
#3542 = FACE_OUTER_BOUND ( 'NONE', #293, .T. ) ;
#3543 = DIRECTION ( 'NONE',  ( 0.5000000000000011102, -0.8660254037844380415, 0.000000000000000000 ) ) ;
#3544 = VECTOR ( 'NONE', #867, 1000.000000000000000 ) ;
#3545 = EDGE_CURVE ( 'NONE', #3451, #703, #1484, .T. ) ;
#3546 = FACE_OUTER_BOUND ( 'NONE', #3864, .T. ) ;
#3547 =( LENGTH_UNIT ( ) NAMED_UNIT ( * ) SI_UNIT ( .MILLI., .METRE. ) );
#3548 = ORIENTED_EDGE ( 'NONE', *, *, #1753, .F. ) ;
#3549 = DIRECTION ( 'NONE',  ( 0.7071067811865561215, -0.7071067811865389130, 0.000000000000000000 ) ) ;
#3550 = CARTESIAN_POINT ( 'NONE',  ( 0.2500000000000002220, 6.499999999999998224, -0.7499999999999993339 ) ) ;
#3551 = DIRECTION ( 'NONE',  ( -1.000000000000000000, 0.000000000000000000, -0.000000000000000000 ) ) ;
#3552 = VECTOR ( 'NONE', #1566, 1000.000000000000000 ) ;
#3553 = EDGE_LOOP ( 'NONE', ( #3262, #3257, #2555, #2380 ) ) ;
#3554 = VERTEX_POINT ( 'NONE', #96 ) ;
#3555 = SURFACE_SIDE_STYLE ('',( #2813 ) ) ;
#3556 = DIRECTION ( 'NONE',  ( 0.7071067811865388020, -0.7071067811865563435, 0.000000000000000000 ) ) ;
#3557 = EDGE_LOOP ( 'NONE', ( #3253, #4136, #3683, #1363 ) ) ;
#3558 = AXIS2_PLACEMENT_3D ( 'NONE', #2842, #2172, #3556 ) ;
#3559 = ORIENTED_EDGE ( 'NONE', *, *, #1938, .F. ) ;
#3560 = CARTESIAN_POINT ( 'NONE',  ( 5.950000000000000178, 6.500000000000000000, 0.1250000000000001110 ) ) ;
#3561 = DIRECTION ( 'NONE',  ( -0.000000000000000000, -0.000000000000000000, 1.000000000000000000 ) ) ;
#3562 = PRODUCT_DEFINITION_FORMATION_WITH_SPECIFIED_SOURCE ( 'ANY', '', #3505, .NOT_KNOWN. ) ;
#3563 = EDGE_CURVE ( 'NONE', #1937, #4087, #2458, .T. ) ;
#3564 = VERTEX_POINT ( 'NONE', #2416 ) ;
#3565 = FACE_OUTER_BOUND ( 'NONE', #1529, .T. ) ;
#3566 = FACE_OUTER_BOUND ( 'NONE', #1949, .T. ) ;
#3567 = VERTEX_POINT ( 'NONE', #3752 ) ;
#3568 = EDGE_CURVE ( 'NONE', #1131, #658, #2794, .T. ) ;
#3569 = FACE_OUTER_BOUND ( 'NONE', #169, .T. ) ;
#3570 = LINE ( 'NONE', #257, #2413 ) ;
#3571 = DIRECTION ( 'NONE',  ( -0.3236155771181846164, 0.8891264907159893705, 0.3236155771181818963 ) ) ;
#3572 = EDGE_CURVE ( 'NONE', #445, #46, #115, .T. ) ;
#3573 = ORIENTED_EDGE ( 'NONE', *, *, #329, .T. ) ;
#3574 = ORIENTED_EDGE ( 'NONE', *, *, #1270, .T. ) ;
#3575 = CARTESIAN_POINT ( 'NONE',  ( -2.240000000000005986, 5.375000000000000000, -8.724999999999999645 ) ) ;
#3576 = LINE ( 'NONE', #4228, #147 ) ;
#3577 = ORIENTED_EDGE ( 'NONE', *, *, #4278, .T. ) ;
#3578 = CARTESIAN_POINT ( 'NONE',  ( 2.240000000000006875, 5.375000000000000000, -2.500000000000002220 ) ) ;
#3579 = ORIENTED_EDGE ( 'NONE', *, *, #1662, .F. ) ;
#3580 = DIRECTION ( 'NONE',  ( 1.000000000000000000, 2.168404344971008868E-16, -0.000000000000000000 ) ) ;
#3581 = CARTESIAN_POINT ( 'NONE',  ( 3.972363140661015368, 4.314340451562332923, 2.400000000000000799 ) ) ;
#3582 = EDGE_CURVE ( 'NONE', #3826, #2153, #162, .T. ) ;
#3583 = CARTESIAN_POINT ( 'NONE',  ( -4.514999999999999680, 5.375000000000000000, -2.500000000000000000 ) ) ;
#3584 = CARTESIAN_POINT ( 'NONE',  ( -0.2500000000000002220, -8.753191851259118059E-16, -0.7499999999999993339 ) ) ;
#3585 = VERTEX_POINT ( 'NONE', #3099 ) ;
#3586 = VECTOR ( 'NONE', #2519, 1000.000000000000000 ) ;
#3587 = CARTESIAN_POINT ( 'NONE',  ( -4.765000000000000568, 5.624999999999993783, -2.500000000000000000 ) ) ;
#3588 = DIRECTION ( 'NONE',  ( -0.3236155771181846719, -0.8891264907159894815, 0.3236155771181818408 ) ) ;
#3589 = LINE ( 'NONE', #2856, #1146 ) ;
#3590 = ORIENTED_EDGE ( 'NONE', *, *, #3341, .T. ) ;
#3591 = EDGE_CURVE ( 'NONE', #2495, #2718, #2776, .T. ) ;
#3592 = ORIENTED_EDGE ( 'NONE', *, *, #2330, .T. ) ;
#3593 = VECTOR ( 'NONE', #3064, 1000.000000000000000 ) ;
#3594 = DIRECTION ( 'NONE',  ( 0.000000000000000000, 0.000000000000000000, -1.000000000000000000 ) ) ;
#3595 = VECTOR ( 'NONE', #2271, 1000.000000000000000 ) ;
#3596 = FILL_AREA_STYLE ('',( #943 ) ) ;
#3597 = EDGE_CURVE ( 'NONE', #637, #1817, #1791, .T. ) ;
#3598 = ORIENTED_EDGE ( 'NONE', *, *, #3021, .T. ) ;
#3599 = EDGE_CURVE ( 'NONE', #1054, #1818, #1527, .T. ) ;
#3600 = AXIS2_PLACEMENT_3D ( 'NONE', #1564, #3209, #227 ) ;
#3601 = DIRECTION ( 'NONE',  ( 0.000000000000000000, -1.000000000000000000, -0.000000000000000000 ) ) ;
#3602 = LINE ( 'NONE', #1659, #2395 ) ;
#3603 = DIRECTION ( 'NONE',  ( 1.000000000000000000, 0.000000000000000000, -0.000000000000000000 ) ) ;
#3604 = CARTESIAN_POINT ( 'NONE',  ( -5.450000000000001954, 6.274999999999999467, -0.8500000000000005329 ) ) ;
#3605 = VECTOR ( 'NONE', #683, 1000.000000000000000 ) ;
#3606 = EDGE_CURVE ( 'NONE', #413, #2350, #3576, .T. ) ;
#3607 = EDGE_CURVE ( 'NONE', #4210, #423, #265, .T. ) ;
#3608 = VECTOR ( 'NONE', #3972, 1000.000000000000000 ) ;
#3609 = CARTESIAN_POINT ( 'NONE',  ( -4.765000000000000568, 6.250000000000003553, -2.500000000000000000 ) ) ;
#3610 = CARTESIAN_POINT ( 'NONE',  ( -5.124999999999999112, 3.649999999999999911, 2.500000000000000444 ) ) ;
#3611 = PLANE ( 'NONE',  #81 ) ;
#3612 = ORIENTED_EDGE ( 'NONE', *, *, #1109, .F. ) ;
#3613 = DIRECTION ( 'NONE',  ( -1.000000000000000000, 0.000000000000000000, -0.000000000000000000 ) ) ;
#3614 = VERTEX_POINT ( 'NONE', #2863 ) ;
#3615 = CARTESIAN_POINT ( 'NONE',  ( 1.749999999999999778, 6.499999999999999112, -0.7499999999999994449 ) ) ;
#3616 = VERTEX_POINT ( 'NONE', #3841 ) ;
#3617 = VERTEX_POINT ( 'NONE', #550 ) ;
#3618 = CARTESIAN_POINT ( 'NONE',  ( 2.465000000000000302, 1.625000000000000888, 2.225000000000000089 ) ) ;
#3619 = CARTESIAN_POINT ( 'NONE',  ( 0.000000000000000000, 0.000000000000000000, 0.000000000000000000 ) ) ;
#3620 = ORIENTED_EDGE ( 'NONE', *, *, #2871, .T. ) ;
#3621 = ADVANCED_FACE ( 'NONE', ( #2525 ), #3246, .F. ) ;
#3622 = AXIS2_PLACEMENT_3D ( 'NONE', #1494, #2804, #235 ) ;
#3623 = EDGE_CURVE ( 'NONE', #1509, #1644, #1195, .T. ) ;
#3624 = CARTESIAN_POINT ( 'NONE',  ( 2.250000000000000444, -4.376595925629559029E-16, 1.250000000000000222 ) ) ;
#3625 = CARTESIAN_POINT ( 'NONE',  ( -5.015000000000000568, 6.499999999999998224, 2.500000000000000444 ) ) ;
#3626 = CARTESIAN_POINT ( 'NONE',  ( -4.500000000000000888, 2.299999999999999822, 2.224999999999999645 ) ) ;
#3627 = EDGE_CURVE ( 'NONE', #1065, #1817, #887, .T. ) ;
#3628 = AXIS2_PLACEMENT_3D ( 'NONE', #1312, #3631, #296 ) ;
#3629 = PLANE ( 'NONE',  #548 ) ;
#3630 = DIRECTION ( 'NONE',  ( 1.000000000000000000, 0.000000000000000000, -0.000000000000000000 ) ) ;
#3631 = DIRECTION ( 'NONE',  ( -0.9396926207859074287, -0.3420201433256714885, -0.000000000000000000 ) ) ;
#3632 = AXIS2_PLACEMENT_3D ( 'NONE', #1234, #3170, #181 ) ;
#3633 = VERTEX_POINT ( 'NONE', #2235 ) ;
#3634 = DIRECTION ( 'NONE',  ( 0.000000000000000000, -1.000000000000000000, -1.338521200599385475E-16 ) ) ;
#3635 = PRODUCT_DEFINITION_FORMATION_WITH_SPECIFIED_SOURCE ( 'ANY', '', #1826, .NOT_KNOWN. ) ;
#3636 = ORIENTED_EDGE ( 'NONE', *, *, #3883, .T. ) ;
#3637 = CARTESIAN_POINT ( 'NONE',  ( -1.749999999999999778, -1.312978777688867807E-15, 1.250000000000000444 ) ) ;
#3638 = ORIENTED_EDGE ( 'NONE', *, *, #4251, .F. ) ;
#3639 = EDGE_LOOP ( 'NONE', ( #3052, #1475, #2950, #1304 ) ) ;
#3640 = LINE ( 'NONE', #2630, #599 ) ;
#3641 = EDGE_CURVE ( 'NONE', #2461, #1256, #243, .T. ) ;
#3642 = CARTESIAN_POINT ( 'NONE',  ( 1.749999999999999778, -4.376595925629559029E-16, -1.249999999999999778 ) ) ;
#3643 = SURFACE_STYLE_FILL_AREA ( #3596 ) ;
#3644 = ORIENTED_EDGE ( 'NONE', *, *, #2429, .F. ) ;
#3645 = ORIENTED_EDGE ( 'NONE', *, *, #3496, .T. ) ;
#3646 = CARTESIAN_POINT ( 'NONE',  ( 5.950000000000000178, 6.500000000000000000, 2.500000000000000444 ) ) ;
#3647 = DIRECTION ( 'NONE',  ( -0.000000000000000000, 0.000000000000000000, 1.000000000000000000 ) ) ;
#3648 = CARTESIAN_POINT ( 'NONE',  ( -3.750000000000000000, -3.000000000000000000, -1.250000000000000222 ) ) ;
#3649 = CARTESIAN_POINT ( 'NONE',  ( -0.2500000000000002220, 1.624999999999998890, -0.7499999999999995559 ) ) ;
#3650 = PLANE ( 'NONE',  #3495 ) ;
#3651 = LINE ( 'NONE', #2938, #2201 ) ;
#3652 = ORIENTED_EDGE ( 'NONE', *, *, #3599, .F. ) ;
#3653 = DIRECTION ( 'NONE',  ( -1.000000000000000000, 2.460600675144407758E-16, 0.000000000000000000 ) ) ;
#3654 = ORIENTED_EDGE ( 'NONE', *, *, #1530, .T. ) ;
#3655 = ORIENTED_EDGE ( 'NONE', *, *, #2179, .T. ) ;
#3656 = EDGE_CURVE ( 'NONE', #2371, #24, #506, .T. ) ;
#3657 = CARTESIAN_POINT ( 'NONE',  ( -4.514999999999999680, 5.375000000000000000, -2.225000000000000089 ) ) ;
#3658 = VECTOR ( 'NONE', #4287, 1000.000000000000000 ) ;
#3659 = EDGE_CURVE ( 'NONE', #1502, #2743, #3211, .T. ) ;
#3660 =( NAMED_UNIT ( * ) SI_UNIT ( $, .STERADIAN. ) SOLID_ANGLE_UNIT ( ) );
#3661 = ORIENTED_EDGE ( 'NONE', *, *, #2514, .T. ) ;
#3662 = VECTOR ( 'NONE', #970, 1000.000000000000000 ) ;
#3663 = ORIENTED_EDGE ( 'NONE', *, *, #1150, .F. ) ;
#3664 = VECTOR ( 'NONE', #2659, 1000.000000000000000 ) ;
#3665 = CARTESIAN_POINT ( 'NONE',  ( -1.749999999999999778, 6.499999999999998224, -1.249999999999999556 ) ) ;
#3666 = DIRECTION ( 'NONE',  ( 0.7071067811865561215, -0.7071067811865389130, 0.000000000000000000 ) ) ;
#3667 = VECTOR ( 'NONE', #3139, 1000.000000000000000 ) ;
#3668 = LINE ( 'NONE', #3019, #409 ) ;
#3669 = LINE ( 'NONE', #3300, #3662 ) ;
#3670 = AXIS2_PLACEMENT_3D ( 'NONE', #3751, #755, #1766 ) ;
#3671 = CARTESIAN_POINT ( 'NONE',  ( -4.250000000000000000, -1.750638370251823612E-15, 0.7500000000000001110 ) ) ;
#3672 = EDGE_CURVE ( 'NONE', #2112, #1307, #2170, .T. ) ;
#3673 = AXIS2_PLACEMENT_3D ( 'NONE', #3183, #4245, #1521 ) ;
#3674 = CARTESIAN_POINT ( 'NONE',  ( -5.124999999999999112, 3.649999999999999911, -4.870572098594924348 ) ) ;
#3675 = ORIENTED_EDGE ( 'NONE', *, *, #2757, .F. ) ;
#3676 = CARTESIAN_POINT ( 'NONE',  ( -1.749999999999999778, 6.499999999999998224, -0.7499999999999991118 ) ) ;
#3677 = ORIENTED_EDGE ( 'NONE', *, *, #624, .F. ) ;
#3678 = AXIS2_PLACEMENT_3D ( 'NONE', #3131, #1112, #3777 ) ;
#3679 = ORIENTED_EDGE ( 'NONE', *, *, #1739, .F. ) ;
#3680 = DIRECTION ( 'NONE',  ( -0.000000000000000000, 0.7071067811865393571, 0.7071067811865555663 ) ) ;
#3681 = CARTESIAN_POINT ( 'NONE',  ( 3.690000000000002167, 5.375000000000000000, -2.500000000000000000 ) ) ;
#3682 = CARTESIAN_POINT ( 'NONE',  ( 2.465000000000001190, 5.149999999999999467, 2.500000000000000444 ) ) ;
#3683 = ORIENTED_EDGE ( 'NONE', *, *, #566, .T. ) ;
#3684 = LINE ( 'NONE', #3359, #541 ) ;
#3685 = DIRECTION ( 'NONE',  ( 0.000000000000000000, -1.000000000000000000, 0.000000000000000000 ) ) ;
#3686 = MANIFOLD_SOLID_BREP ( 'LPattern1', #1353 ) ;
#3687 = DIRECTION ( 'NONE',  ( 0.000000000000000000, -1.000000000000000000, 0.000000000000000000 ) ) ;
#3688 = LINE ( 'NONE', #668, #3878 ) ;
#3689 = ORIENTED_EDGE ( 'NONE', *, *, #2361, .F. ) ;
#3690 = CARTESIAN_POINT ( 'NONE',  ( 4.318674134265341635, 4.914168687704686178, 2.400000000000000799 ) ) ;
#3691 = CARTESIAN_POINT ( 'NONE',  ( -2.240000000000005986, 5.375000000000000000, -2.500000000000002220 ) ) ;
#3692 = FACE_BOUND ( 'NONE', #1482, .T. ) ;
#3693 = VECTOR ( 'NONE', #3804, 1000.000000000000000 ) ;
#3694 = CARTESIAN_POINT ( 'NONE',  ( -5.950000000000001066, 6.275000000000004796, -0.1000000000000002137 ) ) ;
#3695 = ORIENTED_EDGE ( 'NONE', *, *, #2720, .T. ) ;
#3696 = VECTOR ( 'NONE', #3842, 1000.000000000000114 ) ;
#3697 = CARTESIAN_POINT ( 'NONE',  ( -1.749999999999999778, 6.499999999999998224, 1.250000000000000444 ) ) ;
#3698 = ORIENTED_EDGE ( 'NONE', *, *, #2107, .F. ) ;
#3699 = ORIENTED_EDGE ( 'NONE', *, *, #1883, .T. ) ;
#3700 = PLANE ( 'NONE',  #2065 ) ;
#3701 = CARTESIAN_POINT ( 'NONE',  ( 3.750000000000000000, 0.000000000000000000, -1.250000000000000000 ) ) ;
#3702 =( LENGTH_UNIT ( ) NAMED_UNIT ( * ) SI_UNIT ( .MILLI., .METRE. ) );
#3703 = VERTEX_POINT ( 'NONE', #2882 ) ;
#3704 = CARTESIAN_POINT ( 'NONE',  ( -4.514999999999999680, 5.375000000000000000, -2.500000000000000000 ) ) ;
#3705 = DIRECTION ( 'NONE',  ( -0.000000000000000000, -0.000000000000000000, 1.000000000000000000 ) ) ;
#3706 = ORIENTED_EDGE ( 'NONE', *, *, #3419, .T. ) ;
#3707 = ORIENTED_EDGE ( 'NONE', *, *, #1859, .T. ) ;
#3708 = DIRECTION ( 'NONE',  ( 1.000000000000000000, 0.000000000000000000, 0.000000000000000000 ) ) ;
#3709 = CARTESIAN_POINT ( 'NONE',  ( 4.514999999999999680, 5.375000000000000000, -2.225000000000000089 ) ) ;
#3710 = EDGE_CURVE ( 'NONE', #2571, #715, #2841, .T. ) ;
#3711 = CARTESIAN_POINT ( 'NONE',  ( -5.950000000000000178, 6.500000000000000000, 2.500000000000000444 ) ) ;
#3712 = LINE ( 'NONE', #4070, #1160 ) ;
#3713 = EDGE_LOOP ( 'NONE', ( #593, #871, #1562, #2764 ) ) ;
#3714 = CARTESIAN_POINT ( 'NONE',  ( -4.250000000000000000, 1.624999999999999778, 0.7500000000000001110 ) ) ;
#3715 = ORIENTED_EDGE ( 'NONE', *, *, #4208, .T. ) ;
#3716 = EDGE_LOOP ( 'NONE', ( #701, #1567, #1992, #3526 ) ) ;
#3717 = CARTESIAN_POINT ( 'NONE',  ( 4.514999999999999680, 5.375000000000000000, -2.500000000000000000 ) ) ;
#3718 = PLANE ( 'NONE',  #52 ) ;
#3719 = DIRECTION ( 'NONE',  ( -1.000000000000000000, 0.000000000000000000, -0.000000000000000000 ) ) ;
#3720 = VERTEX_POINT ( 'NONE', #1153 ) ;
#3721 = DIRECTION ( 'NONE',  ( 0.000000000000000000, 0.000000000000000000, 1.000000000000000000 ) ) ;
#3722 = ORIENTED_EDGE ( 'NONE', *, *, #3916, .F. ) ;
#3723 = EDGE_CURVE ( 'NONE', #2428, #326, #2481, .T. ) ;
#3724 = VECTOR ( 'NONE', #18, 1000.000000000000000 ) ;
#3725 = CARTESIAN_POINT ( 'NONE',  ( -3.465000000000000746, 5.375000000000000000, -2.500000000000002220 ) ) ;
#3726 = EDGE_CURVE ( 'NONE', #1728, #654, #2504, .T. ) ;
#3727 = LINE ( 'NONE', #399, #1666 ) ;
#3728 = DIRECTION ( 'NONE',  ( 1.000000000000000000, -0.000000000000000000, -0.000000000000000000 ) ) ;
#3729 = VECTOR ( 'NONE', #2952, 1000.000000000000000 ) ;
#3730 = ORIENTED_EDGE ( 'NONE', *, *, #3090, .T. ) ;
#3731 = ORIENTED_EDGE ( 'NONE', *, *, #1546, .T. ) ;
#3732 = CARTESIAN_POINT ( 'NONE',  ( 5.950000000000000178, 4.250000000000000000, -0.8500000000000005329 ) ) ;
#3733 = FACE_BOUND ( 'NONE', #3235, .T. ) ;
#3734 = EDGE_CURVE ( 'NONE', #2153, #24, #640, .T. ) ;
#3735 = EDGE_CURVE ( 'NONE', #1818, #2194, #2343, .T. ) ;
#3736 = VECTOR ( 'NONE', #3224, 1000.000000000000114 ) ;
#3737 = EDGE_CURVE ( 'NONE', #1853, #1348, #4272, .T. ) ;
#3738 = CARTESIAN_POINT ( 'NONE',  ( -5.124999999999999112, 2.299999999999999822, -4.870572098594924348 ) ) ;
#3739 = VERTEX_POINT ( 'NONE', #3618 ) ;
#3740 = VECTOR ( 'NONE', #3992, 1000.000000000000000 ) ;
#3741 = PLANE ( 'NONE',  #1982 ) ;
#3742 = ORIENTED_EDGE ( 'NONE', *, *, #245, .F. ) ;
#3743 = ORIENTED_EDGE ( 'NONE', *, *, #1089, .T. ) ;
#3744 = AXIS2_PLACEMENT_3D ( 'NONE', #437, #93, #2408 ) ;
#3745 = DIRECTION ( 'NONE',  ( 0.000000000000000000, 0.000000000000000000, 1.000000000000000000 ) ) ;
#3746 = LINE ( 'NONE', #3445, #1369 ) ;
#3747 = VECTOR ( 'NONE', #1180, 1000.000000000000000 ) ;
#3748 = CARTESIAN_POINT ( 'NONE',  ( 0.000000000000000000, 0.000000000000000000, 2.000000000000000000 ) ) ;
#3749 = ORIENTED_EDGE ( 'NONE', *, *, #4060, .T. ) ;
#3750 = ADVANCED_FACE ( 'NONE', ( #661 ), #986, .F. ) ;
#3751 = CARTESIAN_POINT ( 'NONE',  ( 2.250000000000000444, 6.499999999999999112, -0.7499999999999994449 ) ) ;
#3752 = CARTESIAN_POINT ( 'NONE',  ( 0.2500000000000002220, -8.753191851259118059E-16, 0.7499999999999997780 ) ) ;
#3753 = CARTESIAN_POINT ( 'NONE',  ( -2.250000000000000444, -1.312978777688867807E-15, -0.7499999999999991118 ) ) ;
#3754 = ADVANCED_FACE ( 'NONE', ( #2631 ), #3968, .F. ) ;
#3755 = VERTEX_POINT ( 'NONE', #3989 ) ;
#3756 = ADVANCED_FACE ( 'NONE', ( #3333 ), #3312, .T. ) ;
#3757 = ORIENTED_EDGE ( 'NONE', *, *, #2052, .F. ) ;
#3758 = EDGE_CURVE ( 'NONE', #1501, #2387, #2277, .T. ) ;
#3759 = CARTESIAN_POINT ( 'NONE',  ( 3.465000000000000746, 5.150000000000004796, -4.870572098594924348 ) ) ;
#3760 = FACE_BOUND ( 'NONE', #1327, .T. ) ;
#3761 = VECTOR ( 'NONE', #4293, 1000.000000000000000 ) ;
#3762 = LINE ( 'NONE', #412, #1445 ) ;
#3763 = ORIENTED_EDGE ( 'NONE', *, *, #790, .F. ) ;
#3764 = LINE ( 'NONE', #1118, #928 ) ;
#3765 = ORIENTED_EDGE ( 'NONE', *, *, #2068, .F. ) ;
#3766 = EDGE_LOOP ( 'NONE', ( #1214, #1239, #3506, #2988 ) ) ;
#3767 = AXIS2_PLACEMENT_3D ( 'NONE', #2944, #2703, #1959 ) ;
#3768 = DIRECTION ( 'NONE',  ( -2.460600675144407758E-16, 1.000000000000000000, 0.000000000000000000 ) ) ;
#3769 = DIRECTION ( 'NONE',  ( 0.000000000000000000, 0.000000000000000000, -1.000000000000000000 ) ) ;
#3770 = CARTESIAN_POINT ( 'NONE',  ( -4.250000000000000000, 6.499999999999997335, -0.7499999999999990008 ) ) ;
#3771 = VERTEX_POINT ( 'NONE', #2992 ) ;
#3772 = DIRECTION ( 'NONE',  ( 1.000000000000000000, 0.000000000000000000, 0.000000000000000000 ) ) ;
#3773 = ORIENTED_EDGE ( 'NONE', *, *, #1274, .F. ) ;
#3774 = CARTESIAN_POINT ( 'NONE',  ( 3.750000000000000000, 1.625000000000001332, 0.7499999999999995559 ) ) ;
#3775 = ORIENTED_EDGE ( 'NONE', *, *, #2049, .T. ) ;
#3776 = ORIENTED_EDGE ( 'NONE', *, *, #1003, .F. ) ;
#3777 = DIRECTION ( 'NONE',  ( 1.000000000000000000, 0.000000000000000000, 0.000000000000000000 ) ) ;
#3778 = CARTESIAN_POINT ( 'NONE',  ( -4.765000000000000568, 6.250000000000003553, -2.500000000000000000 ) ) ;
#3779 = LINE ( 'NONE', #785, #2339 ) ;
#3780 = ORIENTED_EDGE ( 'NONE', *, *, #1568, .F. ) ;
#3781 = CARTESIAN_POINT ( 'NONE',  ( -5.124999999999999112, 2.299999999999999822, 2.224999999999999645 ) ) ;
#3782 = EDGE_CURVE ( 'NONE', #465, #2288, #2652, .T. ) ;
#3783 = CARTESIAN_POINT ( 'NONE',  ( -2.240000000000005986, 5.375000000000000000, -2.225000000000000089 ) ) ;
#3784 = ORIENTED_EDGE ( 'NONE', *, *, #2159, .F. ) ;
#3785 = PLANE ( 'NONE',  #2059 ) ;
#3786 = DIRECTION ( 'NONE',  ( -0.000000000000000000, 0.000000000000000000, 1.000000000000000000 ) ) ;
#3787 = DIRECTION ( 'NONE',  ( -0.000000000000000000, -0.000000000000000000, 1.000000000000000000 ) ) ;
#3788 = FACE_OUTER_BOUND ( 'NONE', #3797, .T. ) ;
#3789 = ORIENTED_EDGE ( 'NONE', *, *, #693, .T. ) ;
#3790 = EDGE_CURVE ( 'NONE', #347, #1570, #1675, .T. ) ;
#3791 = ORIENTED_EDGE ( 'NONE', *, *, #1333, .F. ) ;
#3792 = EDGE_CURVE ( 'NONE', #3089, #2786, #2672, .T. ) ;
#3793 = DIRECTION ( 'NONE',  ( 0.000000000000000000, 1.000000000000000000, 1.239088197126290866E-15 ) ) ;
#3794 = DIRECTION ( 'NONE',  ( 0.000000000000000000, -1.000000000000000000, 0.000000000000000000 ) ) ;
#3795 = ORIENTED_EDGE ( 'NONE', *, *, #2175, .F. ) ;
#3796 = VECTOR ( 'NONE', #1014, 1000.000000000000114 ) ;
#3797 = EDGE_LOOP ( 'NONE', ( #3918, #737, #2961, #1488, #2283, #2058, #1647, #1399, #2189, #3407 ) ) ;
#3798 = FACE_OUTER_BOUND ( 'NONE', #315, .T. ) ;
#3799 = DIRECTION ( 'NONE',  ( -1.000000000000000000, -0.000000000000000000, 0.000000000000000000 ) ) ;
#3800 = CARTESIAN_POINT ( 'NONE',  ( -2.240000000000006430, 4.774999999999999467, -2.225000000000000089 ) ) ;
#3801 = ORIENTED_EDGE ( 'NONE', *, *, #3862, .T. ) ;
#3802 = DIRECTION ( 'NONE',  ( 1.000000000000000000, 0.000000000000000000, 0.000000000000000000 ) ) ;
#3803 = VECTOR ( 'NONE', #2956, 1000.000000000000000 ) ;
#3804 = DIRECTION ( 'NONE',  ( -6.424901762877063495E-16, 1.000000000000000000, 0.000000000000000000 ) ) ;
#3805 = VERTEX_POINT ( 'NONE', #1008 ) ;
#3806 = EDGE_CURVE ( 'NONE', #907, #2299, #685, .T. ) ;
#3807 = VECTOR ( 'NONE', #34, 1000.000000000000000 ) ;
#3808 = DIRECTION ( 'NONE',  ( 1.000000000000000000, 0.000000000000000000, 0.000000000000000000 ) ) ;
#3809 = EDGE_CURVE ( 'NONE', #2012, #149, #3922, .T. ) ;
#3810 = DIRECTION ( 'NONE',  ( -1.000000000000000000, 0.000000000000000000, 0.000000000000000000 ) ) ;
#3811 = DIRECTION ( 'NONE',  ( -6.424901762877063495E-16, -1.000000000000000000, 0.000000000000000000 ) ) ;
#3812 = CARTESIAN_POINT ( 'NONE',  ( 3.750000000000000000, 6.500000000000000000, 1.250000000000000000 ) ) ;
#3813 = ORIENTED_EDGE ( 'NONE', *, *, #2737, .T. ) ;
#3814 = VECTOR ( 'NONE', #2363, 1000.000000000000000 ) ;
#3815 = ORIENTED_EDGE ( 'NONE', *, *, #271, .T. ) ;
#3816 = VECTOR ( 'NONE', #1694, 1000.000000000000000 ) ;
#3817 = DIRECTION ( 'NONE',  ( 0.000000000000000000, -1.000000000000000000, 0.000000000000000000 ) ) ;
#3818 = PLANE ( 'NONE',  #2578 ) ;
#3819 = ORIENTED_EDGE ( 'NONE', *, *, #509, .T. ) ;
#3820 = VECTOR ( 'NONE', #28, 1000.000000000000000 ) ;
#3821 = ORIENTED_EDGE ( 'NONE', *, *, #348, .F. ) ;
#3822 = CARTESIAN_POINT ( 'NONE',  ( -2.240000000000006430, 4.774999999999999467, -8.724999999999999645 ) ) ;
#3823 = CARTESIAN_POINT ( 'NONE',  ( -5.450000000000001954, -10.14838099273102046, -2.225000000000000089 ) ) ;
#3824 = DIRECTION ( 'NONE',  ( 1.000000000000000000, -0.000000000000000000, -0.000000000000000000 ) ) ;
#3825 = EDGE_CURVE ( 'NONE', #909, #3969, #601, .T. ) ;
#3826 = VERTEX_POINT ( 'NONE', #1275 ) ;
#3827 = DIRECTION ( 'NONE',  ( -0.7071067811865389130, -0.7071067811865561215, 0.000000000000000000 ) ) ;
#3828 = CARTESIAN_POINT ( 'NONE',  ( -4.765000000000000568, 5.624999999999993783, 2.500000000000000444 ) ) ;
#3829 = EDGE_LOOP ( 'NONE', ( #2731, #2653, #852, #554 ) ) ;
#3830 = AXIS2_PLACEMENT_3D ( 'NONE', #2016, #4253, #1996 ) ;
#3831 = CARTESIAN_POINT ( 'NONE',  ( 4.500000000000000888, 2.299999999999999822, -4.870572098594924348 ) ) ;
#3832 = PLANE ( 'NONE',  #202 ) ;
#3833 = DIRECTION ( 'NONE',  ( 0.000000000000000000, 0.000000000000000000, -1.000000000000000000 ) ) ;
#3834 = DIRECTION ( 'NONE',  ( 0.000000000000000000, 0.000000000000000000, -1.000000000000000000 ) ) ;
#3835 = ORIENTED_EDGE ( 'NONE', *, *, #374, .F. ) ;
#3836 = EDGE_CURVE ( 'NONE', #641, #413, #2603, .T. ) ;
#3837 = ORIENTED_EDGE ( 'NONE', *, *, #404, .T. ) ;
#3838 = VECTOR ( 'NONE', #978, 1000.000000000000000 ) ;
#3839 = MANIFOLD_SOLID_BREP ( 'Chamfer1', #4082 ) ;
#3840 = VECTOR ( 'NONE', #995, 1000.000000000000000 ) ;
#3841 = CARTESIAN_POINT ( 'NONE',  ( 5.950000000000000178, 6.500000000000000000, -1.074999999999995515 ) ) ;
#3842 = DIRECTION ( 'NONE',  ( 0.7071067811865584529, 0.7071067811865364705, -0.000000000000000000 ) ) ;
#3843 = ORIENTED_EDGE ( 'NONE', *, *, #1944, .T. ) ;
#3844 = CARTESIAN_POINT ( 'NONE',  ( -0.2500000000000002220, -8.753191851259118059E-16, -1.249999999999999556 ) ) ;
#3845 = EDGE_LOOP ( 'NONE', ( #1915, #3920, #2099, #4127 ) ) ;
#3846 = CARTESIAN_POINT ( 'NONE',  ( -4.514999999999999680, 5.375000000000000000, -2.500000000000000000 ) ) ;
#3847 = DIRECTION ( 'NONE',  ( -1.000000000000000000, -1.252287328451659087E-15, 0.000000000000000000 ) ) ;
#3848 = EDGE_CURVE ( 'NONE', #130, #394, #63, .T. ) ;
#3849 = DIRECTION ( 'NONE',  ( -0.000000000000000000, -0.000000000000000000, 1.000000000000000000 ) ) ;
#3850 = CARTESIAN_POINT ( 'NONE',  ( -3.750000000000000000, -3.000000000000000000, -0.7499999999999997780 ) ) ;
#3851 = ORIENTED_EDGE ( 'NONE', *, *, #520, .F. ) ;
#3852 = ORIENTED_EDGE ( 'NONE', *, *, #1432, .F. ) ;
#3853 = PLANE ( 'NONE',  #1157 ) ;
#3854 = CARTESIAN_POINT ( 'NONE',  ( -5.950000000000001066, 4.250000000000000000, -0.8500000000000005329 ) ) ;
#3855 = CARTESIAN_POINT ( 'NONE',  ( 4.250000000000000000, 0.000000000000000000, -0.7499999999999995559 ) ) ;
#3856 = CARTESIAN_POINT ( 'NONE',  ( -4.765000000000000568, 5.624999999999993783, 2.500000000000000444 ) ) ;
#3857 = ORIENTED_EDGE ( 'NONE', *, *, #3298, .T. ) ;
#3858 = ORIENTED_EDGE ( 'NONE', *, *, #217, .F. ) ;
#3859 = DIRECTION ( 'NONE',  ( -0.000000000000000000, 0.000000000000000000, 1.000000000000000000 ) ) ;
#3860 = CARTESIAN_POINT ( 'NONE',  ( -1.749999999999999778, 1.625000000000000222, -1.249999999999999556 ) ) ;
#3861 = ORIENTED_EDGE ( 'NONE', *, *, #2041, .F. ) ;
#3862 = EDGE_CURVE ( 'NONE', #2825, #1340, #3486, .T. ) ;
#3863 = EDGE_CURVE ( 'NONE', #2393, #1408, #3158, .T. ) ;
#3864 = EDGE_LOOP ( 'NONE', ( #1110, #4050, #3167, #962 ) ) ;
#3865 = CARTESIAN_POINT ( 'NONE',  ( 4.250000000000000000, 1.625000000000001332, -1.250000000000000000 ) ) ;
#3866 = DIRECTION ( 'NONE',  ( -1.252287328451659087E-15, 1.000000000000000000, 0.000000000000000000 ) ) ;
#3867 = ADVANCED_FACE ( 'NONE', ( #2181 ), #2494, .T. ) ;
#3868 = VECTOR ( 'NONE', #2761, 1000.000000000000000 ) ;
#3869 = ADVANCED_FACE ( 'NONE', ( #2162 ), #1517, .T. ) ;
#3870 = CARTESIAN_POINT ( 'NONE',  ( 3.465000000000001634, 4.775000000000000355, -8.724999999999999645 ) ) ;
#3871 = DIRECTION ( 'NONE',  ( 7.228014483236698528E-16, 1.000000000000000000, -0.000000000000000000 ) ) ;
#3872 = ORIENTED_EDGE ( 'NONE', *, *, #4187, .T. ) ;
#3873 = FACE_OUTER_BOUND ( 'NONE', #2466, .T. ) ;
#3874 = VECTOR ( 'NONE', #1088, 1000.000000000000000 ) ;
#3875 = DIRECTION ( 'NONE',  ( 0.000000000000000000, 1.000000000000000000, 0.000000000000000000 ) ) ;
#3876 = EDGE_LOOP ( 'NONE', ( #1108, #242, #3110, #3220 ) ) ;
#3877 = VERTEX_POINT ( 'NONE', #3508 ) ;
#3878 = VECTOR ( 'NONE', #2002, 1000.000000000000000 ) ;
#3879 = AXIS2_PLACEMENT_3D ( 'NONE', #1822, #1614, #3154 ) ;
#3880 = DIRECTION ( 'NONE',  ( -0.7071067811865561215, -0.7071067811865389130, 0.000000000000000000 ) ) ;
#3881 =( NAMED_UNIT ( * ) SI_UNIT ( $, .STERADIAN. ) SOLID_ANGLE_UNIT ( ) );
#3882 = VERTEX_POINT ( 'NONE', #518 ) ;
#3883 = EDGE_CURVE ( 'NONE', #130, #3616, #3525, .T. ) ;
#3884 = VECTOR ( 'NONE', #2047, 1000.000000000000000 ) ;
#3885 = EDGE_CURVE ( 'NONE', #630, #179, #874, .T. ) ;
#3886 = ORIENTED_EDGE ( 'NONE', *, *, #1351, .F. ) ;
#3887 = PLANE ( 'NONE',  #3954 ) ;
#3888 = CARTESIAN_POINT ( 'NONE',  ( 3.626052147056688213, 4.914168687704686178, 2.400000000000000799 ) ) ;
#3889 = AXIS2_PLACEMENT_3D ( 'NONE', #2573, #2177, #3908 ) ;
#3890 = EDGE_CURVE ( 'NONE', #1650, #843, #539, .T. ) ;
#3891 = ADVANCED_FACE ( 'NONE', ( #3222 ), #497, .F. ) ;
#3892 = PLANE ( 'NONE',  #3939 ) ;
#3893 = CARTESIAN_POINT ( 'NONE',  ( -5.950000000000001066, 0.9250000000000000444, 2.149999999999999911 ) ) ;
#3894 = EDGE_LOOP ( 'NONE', ( #710, #40, #3348, #3206 ) ) ;
#3895 = CARTESIAN_POINT ( 'NONE',  ( 3.465000000000001634, 4.775000000000000355, -2.225000000000000089 ) ) ;
#3896 = DIRECTION ( 'NONE',  ( 0.000000000000000000, -0.7071067811865561215, 0.7071067811865390240 ) ) ;
#3897 = DIRECTION ( 'NONE',  ( 0.000000000000000000, -1.000000000000000000, 0.000000000000000000 ) ) ;
#3898 = VECTOR ( 'NONE', #1912, 1000.000000000000000 ) ;
#3899 = ORIENTED_EDGE ( 'NONE', *, *, #69, .T. ) ;
#3900 = ORIENTED_EDGE ( 'NONE', *, *, #3836, .F. ) ;
#3901 = CARTESIAN_POINT ( 'NONE',  ( 5.015000000000000568, 6.499999999999999112, -2.225000000000000089 ) ) ;
#3902 = FILL_AREA_STYLE ('',( #2214 ) ) ;
#3903 = LINE ( 'NONE', #229, #4257 ) ;
#3904 = VECTOR ( 'NONE', #3871, 1000.000000000000000 ) ;
#3905 = VERTEX_POINT ( 'NONE', #2824 ) ;
#3906 = VECTOR ( 'NONE', #2193, 999.9999999999998863 ) ;
#3907 = VERTEX_POINT ( 'NONE', #2448 ) ;
#3908 = DIRECTION ( 'NONE',  ( 0.000000000000000000, 0.7071067811865561215, -0.7071067811865390240 ) ) ;
#3909 = LINE ( 'NONE', #512, #2192 ) ;
#3910 = LINE ( 'NONE', #1681, #2490 ) ;
#3911 = FACE_OUTER_BOUND ( 'NONE', #246, .T. ) ;
#3912 = DIRECTION ( 'NONE',  ( -0.000000000000000000, -1.239088197126290669E-15, 1.000000000000000000 ) ) ;
#3913 = EDGE_LOOP ( 'NONE', ( #2292, #178, #3268, #3417 ) ) ;
#3914 = DIRECTION ( 'NONE',  ( 0.000000000000000000, -1.000000000000000000, -0.000000000000000000 ) ) ;
#3915 = LINE ( 'NONE', #916, #4025 ) ;
#3916 = EDGE_CURVE ( 'NONE', #850, #1065, #4178, .T. ) ;
#3917 = LINE ( 'NONE', #1954, #2187 ) ;
#3918 = ORIENTED_EDGE ( 'NONE', *, *, #101, .F. ) ;
#3919 = EDGE_CURVE ( 'NONE', #2843, #3091, #1864, .T. ) ;
#3920 = ORIENTED_EDGE ( 'NONE', *, *, #2512, .F. ) ;
#3921 = EDGE_CURVE ( 'NONE', #61, #3083, #2874, .T. ) ;
#3922 = LINE ( 'NONE', #920, #682 ) ;
#3923 = LINE ( 'NONE', #921, #2730 ) ;
#3924 = VERTEX_POINT ( 'NONE', #788 ) ;
#3925 = ADVANCED_FACE ( 'NONE', ( #3460 ), #473, .T. ) ;
#3926 = EDGE_CURVE ( 'NONE', #703, #1758, #1139, .T. ) ;
#3927 = CARTESIAN_POINT ( 'NONE',  ( 5.015000000000000568, 6.499999999999999112, -2.500000000000000000 ) ) ;
#3928 = DIRECTION ( 'NONE',  ( 0.000000000000000000, 0.000000000000000000, -1.000000000000000000 ) ) ;
#3929 = CARTESIAN_POINT ( 'NONE',  ( 5.124999999999999112, 3.649999999999999911, 2.224999999999999645 ) ) ;
#3930 = DIRECTION ( 'NONE',  ( 0.9396926207859074287, -0.3420201433256714885, 0.000000000000000000 ) ) ;
#3931 = PLANE ( 'NONE',  #117 ) ;
#3932 = LINE ( 'NONE', #2934, #222 ) ;
#3933 = ORIENTED_EDGE ( 'NONE', *, *, #3023, .F. ) ;
#3934 = AXIS2_PLACEMENT_3D ( 'NONE', #3927, #1279, #4258 ) ;
#3935 = CARTESIAN_POINT ( 'NONE',  ( 5.450000000000000178, 6.500000000000000000, -2.225000000000000089 ) ) ;
#3936 = ORIENTED_EDGE ( 'NONE', *, *, #612, .T. ) ;
#3937 = FACE_OUTER_BOUND ( 'NONE', #1232, .T. ) ;
#3938 = ADVANCED_FACE ( 'NONE', ( #3323 ), #3650, .F. ) ;
#3939 = AXIS2_PLACEMENT_3D ( 'NONE', #3870, #2890, #1184 ) ;
#3940 = ORIENTED_EDGE ( 'NONE', *, *, #86, .T. ) ;
#3941 = VERTEX_POINT ( 'NONE', #3584 ) ;
#3942 = EDGE_CURVE ( 'NONE', #1249, #2791, #314, .T. ) ;
#3943 = ADVANCED_FACE ( 'NONE', ( #3566 ), #896, .T. ) ;
#3944 = DIRECTION ( 'NONE',  ( 0.7071067811865388020, -0.7071067811865563435, -0.000000000000000000 ) ) ;
#3945 = VECTOR ( 'NONE', #3489, 1000.000000000000000 ) ;
#3946 = ORIENTED_EDGE ( 'NONE', *, *, #251, .T. ) ;
#3947 = AXIS2_PLACEMENT_3D ( 'NONE', #4267, #1987, #3325 ) ;
#3948 = FACE_OUTER_BOUND ( 'NONE', #968, .T. ) ;
#3949 = CARTESIAN_POINT ( 'NONE',  ( 2.250000000000000444, 0.000000000000000000, -0.7499999999999994449 ) ) ;
#3950 = CARTESIAN_POINT ( 'NONE',  ( -3.750000000000000000, -3.000000000000000000, -1.250000000000000222 ) ) ;
#3951 = CARTESIAN_POINT ( 'NONE',  ( 3.465000000000000746, 5.150000000000004796, 2.224999999999999645 ) ) ;
#3952 = VECTOR ( 'NONE', #3966, 1000.000000000000000 ) ;
#3953 = VERTEX_POINT ( 'NONE', #592 ) ;
#3954 = AXIS2_PLACEMENT_3D ( 'NONE', #588, #891, #1199 ) ;
#3955 = DIRECTION ( 'NONE',  ( 0.8660254037844388186, -0.4999999999999996669, 0.000000000000000000 ) ) ;
#3956 = CARTESIAN_POINT ( 'NONE',  ( 4.765000000000000568, 5.624999999999994671, -2.225000000000000089 ) ) ;
#3957 = DIRECTION ( 'NONE',  ( -0.000000000000000000, -0.000000000000000000, 1.000000000000000000 ) ) ;
#3958 = ORIENTED_EDGE ( 'NONE', *, *, #4, .F. ) ;
#3959 = EDGE_CURVE ( 'NONE', #1765, #2054, #1903, .T. ) ;
#3960 = DIRECTION ( 'NONE',  ( 0.000000000000000000, 0.000000000000000000, -1.000000000000000000 ) ) ;
#3961 = ORIENTED_EDGE ( 'NONE', *, *, #2654, .T. ) ;
#3962 = DIRECTION ( 'NONE',  ( 0.5000000000000011102, -0.8660254037844380415, 0.000000000000000000 ) ) ;
#3963 = ORIENTED_EDGE ( 'NONE', *, *, #3435, .T. ) ;
#3964 = EDGE_LOOP ( 'NONE', ( #4031, #98, #1932, #2106 ) ) ;
#3965 =( REPRESENTATION_RELATIONSHIP ('NONE','NONE', #1201, #2609 ) REPRESENTATION_RELATIONSHIP_WITH_TRANSFORMATION ( #4002 )SHAPE_REPRESENTATION_RELATIONSHIP( ) );
#3966 = DIRECTION ( 'NONE',  ( 0.000000000000000000, -1.000000000000000000, 0.000000000000000000 ) ) ;
#3967 = ADVANCED_FACE ( 'NONE', ( #913 ), #1621, .F. ) ;
#3968 = PLANE ( 'NONE',  #4248 ) ;
#3969 = VERTEX_POINT ( 'NONE', #2594 ) ;
#3970 = STYLED_ITEM ( 'NONE', ( #2379 ), #3839 ) ;
#3971 = ORIENTED_EDGE ( 'NONE', *, *, #1618, .T. ) ;
#3972 = DIRECTION ( 'NONE',  ( 0.000000000000000000, -1.000000000000000000, 0.000000000000000000 ) ) ;
#3973 = CARTESIAN_POINT ( 'NONE',  ( 3.465000000000000746, 5.150000000000004796, -4.870572098594924348 ) ) ;
#3974 = EDGE_CURVE ( 'NONE', #1136, #4097, #3978, .T. ) ;
#3975 = CARTESIAN_POINT ( 'NONE',  ( -4.250000000000000000, -2.725252258054539745, -1.250000000000000222 ) ) ;
#3976 = CARTESIAN_POINT ( 'NONE',  ( -4.250000000000000000, -1.750638370251823612E-15, 0.7500000000000001110 ) ) ;
#3977 = EDGE_CURVE ( 'NONE', #2268, #2276, #2642, .T. ) ;
#3978 = LINE ( 'NONE', #4217, #835 ) ;
#3979 = AXIS2_PLACEMENT_3D ( 'NONE', #2085, #1764, #3772 ) ;
#3980 = ORIENTED_EDGE ( 'NONE', *, *, #1787, .T. ) ;
#3981 = EDGE_CURVE ( 'NONE', #2268, #354, #2618, .T. ) ;
#3982 = DIRECTION ( 'NONE',  ( -0.000000000000000000, -0.000000000000000000, 1.000000000000000000 ) ) ;
#3983 = ORIENTED_EDGE ( 'NONE', *, *, #1141, .T. ) ;
#3984 = CARTESIAN_POINT ( 'NONE',  ( -5.950000000000000178, 0.000000000000000000, 2.500000000000000444 ) ) ;
#3985 = ORIENTED_EDGE ( 'NONE', *, *, #2989, .T. ) ;
#3986 = VERTEX_POINT ( 'NONE', #1948 ) ;
#3987 = CARTESIAN_POINT ( 'NONE',  ( 5.124999999999999112, 3.649999999999999911, 2.224999999999999645 ) ) ;
#3988 = DIRECTION ( 'NONE',  ( 1.000000000000000000, 9.605334861444114745E-17, 0.000000000000000000 ) ) ;
#3989 = CARTESIAN_POINT ( 'NONE',  ( 4.250000000000000000, 1.624999999999999556, 1.250000000000000222 ) ) ;
#3990 = FILL_AREA_STYLE ('',( #1345 ) ) ;
#3991 = ORIENTED_EDGE ( 'NONE', *, *, #4173, .T. ) ;
#3992 = DIRECTION ( 'NONE',  ( 0.000000000000000000, 0.000000000000000000, -1.000000000000000000 ) ) ;
#3993 = ORIENTED_EDGE ( 'NONE', *, *, #1658, .T. ) ;
#3994 = CARTESIAN_POINT ( 'NONE',  ( 5.124999999999999112, 2.299999999999999822, 2.500000000000000444 ) ) ;
#3995 = DIRECTION ( 'NONE',  ( 1.000000000000000000, -0.000000000000000000, -0.000000000000000000 ) ) ;
#3996 = ADVANCED_FACE ( 'NONE', ( #1286 ), #3611, .F. ) ;
#3997 = ORIENTED_EDGE ( 'NONE', *, *, #579, .T. ) ;
#3998 = DIRECTION ( 'NONE',  ( 0.000000000000000000, 0.000000000000000000, -1.000000000000000000 ) ) ;
#3999 = FACE_OUTER_BOUND ( 'NONE', #597, .T. ) ;
#4000 = CARTESIAN_POINT ( 'NONE',  ( 0.2500000000000002220, -8.753191851259118059E-16, -0.7499999999999993339 ) ) ;
#4001 = PLANE ( 'NONE',  #2480 ) ;
#4002 = ITEM_DEFINED_TRANSFORMATION ( 'NONE', 'NONE', #1404,  #3349 ) ;
#4003 = ORIENTED_EDGE ( 'NONE', *, *, #2656, .F. ) ;
#4004 = CARTESIAN_POINT ( 'NONE',  ( 5.124999999999999112, 3.649999999999999911, 2.500000000000000444 ) ) ;
#4005 = EDGE_LOOP ( 'NONE', ( #3166, #290, #3249, #255 ) ) ;
#4006 = VECTOR ( 'NONE', #1457, 1000.000000000000000 ) ;
#4007 = ORIENTED_EDGE ( 'NONE', *, *, #1215, .F. ) ;
#4008 = CARTESIAN_POINT ( 'NONE',  ( -5.950000000000000178, 6.500000000000000000, 0.1250000000000001110 ) ) ;
#4009 = FACE_OUTER_BOUND ( 'NONE', #3716, .T. ) ;
#4010 = CARTESIAN_POINT ( 'NONE',  ( -3.750000000000000000, 1.624999999999997780, -4.870572098594923460 ) ) ;
#4011 = ORIENTED_EDGE ( 'NONE', *, *, #2183, .F. ) ;
#4012 = VERTEX_POINT ( 'NONE', #1985 ) ;
#4013 = VECTOR ( 'NONE', #3280, 1000.000000000000000 ) ;
#4014 = CARTESIAN_POINT ( 'NONE',  ( 3.465000000000001634, 5.375000000000000000, -8.724999999999999645 ) ) ;
#4015 = PRODUCT_DEFINITION_SHAPE ( 'NONE', 'NONE',  #4307 ) ;
#4016 = CARTESIAN_POINT ( 'NONE',  ( 4.765000000000000568, 6.250000000000006217, -2.225000000000000089 ) ) ;
#4017 = CARTESIAN_POINT ( 'NONE',  ( 5.449999999999999289, 4.250000000000000000, -0.8500000000000005329 ) ) ;
#4018 = AXIS2_PLACEMENT_3D ( 'NONE', #153, #3808, #2142 ) ;
#4019 = PLANE ( 'NONE',  #4098 ) ;
#4020 = DIRECTION ( 'NONE',  ( 0.000000000000000000, -1.000000000000000000, 0.000000000000000000 ) ) ;
#4021 = VECTOR ( 'NONE', #3245, 1000.000000000000114 ) ;
#4022 = EDGE_CURVE ( 'NONE', #598, #3616, #1927, .T. ) ;
#4023 = CARTESIAN_POINT ( 'NONE',  ( 3.465000000000001634, 5.375000000000000000, -2.225000000000000089 ) ) ;
#4024 = EDGE_CURVE ( 'NONE', #2614, #2676, #575, .T. ) ;
#4025 = VECTOR ( 'NONE', #2385, 1000.000000000000000 ) ;
#4026 = DIRECTION ( 'NONE',  ( 0.000000000000000000, -1.000000000000000000, 0.000000000000000000 ) ) ;
#4027 = ORIENTED_EDGE ( 'NONE', *, *, #1466, .T. ) ;
#4028 = LINE ( 'NONE', #1025, #2963 ) ;
#4029 = ORIENTED_EDGE ( 'NONE', *, *, #1395, .F. ) ;
#4030 = AXIS2_PLACEMENT_3D ( 'NONE', #533, #1510, #2907 ) ;
#4031 = ORIENTED_EDGE ( 'NONE', *, *, #566, .F. ) ;
#4032 = CARTESIAN_POINT ( 'NONE',  ( 5.124999999999999112, 3.649999999999999911, 2.500000000000000444 ) ) ;
#4033 = LINE ( 'NONE', #135, #1449 ) ;
#4034 = VERTEX_POINT ( 'NONE', #1576 ) ;
#4035 = DIRECTION ( 'NONE',  ( 0.000000000000000000, 0.000000000000000000, 1.000000000000000000 ) ) ;
#4036 = ORIENTED_EDGE ( 'NONE', *, *, #382, .F. ) ;
#4037 = EDGE_CURVE ( 'NONE', #3461, #1502, #3932, .T. ) ;
#4038 = DIRECTION ( 'NONE',  ( 0.000000000000000000, -1.000000000000000000, 0.000000000000000000 ) ) ;
#4039 = DIRECTION ( 'NONE',  ( 0.000000000000000000, -1.000000000000000000, 0.000000000000000000 ) ) ;
#4040 = CARTESIAN_POINT ( 'NONE',  ( 5.950000000000000178, 0.4249999999999999889, 2.500000000000000000 ) ) ;
#4041 = VECTOR ( 'NONE', #3880, 1000.000000000000000 ) ;
#4042 = ORIENTED_EDGE ( 'NONE', *, *, #25, .F. ) ;
#4043 = CARTESIAN_POINT ( 'NONE',  ( 3.972363140661015368, 4.314340451562332923, 2.400000000000000799 ) ) ;
#4044 = CARTESIAN_POINT ( 'NONE',  ( -0.2500000000000002220, 6.499999999999998224, -0.7499999999999993339 ) ) ;
#4045 = CARTESIAN_POINT ( 'NONE',  ( 5.450000000000000178, -10.14838099273102046, 2.225000000000000089 ) ) ;
#4046 = VECTOR ( 'NONE', #2913, 1000.000000000000000 ) ;
#4047 = ORIENTED_EDGE ( 'NONE', *, *, #4076, .T. ) ;
#4048 = CARTESIAN_POINT ( 'NONE',  ( 5.015000000000000568, 6.499999999999999112, -2.500000000000000000 ) ) ;
#4049 = SURFACE_STYLE_FILL_AREA ( #2721 ) ;
#4050 = ORIENTED_EDGE ( 'NONE', *, *, #3734, .F. ) ;
#4051 = ORIENTED_EDGE ( 'NONE', *, *, #3710, .F. ) ;
#4052 = CARTESIAN_POINT ( 'NONE',  ( 5.950000000000000178, 6.500000000000000000, -2.500000000000000000 ) ) ;
#4053 = EDGE_CURVE ( 'NONE', #2424, #4273, #1245, .T. ) ;
#4054 = CARTESIAN_POINT ( 'NONE',  ( -4.514999999999999680, 5.375000000000000000, 2.225000000000000089 ) ) ;
#4055 = CARTESIAN_POINT ( 'NONE',  ( -3.465000000000000746, 4.774999999999999467, -2.225000000000000089 ) ) ;
#4056 = EDGE_CURVE ( 'NONE', #179, #802, #3261, .T. ) ;
#4057 = ORIENTED_EDGE ( 'NONE', *, *, #860, .F. ) ;
#4058 = APPLICATION_PROTOCOL_DEFINITION ( 'draft international standard', 'automotive_design', 1998, #2995 ) ;
#4059 = EDGE_LOOP ( 'NONE', ( #1855, #3025, #979, #4142 ) ) ;
#4060 = EDGE_CURVE ( 'NONE', #3805, #4250, #1263, .T. ) ;
#4061 = CARTESIAN_POINT ( 'NONE',  ( -1.749999999999999778, -1.312978777688867807E-15, -0.7499999999999991118 ) ) ;
#4062 = ADVANCED_FACE ( 'NONE', ( #3281 ), #2953, .F. ) ;
#4063 = CARTESIAN_POINT ( 'NONE',  ( -2.465000000000000302, 1.625000000000000000, -4.870572098594924348 ) ) ;
#4064 = CARTESIAN_POINT ( 'NONE',  ( -5.450000000000001954, 6.275000000000004796, -0.09999999999999990841 ) ) ;
#4065 = EDGE_LOOP ( 'NONE', ( #3789, #1746, #3, #2344 ) ) ;
#4066 = ADVANCED_FACE ( 'NONE', ( #1129, #4133 ), #2684, .F. ) ;
#4067 = ORIENTED_EDGE ( 'NONE', *, *, #1491, .T. ) ;
#4068 = CARTESIAN_POINT ( 'NONE',  ( -3.750000000000000000, 1.624999999999999778, -0.7499999999999990008 ) ) ;
#4069 = FACE_BOUND ( 'NONE', #540, .T. ) ;
#4070 = CARTESIAN_POINT ( 'NONE',  ( -3.465000000000000302, 1.624999999999999778, -4.870572098594924348 ) ) ;
#4071 = ORIENTED_EDGE ( 'NONE', *, *, #1103, .T. ) ;
#4072 = FACE_OUTER_BOUND ( 'NONE', #3876, .T. ) ;
#4073 = ORIENTED_EDGE ( 'NONE', *, *, #2203, .T. ) ;
#4074 = EDGE_LOOP ( 'NONE', ( #1387, #1832, #1086, #3654 ) ) ;
#4075 = CARTESIAN_POINT ( 'NONE',  ( -5.950000000000001066, 6.500000000000000000, -2.500000000000000000 ) ) ;
#4076 = EDGE_CURVE ( 'NONE', #2957, #3882, #1704, .T. ) ;
#4077 = DIRECTION ( 'NONE',  ( 9.605334861444114745E-17, -1.000000000000000000, 0.000000000000000000 ) ) ;
#4078 = DIRECTION ( 'NONE',  ( -0.000000000000000000, 0.000000000000000000, 1.000000000000000000 ) ) ;
#4079 = DIRECTION ( 'NONE',  ( -1.000000000000000000, 5.204170427930419742E-18, -6.938893903907228378E-18 ) ) ;
#4080 = EDGE_LOOP ( 'NONE', ( #3403, #985, #267, #3368 ) ) ;
#4081 = EDGE_CURVE ( 'NONE', #2173, #3306, #2663, .T. ) ;
#4082 = CLOSED_SHELL ( 'NONE', ( #341, #3016, #2930, #3867, #192, #3379, #3943, #940, #3114, #2795, #1273, #2388, #1487, #3925 ) ) ;
#4083 = EDGE_CURVE ( 'NONE', #3328, #1495, #163, .T. ) ;
#4084 = DIRECTION ( 'NONE',  ( 0.000000000000000000, 0.000000000000000000, -1.000000000000000000 ) ) ;
#4085 = DIRECTION ( 'NONE',  ( -1.000000000000000000, 0.000000000000000000, -0.000000000000000000 ) ) ;
#4086 = PLANE ( 'NONE',  #49 ) ;
#4087 = VERTEX_POINT ( 'NONE', #4000 ) ;
#4088 = VECTOR ( 'NONE', #4194, 1000.000000000000000 ) ;
#4089 = ORIENTED_EDGE ( 'NONE', *, *, #1873, .T. ) ;
#4090 = DIRECTION ( 'NONE',  ( 1.000000000000000000, 9.605334861444114745E-17, 0.000000000000000000 ) ) ;
#4091 = DIRECTION ( 'NONE',  ( 0.000000000000000000, 0.000000000000000000, -1.000000000000000000 ) ) ;
#4092 = VECTOR ( 'NONE', #1398, 1000.000000000000000 ) ;
#4093 = VERTEX_POINT ( 'NONE', #143 ) ;
#4094 = VECTOR ( 'NONE', #148, 1000.000000000000000 ) ;
#4095 = CARTESIAN_POINT ( 'NONE',  ( 3.750000000000000000, 0.000000000000000000, -0.7499999999999995559 ) ) ;
#4096 = ORIENTED_EDGE ( 'NONE', *, *, #374, .T. ) ;
#4097 = VERTEX_POINT ( 'NONE', #361 ) ;
#4098 = AXIS2_PLACEMENT_3D ( 'NONE', #3648, #2711, #1619 ) ;
#4099 = LINE ( 'NONE', #1778, #2479 ) ;
#4100 = DIRECTION ( 'NONE',  ( 0.000000000000000000, 0.000000000000000000, 1.000000000000000000 ) ) ;
#4101 = FACE_OUTER_BOUND ( 'NONE', #434, .T. ) ;
#4102 = LINE ( 'NONE', #70, #3195 ) ;
#4103 = VECTOR ( 'NONE', #2635, 1000.000000000000000 ) ;
#4104 = DIRECTION ( 'NONE',  ( 0.000000000000000000, 0.000000000000000000, 1.000000000000000000 ) ) ;
#4105 = EDGE_LOOP ( 'NONE', ( #1194, #2585, #2064, #2590 ) ) ;
#4106 = DIRECTION ( 'NONE',  ( 0.000000000000000000, 0.000000000000000000, -1.000000000000000000 ) ) ;
#4107 = FACE_OUTER_BOUND ( 'NONE', #3005, .T. ) ;
#4108 = LINE ( 'NONE', #757, #1575 ) ;
#4109 = VERTEX_POINT ( 'NONE', #4023 ) ;
#4110 = EDGE_LOOP ( 'NONE', ( #1554, #2441, #1452, #503 ) ) ;
#4111 = LINE ( 'NONE', #3410, #2070 ) ;
#4112 = DIRECTION ( 'NONE',  ( 1.000000000000000000, 0.000000000000000000, 0.000000000000000000 ) ) ;
#4113 = VECTOR ( 'NONE', #1212, 1000.000000000000000 ) ;
#4114 = EDGE_CURVE ( 'NONE', #3533, #2614, #1380, .T. ) ;
#4115 = DIRECTION ( 'NONE',  ( 0.000000000000000000, 1.000000000000000000, 0.000000000000000000 ) ) ;
#4116 = ORIENTED_EDGE ( 'NONE', *, *, #4117, .T. ) ;
#4117 = EDGE_CURVE ( 'NONE', #857, #2694, #3474, .T. ) ;
#4118 = LINE ( 'NONE', #432, #3314 ) ;
#4119 = CARTESIAN_POINT ( 'NONE',  ( -5.950000000000001066, 6.500000000000000000, -1.074999999999995515 ) ) ;
#4120 = ORIENTED_EDGE ( 'NONE', *, *, #3782, .T. ) ;
#4121 = EDGE_CURVE ( 'NONE', #1034, #1603, #2713, .T. ) ;
#4122 = LINE ( 'NONE', #2081, #2973 ) ;
#4123 = VECTOR ( 'NONE', #906, 1000.000000000000000 ) ;
#4124 = CARTESIAN_POINT ( 'NONE',  ( 3.750000000000000000, 1.625000000000001332, 1.250000000000000000 ) ) ;
#4125 = CARTESIAN_POINT ( 'NONE',  ( 5.950000000000000178, 6.500000000000000000, 2.500000000000000444 ) ) ;
#4126 = CARTESIAN_POINT ( 'NONE',  ( -4.500000000000000888, 2.299999999999999822, 2.500000000000000444 ) ) ;
#4127 = ORIENTED_EDGE ( 'NONE', *, *, #3496, .F. ) ;
#4128 = CARTESIAN_POINT ( 'NONE',  ( 4.000000000000000000, -2.081668171172167897E-17, 2.000000000000000000 ) ) ;
#4129 = VERTEX_POINT ( 'NONE', #1686 ) ;
#4130 = FACE_OUTER_BOUND ( 'NONE', #2090, .T. ) ;
#4131 = PRODUCT_DEFINITION_SHAPE ( 'NONE', 'NONE',  #4306 ) ;
#4132 = DIRECTION ( 'NONE',  ( -2.460600675144407758E-16, 1.000000000000000000, 0.000000000000000000 ) ) ;
#4133 = FACE_OUTER_BOUND ( 'NONE', #1952, .T. ) ;
#4134 = ORIENTED_EDGE ( 'NONE', *, *, #3607, .T. ) ;
#4135 = ADVANCED_FACE ( 'NONE', ( #3022 ), #673, .T. ) ;
#4136 = ORIENTED_EDGE ( 'NONE', *, *, #830, .T. ) ;
#4137 = DIRECTION ( 'NONE',  ( 0.000000000000000000, 0.000000000000000000, -1.000000000000000000 ) ) ;
#4138 = CARTESIAN_POINT ( 'NONE',  ( -1.749999999999999778, 1.624999999999998224, -4.870572098594924348 ) ) ;
#4139 = DIRECTION ( 'NONE',  ( -0.000000000000000000, -0.000000000000000000, 1.000000000000000000 ) ) ;
#4140 = ORIENTED_EDGE ( 'NONE', *, *, #3572, .T. ) ;
#4141 = PLANE ( 'NONE',  #2258 ) ;
#4142 = ORIENTED_EDGE ( 'NONE', *, *, #384, .F. ) ;
#4143 = FACE_OUTER_BOUND ( 'NONE', #1749, .T. ) ;
#4144 = DIRECTION ( 'NONE',  ( 1.000000000000000000, 9.605334861444114745E-17, 0.000000000000000000 ) ) ;
#4145 = CARTESIAN_POINT ( 'NONE',  ( -3.750000000000000000, -2.725252258054539745, -1.250000000000000222 ) ) ;
#4146 = CARTESIAN_POINT ( 'NONE',  ( 5.124999999999999112, 3.649999999999999911, -4.870572098594924348 ) ) ;
#4147 = ORIENTED_EDGE ( 'NONE', *, *, #4037, .T. ) ;
#4148 = ORIENTED_EDGE ( 'NONE', *, *, #1712, .F. ) ;
#4149 = CARTESIAN_POINT ( 'NONE',  ( -2.250000000000000444, 6.499999999999998224, -1.249999999999999556 ) ) ;
#4150 = ORIENTED_EDGE ( 'NONE', *, *, #1111, .T. ) ;
#4151 = VECTOR ( 'NONE', #2347, 1000.000000000000000 ) ;
#4152 = VECTOR ( 'NONE', #3157, 1000.000000000000000 ) ;
#4153 = FACE_OUTER_BOUND ( 'NONE', #4074, .T. ) ;
#4154 = CARTESIAN_POINT ( 'NONE',  ( 3.972363140661015368, 4.314340451562332923, 2.400000000000000799 ) ) ;
#4155 = ORIENTED_EDGE ( 'NONE', *, *, #4266, .F. ) ;
#4156 = PRODUCT_DEFINITION ( 'UNKNOWN', '', #3635, #1252 ) ;
#4157 = DIRECTION ( 'NONE',  ( -0.000000000000000000, 0.000000000000000000, 1.000000000000000000 ) ) ;
#4158 = VECTOR ( 'NONE', #736, 1000.000000000000000 ) ;
#4159 = DIRECTION ( 'NONE',  ( 0.000000000000000000, 0.000000000000000000, -1.000000000000000000 ) ) ;
#4160 = EDGE_LOOP ( 'NONE', ( #2521, #914, #4134, #1895 ) ) ;
#4161 = VECTOR ( 'NONE', #2962, 1000.000000000000000 ) ;
#4162 = DIRECTION ( 'NONE',  ( 0.000000000000000000, 1.000000000000000000, 0.000000000000000000 ) ) ;
#4163 = PLANE ( 'NONE',  #669 ) ;
#4164 = LINE ( 'NONE', #840, #2893 ) ;
#4165 = CARTESIAN_POINT ( 'NONE',  ( 4.250000000000000000, 0.000000000000000000, 1.250000000000000000 ) ) ;
#4166 = ORIENTED_EDGE ( 'NONE', *, *, #2855, .F. ) ;
#4167 = VECTOR ( 'NONE', #4183, 1000.000000000000000 ) ;
#4168 = EDGE_LOOP ( 'NONE', ( #3187, #209, #3791, #4029, #2643, #1669, #4057, #4269, #7, #3742, #2069, #107, #2381, #1707 ) ) ;
#4169 = VECTOR ( 'NONE', #643, 1000.000000000000000 ) ;
#4170 = DIRECTION ( 'NONE',  ( 1.000000000000000000, 0.000000000000000000, -0.000000000000000000 ) ) ;
#4171 = LINE ( 'NONE', #2864, #1189 ) ;
#4172 = ORIENTED_EDGE ( 'NONE', *, *, #2147, .F. ) ;
#4173 = EDGE_CURVE ( 'NONE', #1818, #3188, #1464, .T. ) ;
#4174 = EDGE_LOOP ( 'NONE', ( #3933, #1629, #620, #2545 ) ) ;
#4175 = CARTESIAN_POINT ( 'NONE',  ( 5.450000000000000178, 6.500000000000000000, -2.225000000000000089 ) ) ;
#4176 = LINE ( 'NONE', #2574, #4088 ) ;
#4177 = DIRECTION ( 'NONE',  ( 0.000000000000000000, 0.000000000000000000, -1.000000000000000000 ) ) ;
#4178 = LINE ( 'NONE', #215, #4180 ) ;
#4179 = ORIENTED_EDGE ( 'NONE', *, *, #996, .T. ) ;
#4180 = VECTOR ( 'NONE', #1185, 1000.000000000000000 ) ;
#4181 = LINE ( 'NONE', #2496, #3189 ) ;
#4182 = DIRECTION ( 'NONE',  ( -0.000000000000000000, -0.000000000000000000, -1.000000000000000000 ) ) ;
#4183 = DIRECTION ( 'NONE',  ( 0.000000000000000000, 0.000000000000000000, 1.000000000000000000 ) ) ;
#4184 = ADVANCED_FACE ( 'NONE', ( #2374 ), #2152, .F. ) ;
#4185 = ORIENTED_EDGE ( 'NONE', *, *, #783, .F. ) ;
#4186 = ORIENTED_EDGE ( 'NONE', *, *, #494, .T. ) ;
#4187 = EDGE_CURVE ( 'NONE', #2424, #2957, #1155, .T. ) ;
#4188 = VECTOR ( 'NONE', #1021, 1000.000000000000000 ) ;
#4189 = DIRECTION ( 'NONE',  ( 0.000000000000000000, -1.000000000000000000, -1.338521200599385475E-16 ) ) ;
#4190 =( LENGTH_UNIT ( ) NAMED_UNIT ( * ) SI_UNIT ( .MILLI., .METRE. ) );
#4191 = ORIENTED_EDGE ( 'NONE', *, *, #2985, .T. ) ;
#4192 = ADVANCED_FACE ( 'NONE', ( #487 ), #718, .F. ) ;
#4193 = LINE ( 'NONE', #2868, #2987 ) ;
#4194 = DIRECTION ( 'NONE',  ( -0.000000000000000000, -0.000000000000000000, 1.000000000000000000 ) ) ;
#4195 = ADVANCED_FACE ( 'NONE', ( #3692, #1731, #697, #3500 ), #801, .F. ) ;
#4196 = EDGE_LOOP ( 'NONE', ( #1230, #2773, #3577, #367, #1632, #959, #1193, #2394, #1736, #4120, #3971, #2821 ) ) ;
#4197 = CARTESIAN_POINT ( 'NONE',  ( 2.250000000000000444, 6.499999999999999112, 0.7499999999999996669 ) ) ;
#4198 = DIRECTION ( 'NONE',  ( 1.000000000000000000, -0.000000000000000000, -0.000000000000000000 ) ) ;
#4199 = ORIENTED_EDGE ( 'NONE', *, *, #996, .F. ) ;
#4200 = LINE ( 'NONE', #2209, #4294 ) ;
#4201 = CARTESIAN_POINT ( 'NONE',  ( 3.465000000000001634, 5.375000000000000000, -2.500000000000002220 ) ) ;
#4202 = ORIENTED_EDGE ( 'NONE', *, *, #2714, .T. ) ;
#4203 = ADVANCED_FACE ( 'NONE', ( #1816 ), #3818, .F. ) ;
#4204 = ORIENTED_EDGE ( 'NONE', *, *, #1063, .T. ) ;
#4205 = EDGE_CURVE ( 'NONE', #4250, #2, #1334, .T. ) ;
#4206 = LINE ( 'NONE', #3901, #4021 ) ;
#4207 = DIRECTION ( 'NONE',  ( 1.000000000000000000, 9.605334861444114745E-17, 0.000000000000000000 ) ) ;
#4208 = EDGE_CURVE ( 'NONE', #843, #2111, #1255, .T. ) ;
#4209 = FACE_OUTER_BOUND ( 'NONE', #2104, .T. ) ;
#4210 = VERTEX_POINT ( 'NONE', #584 ) ;
#4211 = EDGE_CURVE ( 'NONE', #3739, #2885, #1528, .T. ) ;
#4212 = ORIENTED_EDGE ( 'NONE', *, *, #345, .F. ) ;
#4213 = DIRECTION ( 'NONE',  ( 0.000000000000000000, 0.000000000000000000, -1.000000000000000000 ) ) ;
#4214 = DIRECTION ( 'NONE',  ( -0.000000000000000000, -0.000000000000000000, 1.000000000000000000 ) ) ;
#4215 = VECTOR ( 'NONE', #702, 1000.000000000000000 ) ;
#4216 = DIRECTION ( 'NONE',  ( 0.7071067811865389130, -0.7071067811865561215, 0.000000000000000000 ) ) ;
#4217 = CARTESIAN_POINT ( 'NONE',  ( -0.2500000000000002220, 6.499999999999998224, 0.7499999999999997780 ) ) ;
#4218 = VERTEX_POINT ( 'NONE', #4229 ) ;
#4219 = VECTOR ( 'NONE', #3438, 1000.000000000000000 ) ;
#4220 = FACE_BOUND ( 'NONE', #3894, .T. ) ;
#4221 = LINE ( 'NONE', #1844, #1720 ) ;
#4222 = VECTOR ( 'NONE', #3234, 1000.000000000000000 ) ;
#4223 = CARTESIAN_POINT ( 'NONE',  ( -5.450000000000001954, 6.500000000000000000, 2.225000000000000089 ) ) ;
#4224 = ORIENTED_EDGE ( 'NONE', *, *, #241, .T. ) ;
#4225 = VERTEX_POINT ( 'NONE', #2923 ) ;
#4226 = VECTOR ( 'NONE', #791, 1000.000000000000000 ) ;
#4227 = VECTOR ( 'NONE', #2838, 1000.000000000000000 ) ;
#4228 = CARTESIAN_POINT ( 'NONE',  ( -5.124999999999999112, 3.649999999999999911, -4.870572098594924348 ) ) ;
#4229 = CARTESIAN_POINT ( 'NONE',  ( 0.2500000000000002220, -8.753191851259118059E-16, 1.250000000000000444 ) ) ;
#4230 = ORIENTED_EDGE ( 'NONE', *, *, #3412, .F. ) ;
#4231 = AXIS2_PLACEMENT_3D ( 'NONE', #1389, #68, #1674 ) ;
#4232 = EDGE_CURVE ( 'NONE', #89, #3181, #2568, .T. ) ;
#4233 = CARTESIAN_POINT ( 'NONE',  ( 2.240000000000005986, 6.499999999999997335, -2.500000000000000000 ) ) ;
#4234 = EDGE_LOOP ( 'NONE', ( #3173, #982, #2797, #3056 ) ) ;
#4235 = LINE ( 'NONE', #2928, #3544 ) ;
#4236 = LINE ( 'NONE', #3504, #1645 ) ;
#4237 = VECTOR ( 'NONE', #1041, 1000.000000000000000 ) ;
#4238 = EDGE_CURVE ( 'NONE', #2743, #1346, #3903, .T. ) ;
#4239 = ADVANCED_FACE ( 'NONE', ( #3538 ), #2256, .T. ) ;
#4240 = CARTESIAN_POINT ( 'NONE',  ( 4.765000000000000568, 5.624999999999994671, -2.500000000000000000 ) ) ;
#4241 = DIRECTION ( 'NONE',  ( -0.000000000000000000, -0.000000000000000000, 1.000000000000000000 ) ) ;
#4242 = ORIENTED_EDGE ( 'NONE', *, *, #2304, .F. ) ;
#4243 = PLANE ( 'NONE',  #2546 ) ;
#4244 = EDGE_CURVE ( 'NONE', #3924, #1459, #3923, .T. ) ;
#4245 = DIRECTION ( 'NONE',  ( -1.000000000000000000, -1.230300337572201660E-16, 0.000000000000000000 ) ) ;
#4246 = DIRECTION ( 'NONE',  ( 0.000000000000000000, 0.000000000000000000, 1.000000000000000000 ) ) ;
#4247 = ADVANCED_FACE ( 'NONE', ( #3230 ), #2215, .F. ) ;
#4248 = AXIS2_PLACEMENT_3D ( 'NONE', #942, #966, #1935 ) ;
#4249 = ORIENTED_EDGE ( 'NONE', *, *, #2958, .F. ) ;
#4250 = VERTEX_POINT ( 'NONE', #3860 ) ;
#4251 = EDGE_CURVE ( 'NONE', #1426, #2657, #527, .T. ) ;
#4252 = CARTESIAN_POINT ( 'NONE',  ( -0.5349999999999999201, 1.624999999999998890, 0.7500000000000000000 ) ) ;
#4253 = DIRECTION ( 'NONE',  ( 0.000000000000000000, 0.000000000000000000, -1.000000000000000000 ) ) ;
#4254 = CARTESIAN_POINT ( 'NONE',  ( -0.2500000000000002220, 6.499999999999998224, 1.250000000000000444 ) ) ;
#4255 = ORIENTED_EDGE ( 'NONE', *, *, #3921, .T. ) ;
#4256 = DIRECTION ( 'NONE',  ( 1.000000000000000000, 0.000000000000000000, 0.000000000000000000 ) ) ;
#4257 = VECTOR ( 'NONE', #1549, 1000.000000000000000 ) ;
#4258 = DIRECTION ( 'NONE',  ( 0.7071067811865584529, 0.7071067811865364705, 0.000000000000000000 ) ) ;
#4259 = LINE ( 'NONE', #3846, #1450 ) ;
#4260 = FACE_OUTER_BOUND ( 'NONE', #3051, .T. ) ;
#4261 = ADVANCED_FACE ( 'NONE', ( #4209 ), #567, .F. ) ;
#4262 = DIRECTION ( 'NONE',  ( -0.000000000000000000, -0.000000000000000000, 1.000000000000000000 ) ) ;
#4263 = FACE_OUTER_BOUND ( 'NONE', #3066, .T. ) ;
#4264 = DIRECTION ( 'NONE',  ( 0.000000000000000000, -0.000000000000000000, -1.000000000000000000 ) ) ;
#4265 = ORIENTED_EDGE ( 'NONE', *, *, #3883, .F. ) ;
#4266 = EDGE_CURVE ( 'NONE', #326, #3877, #551, .T. ) ;
#4267 = CARTESIAN_POINT ( 'NONE',  ( 1.749999999999999778, 6.499999999999999112, -0.7499999999999994449 ) ) ;
#4268 = PLANE ( 'NONE',  #250 ) ;
#4269 = ORIENTED_EDGE ( 'NONE', *, *, #119, .F. ) ;
#4270 = ORIENTED_EDGE ( 'NONE', *, *, #1006, .T. ) ;
#4271 = CARTESIAN_POINT ( 'NONE',  ( -5.950000000000001066, 0.9250000000000000444, 2.149999999999999911 ) ) ;
#4272 = LINE ( 'NONE', #2965, #1102 ) ;
#4273 = VERTEX_POINT ( 'NONE', #1505 ) ;
#4274 = CARTESIAN_POINT ( 'NONE',  ( -5.950000000000000178, 6.500000000000000000, 2.500000000000000444 ) ) ;
#4275 = ORIENTED_EDGE ( 'NONE', *, *, #3863, .T. ) ;
#4276 = CARTESIAN_POINT ( 'NONE',  ( 4.250000000000000000, 6.500000000000000000, -1.250000000000000000 ) ) ;
#4277 = LINE ( 'NONE', #3604, #1989 ) ;
#4278 = EDGE_CURVE ( 'NONE', #802, #531, #4171, .T. ) ;
#4279 = VERTEX_POINT ( 'NONE', #266 ) ;
#4280 = DIRECTION ( 'NONE',  ( 1.000000000000000000, -0.000000000000000000, -0.000000000000000000 ) ) ;
#4281 = LINE ( 'NONE', #1311, #2608 ) ;
#4282 = CARTESIAN_POINT ( 'NONE',  ( 5.015000000000000568, 6.499999999999999112, -2.500000000000000000 ) ) ;
#4283 = ORIENTED_EDGE ( 'NONE', *, *, #2774, .F. ) ;
#4284 = EDGE_CURVE ( 'NONE', #1034, #664, #1913, .T. ) ;
#4285 = LINE ( 'NONE', #298, #2765 ) ;
#4286 = ORIENTED_EDGE ( 'NONE', *, *, #2832, .F. ) ;
#4287 = DIRECTION ( 'NONE',  ( -0.000000000000000000, -0.000000000000000000, 1.000000000000000000 ) ) ;
#4288 = VECTOR ( 'NONE', #2098, 1000.000000000000000 ) ;
#4289 = ORIENTED_EDGE ( 'NONE', *, *, #3977, .T. ) ;
#4290 = ORIENTED_EDGE ( 'NONE', *, *, #1530, .F. ) ;
#4291 = VECTOR ( 'NONE', #672, 1000.000000000000000 ) ;
#4292 = LINE ( 'NONE', #1323, #807 ) ;
#4293 = DIRECTION ( 'NONE',  ( -1.000000000000000000, -0.000000000000000000, -0.000000000000000000 ) ) ;
#4294 = VECTOR ( 'NONE', #2894, 1000.000000000000000 ) ;
#4295 = ORIENTED_EDGE ( 'NONE', *, *, #1103, .F. ) ;
#4296 = AXIS2_PLACEMENT_3D ( 'NONE', #83, #1064, #103 ) ;
#4297 = LINE ( 'NONE', #2946, #3191 ) ;
#4298 = CARTESIAN_POINT ( 'NONE',  ( 3.465000000000000302, 1.624999999999999778, -4.870572098594924348 ) ) ;
#4299 = ORIENTED_EDGE ( 'NONE', *, *, #975, .F. ) ;
#4300 = NEXT_ASSEMBLY_USAGE_OCCURRENCE ( 'NAUO1', ' ', ' ', #1379, #4156, $ ) ;
#4301 = NEXT_ASSEMBLY_USAGE_OCCURRENCE ( 'NAUO2', ' ', ' ', #1379, #2467, $ ) ;
#4302 = NEXT_ASSEMBLY_USAGE_OCCURRENCE ( 'NAUO3', ' ', ' ', #1379, #2467, $ ) ;
#4303 = NEXT_ASSEMBLY_USAGE_OCCURRENCE ( 'NAUO4', ' ', ' ', #1379, #2467, $ ) ;
#4304 = NEXT_ASSEMBLY_USAGE_OCCURRENCE ( 'NAUO5', ' ', ' ', #1379, #2467, $ ) ;
#4305 = NEXT_ASSEMBLY_USAGE_OCCURRENCE ( 'NAUO6', ' ', ' ', #1379, #2467, $ ) ;
#4306 = NEXT_ASSEMBLY_USAGE_OCCURRENCE ( 'NAUO7', ' ', ' ', #1379, #2467, $ ) ;
#4307 = NEXT_ASSEMBLY_USAGE_OCCURRENCE ( 'NAUO8', ' ', ' ', #1379, #2467, $ ) ;
#4308 = NEXT_ASSEMBLY_USAGE_OCCURRENCE ( 'NAUO9', ' ', ' ', #1379, #2467, $ ) ;
#4309 = NEXT_ASSEMBLY_USAGE_OCCURRENCE ( 'NAUO10', ' ', ' ', #1379, #2467, $ ) ;
#4310 = NEXT_ASSEMBLY_USAGE_OCCURRENCE ( 'NAUO11', ' ', ' ', #1379, #2467, $ ) ;
ENDSEC;
END-ISO-10303-21;
